{
  "commission_name": "УИК №1725",
  "ballot_name": "Выборы депутатов Законодательного Собрания Санкт-Петербурга седьмого созыва",
  "name": "Результаты выборов по единому округу",
  "protocol_scope": {
    "type": "uik",
    "id": 1725
  },
  "electoral_district": {
    "type": "city",
    "id": 0
  },
  "data_id": 27820001915220,
  "ballot_data_id": 478405781837,
  "has_koib": false,
  "generated_date": 1632112495000,
  "official_result": {
    "winner": {
      "id": 5,
      "position": 2,
      "percentage": 30.32967032967033,
      "valid_percentage": 30.598669623059866,
      "registered_percentage": 10.664605873261205
    },
    "turnout": {
      "count": 455,
      "percentage": 35.16228748068006,
      "walk_by_count": 446,
      "walk_by_percentage": 34.46676970633694,
      "on_home_count": 9,
      "on_home_percentage": 0.6955177743431221,
      "ahead_of_time_count": 0,
      "ahead_of_time_percentage": 0,
      "valid_count": 451,
      "valid_percentage": 34.8531684698609,
      "invalid_count": 4,
      "invalid_percentage": 0.3091190108191654,
      "taken_home_count": 0,
      "taken_home_percentage": 0,
      "lost_count": 0,
      "lost_percentage": 0
    },
    "votes_stats": {
      "winning_count": 138,
      "winning_percentage": 30.32967032967033,
      "effective_count": 451,
      "losing_count": 313,
      "losing_percentage": 68.79120879120879,
      "other_count": 4,
      "other_percentage": 0.8791208791208791,
      "by_place": {
        "#1": {
          "count": 138,
          "percentage": 30.32967032967033
        },
        "#2": {
          "count": 83,
          "percentage": 18.24175824175824
        },
        "#3": {
          "count": 68,
          "percentage": 14.945054945054945
        },
        "#4": {
          "count": 56,
          "percentage": 12.307692307692308
        },
        "#5": {
          "count": 36,
          "percentage": 7.9120879120879115
        },
        "#6": {
          "count": 32,
          "percentage": 7.032967032967033
        },
        "#7": {
          "count": 27,
          "percentage": 5.934065934065933
        },
        "#8": {
          "count": 11,
          "percentage": 2.417582417582418
        }
      }
    }
  },
  "turnout_protocols": {
    "17.09.2021": {
      "15.00": {
        "count": 77,
        "count_delta": 77,
        "count_delta_per_hour": 11,
        "count_delta_per_minute": 0.18333333333333332,
        "percentage": 6.01,
        "percentage_delta": 6.01,
        "percentage_delta_per_hour": 0.8585714285714285,
        "percentage_delta_per_minute": 0.014309523809523808,
        "registered_count": 1281,
        "registered_count_delta": 1281,
        "registered_count_delta_per_hour": 183,
        "registered_count_delta_per_minute": 3.05
      },
      "20.00": {
        "count": 120,
        "count_delta": 43,
        "count_delta_per_hour": 8.6,
        "count_delta_per_minute": 0.14333333333333334,
        "percentage": 9.36,
        "percentage_delta": 3.3499999999999996,
        "percentage_delta_per_hour": 0.6699999999999999,
        "percentage_delta_per_minute": 0.011166666666666665,
        "registered_count": 1282,
        "registered_count_delta": 1,
        "registered_count_delta_per_hour": 0.2,
        "registered_count_delta_per_minute": 0.0033333333333333335
      }
    },
    "18.09.2021": {
      "15.00": {
        "count": 151,
        "count_delta": 31,
        "count_delta_per_hour": 4.428571428571429,
        "count_delta_per_minute": 0.07380952380952381,
        "percentage": 11.78,
        "percentage_delta": 2.42,
        "percentage_delta_per_hour": 0.3457142857142857,
        "percentage_delta_per_minute": 0.0057619047619047615,
        "registered_count": 1282,
        "registered_count_delta": 0,
        "registered_count_delta_per_hour": 0,
        "registered_count_delta_per_minute": 0
      },
      "20.00": {
        "count": 197,
        "count_delta": 46,
        "count_delta_per_hour": 9.2,
        "count_delta_per_minute": 0.15333333333333332,
        "percentage": 15.37,
        "percentage_delta": 3.59,
        "percentage_delta_per_hour": 0.718,
        "percentage_delta_per_minute": 0.011966666666666665,
        "registered_count": 1282,
        "registered_count_delta": 0,
        "registered_count_delta_per_hour": 0,
        "registered_count_delta_per_minute": 0
      }
    },
    "19.09.2021": {
      "10.00": {
        "count": 219,
        "count_delta": 22,
        "count_delta_per_hour": 11,
        "count_delta_per_minute": 0.18333333333333332,
        "percentage": 16.93,
        "percentage_delta": 1.5600000000000005,
        "percentage_delta_per_hour": 0.7800000000000002,
        "percentage_delta_per_minute": 0.013000000000000005
      },
      "12.00": {
        "count": 252,
        "count_delta": 33,
        "count_delta_per_hour": 16.5,
        "count_delta_per_minute": 0.275,
        "percentage": 19.5,
        "percentage_delta": 2.5700000000000003,
        "percentage_delta_per_hour": 1.2850000000000001,
        "percentage_delta_per_minute": 0.02141666666666667
      },
      "15.00": {
        "count": 332,
        "count_delta": 80,
        "count_delta_per_hour": 26.666666666666668,
        "count_delta_per_minute": 0.4444444444444444,
        "percentage": 25.66,
        "percentage_delta": 6.16,
        "percentage_delta_per_hour": 2.0533333333333332,
        "percentage_delta_per_minute": 0.03422222222222222
      },
      "18.00": {
        "count": 409,
        "count_delta": 77,
        "count_delta_per_hour": 25.666666666666668,
        "count_delta_per_minute": 0.42777777777777776,
        "percentage": 31.59,
        "percentage_delta": 5.93,
        "percentage_delta_per_hour": 1.9766666666666666,
        "percentage_delta_per_minute": 0.03294444444444444
      },
      "20.00": {
        "count": 455,
        "count_delta": 46,
        "count_delta_per_hour": 23,
        "count_delta_per_minute": 0.38333333333333336,
        "percentage": 35.16228748068006,
        "percentage_delta": 3.572287480680057,
        "percentage_delta_per_hour": 1.7861437403400284,
        "percentage_delta_per_minute": 0.029769062339000472,
        "registered_count": 1294,
        "registered_count_delta": 12,
        "registered_count_delta_per_hour": 1,
        "registered_count_delta_per_minute": 0.016666666666666666
      }
    }
  },
  "metadata": {
    "analysis": {
      "protocol_count": 1,
      "exceeded_papers_count": 0,
      "exceeded_papers_steal_winning": 0,
      "exceeded_papers_provide_extra_places": 0,
      "multiple_winners": 0,
      "checksum_valid": 1
    },
    "voters": {
      "initially_registered_count": 1280,
      "registered_count": 1294,
      "walk_by_count": 446,
      "on_home_count": 9,
      "ahead_of_time_count": 0,
      "exceptional_count": 0,
      "added_count": 14
    },
    "papers": {
      "received_count": 1200,
      "destroyed_count": 745,
      "stationary_box_count": 446,
      "portable_box_count": 9,
      "valid_count": 451,
      "invalid_count": 4,
      "lost_count": 0,
      "ignored_count": 0,
      "taken_home_count": 0
    }
  },
  "entries": [
    {
      "name": "Всероссийская политическая партия \"ЕДИНАЯ РОССИЯ\"",
      "position": 2,
      "party_id": 5,
      "official_result": {
        "votes_count": 138,
        "place": 1,
        "percentage": 30.32967032967033,
        "valid_percentage": 30.598669623059866,
        "registered_percentage": 10.664605873261205,
        "display_percentage": 30.33,
        "winner": true
      },
      "result_without_other_entry": {
        "1": {
          "percentage": 37.096774193548384,
          "valid_percentage": 37.5
        },
        "3": {
          "percentage": 32.62411347517731,
          "valid_percentage": 32.93556085918855
        },
        "4": {
          "percentage": 32.93556085918855,
          "valid_percentage": 33.25301204819277
        },