{
  "commission_name": "УИК №2215",
  "ballot_name": "Выборы депутатов Законодательного Собрания Санкт-Петербурга седьмого созыва",
  "name": "Результаты выборов по единому округу",
  "protocol_scope": {
    "type": "uik",
    "id": 2215
  },
  "electoral_district": {
    "type": "city",
    "id": 0
  },
  "data_id": 27820001915220,
  "ballot_data_id": 478406485270,
  "has_koib": false,
  "generated_date": 1632130735000,
  "official_result": {
    "winner": {
      "id": 5,
      "position": 2,
      "percentage": 25.19201228878648,
      "valid_percentage": 25.908372827804104,
      "registered_percentage": 7.865707434052757
    },
    "turnout": {
      "count": 657,
      "percentage": 31.510791366906478,
      "walk_by_count": 646,
      "walk_by_percentage": 30.983213429256594,
      "on_home_count": 11,
      "on_home_percentage": 0.5275779376498801,
      "ahead_of_time_count": 0,
      "ahead_of_time_percentage": 0,
      "valid_count": 633,
      "valid_percentage": 30.35971223021583,
      "invalid_count": 18,
      "invalid_percentage": 0.8633093525179856,
      "taken_home_count": 6,
      "taken_home_percentage": 0.28776978417266186,
      "lost_count": 0,
      "lost_percentage": 0
    },
    "votes_stats": {
      "winning_count": 164,
      "winning_percentage": 25.19201228878648,
      "effective_count": 633,
      "losing_count": 469,
      "losing_percentage": 72.04301075268818,
      "other_count": 18,
      "other_percentage": 2.7649769585253456,
      "by_place": {
        "#1": {
          "count": 164,
          "percentage": 25.19201228878648
        },
        "#2": {
          "count": 143,
          "percentage": 21.96620583717358
        },
        "#3": {
          "count": 110,
          "percentage": 16.897081413210447
        },
        "#4": {
          "count": 98,
          "percentage": 15.053763440860216
        },
        "#5": {
          "count": 50,
          "percentage": 7.680491551459294
        },
        "#6": {
          "count": 34,
          "percentage": 5.22273425499232
        },
        "#7": {
          "count": 27,
          "percentage": 4.147465437788019
        },
        "#8": {
          "count": 7,
          "percentage": 1.0752688172043012
        }
      }
    }
  },
  "turnout_protocols": {
    "17.09.2021": {
      "15.00": {
        "count": 95,
        "count_delta": 95,
        "count_delta_per_hour": 13.571428571428571,
        "count_delta_per_minute": 0.2261904761904762,
        "percentage": 4.57,
        "percentage_delta": 4.57,
        "percentage_delta_per_hour": 0.6528571428571429,
        "percentage_delta_per_minute": 0.010880952380952382,
        "registered_count": 2079,
        "registered_count_delta": 2079,
        "registered_count_delta_per_hour": 297,
        "registered_count_delta_per_minute": 4.95
      },
      "20.00": {
        "count": 186,
        "count_delta": 91,
        "count_delta_per_hour": 18.2,
        "count_delta_per_minute": 0.30333333333333334,
        "percentage": 8.94,
        "percentage_delta": 4.369999999999999,
        "percentage_delta_per_hour": 0.8739999999999999,
        "percentage_delta_per_minute": 0.014566666666666664,
        "registered_count": 2081,
        "registered_count_delta": 2,
        "registered_count_delta_per_hour": 0.4,
        "registered_count_delta_per_minute": 0.006666666666666667
      }
    },
    "18.09.2021": {
      "15.00": {
        "count": 275,
        "count_delta": 89,
        "count_delta_per_hour": 12.714285714285714,
        "count_delta_per_minute": 0.2119047619047619,
        "percentage": 13.22,
        "percentage_delta": 4.280000000000001,
        "percentage_delta_per_hour": 0.6114285714285715,
        "percentage_delta_per_minute": 0.010190476190476193,
        "registered_count": 2080,
        "registered_count_delta": -1,
        "registered_count_delta_per_hour": -0.14285714285714285,
        "registered_count_delta_per_minute": -0.002380952380952381
      },
      "20.00": {
        "count": 325,
        "count_delta": 50,
        "count_delta_per_hour": 10,
        "count_delta_per_minute": 0.16666666666666666,
        "percentage": 15.63,
        "percentage_delta": 2.41,
        "percentage_delta_per_hour": 0.48200000000000004,
        "percentage_delta_per_minute": 0.008033333333333333,
        "registered_count": 2079,
        "registered_count_delta": -1,
        "registered_count_delta_per_hour": -0.2,
        "registered_count_delta_per_minute": -0.0033333333333333335
      }
    },
    "19.09.2021": {
      "10.00": {
        "count": 331,
        "count_delta": 6,
        "count_delta_per_hour": 3,
        "count_delta_per_minute": 0.05,
        "percentage": 15.87,
        "percentage_delta": 0.23999999999999844,
        "percentage_delta_per_hour": 0.11999999999999922,
        "percentage_delta_per_minute": 0.001999999999999987
      },
      "12.00": {
        "count": 341,
        "count_delta": 10,
        "count_delta_per_hour": 5,
        "count_delta_per_minute": 0.08333333333333333,
        "percentage": 16.34,
        "percentage_delta": 0.47000000000000064,
        "percentage_delta_per_hour": 0.23500000000000032,
        "percentage_delta_per_minute": 0.003916666666666672
      },
      "15.00": {
        "count": 428,
        "count_delta": 87,
        "count_delta_per_hour": 29,
        "count_delta_per_minute": 0.48333333333333334,
        "percentage": 20.52,
        "percentage_delta": 4.18,
        "percentage_delta_per_hour": 1.3933333333333333,
        "percentage_delta_per_minute": 0.02322222222222222
      },
      "18.00": {
        "count": 554,
        "count_delta": 126,
        "count_delta_per_hour": 42,
        "count_delta_per_minute": 0.7,
        "percentage": 26.57,
        "percentage_delta": 6.050000000000001,
        "percentage_delta_per_hour": 2.016666666666667,
        "percentage_delta_per_minute": 0.03361111111111111
      },
      "20.00": {
        "count": 657,
        "count_delta": 103,
        "count_delta_per_hour": 51.5,
        "count_delta_per_minute": 0.8583333333333333,
        "percentage": 31.510791366906478,
        "percentage_delta": 4.940791366906478,
        "percentage_delta_per_hour": 2.470395683453239,
        "percentage_delta_per_minute": 0.04117326139088731,
        "registered_count": 2085,
        "registered_count_delta": 6,
        "registered_count_delta_per_hour": 0.5,
        "registered_count_delta_per_minute": 0.008333333333333333
      }
    }
  },
  "metadata": {
    "analysis": {
      "negative_turnout_registered_count_protocols": 1,
      "negative_turnout_registered_count": 1,
      "protocol_count": 1,
      "exceeded_papers_count": 0,
      "exceeded_papers_steal_winning": 0,
      "exceeded_papers_provide_extra_places": 0,
      "multiple_winners": 0,
      "checksum_valid": 1
    },
    "voters": {
      "initially_registered_count": 2079,
      "registered_count": 2085,
      "walk_by_count": 646,
      "on_home_count": 11,
      "ahead_of_time_count": 0,
      "exceptional_count": 0,
      "added_count": 6
    },
    "papers": {
      "received_count": 1500,
      "destroyed_count": 843,
      "stationary_box_count": 640,
      "portable_box_count": 11,
      "valid_count": 633,
      "invalid_count": 18,
      "lost_count": 0,
      "ignored_count": 0,
      "taken_home_count": 6
    }
  },
  "entries": [
    {
      "name": "Всероссийская политическая партия \"ЕДИНАЯ РОССИЯ\"",
      "position": 2,
      "party_id": 5,
      "official_result": {
        "votes_count": 164,
        "place": 1,
        "percentage": 25.19201228878648,
        "valid_percentage": 25.908372827804104,
        "registered_percentage": 7.865707434052757,
        "display_percentage": 25.19,
        "winner": true
      },
      "result_without_other_entry": {
        "1": {
          "percentage": 30.31423290203327,
          "valid_percentage": 31.35755258126195
        },