{
  "commission_name": "УИК №1236",
  "ballot_name": "Выборы депутатов Законодательного Собрания Санкт-Петербурга седьмого созыва",
  "name": "Результаты выборов по одномандатному (многомандатному) округу",
  "protocol_scope": {
    "type": "uik",
    "id": 1236
  },
  "electoral_district": {
    "type": "city",
    "id": 10
  },
  "data_id": 27820001915220,
  "ballot_data_id": 4784021202434,
  "has_koib": true,
  "generated_date": 1632112497000,
  "official_result": {
    "winner": {
      "id": 184,
      "position": 5,
      "percentage": 31.840193704600484,
      "valid_percentage": 33.503184713375795,
      "registered_percentage": 13.612836438923395
    },
    "turnout": {
      "count": 826,
      "percentage": 42.7536231884058,
      "walk_by_count": 793,
      "walk_by_percentage": 41.04554865424431,
      "on_home_count": 33,
      "on_home_percentage": 1.7080745341614907,
      "ahead_of_time_count": 0,
      "ahead_of_time_percentage": 0,
      "valid_count": 785,
      "valid_percentage": 40.631469979296064,
      "invalid_count": 41,
      "invalid_percentage": 2.122153209109731,
      "taken_home_count": 0,
      "taken_home_percentage": 0,
      "lost_count": 0,
      "lost_percentage": 0
    },
    "votes_stats": {
      "winning_count": 263,
      "winning_percentage": 31.840193704600484,
      "effective_count": 785,
      "losing_count": 522,
      "losing_percentage": 63.19612590799032,
      "other_count": 41,
      "other_percentage": 4.963680387409201,
      "by_place": {
        "#1": {
          "count": 263,
          "percentage": 31.840193704600484
        },
        "#2": {
          "count": 188,
          "percentage": 22.760290556900724,
          "supported_by_smart_vote": true
        },
        "#3": {
          "count": 159,
          "percentage": 19.249394673123486
        },
        "#4": {
          "count": 70,
          "percentage": 8.47457627118644
        },
        "#5": {
          "count": 67,
          "percentage": 8.111380145278451
        },
        "#6": {
          "count": 38,
          "percentage": 4.600484261501211
        }
      }
    }
  },
  "turnout_protocols": {
    "17.09.2021": {
      "15.00": {
        "count": 125,
        "count_delta": 125,
        "count_delta_per_hour": 17.857142857142858,
        "count_delta_per_minute": 0.2976190476190476,
        "percentage": 6.5,
        "percentage_delta": 6.5,
        "percentage_delta_per_hour": 0.9285714285714286,
        "percentage_delta_per_minute": 0.015476190476190477,
        "registered_count": 1923,
        "registered_count_delta": 1923,
        "registered_count_delta_per_hour": 274.7142857142857,
        "registered_count_delta_per_minute": 4.578571428571428
      },
      "20.00": {
        "count": 254,
        "count_delta": 129,
        "count_delta_per_hour": 25.8,
        "count_delta_per_minute": 0.43,
        "percentage": 13.21,
        "percentage_delta": 6.710000000000001,
        "percentage_delta_per_hour": 1.342,
        "percentage_delta_per_minute": 0.02236666666666667,
        "registered_count": 1923,
        "registered_count_delta": 0,
        "registered_count_delta_per_hour": 0,
        "registered_count_delta_per_minute": 0
      }
    },
    "18.09.2021": {
      "15.00": {
        "count": 399,
        "count_delta": 145,
        "count_delta_per_hour": 20.714285714285715,
        "count_delta_per_minute": 0.34523809523809523,
        "percentage": 20.71,
        "percentage_delta": 7.5,
        "percentage_delta_per_hour": 1.0714285714285714,
        "percentage_delta_per_minute": 0.017857142857142856,
        "registered_count": 1927,
        "registered_count_delta": 4,
        "registered_count_delta_per_hour": 0.5714285714285714,
        "registered_count_delta_per_minute": 0.009523809523809525
      },
      "20.00": {
        "count": 491,
        "count_delta": 92,
        "count_delta_per_hour": 18.4,
        "count_delta_per_minute": 0.30666666666666664,
        "percentage": 25.48,
        "percentage_delta": 4.77,
        "percentage_delta_per_hour": 0.954,
        "percentage_delta_per_minute": 0.015899999999999997,
        "registered_count": 1927,
        "registered_count_delta": 0,
        "registered_count_delta_per_hour": 0,
        "registered_count_delta_per_minute": 0
      }
    },
    "19.09.2021": {
      "10.00": {
        "count": 502,
        "count_delta": 11,
        "count_delta_per_hour": 5.5,
        "count_delta_per_minute": 0.09166666666666666,
        "percentage": 26,
        "percentage_delta": 0.5199999999999996,
        "percentage_delta_per_hour": 0.2599999999999998,
        "percentage_delta_per_minute": 0.00433333333333333
      },
      "12.00": {
        "count": 533,
        "count_delta": 31,
        "count_delta_per_hour": 15.5,
        "count_delta_per_minute": 0.25833333333333336,
        "percentage": 27.6,
        "percentage_delta": 1.6000000000000014,
        "percentage_delta_per_hour": 0.8000000000000007,
        "percentage_delta_per_minute": 0.013333333333333345
      },
      "15.00": {
        "count": 605,
        "count_delta": 72,
        "count_delta_per_hour": 24,
        "count_delta_per_minute": 0.4,
        "percentage": 31.33,
        "percentage_delta": 3.729999999999997,
        "percentage_delta_per_hour": 1.2433333333333323,
        "percentage_delta_per_minute": 0.020722222222222204
      },
      "18.00": {
        "count": 714,
        "count_delta": 109,
        "count_delta_per_hour": 36.333333333333336,
        "count_delta_per_minute": 0.6055555555555555,
        "percentage": 36.98,
        "percentage_delta": 5.649999999999999,
        "percentage_delta_per_hour": 1.8833333333333329,
        "percentage_delta_per_minute": 0.03138888888888888
      },
      "20.00": {
        "count": 826,
        "count_delta": 112,
        "count_delta_per_hour": 56,
        "count_delta_per_minute": 0.9333333333333333,
        "percentage": 42.7536231884058,
        "percentage_delta": 5.7736231884058,
        "percentage_delta_per_hour": 2.8868115942029,
        "percentage_delta_per_minute": 0.04811352657004833,
        "registered_count": 1932,
        "registered_count_delta": 5,
        "registered_count_delta_per_hour": 0.4166666666666667,
        "registered_count_delta_per_minute": 0.006944444444444444
      }
    }
  },
  "metadata": {
    "analysis": {
      "protocol_count": 1,
      "exceeded_papers_count": 0,
      "exceeded_papers_steal_winning": 0,
      "checksum_valid": 1
    },
    "voters": {
      "initially_registered_count": 1923,
      "registered_count": 1932,
      "walk_by_count": 793,
      "on_home_count": 33,
      "ahead_of_time_count": 0,
      "exceptional_count": 0,
      "added_count": 9
    },
    "papers": {
      "received_count": 1500,
      "destroyed_count": 674,
      "stationary_box_count": 793,
      "portable_box_count": 33,
      "valid_count": 785,
      "invalid_count": 41,
      "lost_count": 0,
      "ignored_count": 0,
      "taken_home_count": 0
    }
  },
  "entries": [
    {
      "name": "Ходосок Александр Владимирович",
      "position": 5,
      "candidate_id": 184,
      "supported_by_party_id": 5,
      "official_result": {
        "votes_count": 263,
        "place": 1,
        "percentage": 31.840193704600484,
        "valid_percentage": 33.503184713375795,
        "registered_percentage": 13.612836438923395,
        "display_percentage": 31.84,
        "winner": true
      },
      "result_without_other_entry": {
        "107": {
          "percentage": 34.78835978835979,
          "valid_percentage": 36.78321678321678
        },
        "116": {
          "percentage": 34.65085638998682,
          "valid_percentage": 36.629526462395546
        },
        "181": {
          "percentage": 39.430284857571216,
          "valid_percentage": 42.01277955271566
        },
        "182": {
          "percentage": 33.37563451776649,