{
  "commission_name": "УИК №1123",
  "ballot_name": "Выборы депутатов Законодательного Собрания Санкт-Петербурга седьмого созыва",
  "name": "Результаты выборов по единому округу",
  "protocol_scope": {
    "type": "uik",
    "id": 1123
  },
  "electoral_district": {
    "type": "city",
    "id": 0
  },
  "data_id": 27820001915220,
  "ballot_data_id": 478404785358,
  "has_koib": false,
  "generated_date": 1632133030000,
  "official_result": {
    "winner": {
      "id": 5,
      "position": 2,
      "percentage": 29.213483146067414,
      "valid_percentage": 29.983525535420096,
      "registered_percentage": 7.807807807807808
    },
    "turnout": {
      "count": 623,
      "percentage": 26.726726726726728,
      "walk_by_count": 609,
      "walk_by_percentage": 26.126126126126124,
      "on_home_count": 14,
      "on_home_percentage": 0.6006006006006006,
      "ahead_of_time_count": 0,
      "ahead_of_time_percentage": 0,
      "valid_count": 607,
      "valid_percentage": 26.04032604032604,
      "invalid_count": 16,
      "invalid_percentage": 0.6864006864006864,
      "taken_home_count": 0,
      "taken_home_percentage": 0,
      "lost_count": 0,
      "lost_percentage": 0
    },
    "votes_stats": {
      "winning_count": 182,
      "winning_percentage": 29.213483146067414,
      "effective_count": 607,
      "losing_count": 425,
      "losing_percentage": 68.21829855537722,
      "other_count": 16,
      "other_percentage": 2.568218298555377,
      "by_place": {
        "#1": {
          "count": 182,
          "percentage": 29.213483146067414
        },
        "#2": {
          "count": 118,
          "percentage": 18.940609951845907
        },
        "#3": {
          "count": 88,
          "percentage": 14.125200642054574
        },
        "#4": {
          "count": 71,
          "percentage": 11.396468699839486
        },
        "#5": {
          "count": 59,
          "percentage": 9.470304975922954
        },
        "#6": {
          "count": 46,
          "percentage": 7.3836276083467105
        },
        "#7": {
          "count": 33,
          "percentage": 5.296950240770466
        },
        "#8": {
          "count": 10,
          "percentage": 1.6051364365971106
        }
      }
    }
  },
  "turnout_protocols": {
    "17.09.2021": {
      "15.00": {
        "count": 94,
        "count_delta": 94,
        "count_delta_per_hour": 13.428571428571429,
        "count_delta_per_minute": 0.22380952380952382,
        "percentage": 4.07,
        "percentage_delta": 4.07,
        "percentage_delta_per_hour": 0.5814285714285715,
        "percentage_delta_per_minute": 0.00969047619047619,
        "registered_count": 2310,
        "registered_count_delta": 2310,
        "registered_count_delta_per_hour": 330,
        "registered_count_delta_per_minute": 5.5
      },
      "20.00": {
        "count": 149,
        "count_delta": 55,
        "count_delta_per_hour": 11,
        "count_delta_per_minute": 0.18333333333333332,
        "percentage": 6.45,
        "percentage_delta": 2.38,
        "percentage_delta_per_hour": 0.476,
        "percentage_delta_per_minute": 0.007933333333333332,
        "registered_count": 2310,
        "registered_count_delta": 0,
        "registered_count_delta_per_hour": 0,
        "registered_count_delta_per_minute": 0
      }
    },
    "18.09.2021": {
      "15.00": {
        "count": 267,
        "count_delta": 118,
        "count_delta_per_hour": 16.857142857142858,
        "count_delta_per_minute": 0.28095238095238095,
        "percentage": 11.5,
        "percentage_delta": 5.05,
        "percentage_delta_per_hour": 0.7214285714285714,
        "percentage_delta_per_minute": 0.012023809523809523,
        "registered_count": 2322,
        "registered_count_delta": 12,
        "registered_count_delta_per_hour": 1.7142857142857142,
        "registered_count_delta_per_minute": 0.02857142857142857
      },
      "20.00": {
        "count": 302,
        "count_delta": 35,
        "count_delta_per_hour": 7,
        "count_delta_per_minute": 0.11666666666666667,
        "percentage": 12.96,
        "percentage_delta": 1.4600000000000009,
        "percentage_delta_per_hour": 0.29200000000000015,
        "percentage_delta_per_minute": 0.004866666666666669,
        "registered_count": 2330,
        "registered_count_delta": 8,
        "registered_count_delta_per_hour": 1.6,
        "registered_count_delta_per_minute": 0.02666666666666667
      }
    },
    "19.09.2021": {
      "10.00": {
        "count": 326,
        "count_delta": 24,
        "count_delta_per_hour": 12,
        "count_delta_per_minute": 0.2,
        "percentage": 14,
        "percentage_delta": 1.0399999999999991,
        "percentage_delta_per_hour": 0.5199999999999996,
        "percentage_delta_per_minute": 0.00866666666666666
      },
      "12.00": {
        "count": 354,
        "count_delta": 28,
        "count_delta_per_hour": 14,
        "count_delta_per_minute": 0.23333333333333334,
        "percentage": 15.17,
        "percentage_delta": 1.17,
        "percentage_delta_per_hour": 0.585,
        "percentage_delta_per_minute": 0.00975
      },
      "15.00": {
        "count": 454,
        "count_delta": 100,
        "count_delta_per_hour": 33.333333333333336,
        "count_delta_per_minute": 0.5555555555555556,
        "percentage": 19.47,
        "percentage_delta": 4.299999999999999,
        "percentage_delta_per_hour": 1.433333333333333,
        "percentage_delta_per_minute": 0.023888888888888883
      },
      "18.00": {
        "count": 549,
        "count_delta": 95,
        "count_delta_per_hour": 31.666666666666668,
        "count_delta_per_minute": 0.5277777777777778,
        "percentage": 23.55,
        "percentage_delta": 4.080000000000002,
        "percentage_delta_per_hour": 1.3600000000000005,
        "percentage_delta_per_minute": 0.022666666666666675
      },
      "20.00": {
        "count": 623,
        "count_delta": 74,
        "count_delta_per_hour": 37,
        "count_delta_per_minute": 0.6166666666666667,
        "percentage": 26.726726726726728,
        "percentage_delta": 3.176726726726727,
        "percentage_delta_per_hour": 1.5883633633633636,
        "percentage_delta_per_minute": 0.026472722722722726,
        "registered_count": 2331,
        "registered_count_delta": 1,
        "registered_count_delta_per_hour": 0.08333333333333333,
        "registered_count_delta_per_minute": 0.001388888888888889
      }
    }
  },
  "metadata": {
    "analysis": {
      "protocol_count": 1,
      "exceeded_papers_count": 0,
      "exceeded_papers_steal_winning": 0,
      "exceeded_papers_provide_extra_places": 0,
      "multiple_winners": 0,
      "checksum_valid": 1
    },
    "voters": {
      "initially_registered_count": 2311,
      "registered_count": 2331,
      "walk_by_count": 609,
      "on_home_count": 14,
      "ahead_of_time_count": 0,
      "exceptional_count": 0,
      "added_count": 20
    },
    "papers": {
      "received_count": 2000,
      "destroyed_count": 1377,
      "stationary_box_count": 609,
      "portable_box_count": 14,
      "valid_count": 607,
      "invalid_count": 16,
      "lost_count": 0,
      "ignored_count": 0,
      "taken_home_count": 0
    }
  },
  "entries": [
    {
      "name": "Всероссийская политическая партия \"ЕДИНАЯ РОССИЯ\"",
      "position": 2,
      "party_id": 5,
      "official_result": {
        "votes_count": 182,
        "place": 1,
        "percentage": 29.213483146067414,
        "valid_percentage": 29.983525535420096,
        "registered_percentage": 7.807807807807808,
        "display_percentage": 29.21,
        "winner": true
      },
      "result_without_other_entry": {
        "1": {
          "percentage": 36.039603960396036,
          "valid_percentage": 37.21881390593047
        },
        "3": {
          "percentage": 31.542461005199307,
          "valid_percentage": 32.44206773618538
        },