{
  "commission_name": "УИК №1384",
  "ballot_name": "Выборы депутатов Законодательного Собрания Санкт-Петербурга седьмого созыва",
  "name": "Результаты выборов по единому округу",
  "protocol_scope": {
    "type": "uik",
    "id": 1384
  },
  "electoral_district": {
    "type": "city",
    "id": 0
  },
  "data_id": 27820001915220,
  "ballot_data_id": 4784027343386,
  "has_koib": false,
  "generated_date": 1632124737000,
  "official_result": {
    "winner": {
      "id": 5,
      "position": 2,
      "percentage": 31.36842105263158,
      "valid_percentage": 32.391304347826086,
      "registered_percentage": 8.427601809954751
    },
    "turnout": {
      "count": 475,
      "percentage": 26.86651583710407,
      "walk_by_count": 463,
      "walk_by_percentage": 26.187782805429865,
      "on_home_count": 12,
      "on_home_percentage": 0.6787330316742082,
      "ahead_of_time_count": 0,
      "ahead_of_time_percentage": 0,
      "valid_count": 460,
      "valid_percentage": 26.018099547511316,
      "invalid_count": 15,
      "invalid_percentage": 0.8484162895927602,
      "taken_home_count": 0,
      "taken_home_percentage": 0,
      "lost_count": 0,
      "lost_percentage": 0
    },
    "votes_stats": {
      "winning_count": 149,
      "winning_percentage": 31.36842105263158,
      "effective_count": 460,
      "losing_count": 311,
      "losing_percentage": 65.47368421052632,
      "other_count": 15,
      "other_percentage": 3.1578947368421053,
      "by_place": {
        "#1": {
          "count": 149,
          "percentage": 31.36842105263158
        },
        "#4.5": {
          "count": 94,
          "percentage": 19.789473684210527
        },
        "#2": {
          "count": 91,
          "percentage": 19.157894736842103
        },
        "#3": {
          "count": 51,
          "percentage": 10.73684210526316
        },
        "#5": {
          "count": 45,
          "percentage": 9.473684210526317
        },
        "#6": {
          "count": 18,
          "percentage": 3.7894736842105265
        },
        "#7": {
          "count": 12,
          "percentage": 2.526315789473684
        }
      }
    }
  },
  "turnout_protocols": {
    "17.09.2021": {
      "15.00": {
        "count": 84,
        "count_delta": 84,
        "count_delta_per_hour": 12,
        "count_delta_per_minute": 0.2,
        "percentage": 4.78,
        "percentage_delta": 4.78,
        "percentage_delta_per_hour": 0.6828571428571429,
        "percentage_delta_per_minute": 0.011380952380952382,
        "registered_count": 1757,
        "registered_count_delta": 1757,
        "registered_count_delta_per_hour": 251,
        "registered_count_delta_per_minute": 4.183333333333334
      },
      "20.00": {
        "count": 133,
        "count_delta": 49,
        "count_delta_per_hour": 9.8,
        "count_delta_per_minute": 0.16333333333333333,
        "percentage": 7.57,
        "percentage_delta": 2.79,
        "percentage_delta_per_hour": 0.558,
        "percentage_delta_per_minute": 0.009300000000000001,
        "registered_count": 1757,
        "registered_count_delta": 0,
        "registered_count_delta_per_hour": 0,
        "registered_count_delta_per_minute": 0
      }
    },
    "18.09.2021": {
      "15.00": {
        "count": 204,
        "count_delta": 71,
        "count_delta_per_hour": 10.142857142857142,
        "count_delta_per_minute": 0.16904761904761906,
        "percentage": 11.62,
        "percentage_delta": 4.049999999999999,
        "percentage_delta_per_hour": 0.5785714285714284,
        "percentage_delta_per_minute": 0.00964285714285714,
        "registered_count": 1756,
        "registered_count_delta": -1,
        "registered_count_delta_per_hour": -0.14285714285714285,
        "registered_count_delta_per_minute": -0.002380952380952381
      },
      "20.00": {
        "count": 245,
        "count_delta": 41,
        "count_delta_per_hour": 8.2,
        "count_delta_per_minute": 0.13666666666666666,
        "percentage": 13.95,
        "percentage_delta": 2.33,
        "percentage_delta_per_hour": 0.466,
        "percentage_delta_per_minute": 0.0077666666666666665,
        "registered_count": 1756,
        "registered_count_delta": 0,
        "registered_count_delta_per_hour": 0,
        "registered_count_delta_per_minute": 0
      }
    },
    "19.09.2021": {
      "10.00": {
        "count": 250,
        "count_delta": 5,
        "count_delta_per_hour": 2.5,
        "count_delta_per_minute": 0.041666666666666664,
        "percentage": 14.12,
        "percentage_delta": 0.16999999999999993,
        "percentage_delta_per_hour": 0.08499999999999996,
        "percentage_delta_per_minute": 0.0014166666666666661
      },
      "12.00": {
        "count": 277,
        "count_delta": 27,
        "count_delta_per_hour": 13.5,
        "count_delta_per_minute": 0.225,
        "percentage": 15.66,
        "percentage_delta": 1.540000000000001,
        "percentage_delta_per_hour": 0.7700000000000005,
        "percentage_delta_per_minute": 0.01283333333333334
      },
      "15.00": {
        "count": 343,
        "count_delta": 66,
        "count_delta_per_hour": 22,
        "count_delta_per_minute": 0.36666666666666664,
        "percentage": 19.42,
        "percentage_delta": 3.7600000000000016,
        "percentage_delta_per_hour": 1.2533333333333339,
        "percentage_delta_per_minute": 0.020888888888888898
      },
      "18.00": {
        "count": 435,
        "count_delta": 92,
        "count_delta_per_hour": 30.666666666666668,
        "count_delta_per_minute": 0.5111111111111111,
        "percentage": 24.6,
        "percentage_delta": 5.18,
        "percentage_delta_per_hour": 1.7266666666666666,
        "percentage_delta_per_minute": 0.028777777777777777
      },
      "20.00": {
        "count": 475,
        "count_delta": 40,
        "count_delta_per_hour": 20,
        "count_delta_per_minute": 0.3333333333333333,
        "percentage": 26.86651583710407,
        "percentage_delta": 2.2665158371040697,
        "percentage_delta_per_hour": 1.1332579185520348,
        "percentage_delta_per_minute": 0.018887631975867247,
        "registered_count": 1768,
        "registered_count_delta": 12,
        "registered_count_delta_per_hour": 1,
        "registered_count_delta_per_minute": 0.016666666666666666
      }
    }
  },
  "metadata": {
    "analysis": {
      "negative_turnout_registered_count_protocols": 1,
      "negative_turnout_registered_count": 1,
      "protocol_count": 1,
      "exceeded_papers_count": 0,
      "exceeded_papers_steal_winning": 0,
      "exceeded_papers_provide_extra_places": 0,
      "multiple_winners": 0,
      "checksum_valid": 1
    },
    "voters": {
      "initially_registered_count": 1756,
      "registered_count": 1768,
      "walk_by_count": 463,
      "on_home_count": 12,
      "ahead_of_time_count": 0,
      "exceptional_count": 0,
      "added_count": 12
    },
    "papers": {
      "received_count": 1600,
      "destroyed_count": 1125,
      "stationary_box_count": 463,
      "portable_box_count": 12,
      "valid_count": 460,
      "invalid_count": 15,
      "lost_count": 0,
      "ignored_count": 0,
      "taken_home_count": 0
    }
  },
  "entries": [
    {
      "name": "Всероссийская политическая партия \"ЕДИНАЯ РОССИЯ\"",
      "position": 2,
      "party_id": 5,
      "official_result": {
        "votes_count": 149,
        "place": 1,
        "percentage": 31.36842105263158,
        "valid_percentage": 32.391304347826086,
        "registered_percentage": 8.427601809954751,
        "display_percentage": 31.37,
        "winner": true
      },
      "result_without_other_entry": {
        "1": {
          "percentage": 38.80208333333333,
          "valid_percentage": 40.37940379403794
        },
        "3": {
          "percentage": 34.81308411214953,
          "valid_percentage": 36.077481840193705
        },
        "4": {
          "percentage": 34.81308411214953,