{
  "commission_name": "УИК №241",
  "ballot_name": "Выборы депутатов Законодательного Собрания Санкт-Петербурга седьмого созыва",
  "name": "Результаты выборов по единому округу",
  "protocol_scope": {
    "type": "uik",
    "id": 241
  },
  "electoral_district": {
    "type": "city",
    "id": 0
  },
  "data_id": 27820001915220,
  "ballot_data_id": 4784003325209,
  "has_koib": false,
  "generated_date": 1632113651000,
  "official_result": {
    "winner": {
      "id": 5,
      "position": 2,
      "percentage": 28.150134048257375,
      "valid_percentage": 28.72777017783858,
      "registered_percentage": 10.858324715615305
    },
    "turnout": {
      "count": 746,
      "percentage": 38.57290589451913,
      "walk_by_count": 737,
      "walk_by_percentage": 38.107549120992765,
      "on_home_count": 9,
      "on_home_percentage": 0.4653567735263702,
      "ahead_of_time_count": 0,
      "ahead_of_time_percentage": 0,
      "valid_count": 731,
      "valid_percentage": 37.79731127197518,
      "invalid_count": 15,
      "invalid_percentage": 0.7755946225439504,
      "taken_home_count": 0,
      "taken_home_percentage": 0,
      "lost_count": 0,
      "lost_percentage": 0
    },
    "votes_stats": {
      "winning_count": 210,
      "winning_percentage": 28.150134048257375,
      "effective_count": 731,
      "losing_count": 521,
      "losing_percentage": 69.83914209115282,
      "other_count": 15,
      "other_percentage": 2.0107238605898123,
      "by_place": {
        "#1": {
          "count": 210,
          "percentage": 28.150134048257375
        },
        "#2": {
          "count": 163,
          "percentage": 21.84986595174263
        },
        "#3": {
          "count": 120,
          "percentage": 16.0857908847185
        },
        "#4": {
          "count": 74,
          "percentage": 9.919571045576408
        },
        "#5": {
          "count": 64,
          "percentage": 8.579088471849866
        },
        "#6": {
          "count": 55,
          "percentage": 7.372654155495978
        },
        "#7": {
          "count": 25,
          "percentage": 3.351206434316354
        },
        "#8": {
          "count": 20,
          "percentage": 2.680965147453083
        }
      }
    }
  },
  "turnout_protocols": {
    "17.09.2021": {
      "15.00": {
        "count": 126,
        "count_delta": 126,
        "count_delta_per_hour": 18,
        "count_delta_per_minute": 0.3,
        "percentage": 6.61,
        "percentage_delta": 6.61,
        "percentage_delta_per_hour": 0.9442857142857143,
        "percentage_delta_per_minute": 0.01573809523809524,
        "registered_count": 1906,
        "registered_count_delta": 1906,
        "registered_count_delta_per_hour": 272.2857142857143,
        "registered_count_delta_per_minute": 4.538095238095238
      },
      "20.00": {
        "count": 210,
        "count_delta": 84,
        "count_delta_per_hour": 16.8,
        "count_delta_per_minute": 0.28,
        "percentage": 11.02,
        "percentage_delta": 4.409999999999999,
        "percentage_delta_per_hour": 0.8819999999999999,
        "percentage_delta_per_minute": 0.014699999999999998,
        "registered_count": 1906,
        "registered_count_delta": 0,
        "registered_count_delta_per_hour": 0,
        "registered_count_delta_per_minute": 0
      }
    },
    "18.09.2021": {
      "15.00": {
        "count": 334,
        "count_delta": 124,
        "count_delta_per_hour": 17.714285714285715,
        "count_delta_per_minute": 0.29523809523809524,
        "percentage": 17.53,
        "percentage_delta": 6.510000000000002,
        "percentage_delta_per_hour": 0.9300000000000003,
        "percentage_delta_per_minute": 0.015500000000000003,
        "registered_count": 1905,
        "registered_count_delta": -1,
        "registered_count_delta_per_hour": -0.14285714285714285,
        "registered_count_delta_per_minute": -0.002380952380952381
      },
      "20.00": {
        "count": 395,
        "count_delta": 61,
        "count_delta_per_hour": 12.2,
        "count_delta_per_minute": 0.20333333333333334,
        "percentage": 20.73,
        "percentage_delta": 3.1999999999999993,
        "percentage_delta_per_hour": 0.6399999999999999,
        "percentage_delta_per_minute": 0.010666666666666665,
        "registered_count": 1905,
        "registered_count_delta": 0,
        "registered_count_delta_per_hour": 0,
        "registered_count_delta_per_minute": 0
      }
    },
    "19.09.2021": {
      "10.00": {
        "count": 413,
        "count_delta": 18,
        "count_delta_per_hour": 9,
        "count_delta_per_minute": 0.15,
        "percentage": 21.36,
        "percentage_delta": 0.629999999999999,
        "percentage_delta_per_hour": 0.3149999999999995,
        "percentage_delta_per_minute": 0.005249999999999992
      },
      "12.00": {
        "count": 453,
        "count_delta": 40,
        "count_delta_per_hour": 20,
        "count_delta_per_minute": 0.3333333333333333,
        "percentage": 23.41,
        "percentage_delta": 2.0500000000000007,
        "percentage_delta_per_hour": 1.0250000000000004,
        "percentage_delta_per_minute": 0.01708333333333334
      },
      "15.00": {
        "count": 578,
        "count_delta": 125,
        "count_delta_per_hour": 41.666666666666664,
        "count_delta_per_minute": 0.6944444444444444,
        "percentage": 29.87,
        "percentage_delta": 6.460000000000001,
        "percentage_delta_per_hour": 2.1533333333333338,
        "percentage_delta_per_minute": 0.035888888888888894
      },
      "18.00": {
        "count": 675,
        "count_delta": 97,
        "count_delta_per_hour": 32.333333333333336,
        "count_delta_per_minute": 0.5388888888888889,
        "percentage": 34.91,
        "percentage_delta": 5.039999999999996,
        "percentage_delta_per_hour": 1.6799999999999986,
        "percentage_delta_per_minute": 0.027999999999999976
      },
      "20.00": {
        "count": 746,
        "count_delta": 71,
        "count_delta_per_hour": 35.5,
        "count_delta_per_minute": 0.5916666666666667,
        "percentage": 38.57290589451913,
        "percentage_delta": 3.6629058945191346,
        "percentage_delta_per_hour": 1.8314529472595673,
        "percentage_delta_per_minute": 0.030524215787659455,
        "registered_count": 1934,
        "registered_count_delta": 29,
        "registered_count_delta_per_hour": 2.4166666666666665,
        "registered_count_delta_per_minute": 0.04027777777777778
      }
    }
  },
  "metadata": {
    "analysis": {
      "negative_turnout_registered_count_protocols": 1,
      "negative_turnout_registered_count": 1,
      "protocol_count": 1,
      "exceeded_papers_count": 0,
      "exceeded_papers_steal_winning": 0,
      "exceeded_papers_provide_extra_places": 0,
      "multiple_winners": 0,
      "checksum_valid": 1
    },
    "voters": {
      "initially_registered_count": 1905,
      "registered_count": 1934,
      "walk_by_count": 737,
      "on_home_count": 9,
      "ahead_of_time_count": 0,
      "exceptional_count": 0,
      "added_count": 29
    },
    "papers": {
      "received_count": 1500,
      "destroyed_count": 754,
      "stationary_box_count": 737,
      "portable_box_count": 9,
      "valid_count": 731,
      "invalid_count": 15,
      "lost_count": 0,
      "ignored_count": 0,
      "taken_home_count": 0
    }
  },
  "entries": [
    {
      "name": "Всероссийская политическая партия \"ЕДИНАЯ РОССИЯ\"",
      "position": 2,
      "party_id": 5,
      "official_result": {
        "votes_count": 210,
        "place": 1,
        "percentage": 28.150134048257375,
        "valid_percentage": 28.72777017783858,
        "registered_percentage": 10.858324715615305,
        "display_percentage": 28.15,
        "winner": true
      },
      "result_without_other_entry": {
        "1": {
          "percentage": 36.02058319039451,
          "valid_percentage": 36.971830985915496
        },