{
  "commission_name": "УИК №631",
  "ballot_name": "Выборы депутатов Законодательного Собрания Санкт-Петербурга седьмого созыва",
  "name": "Результаты выборов по единому округу",
  "protocol_scope": {
    "type": "uik",
    "id": 631
  },
  "electoral_district": {
    "type": "city",
    "id": 0
  },
  "data_id": 27820001915220,
  "ballot_data_id": 9789005585539,
  "has_koib": false,
  "generated_date": 1632208363000,
  "official_result": {
    "winner": {
      "id": 5,
      "position": 2,
      "percentage": 32.40611961057024,
      "valid_percentage": 33.285714285714285,
      "registered_percentage": 11.006140765233821
    },
    "turnout": {
      "count": 720,
      "percentage": 34.01039206424185,
      "walk_by_count": 714,
      "walk_by_percentage": 33.72697213037317,
      "on_home_count": 6,
      "on_home_percentage": 0.28341993386868214,
      "ahead_of_time_count": 0,
      "ahead_of_time_percentage": 0,
      "valid_count": 700,
      "valid_percentage": 33.065658951346244,
      "invalid_count": 19,
      "invalid_percentage": 0.8974964572508267,
      "taken_home_count": 1,
      "taken_home_percentage": 0.04723665564478035,
      "lost_count": 0,
      "lost_percentage": 0
    },
    "votes_stats": {
      "winning_count": 233,
      "winning_percentage": 32.40611961057024,
      "effective_count": 700,
      "losing_count": 467,
      "losing_percentage": 64.95132127955495,
      "other_count": 19,
      "other_percentage": 2.642559109874826,
      "by_place": {
        "#1": {
          "count": 233,
          "percentage": 32.40611961057024
        },
        "#2": {
          "count": 138,
          "percentage": 19.19332406119611
        },
        "#3": {
          "count": 99,
          "percentage": 13.76912378303199
        },
        "#4": {
          "count": 71,
          "percentage": 9.874826147426981
        },
        "#5": {
          "count": 63,
          "percentage": 8.762169680111267
        },
        "#6": {
          "count": 42,
          "percentage": 5.84144645340751
        },
        "#7": {
          "count": 39,
          "percentage": 5.4242002781641165
        },
        "#8": {
          "count": 15,
          "percentage": 2.086230876216968
        }
      }
    }
  },
  "turnout_protocols": {
    "17.09.2021": {
      "15.00": {
        "count": 129,
        "count_delta": 129,
        "count_delta_per_hour": 18.428571428571427,
        "count_delta_per_minute": 0.30714285714285716,
        "percentage": 6.08,
        "percentage_delta": 6.08,
        "percentage_delta_per_hour": 0.8685714285714285,
        "percentage_delta_per_minute": 0.014476190476190476,
        "registered_count": 2122,
        "registered_count_delta": 2122,
        "registered_count_delta_per_hour": 303.14285714285717,
        "registered_count_delta_per_minute": 5.052380952380952
      },
      "20.00": {
        "count": 202,
        "count_delta": 73,
        "count_delta_per_hour": 14.6,
        "count_delta_per_minute": 0.24333333333333335,
        "percentage": 9.46,
        "percentage_delta": 3.380000000000001,
        "percentage_delta_per_hour": 0.6760000000000002,
        "percentage_delta_per_minute": 0.01126666666666667,
        "registered_count": 2135,
        "registered_count_delta": 13,
        "registered_count_delta_per_hour": 2.6,
        "registered_count_delta_per_minute": 0.043333333333333335
      }
    },
    "18.09.2021": {
      "15.00": {
        "count": 292,
        "count_delta": 90,
        "count_delta_per_hour": 12.857142857142858,
        "count_delta_per_minute": 0.21428571428571427,
        "percentage": 13.67,
        "percentage_delta": 4.209999999999999,
        "percentage_delta_per_hour": 0.6014285714285713,
        "percentage_delta_per_minute": 0.010023809523809522,
        "registered_count": 2136,
        "registered_count_delta": 1,
        "registered_count_delta_per_hour": 0.14285714285714285,
        "registered_count_delta_per_minute": 0.002380952380952381
      },
      "20.00": {
        "count": 350,
        "count_delta": 58,
        "count_delta_per_hour": 11.6,
        "count_delta_per_minute": 0.19333333333333333,
        "percentage": 16.39,
        "percentage_delta": 2.7200000000000006,
        "percentage_delta_per_hour": 0.5440000000000002,
        "percentage_delta_per_minute": 0.009066666666666669,
        "registered_count": 2135,
        "registered_count_delta": -1,
        "registered_count_delta_per_hour": -0.2,
        "registered_count_delta_per_minute": -0.0033333333333333335
      }
    },
    "19.09.2021": {
      "10.00": {
        "count": 367,
        "count_delta": 17,
        "count_delta_per_hour": 8.5,
        "count_delta_per_minute": 0.14166666666666666,
        "percentage": 17.32,
        "percentage_delta": 0.9299999999999997,
        "percentage_delta_per_hour": 0.46499999999999986,
        "percentage_delta_per_minute": 0.007749999999999997
      },
      "12.00": {
        "count": 398,
        "count_delta": 31,
        "count_delta_per_hour": 15.5,
        "count_delta_per_minute": 0.25833333333333336,
        "percentage": 18.82,
        "percentage_delta": 1.5,
        "percentage_delta_per_hour": 0.75,
        "percentage_delta_per_minute": 0.0125
      },
      "15.00": {
        "count": 519,
        "count_delta": 121,
        "count_delta_per_hour": 40.333333333333336,
        "count_delta_per_minute": 0.6722222222222223,
        "percentage": 24.53,
        "percentage_delta": 5.710000000000001,
        "percentage_delta_per_hour": 1.9033333333333335,
        "percentage_delta_per_minute": 0.03172222222222223
      },
      "18.00": {
        "count": 650,
        "count_delta": 131,
        "count_delta_per_hour": 43.666666666666664,
        "count_delta_per_minute": 0.7277777777777777,
        "percentage": 30.71,
        "percentage_delta": 6.18,
        "percentage_delta_per_hour": 2.06,
        "percentage_delta_per_minute": 0.034333333333333334
      },
      "20.00": {
        "count": 720,
        "count_delta": 70,
        "count_delta_per_hour": 35,
        "count_delta_per_minute": 0.5833333333333334,
        "percentage": 34.01039206424185,
        "percentage_delta": 3.300392064241848,
        "percentage_delta_per_hour": 1.650196032120924,
        "percentage_delta_per_minute": 0.0275032672020154,
        "registered_count": 2117,
        "registered_count_delta": -18,
        "registered_count_delta_per_hour": -1.5,
        "registered_count_delta_per_minute": -0.025
      }
    }
  },
  "metadata": {
    "analysis": {
      "negative_turnout_registered_count_protocols": 1,
      "negative_turnout_registered_count": 18,
      "protocol_count": 1,
      "exceeded_papers_count": 0,
      "exceeded_papers_steal_winning": 0,
      "exceeded_papers_provide_extra_places": 0,
      "multiple_winners": 0,
      "checksum_valid": 1
    },
    "voters": {
      "initially_registered_count": 2136,
      "registered_count": 2117,
      "walk_by_count": 714,
      "on_home_count": 6,
      "ahead_of_time_count": 0,
      "exceptional_count": 0,
      "removed_count": 19
    },
    "papers": {
      "received_count": 2000,
      "destroyed_count": 1280,
      "stationary_box_count": 713,
      "portable_box_count": 6,
      "valid_count": 700,
      "invalid_count": 19,
      "lost_count": 0,
      "ignored_count": 0,
      "taken_home_count": 1
    }
  },
  "entries": [
    {
      "name": "Всероссийская политическая партия \"ЕДИНАЯ РОССИЯ\"",
      "position": 2,
      "party_id": 5,
      "official_result": {
        "votes_count": 233,
        "place": 1,
        "percentage": 32.40611961057024,
        "valid_percentage": 33.285714285714285,
        "registered_percentage": 11.006140765233821,
        "display_percentage": 32.41,
        "winner": true
      },
      "result_without_other_entry": {
        "1": {
          "percentage": 40.103270223752155,