{
  "commission_name": "УИК №1912",
  "ballot_name": "Выборы депутатов Законодательного Собрания Санкт-Петербурга седьмого созыва",
  "name": "Результаты выборов по единому округу",
  "protocol_scope": {
    "type": "uik",
    "id": 1912
  },
  "electoral_district": {
    "type": "city",
    "id": 0
  },
  "data_id": 27820001915220,
  "ballot_data_id": 478405781857,
  "has_koib": false,
  "generated_date": 1632127259000,
  "official_result": {
    "winner": {
      "id": 5,
      "position": 2,
      "percentage": 32.94723294723295,
      "valid_percentage": 33.63994743758213,
      "registered_percentage": 11.90144119014412
    },
    "turnout": {
      "count": 782,
      "percentage": 36.355183635518365,
      "walk_by_count": 753,
      "walk_by_percentage": 35.006973500697356,
      "on_home_count": 29,
      "on_home_percentage": 1.3482101348210134,
      "ahead_of_time_count": 0,
      "ahead_of_time_percentage": 0,
      "valid_count": 761,
      "valid_percentage": 35.378893537889354,
      "invalid_count": 16,
      "invalid_percentage": 0.7438400743840075,
      "taken_home_count": 5,
      "taken_home_percentage": 0.23245002324500233,
      "lost_count": 0,
      "lost_percentage": 0
    },
    "votes_stats": {
      "winning_count": 256,
      "winning_percentage": 32.94723294723295,
      "effective_count": 761,
      "losing_count": 505,
      "losing_percentage": 64.99356499356499,
      "other_count": 16,
      "other_percentage": 2.0592020592020592,
      "by_place": {
        "#1": {
          "count": 256,
          "percentage": 32.94723294723295
        },
        "#2": {
          "count": 171,
          "percentage": 22.00772200772201
        },
        "#3": {
          "count": 151,
          "percentage": 19.433719433719435
        },
        "#4": {
          "count": 46,
          "percentage": 5.9202059202059205
        },
        "#5": {
          "count": 44,
          "percentage": 5.662805662805663
        },
        "#6": {
          "count": 42,
          "percentage": 5.405405405405405
        },
        "#7": {
          "count": 32,
          "percentage": 4.1184041184041185
        },
        "#8": {
          "count": 19,
          "percentage": 2.445302445302445
        }
      }
    }
  },
  "turnout_protocols": {
    "17.09.2021": {
      "15.00": {
        "count": 141,
        "count_delta": 141,
        "count_delta_per_hour": 20.142857142857142,
        "count_delta_per_minute": 0.3357142857142857,
        "percentage": 6.56,
        "percentage_delta": 6.56,
        "percentage_delta_per_hour": 0.937142857142857,
        "percentage_delta_per_minute": 0.015619047619047617,
        "registered_count": 2149,
        "registered_count_delta": 2149,
        "registered_count_delta_per_hour": 307,
        "registered_count_delta_per_minute": 5.116666666666666
      },
      "20.00": {
        "count": 208,
        "count_delta": 67,
        "count_delta_per_hour": 13.4,
        "count_delta_per_minute": 0.22333333333333333,
        "percentage": 9.67,
        "percentage_delta": 3.1100000000000003,
        "percentage_delta_per_hour": 0.6220000000000001,
        "percentage_delta_per_minute": 0.010366666666666668,
        "registered_count": 2151,
        "registered_count_delta": 2,
        "registered_count_delta_per_hour": 0.4,
        "registered_count_delta_per_minute": 0.006666666666666667
      }
    },
    "18.09.2021": {
      "15.00": {
        "count": 352,
        "count_delta": 144,
        "count_delta_per_hour": 20.571428571428573,
        "count_delta_per_minute": 0.34285714285714286,
        "percentage": 16.36,
        "percentage_delta": 6.6899999999999995,
        "percentage_delta_per_hour": 0.9557142857142856,
        "percentage_delta_per_minute": 0.015928571428571427,
        "registered_count": 2152,
        "registered_count_delta": 1,
        "registered_count_delta_per_hour": 0.14285714285714285,
        "registered_count_delta_per_minute": 0.002380952380952381
      },
      "20.00": {
        "count": 439,
        "count_delta": 87,
        "count_delta_per_hour": 17.4,
        "count_delta_per_minute": 0.29,
        "percentage": 20.41,
        "percentage_delta": 4.050000000000001,
        "percentage_delta_per_hour": 0.8100000000000002,
        "percentage_delta_per_minute": 0.013500000000000002,
        "registered_count": 2151,
        "registered_count_delta": -1,
        "registered_count_delta_per_hour": -0.2,
        "registered_count_delta_per_minute": -0.0033333333333333335
      }
    },
    "19.09.2021": {
      "10.00": {
        "count": 453,
        "count_delta": 14,
        "count_delta_per_hour": 7,
        "count_delta_per_minute": 0.11666666666666667,
        "percentage": 21.06,
        "percentage_delta": 0.6499999999999986,
        "percentage_delta_per_hour": 0.3249999999999993,
        "percentage_delta_per_minute": 0.005416666666666655
      },
      "12.00": {
        "count": 516,
        "count_delta": 63,
        "count_delta_per_hour": 31.5,
        "count_delta_per_minute": 0.525,
        "percentage": 23.99,
        "percentage_delta": 2.9299999999999997,
        "percentage_delta_per_hour": 1.4649999999999999,
        "percentage_delta_per_minute": 0.024416666666666663
      },
      "15.00": {
        "count": 673,
        "count_delta": 157,
        "count_delta_per_hour": 52.333333333333336,
        "count_delta_per_minute": 0.8722222222222222,
        "percentage": 31.29,
        "percentage_delta": 7.300000000000001,
        "percentage_delta_per_hour": 2.4333333333333336,
        "percentage_delta_per_minute": 0.04055555555555556
      },
      "18.00": {
        "count": 713,
        "count_delta": 40,
        "count_delta_per_hour": 13.333333333333334,
        "count_delta_per_minute": 0.2222222222222222,
        "percentage": 33.15,
        "percentage_delta": 1.8599999999999994,
        "percentage_delta_per_hour": 0.6199999999999998,
        "percentage_delta_per_minute": 0.01033333333333333
      },
      "20.00": {
        "count": 782,
        "count_delta": 69,
        "count_delta_per_hour": 34.5,
        "count_delta_per_minute": 0.575,
        "percentage": 36.355183635518365,
        "percentage_delta": 3.2051836355183667,
        "percentage_delta_per_hour": 1.6025918177591834,
        "percentage_delta_per_minute": 0.02670986362931972,
        "registered_count": 2151,
        "registered_count_delta": 0,
        "registered_count_delta_per_hour": 0,
        "registered_count_delta_per_minute": 0
      }
    }
  },
  "metadata": {
    "analysis": {
      "negative_turnout_registered_count_protocols": 1,
      "negative_turnout_registered_count": 1,
      "protocol_count": 1,
      "exceeded_papers_count": 0,
      "exceeded_papers_steal_winning": 0,
      "exceeded_papers_provide_extra_places": 0,
      "multiple_winners": 0,
      "checksum_valid": 1
    },
    "voters": {
      "initially_registered_count": 2151,
      "registered_count": 2151,
      "walk_by_count": 753,
      "on_home_count": 29,
      "ahead_of_time_count": 0,
      "exceptional_count": 0
    },
    "papers": {
      "received_count": 2100,
      "destroyed_count": 1318,
      "stationary_box_count": 748,
      "portable_box_count": 29,
      "valid_count": 761,
      "invalid_count": 16,
      "lost_count": 0,
      "ignored_count": 0,
      "taken_home_count": 5
    }
  },
  "entries": [
    {
      "name": "Всероссийская политическая партия \"ЕДИНАЯ РОССИЯ\"",
      "position": 2,
      "party_id": 5,
      "official_result": {
        "votes_count": 256,
        "place": 1,
        "percentage": 32.94723294723295,
        "valid_percentage": 33.63994743758213,
        "registered_percentage": 11.90144119014412,
        "display_percentage": 32.95,
        "winner": true
      },
      "result_without_other_entry": {
        "1": {
          "percentage": 40.894568690095845,
          "valid_percentage": 41.967213114754095
        },