{
  "commission_name": "УИК №2246",
  "ballot_name": "Выборы депутатов Законодательного Собрания Санкт-Петербурга седьмого созыва",
  "name": "Результаты выборов по единому округу",
  "protocol_scope": {
    "type": "uik",
    "id": 2246
  },
  "electoral_district": {
    "type": "city",
    "id": 0
  },
  "data_id": 27820001915220,
  "ballot_data_id": 4784030295488,
  "has_koib": false,
  "generated_date": 1632125585000,
  "official_result": {
    "winner": {
      "id": 7,
      "position": 3,
      "percentage": 24.93573264781491,
      "valid_percentage": 25.526315789473685,
      "registered_percentage": 8.164983164983166
    },
    "turnout": {
      "count": 390,
      "percentage": 32.82828282828283,
      "walk_by_count": 380,
      "walk_by_percentage": 31.986531986531986,
      "on_home_count": 10,
      "on_home_percentage": 0.8417508417508417,
      "ahead_of_time_count": 0,
      "ahead_of_time_percentage": 0,
      "valid_count": 380,
      "valid_percentage": 31.986531986531986,
      "invalid_count": 9,
      "invalid_percentage": 0.7575757575757576,
      "taken_home_count": 1,
      "taken_home_percentage": 0.08417508417508417,
      "lost_count": 0,
      "lost_percentage": 0
    },
    "votes_stats": {
      "winning_count": 97,
      "winning_percentage": 24.93573264781491,
      "effective_count": 380,
      "losing_count": 283,
      "losing_percentage": 72.75064267352185,
      "other_count": 9,
      "other_percentage": 2.313624678663239,
      "by_place": {
        "#1": {
          "count": 97,
          "percentage": 24.93573264781491
        },
        "#2": {
          "count": 86,
          "percentage": 22.10796915167095
        },
        "#3": {
          "count": 68,
          "percentage": 17.480719794344473
        },
        "#4": {
          "count": 51,
          "percentage": 13.110539845758353
        },
        "#5": {
          "count": 30,
          "percentage": 7.712082262210797
        },
        "#6": {
          "count": 18,
          "percentage": 4.627249357326478
        },
        "#7": {
          "count": 17,
          "percentage": 4.370179948586118
        },
        "#8": {
          "count": 13,
          "percentage": 3.3419023136246784
        }
      }
    }
  },
  "turnout_protocols": {
    "17.09.2021": {
      "15.00": {
        "count": 50,
        "count_delta": 50,
        "count_delta_per_hour": 7.142857142857143,
        "count_delta_per_minute": 0.11904761904761904,
        "percentage": 4.28,
        "percentage_delta": 4.28,
        "percentage_delta_per_hour": 0.6114285714285714,
        "percentage_delta_per_minute": 0.01019047619047619,
        "registered_count": 1168,
        "registered_count_delta": 1168,
        "registered_count_delta_per_hour": 166.85714285714286,
        "registered_count_delta_per_minute": 2.780952380952381
      },
      "20.00": {
        "count": 95,
        "count_delta": 45,
        "count_delta_per_hour": 9,
        "count_delta_per_minute": 0.15,
        "percentage": 8.09,
        "percentage_delta": 3.8099999999999996,
        "percentage_delta_per_hour": 0.7619999999999999,
        "percentage_delta_per_minute": 0.0127,
        "registered_count": 1174,
        "registered_count_delta": 6,
        "registered_count_delta_per_hour": 1.2,
        "registered_count_delta_per_minute": 0.02
      }
    },
    "18.09.2021": {
      "15.00": {
        "count": 124,
        "count_delta": 29,
        "count_delta_per_hour": 4.142857142857143,
        "count_delta_per_minute": 0.06904761904761905,
        "percentage": 10.55,
        "percentage_delta": 2.460000000000001,
        "percentage_delta_per_hour": 0.35142857142857153,
        "percentage_delta_per_minute": 0.005857142857142859,
        "registered_count": 1175,
        "registered_count_delta": 1,
        "registered_count_delta_per_hour": 0.14285714285714285,
        "registered_count_delta_per_minute": 0.002380952380952381
      },
      "20.00": {
        "count": 169,
        "count_delta": 45,
        "count_delta_per_hour": 9,
        "count_delta_per_minute": 0.15,
        "percentage": 14.38,
        "percentage_delta": 3.83,
        "percentage_delta_per_hour": 0.766,
        "percentage_delta_per_minute": 0.012766666666666667,
        "registered_count": 1175,
        "registered_count_delta": 0,
        "registered_count_delta_per_hour": 0,
        "registered_count_delta_per_minute": 0
      }
    },
    "19.09.2021": {
      "10.00": {
        "count": 173,
        "count_delta": 4,
        "count_delta_per_hour": 2,
        "count_delta_per_minute": 0.03333333333333333,
        "percentage": 14.55,
        "percentage_delta": 0.16999999999999993,
        "percentage_delta_per_hour": 0.08499999999999996,
        "percentage_delta_per_minute": 0.0014166666666666661
      },
      "12.00": {
        "count": 187,
        "count_delta": 14,
        "count_delta_per_hour": 7,
        "count_delta_per_minute": 0.11666666666666667,
        "percentage": 15.74,
        "percentage_delta": 1.1899999999999995,
        "percentage_delta_per_hour": 0.5949999999999998,
        "percentage_delta_per_minute": 0.009916666666666662
      },
      "15.00": {
        "count": 231,
        "count_delta": 44,
        "count_delta_per_hour": 14.666666666666666,
        "count_delta_per_minute": 0.24444444444444444,
        "percentage": 19.47,
        "percentage_delta": 3.7299999999999986,
        "percentage_delta_per_hour": 1.243333333333333,
        "percentage_delta_per_minute": 0.020722222222222215
      },
      "18.00": {
        "count": 314,
        "count_delta": 83,
        "count_delta_per_hour": 27.666666666666668,
        "count_delta_per_minute": 0.46111111111111114,
        "percentage": 26.45,
        "percentage_delta": 6.98,
        "percentage_delta_per_hour": 2.3266666666666667,
        "percentage_delta_per_minute": 0.03877777777777778
      },
      "20.00": {
        "count": 390,
        "count_delta": 76,
        "count_delta_per_hour": 38,
        "count_delta_per_minute": 0.6333333333333333,
        "percentage": 32.82828282828283,
        "percentage_delta": 6.378282828282831,
        "percentage_delta_per_hour": 3.1891414141414156,
        "percentage_delta_per_minute": 0.05315235690235693,
        "registered_count": 1188,
        "registered_count_delta": 13,
        "registered_count_delta_per_hour": 1.0833333333333333,
        "registered_count_delta_per_minute": 0.018055555555555554
      }
    }
  },
  "metadata": {
    "analysis": {
      "protocol_count": 1,
      "exceeded_papers_count": 0,
      "exceeded_papers_steal_winning": 0,
      "exceeded_papers_provide_extra_places": 0,
      "multiple_winners": 0,
      "checksum_valid": 1,
      "stuffed_protocol_for_6": 1,
      "stuffed_votes_for_6": 21.886792452830193
    },
    "voters": {
      "initially_registered_count": 1168,
      "registered_count": 1188,
      "walk_by_count": 380,
      "on_home_count": 10,
      "ahead_of_time_count": 0,
      "exceptional_count": 0,
      "added_count": 20
    },
    "papers": {
      "received_count": 999,
      "destroyed_count": 609,
      "stationary_box_count": 379,
      "portable_box_count": 10,
      "valid_count": 380,
      "invalid_count": 9,
      "lost_count": 0,
      "ignored_count": 0,
      "taken_home_count": 1
    }
  },
  "entries": [
    {
      "name": "Политическая партия \"Российская объединенная демократическая партия \"ЯБЛОКО\"",
      "position": 3,
      "party_id": 7,
      "official_result": {
        "votes_count": 97,
        "place": 1,
        "percentage": 24.93573264781491,
        "valid_percentage": 25.526315789473685,
        "registered_percentage": 8.164983164983166,
        "display_percentage": 24.94,
        "winner": true
      },
      "result_without_other_entry": {
        "1": {
          "percentage": 28.698224852071007,
          "valid_percentage": 29.48328267477204
        },