{
  "commission_name": "УИК №1600",
  "ballot_name": "Выборы депутатов Законодательного Собрания Санкт-Петербурга седьмого созыва",
  "name": "Результаты выборов по единому округу",
  "protocol_scope": {
    "type": "uik",
    "id": 1600
  },
  "electoral_district": {
    "type": "city",
    "id": 0
  },
  "data_id": 27820001915220,
  "ballot_data_id": 478405382151,
  "has_koib": false,
  "generated_date": 1632127076000,
  "official_result": {
    "winner": {
      "id": 5,
      "position": 2,
      "percentage": 39.31398416886543,
      "valid_percentage": 40.21592442645074,
      "registered_percentage": 13.657195233730523
    },
    "turnout": {
      "count": 759,
      "percentage": 34.784601283226394,
      "walk_by_count": 755,
      "walk_by_percentage": 34.6012832263978,
      "on_home_count": 4,
      "on_home_percentage": 0.18331805682859761,
      "ahead_of_time_count": 0,
      "ahead_of_time_percentage": 0,
      "valid_count": 741,
      "valid_percentage": 33.95967002749771,
      "invalid_count": 17,
      "invalid_percentage": 0.7791017415215399,
      "taken_home_count": 1,
      "taken_home_percentage": 0.045829514207149404,
      "lost_count": 0,
      "lost_percentage": 0
    },
    "votes_stats": {
      "winning_count": 298,
      "winning_percentage": 39.31398416886543,
      "effective_count": 741,
      "losing_count": 443,
      "losing_percentage": 58.443271767810025,
      "other_count": 17,
      "other_percentage": 2.242744063324538,
      "by_place": {
        "#1": {
          "count": 298,
          "percentage": 39.31398416886543
        },
        "#2": {
          "count": 142,
          "percentage": 18.733509234828496
        },
        "#3": {
          "count": 70,
          "percentage": 9.234828496042216
        },
        "#4": {
          "count": 64,
          "percentage": 8.443271767810026
        },
        "#5": {
          "count": 60,
          "percentage": 7.9155672823219
        },
        "#6": {
          "count": 48,
          "percentage": 6.33245382585752
        },
        "#7": {
          "count": 46,
          "percentage": 6.068601583113456
        },
        "#8": {
          "count": 13,
          "percentage": 1.7150395778364116
        }
      }
    }
  },
  "turnout_protocols": {
    "17.09.2021": {
      "15.00": {
        "count": 206,
        "count_delta": 206,
        "count_delta_per_hour": 29.428571428571427,
        "count_delta_per_minute": 0.49047619047619045,
        "percentage": 9.95,
        "percentage_delta": 9.95,
        "percentage_delta_per_hour": 1.4214285714285713,
        "percentage_delta_per_minute": 0.02369047619047619,
        "registered_count": 2070,
        "registered_count_delta": 2070,
        "registered_count_delta_per_hour": 295.7142857142857,
        "registered_count_delta_per_minute": 4.928571428571429
      },
      "20.00": {
        "count": 334,
        "count_delta": 128,
        "count_delta_per_hour": 25.6,
        "count_delta_per_minute": 0.4266666666666667,
        "percentage": 16.13,
        "percentage_delta": 6.18,
        "percentage_delta_per_hour": 1.236,
        "percentage_delta_per_minute": 0.0206,
        "registered_count": 2071,
        "registered_count_delta": 1,
        "registered_count_delta_per_hour": 0.2,
        "registered_count_delta_per_minute": 0.0033333333333333335
      }
    },
    "18.09.2021": {
      "15.00": {
        "count": 414,
        "count_delta": 80,
        "count_delta_per_hour": 11.428571428571429,
        "count_delta_per_minute": 0.19047619047619047,
        "percentage": 19.99,
        "percentage_delta": 3.8599999999999994,
        "percentage_delta_per_hour": 0.5514285714285714,
        "percentage_delta_per_minute": 0.00919047619047619,
        "registered_count": 2071,
        "registered_count_delta": 0,
        "registered_count_delta_per_hour": 0,
        "registered_count_delta_per_minute": 0
      },
      "20.00": {
        "count": 475,
        "count_delta": 61,
        "count_delta_per_hour": 12.2,
        "count_delta_per_minute": 0.20333333333333334,
        "percentage": 22.94,
        "percentage_delta": 2.950000000000003,
        "percentage_delta_per_hour": 0.5900000000000005,
        "percentage_delta_per_minute": 0.009833333333333343,
        "registered_count": 2071,
        "registered_count_delta": 0,
        "registered_count_delta_per_hour": 0,
        "registered_count_delta_per_minute": 0
      }
    },
    "19.09.2021": {
      "10.00": {
        "count": 526,
        "count_delta": 51,
        "count_delta_per_hour": 25.5,
        "count_delta_per_minute": 0.425,
        "percentage": 24.09,
        "percentage_delta": 1.1499999999999986,
        "percentage_delta_per_hour": 0.5749999999999993,
        "percentage_delta_per_minute": 0.009583333333333322
      },
      "12.00": {
        "count": 588,
        "count_delta": 62,
        "count_delta_per_hour": 31,
        "count_delta_per_minute": 0.5166666666666667,
        "percentage": 26.94,
        "percentage_delta": 2.8500000000000014,
        "percentage_delta_per_hour": 1.4250000000000007,
        "percentage_delta_per_minute": 0.02375000000000001
      },
      "15.00": {
        "count": 726,
        "count_delta": 138,
        "count_delta_per_hour": 46,
        "count_delta_per_minute": 0.7666666666666667,
        "percentage": 33.26,
        "percentage_delta": 6.319999999999997,
        "percentage_delta_per_hour": 2.1066666666666656,
        "percentage_delta_per_minute": 0.03511111111111109
      },
      "18.00": {
        "count": 767,
        "count_delta": 41,
        "count_delta_per_hour": 13.666666666666666,
        "count_delta_per_minute": 0.22777777777777777,
        "percentage": 35.15,
        "percentage_delta": 1.8900000000000006,
        "percentage_delta_per_hour": 0.6300000000000002,
        "percentage_delta_per_minute": 0.010500000000000002
      },
      "20.00": {
        "count": 759,
        "count_delta": -8,
        "count_delta_per_hour": -4,
        "count_delta_per_minute": -0.06666666666666667,
        "percentage": 34.784601283226394,
        "percentage_delta": -0.3653987167736048,
        "percentage_delta_per_hour": -0.1826993583868024,
        "percentage_delta_per_minute": -0.0030449893064467067,
        "registered_count": 2182,
        "registered_count_delta": 111,
        "registered_count_delta_per_hour": 9.25,
        "registered_count_delta_per_minute": 0.15416666666666667
      }
    }
  },
  "metadata": {
    "analysis": {
      "negative_turnout_percentage_protocols": 1,
      "negative_turnout_percentage": 0.3653987167736048,
      "negative_turnout_count_protocols": 1,
      "negative_turnout_count": 8,
      "protocol_count": 1,
      "exceeded_papers_count": 0,
      "exceeded_papers_steal_winning": 0,
      "exceeded_papers_provide_extra_places": 0,
      "multiple_winners": 0,
      "checksum_valid": 1,
      "stuffed_protocol_for_5": 1,
      "stuffed_votes_for_5": 102.3896103896104
    },
    "voters": {
      "initially_registered_count": 2071,
      "registered_count": 2182,
      "walk_by_count": 755,
      "on_home_count": 4,
      "ahead_of_time_count": 0,
      "exceptional_count": 0,
      "added_count": 111
    },
    "papers": {
      "received_count": 1600,
      "destroyed_count": 841,
      "stationary_box_count": 754,
      "portable_box_count": 4,
      "valid_count": 741,
      "invalid_count": 17,
      "lost_count": 0,
      "ignored_count": 0,
      "taken_home_count": 1
    }
  },
  "entries": [
    {
      "name": "Всероссийская политическая партия \"ЕДИНАЯ РОССИЯ\"",
      "position": 2,
      "party_id": 5,
      "official_result": {
        "votes_count": 298,
        "place": 1,
        "percentage": 39.31398416886543,
        "valid_percentage": 40.21592442645074,
        "registered_percentage": 13.657195233730523,
        "display_percentage": 39.31,
        "winner": true
      },