{
  "commission_name": "УИК №163",
  "ballot_name": "Выборы депутатов Законодательного Собрания Санкт-Петербурга седьмого созыва",
  "name": "Результаты выборов по единому округу",
  "protocol_scope": {
    "type": "uik",
    "id": 163
  },
  "electoral_district": {
    "type": "city",
    "id": 0
  },
  "data_id": 27820001915220,
  "ballot_data_id": 4784002402091,
  "has_koib": true,
  "generated_date": 1632112487000,
  "official_result": {
    "winner": {
      "id": 5,
      "position": 2,
      "percentage": 25.400457665903893,
      "valid_percentage": 25.995316159250585,
      "registered_percentage": 8.733280881195908
    },
    "turnout": {
      "count": 437,
      "percentage": 34.382376081825335,
      "walk_by_count": 428,
      "walk_by_percentage": 33.67427222659323,
      "on_home_count": 9,
      "on_home_percentage": 0.7081038552321007,
      "ahead_of_time_count": 0,
      "ahead_of_time_percentage": 0,
      "valid_count": 427,
      "valid_percentage": 33.59559402045633,
      "invalid_count": 10,
      "invalid_percentage": 0.7867820613690008,
      "taken_home_count": 0,
      "taken_home_percentage": 0,
      "lost_count": 0,
      "lost_percentage": 0
    },
    "votes_stats": {
      "winning_count": 111,
      "winning_percentage": 25.400457665903893,
      "effective_count": 427,
      "losing_count": 316,
      "losing_percentage": 72.31121281464532,
      "other_count": 10,
      "other_percentage": 2.2883295194508007,
      "by_place": {
        "#1": {
          "count": 111,
          "percentage": 25.400457665903893
        },
        "#2": {
          "count": 92,
          "percentage": 21.052631578947366
        },
        "#3": {
          "count": 66,
          "percentage": 15.102974828375288
        },
        "#4": {
          "count": 59,
          "percentage": 13.501144164759726
        },
        "#5": {
          "count": 42,
          "percentage": 9.610983981693364
        },
        "#6": {
          "count": 29,
          "percentage": 6.636155606407322
        },
        "#7": {
          "count": 24,
          "percentage": 5.491990846681922
        },
        "#8": {
          "count": 4,
          "percentage": 0.9153318077803204
        }
      }
    }
  },
  "turnout_protocols": {
    "17.09.2021": {
      "15.00": {
        "count": 81,
        "count_delta": 81,
        "count_delta_per_hour": 11.571428571428571,
        "count_delta_per_minute": 0.19285714285714287,
        "percentage": 6.37,
        "percentage_delta": 6.37,
        "percentage_delta_per_hour": 0.91,
        "percentage_delta_per_minute": 0.015166666666666667,
        "registered_count": 1272,
        "registered_count_delta": 1272,
        "registered_count_delta_per_hour": 181.71428571428572,
        "registered_count_delta_per_minute": 3.0285714285714285
      },
      "20.00": {
        "count": 99,
        "count_delta": 18,
        "count_delta_per_hour": 3.6,
        "count_delta_per_minute": 0.06,
        "percentage": 7.79,
        "percentage_delta": 1.42,
        "percentage_delta_per_hour": 0.284,
        "percentage_delta_per_minute": 0.004733333333333333,
        "registered_count": 1271,
        "registered_count_delta": -1,
        "registered_count_delta_per_hour": -0.2,
        "registered_count_delta_per_minute": -0.0033333333333333335
      }
    },
    "18.09.2021": {
      "15.00": {
        "count": 187,
        "count_delta": 88,
        "count_delta_per_hour": 12.571428571428571,
        "count_delta_per_minute": 0.20952380952380953,
        "percentage": 14.71,
        "percentage_delta": 6.920000000000001,
        "percentage_delta_per_hour": 0.9885714285714287,
        "percentage_delta_per_minute": 0.016476190476190478,
        "registered_count": 1271,
        "registered_count_delta": 0,
        "registered_count_delta_per_hour": 0,
        "registered_count_delta_per_minute": 0
      },
      "20.00": {
        "count": 225,
        "count_delta": 38,
        "count_delta_per_hour": 7.6,
        "count_delta_per_minute": 0.12666666666666668,
        "percentage": 17.7,
        "percentage_delta": 2.9899999999999984,
        "percentage_delta_per_hour": 0.5979999999999996,
        "percentage_delta_per_minute": 0.009966666666666662,
        "registered_count": 1271,
        "registered_count_delta": 0,
        "registered_count_delta_per_hour": 0,
        "registered_count_delta_per_minute": 0
      }
    },
    "19.09.2021": {
      "10.00": {
        "count": 226,
        "count_delta": 1,
        "count_delta_per_hour": 0.5,
        "count_delta_per_minute": 0.008333333333333333,
        "percentage": 17.78,
        "percentage_delta": 0.08000000000000185,
        "percentage_delta_per_hour": 0.040000000000000924,
        "percentage_delta_per_minute": 0.000666666666666682
      },
      "12.00": {
        "count": 244,
        "count_delta": 18,
        "count_delta_per_hour": 9,
        "count_delta_per_minute": 0.15,
        "percentage": 19.2,
        "percentage_delta": 1.4199999999999982,
        "percentage_delta_per_hour": 0.7099999999999991,
        "percentage_delta_per_minute": 0.011833333333333317
      },
      "15.00": {
        "count": 317,
        "count_delta": 73,
        "count_delta_per_hour": 24.333333333333332,
        "count_delta_per_minute": 0.40555555555555556,
        "percentage": 24.94,
        "percentage_delta": 5.740000000000002,
        "percentage_delta_per_hour": 1.913333333333334,
        "percentage_delta_per_minute": 0.0318888888888889
      },
      "18.00": {
        "count": 379,
        "count_delta": 62,
        "count_delta_per_hour": 20.666666666666668,
        "count_delta_per_minute": 0.34444444444444444,
        "percentage": 29.82,
        "percentage_delta": 4.879999999999999,
        "percentage_delta_per_hour": 1.6266666666666663,
        "percentage_delta_per_minute": 0.027111111111111107
      },
      "20.00": {
        "count": 437,
        "count_delta": 58,
        "count_delta_per_hour": 29,
        "count_delta_per_minute": 0.48333333333333334,
        "percentage": 34.382376081825335,
        "percentage_delta": 4.5623760818253345,
        "percentage_delta_per_hour": 2.2811880409126672,
        "percentage_delta_per_minute": 0.03801980068187779,
        "registered_count": 1271,
        "registered_count_delta": 0,
        "registered_count_delta_per_hour": 0,
        "registered_count_delta_per_minute": 0
      }
    }
  },
  "metadata": {
    "analysis": {
      "negative_turnout_registered_count_protocols": 1,
      "negative_turnout_registered_count": 1,
      "protocol_count": 1,
      "exceeded_papers_count": 0,
      "exceeded_papers_steal_winning": 0,
      "exceeded_papers_provide_extra_places": 0,
      "multiple_winners": 0,
      "checksum_valid": 1
    },
    "voters": {
      "initially_registered_count": 1271,
      "registered_count": 1271,
      "walk_by_count": 428,
      "on_home_count": 9,
      "ahead_of_time_count": 0,
      "exceptional_count": 0
    },
    "papers": {
      "received_count": 1000,
      "destroyed_count": 563,
      "stationary_box_count": 428,
      "portable_box_count": 9,
      "valid_count": 427,
      "invalid_count": 10,
      "lost_count": 0,
      "ignored_count": 0,
      "taken_home_count": 0
    }
  },
  "entries": [
    {
      "name": "Всероссийская политическая партия \"ЕДИНАЯ РОССИЯ\"",
      "position": 2,
      "party_id": 5,
      "official_result": {
        "votes_count": 111,
        "place": 1,
        "percentage": 25.400457665903893,
        "valid_percentage": 25.995316159250585,
        "registered_percentage": 8.733280881195908,
        "display_percentage": 25.4,
        "winner": true
      },
      "result_without_other_entry": {
        "1": {
          "percentage": 29.919137466307276,
          "valid_percentage": 30.747922437673132
        },
        "3": {
          "percentage": 27.205882352941174,