{
  "commission_name": "УИК №757",
  "ballot_name": "Выборы депутатов Законодательного Собрания Санкт-Петербурга седьмого созыва",
  "name": "Результаты выборов по одномандатному (многомандатному) округу",
  "protocol_scope": {
    "type": "uik",
    "id": 757
  },
  "electoral_district": {
    "type": "city",
    "id": 18
  },
  "data_id": 27820001915220,
  "ballot_data_id": 478404295332,
  "has_koib": false,
  "generated_date": 1632123790000,
  "official_result": {
    "winner": {
      "id": 95,
      "position": 3,
      "percentage": 13.023952095808383,
      "valid_percentage": 27.79552715654952,
      "registered_percentage": 4.202898550724638,
      "supported_by_smart_vote": true
    },
    "turnout": {
      "count": 704,
      "percentage": 34.009661835748794,
      "walk_by_count": 699,
      "walk_by_percentage": 33.768115942028984,
      "on_home_count": 5,
      "on_home_percentage": 0.24154589371980675,
      "ahead_of_time_count": 0,
      "ahead_of_time_percentage": 0,
      "valid_count": 313,
      "valid_percentage": 15.120772946859903,
      "invalid_count": 355,
      "invalid_percentage": 17.14975845410628,
      "taken_home_count": 36,
      "taken_home_percentage": 1.7391304347826086,
      "lost_count": 0,
      "lost_percentage": 0
    },
    "votes_stats": {
      "winning_count": 87,
      "winning_percentage": 13.023952095808383,
      "effective_count": 313,
      "losing_count": 226,
      "losing_percentage": 33.83233532934132,
      "other_count": 355,
      "other_percentage": 53.1437125748503,
      "by_place": {
        "#1": {
          "count": 87,
          "percentage": 13.023952095808383,
          "supported_by_smart_vote": true
        },
        "#2": {
          "count": 64,
          "percentage": 9.580838323353294
        },
        "#3": {
          "count": 52,
          "percentage": 7.784431137724551
        },
        "#4": {
          "count": 44,
          "percentage": 6.58682634730539
        },
        "#5": {
          "count": 39,
          "percentage": 5.838323353293413
        },
        "#6": {
          "count": 16,
          "percentage": 2.3952095808383236
        },
        "#7": {
          "count": 11,
          "percentage": 1.6467065868263475
        }
      }
    }
  },
  "turnout_protocols": {
    "17.09.2021": {
      "15.00": {
        "count": 106,
        "count_delta": 106,
        "count_delta_per_hour": 15.142857142857142,
        "count_delta_per_minute": 0.2523809523809524,
        "percentage": 5.21,
        "percentage_delta": 5.21,
        "percentage_delta_per_hour": 0.7442857142857143,
        "percentage_delta_per_minute": 0.012404761904761905,
        "registered_count": 2035,
        "registered_count_delta": 2035,
        "registered_count_delta_per_hour": 290.7142857142857,
        "registered_count_delta_per_minute": 4.845238095238095
      },
      "20.00": {
        "count": 173,
        "count_delta": 67,
        "count_delta_per_hour": 13.4,
        "count_delta_per_minute": 0.22333333333333333,
        "percentage": 8.51,
        "percentage_delta": 3.3,
        "percentage_delta_per_hour": 0.6599999999999999,
        "percentage_delta_per_minute": 0.011,
        "registered_count": 2033,
        "registered_count_delta": -2,
        "registered_count_delta_per_hour": -0.4,
        "registered_count_delta_per_minute": -0.006666666666666667
      }
    },
    "18.09.2021": {
      "15.00": {
        "count": 263,
        "count_delta": 90,
        "count_delta_per_hour": 12.857142857142858,
        "count_delta_per_minute": 0.21428571428571427,
        "percentage": 12.83,
        "percentage_delta": 4.32,
        "percentage_delta_per_hour": 0.6171428571428572,
        "percentage_delta_per_minute": 0.010285714285714287,
        "registered_count": 2050,
        "registered_count_delta": 17,
        "registered_count_delta_per_hour": 2.4285714285714284,
        "registered_count_delta_per_minute": 0.04047619047619048
      },
      "20.00": {
        "count": 385,
        "count_delta": 122,
        "count_delta_per_hour": 24.4,
        "count_delta_per_minute": 0.4066666666666667,
        "percentage": 18.6,
        "percentage_delta": 5.770000000000001,
        "percentage_delta_per_hour": 1.1540000000000004,
        "percentage_delta_per_minute": 0.01923333333333334,
        "registered_count": 2070,
        "registered_count_delta": 20,
        "registered_count_delta_per_hour": 4,
        "registered_count_delta_per_minute": 0.06666666666666667
      }
    },
    "19.09.2021": {
      "10.00": {
        "count": 413,
        "count_delta": 28,
        "count_delta_per_hour": 14,
        "count_delta_per_minute": 0.23333333333333334,
        "percentage": 19.95,
        "percentage_delta": 1.3499999999999979,
        "percentage_delta_per_hour": 0.6749999999999989,
        "percentage_delta_per_minute": 0.011249999999999982
      },
      "12.00": {
        "count": 459,
        "count_delta": 46,
        "count_delta_per_hour": 23,
        "count_delta_per_minute": 0.38333333333333336,
        "percentage": 22.17,
        "percentage_delta": 2.2200000000000024,
        "percentage_delta_per_hour": 1.1100000000000012,
        "percentage_delta_per_minute": 0.01850000000000002
      },
      "15.00": {
        "count": 543,
        "count_delta": 84,
        "count_delta_per_hour": 28,
        "count_delta_per_minute": 0.4666666666666667,
        "percentage": 26.23,
        "percentage_delta": 4.059999999999999,
        "percentage_delta_per_hour": 1.3533333333333328,
        "percentage_delta_per_minute": 0.022555555555555547
      },
      "18.00": {
        "count": 641,
        "count_delta": 98,
        "count_delta_per_hour": 32.666666666666664,
        "count_delta_per_minute": 0.5444444444444444,
        "percentage": 30.97,
        "percentage_delta": 4.739999999999998,
        "percentage_delta_per_hour": 1.5799999999999994,
        "percentage_delta_per_minute": 0.026333333333333323
      },
      "20.00": {
        "count": 704,
        "count_delta": 63,
        "count_delta_per_hour": 31.5,
        "count_delta_per_minute": 0.525,
        "percentage": 34.009661835748794,
        "percentage_delta": 3.0396618357487952,
        "percentage_delta_per_hour": 1.5198309178743976,
        "percentage_delta_per_minute": 0.025330515297906628,
        "registered_count": 2070,
        "registered_count_delta": 0,
        "registered_count_delta_per_hour": 0,
        "registered_count_delta_per_minute": 0
      }
    }
  },
  "metadata": {
    "analysis": {
      "negative_turnout_registered_count_protocols": 1,
      "negative_turnout_registered_count": 2,
      "protocol_count": 1,
      "exceeded_papers_count": 0,
      "exceeded_papers_steal_winning": 0,
      "checksum_valid": 1,
      "stuffed_protocol_for_95": 1,
      "stuffed_votes_for_95": 51.01990049751244
    },
    "voters": {
      "initially_registered_count": 2033,
      "registered_count": 2070,
      "walk_by_count": 699,
      "on_home_count": 5,
      "ahead_of_time_count": 0,
      "exceptional_count": 0,
      "added_count": 37
    },
    "papers": {
      "received_count": 1700,
      "destroyed_count": 996,
      "stationary_box_count": 663,
      "portable_box_count": 5,
      "valid_count": 313,
      "invalid_count": 355,
      "lost_count": 0,
      "ignored_count": 0,
      "taken_home_count": 36
    }
  },
  "entries": [
    {
      "name": "Давыдов Станислав Вячеславович",
      "position": 3,
      "candidate_id": 95,
      "supported_by_party_id": 6,
      "supported_by_smart_vote": true,
      "official_result": {
        "votes_count": 87,
        "place": 1,
        "percentage": 13.023952095808383,
        "valid_percentage": 27.79552715654952,
        "registered_percentage": 4.202898550724638,
        "display_percentage": 13.02,
        "winner": true
      },