{
  "commission_name": "УИК №851",
  "ballot_name": "Выборы депутатов Законодательного Собрания Санкт-Петербурга седьмого созыва",
  "name": "Результаты выборов по единому округу",
  "protocol_scope": {
    "type": "uik",
    "id": 851
  },
  "electoral_district": {
    "type": "city",
    "id": 0
  },
  "data_id": 27820001915220,
  "ballot_data_id": 4784006453036,
  "has_koib": true,
  "generated_date": 1632112479000,
  "official_result": {
    "winner": {
      "id": 5,
      "position": 2,
      "percentage": 35.352112676056336,
      "valid_percentage": 36.42960812772134,
      "registered_percentage": 11.62037037037037
    },
    "turnout": {
      "count": 711,
      "percentage": 32.916666666666664,
      "walk_by_count": 691,
      "walk_by_percentage": 31.99074074074074,
      "on_home_count": 20,
      "on_home_percentage": 0.9259259259259258,
      "ahead_of_time_count": 0,
      "ahead_of_time_percentage": 0,
      "valid_count": 689,
      "valid_percentage": 31.89814814814815,
      "invalid_count": 21,
      "invalid_percentage": 0.9722222222222222,
      "taken_home_count": 1,
      "taken_home_percentage": 0.0462962962962963,
      "lost_count": 0,
      "lost_percentage": 0
    },
    "votes_stats": {
      "winning_count": 251,
      "winning_percentage": 35.352112676056336,
      "effective_count": 689,
      "losing_count": 438,
      "losing_percentage": 61.69014084507042,
      "other_count": 21,
      "other_percentage": 2.9577464788732395,
      "by_place": {
        "#1": {
          "count": 251,
          "percentage": 35.352112676056336
        },
        "#2": {
          "count": 132,
          "percentage": 18.591549295774648
        },
        "#3": {
          "count": 77,
          "percentage": 10.84507042253521
        },
        "#4": {
          "count": 74,
          "percentage": 10.422535211267606
        },
        "#5": {
          "count": 62,
          "percentage": 8.732394366197182
        },
        "#6": {
          "count": 42,
          "percentage": 5.915492957746479
        },
        "#7": {
          "count": 38,
          "percentage": 5.352112676056338
        },
        "#8": {
          "count": 13,
          "percentage": 1.8309859154929577
        }
      }
    }
  },
  "turnout_protocols": {
    "17.09.2021": {
      "15.00": {
        "count": 150,
        "count_delta": 150,
        "count_delta_per_hour": 21.428571428571427,
        "count_delta_per_minute": 0.35714285714285715,
        "percentage": 7.01,
        "percentage_delta": 7.01,
        "percentage_delta_per_hour": 1.0014285714285713,
        "percentage_delta_per_minute": 0.01669047619047619,
        "registered_count": 2140,
        "registered_count_delta": 2140,
        "registered_count_delta_per_hour": 305.7142857142857,
        "registered_count_delta_per_minute": 5.095238095238095
      },
      "20.00": {
        "count": 233,
        "count_delta": 83,
        "count_delta_per_hour": 16.6,
        "count_delta_per_minute": 0.27666666666666667,
        "percentage": 10.88,
        "percentage_delta": 3.870000000000001,
        "percentage_delta_per_hour": 0.7740000000000002,
        "percentage_delta_per_minute": 0.012900000000000003,
        "registered_count": 2142,
        "registered_count_delta": 2,
        "registered_count_delta_per_hour": 0.4,
        "registered_count_delta_per_minute": 0.006666666666666667
      }
    },
    "18.09.2021": {
      "15.00": {
        "count": 417,
        "count_delta": 184,
        "count_delta_per_hour": 26.285714285714285,
        "count_delta_per_minute": 0.4380952380952381,
        "percentage": 19.4,
        "percentage_delta": 8.519999999999998,
        "percentage_delta_per_hour": 1.2171428571428569,
        "percentage_delta_per_minute": 0.020285714285714282,
        "registered_count": 2149,
        "registered_count_delta": 7,
        "registered_count_delta_per_hour": 1,
        "registered_count_delta_per_minute": 0.016666666666666666
      },
      "20.00": {
        "count": 424,
        "count_delta": 7,
        "count_delta_per_hour": 1.4,
        "count_delta_per_minute": 0.023333333333333334,
        "percentage": 19.69,
        "percentage_delta": 0.2900000000000027,
        "percentage_delta_per_hour": 0.05800000000000054,
        "percentage_delta_per_minute": 0.0009666666666666757,
        "registered_count": 2153,
        "registered_count_delta": 4,
        "registered_count_delta_per_hour": 0.8,
        "registered_count_delta_per_minute": 0.013333333333333334
      }
    },
    "19.09.2021": {
      "10.00": {
        "count": 425,
        "count_delta": 1,
        "count_delta_per_hour": 0.5,
        "count_delta_per_minute": 0.008333333333333333,
        "percentage": 19.69,
        "percentage_delta": 0,
        "percentage_delta_per_hour": 0,
        "percentage_delta_per_minute": 0
      },
      "12.00": {
        "count": 481,
        "count_delta": 56,
        "count_delta_per_hour": 28,
        "count_delta_per_minute": 0.4666666666666667,
        "percentage": 22.29,
        "percentage_delta": 2.599999999999998,
        "percentage_delta_per_hour": 1.299999999999999,
        "percentage_delta_per_minute": 0.02166666666666665
      },
      "15.00": {
        "count": 567,
        "count_delta": 86,
        "count_delta_per_hour": 28.666666666666668,
        "count_delta_per_minute": 0.4777777777777778,
        "percentage": 26.24,
        "percentage_delta": 3.9499999999999993,
        "percentage_delta_per_hour": 1.3166666666666664,
        "percentage_delta_per_minute": 0.02194444444444444
      },
      "18.00": {
        "count": 623,
        "count_delta": 56,
        "count_delta_per_hour": 18.666666666666668,
        "count_delta_per_minute": 0.3111111111111111,
        "percentage": 28.86,
        "percentage_delta": 2.620000000000001,
        "percentage_delta_per_hour": 0.8733333333333336,
        "percentage_delta_per_minute": 0.014555555555555561
      },
      "20.00": {
        "count": 711,
        "count_delta": 88,
        "count_delta_per_hour": 44,
        "count_delta_per_minute": 0.7333333333333333,
        "percentage": 32.916666666666664,
        "percentage_delta": 4.056666666666665,
        "percentage_delta_per_hour": 2.0283333333333324,
        "percentage_delta_per_minute": 0.03380555555555554,
        "registered_count": 2160,
        "registered_count_delta": 7,
        "registered_count_delta_per_hour": 0.5833333333333334,
        "registered_count_delta_per_minute": 0.009722222222222222
      }
    }
  },
  "metadata": {
    "analysis": {
      "protocol_count": 1,
      "exceeded_papers_count": 0,
      "exceeded_papers_steal_winning": 0,
      "exceeded_papers_provide_extra_places": 0,
      "multiple_winners": 0,
      "checksum_valid": 1
    },
    "voters": {
      "initially_registered_count": 2138,
      "registered_count": 2160,
      "walk_by_count": 691,
      "on_home_count": 20,
      "ahead_of_time_count": 0,
      "exceptional_count": 0,
      "added_count": 22
    },
    "papers": {
      "received_count": 2000,
      "destroyed_count": 1289,
      "stationary_box_count": 690,
      "portable_box_count": 20,
      "valid_count": 689,
      "invalid_count": 21,
      "lost_count": 0,
      "ignored_count": 0,
      "taken_home_count": 1
    }
  },
  "entries": [
    {
      "name": "Всероссийская политическая партия \"ЕДИНАЯ РОССИЯ\"",
      "position": 2,
      "party_id": 5,
      "official_result": {
        "votes_count": 251,
        "place": 1,
        "percentage": 35.352112676056336,
        "valid_percentage": 36.42960812772134,
        "registered_percentage": 11.62037037037037,
        "display_percentage": 35.35,
        "winner": true
      },
      "result_without_other_entry": {
        "1": {
          "percentage": 43.42560553633218,
          "valid_percentage": 45.062836624775585
        },
        "3": {
          "percentage": 38.73456790123457,