{
  "commission_name": "УИК №285",
  "ballot_name": "Выборы депутатов Законодательного Собрания Санкт-Петербурга седьмого созыва",
  "name": "Результаты выборов по одномандатному (многомандатному) округу",
  "protocol_scope": {
    "type": "uik",
    "id": 285
  },
  "electoral_district": {
    "type": "city",
    "id": 11
  },
  "data_id": 27820001915220,
  "ballot_data_id": 4784035124137,
  "has_koib": false,
  "generated_date": 1632132744000,
  "official_result": {
    "winner": {
      "id": 157,
      "position": 5,
      "percentage": 33.94396551724138,
      "valid_percentage": 36.08247422680412,
      "registered_percentage": 13.803680981595093
    },
    "turnout": {
      "count": 931,
      "percentage": 40.79754601226993,
      "walk_by_count": 765,
      "walk_by_percentage": 33.523225241016654,
      "on_home_count": 166,
      "on_home_percentage": 7.274320771253287,
      "ahead_of_time_count": 0,
      "ahead_of_time_percentage": 0,
      "valid_count": 873,
      "valid_percentage": 38.25591586327783,
      "invalid_count": 55,
      "invalid_percentage": 2.4101665205959684,
      "taken_home_count": 3,
      "taken_home_percentage": 0.13146362839614373,
      "lost_count": 0,
      "lost_percentage": 0
    },
    "votes_stats": {
      "winning_count": 315,
      "winning_percentage": 33.94396551724138,
      "effective_count": 873,
      "losing_count": 558,
      "losing_percentage": 60.129310344827594,
      "other_count": 55,
      "other_percentage": 5.926724137931035,
      "by_place": {
        "#1": {
          "count": 315,
          "percentage": 33.94396551724138
        },
        "#2": {
          "count": 162,
          "percentage": 17.45689655172414
        },
        "#3": {
          "count": 127,
          "percentage": 13.685344827586206,
          "supported_by_smart_vote": true
        },
        "#4": {
          "count": 111,
          "percentage": 11.961206896551724
        },
        "#5": {
          "count": 72,
          "percentage": 7.758620689655173
        },
        "#6": {
          "count": 44,
          "percentage": 4.741379310344827
        },
        "#7": {
          "count": 42,
          "percentage": 4.525862068965517
        }
      }
    }
  },
  "turnout_protocols": {
    "17.09.2021": {
      "15.00": {
        "count": 162,
        "count_delta": 162,
        "count_delta_per_hour": 23.142857142857142,
        "count_delta_per_minute": 0.38571428571428573,
        "percentage": 7.17,
        "percentage_delta": 7.17,
        "percentage_delta_per_hour": 1.0242857142857142,
        "percentage_delta_per_minute": 0.01707142857142857,
        "registered_count": 2259,
        "registered_count_delta": 2259,
        "registered_count_delta_per_hour": 322.7142857142857,
        "registered_count_delta_per_minute": 5.378571428571429
      },
      "20.00": {
        "count": 386,
        "count_delta": 224,
        "count_delta_per_hour": 44.8,
        "count_delta_per_minute": 0.7466666666666667,
        "percentage": 17.08,
        "percentage_delta": 9.909999999999998,
        "percentage_delta_per_hour": 1.9819999999999998,
        "percentage_delta_per_minute": 0.03303333333333333,
        "registered_count": 2260,
        "registered_count_delta": 1,
        "registered_count_delta_per_hour": 0.2,
        "registered_count_delta_per_minute": 0.0033333333333333335
      }
    },
    "18.09.2021": {
      "15.00": {
        "count": 488,
        "count_delta": 102,
        "count_delta_per_hour": 14.571428571428571,
        "count_delta_per_minute": 0.24285714285714285,
        "percentage": 21.59,
        "percentage_delta": 4.510000000000002,
        "percentage_delta_per_hour": 0.6442857142857145,
        "percentage_delta_per_minute": 0.010738095238095241,
        "registered_count": 2260,
        "registered_count_delta": 0,
        "registered_count_delta_per_hour": 0,
        "registered_count_delta_per_minute": 0
      },
      "20.00": {
        "count": 607,
        "count_delta": 119,
        "count_delta_per_hour": 23.8,
        "count_delta_per_minute": 0.39666666666666667,
        "percentage": 26.86,
        "percentage_delta": 5.27,
        "percentage_delta_per_hour": 1.0539999999999998,
        "percentage_delta_per_minute": 0.017566666666666664,
        "registered_count": 2260,
        "registered_count_delta": 0,
        "registered_count_delta_per_hour": 0,
        "registered_count_delta_per_minute": 0
      }
    },
    "19.09.2021": {
      "10.00": {
        "count": 617,
        "count_delta": 10,
        "count_delta_per_hour": 5,
        "count_delta_per_minute": 0.08333333333333333,
        "percentage": 27.04,
        "percentage_delta": 0.17999999999999972,
        "percentage_delta_per_hour": 0.08999999999999986,
        "percentage_delta_per_minute": 0.0014999999999999976
      },
      "12.00": {
        "count": 652,
        "count_delta": 35,
        "count_delta_per_hour": 17.5,
        "count_delta_per_minute": 0.2916666666666667,
        "percentage": 28.58,
        "percentage_delta": 1.5399999999999991,
        "percentage_delta_per_hour": 0.7699999999999996,
        "percentage_delta_per_minute": 0.012833333333333327
      },
      "15.00": {
        "count": 744,
        "count_delta": 92,
        "count_delta_per_hour": 30.666666666666668,
        "count_delta_per_minute": 0.5111111111111111,
        "percentage": 32.61,
        "percentage_delta": 4.030000000000001,
        "percentage_delta_per_hour": 1.3433333333333337,
        "percentage_delta_per_minute": 0.022388888888888896
      },
      "18.00": {
        "count": 861,
        "count_delta": 117,
        "count_delta_per_hour": 39,
        "count_delta_per_minute": 0.65,
        "percentage": 37.74,
        "percentage_delta": 5.130000000000003,
        "percentage_delta_per_hour": 1.7100000000000009,
        "percentage_delta_per_minute": 0.028500000000000015
      },
      "20.00": {
        "count": 931,
        "count_delta": 70,
        "count_delta_per_hour": 35,
        "count_delta_per_minute": 0.5833333333333334,
        "percentage": 40.79754601226993,
        "percentage_delta": 3.057546012269931,
        "percentage_delta_per_hour": 1.5287730061349656,
        "percentage_delta_per_minute": 0.025479550102249428,
        "registered_count": 2282,
        "registered_count_delta": 22,
        "registered_count_delta_per_hour": 1.8333333333333333,
        "registered_count_delta_per_minute": 0.030555555555555555
      }
    }
  },
  "metadata": {
    "analysis": {
      "protocol_count": 1,
      "exceeded_papers_count": 0,
      "exceeded_papers_steal_winning": 0,
      "checksum_valid": 1,
      "stuffed_protocol_for_155": 1,
      "stuffed_votes_for_155": 50.539603960396036
    },
    "voters": {
      "initially_registered_count": 2260,
      "registered_count": 2282,
      "walk_by_count": 765,
      "on_home_count": 166,
      "ahead_of_time_count": 0,
      "exceptional_count": 0,
      "added_count": 22
    },
    "papers": {
      "received_count": 2000,
      "destroyed_count": 1069,
      "stationary_box_count": 762,
      "portable_box_count": 166,
      "valid_count": 873,
      "invalid_count": 55,
      "lost_count": 0,
      "ignored_count": 0,
      "taken_home_count": 3
    }
  },
  "entries": [
    {
      "name": "Гарнец Валерий Николаевич",
      "position": 5,
      "candidate_id": 157,
      "supported_by_party_id": 5,
      "official_result": {
        "votes_count": 315,
        "place": 1,
        "percentage": 33.94396551724138,
        "valid_percentage": 36.08247422680412,
        "registered_percentage": 13.803680981595093,
        "display_percentage": 33.94,
        "winner": true
      },
      "result_without_other_entry": {
        "31": {
          "percentage": 35.633484162895925,
          "valid_percentage": 37.997587454764776
        },
        "143": {
          "percentage": 39.325842696629216,