{
  "commission_name": "УИК №493",
  "ballot_name": "Выборы депутатов Законодательного Собрания Санкт-Петербурга седьмого созыва",
  "name": "Результаты выборов по единому округу",
  "protocol_scope": {
    "type": "uik",
    "id": 493
  },
  "electoral_district": {
    "type": "city",
    "id": 0
  },
  "data_id": 27820001915220,
  "ballot_data_id": 4784004434047,
  "has_koib": false,
  "generated_date": 1632132545000,
  "official_result": {
    "winner": {
      "id": 5,
      "position": 2,
      "percentage": 25.51282051282051,
      "valid_percentage": 26.46276595744681,
      "registered_percentage": 8.774250440917108
    },
    "turnout": {
      "count": 782,
      "percentage": 34.479717813051145,
      "walk_by_count": 773,
      "walk_by_percentage": 34.082892416225754,
      "on_home_count": 9,
      "on_home_percentage": 0.3968253968253968,
      "ahead_of_time_count": 0,
      "ahead_of_time_percentage": 0,
      "valid_count": 752,
      "valid_percentage": 33.15696649029982,
      "invalid_count": 28,
      "invalid_percentage": 1.2345679012345678,
      "taken_home_count": 2,
      "taken_home_percentage": 0.08818342151675485,
      "lost_count": 0,
      "lost_percentage": 0
    },
    "votes_stats": {
      "winning_count": 199,
      "winning_percentage": 25.51282051282051,
      "effective_count": 752,
      "losing_count": 553,
      "losing_percentage": 70.8974358974359,
      "other_count": 28,
      "other_percentage": 3.5897435897435894,
      "by_place": {
        "#1": {
          "count": 199,
          "percentage": 25.51282051282051
        },
        "#2": {
          "count": 187,
          "percentage": 23.974358974358974
        },
        "#3": {
          "count": 126,
          "percentage": 16.153846153846153
        },
        "#4": {
          "count": 100,
          "percentage": 12.82051282051282
        },
        "#5": {
          "count": 81,
          "percentage": 10.384615384615385
        },
        "#6": {
          "count": 32,
          "percentage": 4.102564102564102
        },
        "#7": {
          "count": 14,
          "percentage": 1.7948717948717947
        },
        "#8": {
          "count": 13,
          "percentage": 1.6666666666666667
        }
      }
    }
  },
  "turnout_protocols": {
    "17.09.2021": {
      "15.00": {
        "count": 142,
        "count_delta": 142,
        "count_delta_per_hour": 20.285714285714285,
        "count_delta_per_minute": 0.3380952380952381,
        "percentage": 6.45,
        "percentage_delta": 6.45,
        "percentage_delta_per_hour": 0.9214285714285715,
        "percentage_delta_per_minute": 0.015357142857142857,
        "registered_count": 2202,
        "registered_count_delta": 2202,
        "registered_count_delta_per_hour": 314.57142857142856,
        "registered_count_delta_per_minute": 5.242857142857143
      },
      "20.00": {
        "count": 244,
        "count_delta": 102,
        "count_delta_per_hour": 20.4,
        "count_delta_per_minute": 0.34,
        "percentage": 11.09,
        "percentage_delta": 4.64,
        "percentage_delta_per_hour": 0.9279999999999999,
        "percentage_delta_per_minute": 0.015466666666666665,
        "registered_count": 2200,
        "registered_count_delta": -2,
        "registered_count_delta_per_hour": -0.4,
        "registered_count_delta_per_minute": -0.006666666666666667
      }
    },
    "18.09.2021": {
      "15.00": {
        "count": 365,
        "count_delta": 121,
        "count_delta_per_hour": 17.285714285714285,
        "count_delta_per_minute": 0.28809523809523807,
        "percentage": 16.59,
        "percentage_delta": 5.5,
        "percentage_delta_per_hour": 0.7857142857142857,
        "percentage_delta_per_minute": 0.013095238095238096,
        "registered_count": 2200,
        "registered_count_delta": 0,
        "registered_count_delta_per_hour": 0,
        "registered_count_delta_per_minute": 0
      },
      "20.00": {
        "count": 390,
        "count_delta": 25,
        "count_delta_per_hour": 5,
        "count_delta_per_minute": 0.08333333333333333,
        "percentage": 17.73,
        "percentage_delta": 1.1400000000000006,
        "percentage_delta_per_hour": 0.22800000000000012,
        "percentage_delta_per_minute": 0.0038000000000000017,
        "registered_count": 2200,
        "registered_count_delta": 0,
        "registered_count_delta_per_hour": 0,
        "registered_count_delta_per_minute": 0
      }
    },
    "19.09.2021": {
      "10.00": {
        "count": 405,
        "count_delta": 15,
        "count_delta_per_hour": 7.5,
        "count_delta_per_minute": 0.125,
        "percentage": 17.84,
        "percentage_delta": 0.10999999999999943,
        "percentage_delta_per_hour": 0.054999999999999716,
        "percentage_delta_per_minute": 0.0009166666666666619
      },
      "12.00": {
        "count": 462,
        "count_delta": 57,
        "count_delta_per_hour": 28.5,
        "count_delta_per_minute": 0.475,
        "percentage": 20.38,
        "percentage_delta": 2.539999999999999,
        "percentage_delta_per_hour": 1.2699999999999996,
        "percentage_delta_per_minute": 0.02116666666666666
      },
      "15.00": {
        "count": 564,
        "count_delta": 102,
        "count_delta_per_hour": 34,
        "count_delta_per_minute": 0.5666666666666667,
        "percentage": 24.85,
        "percentage_delta": 4.470000000000002,
        "percentage_delta_per_hour": 1.4900000000000009,
        "percentage_delta_per_minute": 0.024833333333333346
      },
      "18.00": {
        "count": 681,
        "count_delta": 117,
        "count_delta_per_hour": 39,
        "count_delta_per_minute": 0.65,
        "percentage": 30.04,
        "percentage_delta": 5.189999999999998,
        "percentage_delta_per_hour": 1.7299999999999993,
        "percentage_delta_per_minute": 0.028833333333333322
      },
      "20.00": {
        "count": 782,
        "count_delta": 101,
        "count_delta_per_hour": 50.5,
        "count_delta_per_minute": 0.8416666666666667,
        "percentage": 34.479717813051145,
        "percentage_delta": 4.439717813051146,
        "percentage_delta_per_hour": 2.219858906525573,
        "percentage_delta_per_minute": 0.036997648442092884,
        "registered_count": 2268,
        "registered_count_delta": 68,
        "registered_count_delta_per_hour": 5.666666666666667,
        "registered_count_delta_per_minute": 0.09444444444444444
      }
    }
  },
  "metadata": {
    "analysis": {
      "negative_turnout_registered_count_protocols": 1,
      "negative_turnout_registered_count": 2,
      "protocol_count": 1,
      "exceeded_papers_count": 0,
      "exceeded_papers_steal_winning": 0,
      "exceeded_papers_provide_extra_places": 0,
      "multiple_winners": 0,
      "checksum_invalid": 1,
      "stuffed_protocol_for_4": 1,
      "stuffed_votes_for_4": 66.10131332082551
    },
    "voters": {
      "initially_registered_count": 2200,
      "registered_count": 2268,
      "walk_by_count": 773,
      "on_home_count": 9,
      "ahead_of_time_count": 0,
      "exceptional_count": 0,
      "added_count": 68
    },
    "papers": {
      "received_count": 2000,
      "destroyed_count": 1225,
      "stationary_box_count": 771,
      "portable_box_count": 9,
      "valid_count": 752,
      "invalid_count": 28,
      "lost_count": 0,
      "ignored_count": 7,
      "taken_home_count": 2
    }
  },
  "entries": [
    {
      "name": "Всероссийская политическая партия \"ЕДИНАЯ РОССИЯ\"",
      "position": 2,
      "party_id": 5,
      "official_result": {
        "votes_count": 199,
        "place": 1,
        "percentage": 25.51282051282051,
        "valid_percentage": 26.46276595744681,
        "registered_percentage": 8.774250440917108,
        "display_percentage": 25.51,
        "winner": true
      },
      "result_without_other_entry": {
        "1": {
          "percentage": 33.55817875210793,