{
  "commission_name": "УИК №1522",
  "ballot_name": "Выборы депутатов Законодательного Собрания Санкт-Петербурга седьмого созыва",
  "name": "Результаты выборов по единому округу",
  "protocol_scope": {
    "type": "uik",
    "id": 1522
  },
  "electoral_district": {
    "type": "city",
    "id": 0
  },
  "data_id": 27820001915220,
  "ballot_data_id": 4784011517192,
  "has_koib": false,
  "generated_date": 1632119875000,
  "official_result": {
    "winner": {
      "id": 5,
      "position": 2,
      "percentage": 40.06550218340612,
      "valid_percentage": 41.05145413870246,
      "registered_percentage": 17.03016241299304
    },
    "turnout": {
      "count": 917,
      "percentage": 42.55220417633411,
      "walk_by_count": 915,
      "walk_by_percentage": 42.459396751740144,
      "on_home_count": 2,
      "on_home_percentage": 0.09280742459396751,
      "ahead_of_time_count": 0,
      "ahead_of_time_percentage": 0,
      "valid_count": 894,
      "valid_percentage": 41.484918793503475,
      "invalid_count": 22,
      "invalid_percentage": 1.0208816705336428,
      "taken_home_count": 1,
      "taken_home_percentage": 0.04640371229698376,
      "lost_count": 0,
      "lost_percentage": 0
    },
    "votes_stats": {
      "winning_count": 367,
      "winning_percentage": 40.06550218340612,
      "effective_count": 894,
      "losing_count": 527,
      "losing_percentage": 57.53275109170306,
      "other_count": 22,
      "other_percentage": 2.4017467248908297,
      "by_place": {
        "#1": {
          "count": 367,
          "percentage": 40.06550218340612
        },
        "#2": {
          "count": 169,
          "percentage": 18.44978165938865
        },
        "#3": {
          "count": 117,
          "percentage": 12.77292576419214
        },
        "#4": {
          "count": 74,
          "percentage": 8.078602620087336
        },
        "#5": {
          "count": 68,
          "percentage": 7.423580786026202
        },
        "#6": {
          "count": 55,
          "percentage": 6.004366812227074
        },
        "#7": {
          "count": 25,
          "percentage": 2.7292576419213974
        },
        "#8": {
          "count": 19,
          "percentage": 2.074235807860262
        }
      }
    }
  },
  "turnout_protocols": {
    "17.09.2021": {
      "15.00": {
        "count": 231,
        "count_delta": 231,
        "count_delta_per_hour": 33,
        "count_delta_per_minute": 0.55,
        "percentage": 10.74,
        "percentage_delta": 10.74,
        "percentage_delta_per_hour": 1.5342857142857143,
        "percentage_delta_per_minute": 0.02557142857142857,
        "registered_count": 2151,
        "registered_count_delta": 2151,
        "registered_count_delta_per_hour": 307.2857142857143,
        "registered_count_delta_per_minute": 5.121428571428571
      },
      "20.00": {
        "count": 370,
        "count_delta": 139,
        "count_delta_per_hour": 27.8,
        "count_delta_per_minute": 0.4633333333333333,
        "percentage": 17.21,
        "percentage_delta": 6.470000000000001,
        "percentage_delta_per_hour": 1.294,
        "percentage_delta_per_minute": 0.021566666666666668,
        "registered_count": 2150,
        "registered_count_delta": -1,
        "registered_count_delta_per_hour": -0.2,
        "registered_count_delta_per_minute": -0.0033333333333333335
      }
    },
    "18.09.2021": {
      "15.00": {
        "count": 464,
        "count_delta": 94,
        "count_delta_per_hour": 13.428571428571429,
        "count_delta_per_minute": 0.22380952380952382,
        "percentage": 21.56,
        "percentage_delta": 4.349999999999998,
        "percentage_delta_per_hour": 0.6214285714285711,
        "percentage_delta_per_minute": 0.010357142857142851,
        "registered_count": 2152,
        "registered_count_delta": 2,
        "registered_count_delta_per_hour": 0.2857142857142857,
        "registered_count_delta_per_minute": 0.004761904761904762
      },
      "20.00": {
        "count": 531,
        "count_delta": 67,
        "count_delta_per_hour": 13.4,
        "count_delta_per_minute": 0.22333333333333333,
        "percentage": 24.67,
        "percentage_delta": 3.110000000000003,
        "percentage_delta_per_hour": 0.6220000000000006,
        "percentage_delta_per_minute": 0.010366666666666677,
        "registered_count": 2152,
        "registered_count_delta": 0,
        "registered_count_delta_per_hour": 0,
        "registered_count_delta_per_minute": 0
      }
    },
    "19.09.2021": {
      "10.00": {
        "count": 550,
        "count_delta": 19,
        "count_delta_per_hour": 9.5,
        "count_delta_per_minute": 0.15833333333333333,
        "percentage": 25.5,
        "percentage_delta": 0.8299999999999983,
        "percentage_delta_per_hour": 0.41499999999999915,
        "percentage_delta_per_minute": 0.006916666666666653
      },
      "12.00": {
        "count": 610,
        "count_delta": 60,
        "count_delta_per_hour": 30,
        "count_delta_per_minute": 0.5,
        "percentage": 28.29,
        "percentage_delta": 2.789999999999999,
        "percentage_delta_per_hour": 1.3949999999999996,
        "percentage_delta_per_minute": 0.023249999999999993
      },
      "15.00": {
        "count": 739,
        "count_delta": 129,
        "count_delta_per_hour": 43,
        "count_delta_per_minute": 0.7166666666666667,
        "percentage": 34.31,
        "percentage_delta": 6.020000000000003,
        "percentage_delta_per_hour": 2.0066666666666677,
        "percentage_delta_per_minute": 0.033444444444444464
      },
      "18.00": {
        "count": 832,
        "count_delta": 93,
        "count_delta_per_hour": 31,
        "count_delta_per_minute": 0.5166666666666667,
        "percentage": 38.61,
        "percentage_delta": 4.299999999999997,
        "percentage_delta_per_hour": 1.4333333333333325,
        "percentage_delta_per_minute": 0.023888888888888873
      },
      "20.00": {
        "count": 917,
        "count_delta": 85,
        "count_delta_per_hour": 42.5,
        "count_delta_per_minute": 0.7083333333333334,
        "percentage": 42.55220417633411,
        "percentage_delta": 3.9422041763341085,
        "percentage_delta_per_hour": 1.9711020881670542,
        "percentage_delta_per_minute": 0.032851701469450906,
        "registered_count": 2155,
        "registered_count_delta": 3,
        "registered_count_delta_per_hour": 0.25,
        "registered_count_delta_per_minute": 0.004166666666666667
      }
    }
  },
  "metadata": {
    "analysis": {
      "negative_turnout_registered_count_protocols": 1,
      "negative_turnout_registered_count": 1,
      "protocol_count": 1,
      "exceeded_papers_count": 0,
      "exceeded_papers_steal_winning": 0,
      "exceeded_papers_provide_extra_places": 0,
      "multiple_winners": 0,
      "checksum_valid": 1,
      "stuffed_protocol_for_5": 1,
      "stuffed_votes_for_5": 124.815834767642
    },
    "voters": {
      "initially_registered_count": 2150,
      "registered_count": 2155,
      "walk_by_count": 915,
      "on_home_count": 2,
      "ahead_of_time_count": 0,
      "exceptional_count": 0,
      "added_count": 5
    },
    "papers": {
      "received_count": 2000,
      "destroyed_count": 1083,
      "stationary_box_count": 914,
      "portable_box_count": 2,
      "valid_count": 894,
      "invalid_count": 22,
      "lost_count": 0,
      "ignored_count": 0,
      "taken_home_count": 1
    }
  },
  "entries": [
    {
      "name": "Всероссийская политическая партия \"ЕДИНАЯ РОССИЯ\"",
      "position": 2,
      "party_id": 5,
      "official_result": {
        "votes_count": 367,
        "place": 1,
        "percentage": 40.06550218340612,
        "valid_percentage": 41.05145413870246,
        "registered_percentage": 17.03016241299304,
        "display_percentage": 40.07,
        "winner": true
      },
      "result_without_other_entry": {
        "1": {
          "percentage": 49.129852744310575,