{
  "commission_name": "УИК №1595",
  "ballot_name": "Выборы депутатов Законодательного Собрания Санкт-Петербурга седьмого созыва",
  "name": "Результаты выборов по единому округу",
  "protocol_scope": {
    "type": "uik",
    "id": 1595
  },
  "electoral_district": {
    "type": "city",
    "id": 0
  },
  "data_id": 27820001915220,
  "ballot_data_id": 478405382146,
  "has_koib": false,
  "generated_date": 1632127076000,
  "official_result": {
    "winner": {
      "id": 5,
      "position": 2,
      "percentage": 57.86219081272085,
      "valid_percentage": 58.744394618834086,
      "registered_percentage": 27.066115702479337
    },
    "turnout": {
      "count": 1132,
      "percentage": 46.776859504132226,
      "walk_by_count": 1029,
      "walk_by_percentage": 42.52066115702479,
      "on_home_count": 103,
      "on_home_percentage": 4.256198347107438,
      "ahead_of_time_count": 0,
      "ahead_of_time_percentage": 0,
      "valid_count": 1115,
      "valid_percentage": 46.074380165289256,
      "invalid_count": 17,
      "invalid_percentage": 0.7024793388429752,
      "taken_home_count": 0,
      "taken_home_percentage": 0,
      "lost_count": 0,
      "lost_percentage": 0
    },
    "votes_stats": {
      "winning_count": 655,
      "winning_percentage": 57.86219081272085,
      "effective_count": 1115,
      "losing_count": 460,
      "losing_percentage": 40.63604240282685,
      "other_count": 17,
      "other_percentage": 1.5017667844522968,
      "by_place": {
        "#1": {
          "count": 655,
          "percentage": 57.86219081272085
        },
        "#2": {
          "count": 200,
          "percentage": 17.6678445229682
        },
        "#3": {
          "count": 78,
          "percentage": 6.890459363957597
        },
        "#4": {
          "count": 66,
          "percentage": 5.830388692579505
        },
        "#5": {
          "count": 56,
          "percentage": 4.946996466431095
        },
        "#6": {
          "count": 40,
          "percentage": 3.53356890459364
        },
        "#7": {
          "count": 17,
          "percentage": 1.5017667844522968
        },
        "#8": {
          "count": 3,
          "percentage": 0.26501766784452296
        }
      }
    }
  },
  "turnout_protocols": {
    "17.09.2021": {
      "15.00": {
        "count": 243,
        "count_delta": 243,
        "count_delta_per_hour": 34.714285714285715,
        "count_delta_per_minute": 0.5785714285714286,
        "percentage": 10.04,
        "percentage_delta": 10.04,
        "percentage_delta_per_hour": 1.4342857142857142,
        "percentage_delta_per_minute": 0.023904761904761904,
        "registered_count": 2420,
        "registered_count_delta": 2420,
        "registered_count_delta_per_hour": 345.7142857142857,
        "registered_count_delta_per_minute": 5.761904761904762
      },
      "20.00": {
        "count": 452,
        "count_delta": 209,
        "count_delta_per_hour": 41.8,
        "count_delta_per_minute": 0.6966666666666667,
        "percentage": 18.68,
        "percentage_delta": 8.64,
        "percentage_delta_per_hour": 1.7280000000000002,
        "percentage_delta_per_minute": 0.028800000000000003,
        "registered_count": 2420,
        "registered_count_delta": 0,
        "registered_count_delta_per_hour": 0,
        "registered_count_delta_per_minute": 0
      }
    },
    "18.09.2021": {
      "15.00": {
        "count": 556,
        "count_delta": 104,
        "count_delta_per_hour": 14.857142857142858,
        "count_delta_per_minute": 0.24761904761904763,
        "percentage": 22.98,
        "percentage_delta": 4.300000000000001,
        "percentage_delta_per_hour": 0.6142857142857144,
        "percentage_delta_per_minute": 0.01023809523809524,
        "registered_count": 2419,
        "registered_count_delta": -1,
        "registered_count_delta_per_hour": -0.14285714285714285,
        "registered_count_delta_per_minute": -0.002380952380952381
      },
      "20.00": {
        "count": 613,
        "count_delta": 57,
        "count_delta_per_hour": 11.4,
        "count_delta_per_minute": 0.19,
        "percentage": 25.33,
        "percentage_delta": 2.349999999999998,
        "percentage_delta_per_hour": 0.4699999999999996,
        "percentage_delta_per_minute": 0.007833333333333326,
        "registered_count": 2420,
        "registered_count_delta": 1,
        "registered_count_delta_per_hour": 0.2,
        "registered_count_delta_per_minute": 0.0033333333333333335
      }
    },
    "19.09.2021": {
      "10.00": {
        "count": 648,
        "count_delta": 35,
        "count_delta_per_hour": 17.5,
        "count_delta_per_minute": 0.2916666666666667,
        "percentage": 26.78,
        "percentage_delta": 1.4500000000000028,
        "percentage_delta_per_hour": 0.7250000000000014,
        "percentage_delta_per_minute": 0.012083333333333357
      },
      "12.00": {
        "count": 690,
        "count_delta": 42,
        "count_delta_per_hour": 21,
        "count_delta_per_minute": 0.35,
        "percentage": 28.51,
        "percentage_delta": 1.7300000000000004,
        "percentage_delta_per_hour": 0.8650000000000002,
        "percentage_delta_per_minute": 0.01441666666666667
      },
      "15.00": {
        "count": 825,
        "count_delta": 135,
        "count_delta_per_hour": 45,
        "count_delta_per_minute": 0.75,
        "percentage": 34.09,
        "percentage_delta": 5.580000000000002,
        "percentage_delta_per_hour": 1.8600000000000005,
        "percentage_delta_per_minute": 0.03100000000000001
      },
      "18.00": {
        "count": 948,
        "count_delta": 123,
        "count_delta_per_hour": 41,
        "count_delta_per_minute": 0.6833333333333333,
        "percentage": 39.17,
        "percentage_delta": 5.079999999999998,
        "percentage_delta_per_hour": 1.6933333333333327,
        "percentage_delta_per_minute": 0.02822222222222221
      },
      "20.00": {
        "count": 1132,
        "count_delta": 184,
        "count_delta_per_hour": 92,
        "count_delta_per_minute": 1.5333333333333334,
        "percentage": 46.776859504132226,
        "percentage_delta": 7.606859504132224,
        "percentage_delta_per_hour": 3.803429752066112,
        "percentage_delta_per_minute": 0.06339049586776853,
        "registered_count": 2420,
        "registered_count_delta": 0,
        "registered_count_delta_per_hour": 0,
        "registered_count_delta_per_minute": 0
      }
    }
  },
  "metadata": {
    "analysis": {
      "negative_turnout_registered_count_protocols": 1,
      "negative_turnout_registered_count": 1,
      "protocol_count": 1,
      "exceeded_papers_count": 0,
      "exceeded_papers_steal_winning": 0,
      "exceeded_papers_provide_extra_places": 0,
      "multiple_winners": 0,
      "checksum_valid": 1
    },
    "voters": {
      "initially_registered_count": 2420,
      "registered_count": 2420,
      "walk_by_count": 1029,
      "on_home_count": 103,
      "ahead_of_time_count": 0,
      "exceptional_count": 0
    },
    "papers": {
      "received_count": 2000,
      "destroyed_count": 868,
      "stationary_box_count": 1029,
      "portable_box_count": 103,
      "valid_count": 1115,
      "invalid_count": 17,
      "lost_count": 0,
      "ignored_count": 0,
      "taken_home_count": 0
    }
  },
  "entries": [
    {
      "name": "Всероссийская политическая партия \"ЕДИНАЯ РОССИЯ\"",
      "position": 2,
      "party_id": 5,
      "official_result": {
        "votes_count": 655,
        "place": 1,
        "percentage": 57.86219081272085,
        "valid_percentage": 58.744394618834086,
        "registered_percentage": 27.066115702479337,
        "display_percentage": 57.86,
        "winner": true
      },
      "result_without_other_entry": {
        "1": {
          "percentage": 61.444652908067546,
          "valid_percentage": 62.44041944709247
        },
        "3": {
          "percentage": 70.27896995708154,