{
  "commission_name": "УИК №490",
  "ballot_name": "Выборы депутатов Законодательного Собрания Санкт-Петербурга седьмого созыва",
  "name": "Результаты выборов по единому округу",
  "protocol_scope": {
    "type": "uik",
    "id": 490
  },
  "electoral_district": {
    "type": "city",
    "id": 0
  },
  "data_id": 27820001915220,
  "ballot_data_id": 4784004434044,
  "has_koib": false,
  "generated_date": 1632123659000,
  "official_result": {
    "winner": {
      "id": 5,
      "position": 2,
      "percentage": 32.33532934131736,
      "valid_percentage": 33.54037267080746,
      "registered_percentage": 11.116829644879052
    },
    "turnout": {
      "count": 708,
      "percentage": 36.438497169325785,
      "walk_by_count": 707,
      "walk_by_percentage": 36.387030365414304,
      "on_home_count": 1,
      "on_home_percentage": 0.0514668039114771,
      "ahead_of_time_count": 0,
      "ahead_of_time_percentage": 0,
      "valid_count": 644,
      "valid_percentage": 33.14462171899125,
      "invalid_count": 24,
      "invalid_percentage": 1.2352032938754505,
      "taken_home_count": 40,
      "taken_home_percentage": 2.058672156459084,
      "lost_count": 0,
      "lost_percentage": 0
    },
    "votes_stats": {
      "winning_count": 216,
      "winning_percentage": 32.33532934131736,
      "effective_count": 644,
      "losing_count": 428,
      "losing_percentage": 64.07185628742515,
      "other_count": 24,
      "other_percentage": 3.592814371257485,
      "by_place": {
        "#1": {
          "count": 216,
          "percentage": 32.33532934131736
        },
        "#2": {
          "count": 94,
          "percentage": 14.071856287425149
        },
        "#3": {
          "count": 92,
          "percentage": 13.77245508982036
        },
        "#4": {
          "count": 84,
          "percentage": 12.574850299401197
        },
        "#5": {
          "count": 70,
          "percentage": 10.479041916167663
        },
        "#6": {
          "count": 50,
          "percentage": 7.48502994011976
        },
        "#7": {
          "count": 20,
          "percentage": 2.9940119760479043
        },
        "#8": {
          "count": 18,
          "percentage": 2.694610778443114
        }
      }
    }
  },
  "turnout_protocols": {
    "17.09.2021": {
      "15.00": {
        "count": 186,
        "count_delta": 186,
        "count_delta_per_hour": 26.571428571428573,
        "count_delta_per_minute": 0.44285714285714284,
        "percentage": 9.57,
        "percentage_delta": 9.57,
        "percentage_delta_per_hour": 1.3671428571428572,
        "percentage_delta_per_minute": 0.022785714285714288,
        "registered_count": 1944,
        "registered_count_delta": 1944,
        "registered_count_delta_per_hour": 277.7142857142857,
        "registered_count_delta_per_minute": 4.628571428571429
      },
      "20.00": {
        "count": 186,
        "count_delta": 0,
        "count_delta_per_hour": 0,
        "count_delta_per_minute": 0,
        "percentage": 9.57,
        "percentage_delta": 0,
        "percentage_delta_per_hour": 0,
        "percentage_delta_per_minute": 0,
        "registered_count": 1944,
        "registered_count_delta": 0,
        "registered_count_delta_per_hour": 0,
        "registered_count_delta_per_minute": 0
      }
    },
    "18.09.2021": {
      "15.00": {
        "count": 252,
        "count_delta": 66,
        "count_delta_per_hour": 9.428571428571429,
        "count_delta_per_minute": 0.15714285714285714,
        "percentage": 12.97,
        "percentage_delta": 3.4000000000000004,
        "percentage_delta_per_hour": 0.48571428571428577,
        "percentage_delta_per_minute": 0.008095238095238096,
        "registered_count": 1943,
        "registered_count_delta": -1,
        "registered_count_delta_per_hour": -0.14285714285714285,
        "registered_count_delta_per_minute": -0.002380952380952381
      },
      "20.00": {
        "count": 325,
        "count_delta": 73,
        "count_delta_per_hour": 14.6,
        "count_delta_per_minute": 0.24333333333333335,
        "percentage": 16.73,
        "percentage_delta": 3.76,
        "percentage_delta_per_hour": 0.752,
        "percentage_delta_per_minute": 0.012533333333333332,
        "registered_count": 1943,
        "registered_count_delta": 0,
        "registered_count_delta_per_hour": 0,
        "registered_count_delta_per_minute": 0
      }
    },
    "19.09.2021": {
      "10.00": {
        "count": 332,
        "count_delta": 7,
        "count_delta_per_hour": 3.5,
        "count_delta_per_minute": 0.058333333333333334,
        "percentage": 17.09,
        "percentage_delta": 0.35999999999999943,
        "percentage_delta_per_hour": 0.17999999999999972,
        "percentage_delta_per_minute": 0.0029999999999999953
      },
      "12.00": {
        "count": 376,
        "count_delta": 44,
        "count_delta_per_hour": 22,
        "count_delta_per_minute": 0.36666666666666664,
        "percentage": 19.35,
        "percentage_delta": 2.2600000000000016,
        "percentage_delta_per_hour": 1.1300000000000008,
        "percentage_delta_per_minute": 0.018833333333333348
      },
      "15.00": {
        "count": 477,
        "count_delta": 101,
        "count_delta_per_hour": 33.666666666666664,
        "count_delta_per_minute": 0.5611111111111111,
        "percentage": 24.55,
        "percentage_delta": 5.199999999999999,
        "percentage_delta_per_hour": 1.7333333333333332,
        "percentage_delta_per_minute": 0.028888888888888884
      },
      "18.00": {
        "count": 577,
        "count_delta": 100,
        "count_delta_per_hour": 33.333333333333336,
        "count_delta_per_minute": 0.5555555555555556,
        "percentage": 29.7,
        "percentage_delta": 5.149999999999999,
        "percentage_delta_per_hour": 1.7166666666666661,
        "percentage_delta_per_minute": 0.028611111111111105
      },
      "20.00": {
        "count": 708,
        "count_delta": 131,
        "count_delta_per_hour": 65.5,
        "count_delta_per_minute": 1.0916666666666666,
        "percentage": 36.438497169325785,
        "percentage_delta": 6.738497169325786,
        "percentage_delta_per_hour": 3.369248584662893,
        "percentage_delta_per_minute": 0.05615414307771489,
        "registered_count": 1943,
        "registered_count_delta": 0,
        "registered_count_delta_per_hour": 0,
        "registered_count_delta_per_minute": 0
      }
    }
  },
  "metadata": {
    "analysis": {
      "negative_turnout_registered_count_protocols": 1,
      "negative_turnout_registered_count": 1,
      "protocol_count": 1,
      "exceeded_papers_count": 0,
      "exceeded_papers_steal_winning": 0,
      "exceeded_papers_provide_extra_places": 0,
      "multiple_winners": 0,
      "checksum_valid": 1,
      "stuffed_protocol_for_9": 1,
      "stuffed_votes_for_9": 33.698113207547166
    },
    "voters": {
      "initially_registered_count": 1943,
      "registered_count": 1943,
      "walk_by_count": 707,
      "on_home_count": 1,
      "ahead_of_time_count": 0,
      "exceptional_count": 0
    },
    "papers": {
      "received_count": 2000,
      "destroyed_count": 1292,
      "stationary_box_count": 667,
      "portable_box_count": 1,
      "valid_count": 644,
      "invalid_count": 24,
      "lost_count": 0,
      "ignored_count": 0,
      "taken_home_count": 40
    }
  },
  "entries": [
    {
      "name": "Всероссийская политическая партия \"ЕДИНАЯ РОССИЯ\"",
      "position": 2,
      "party_id": 5,
      "official_result": {
        "votes_count": 216,
        "place": 1,
        "percentage": 32.33532934131736,
        "valid_percentage": 33.54037267080746,
        "registered_percentage": 11.116829644879052,
        "display_percentage": 32.34,
        "winner": true
      },
      "result_without_other_entry": {
        "1": {
          "percentage": 37.63066202090592,
          "valid_percentage": 39.27272727272727
        },