{
  "commission_name": "УИК №1917",
  "ballot_name": "Выборы депутатов Законодательного Собрания Санкт-Петербурга седьмого созыва",
  "name": "Результаты выборов по единому округу",
  "protocol_scope": {
    "type": "uik",
    "id": 1917
  },
  "electoral_district": {
    "type": "city",
    "id": 0
  },
  "data_id": 27820001915220,
  "ballot_data_id": 478405781863,
  "has_koib": false,
  "generated_date": 1632127259000,
  "official_result": {
    "winner": {
      "id": 5,
      "position": 2,
      "percentage": 35.92233009708738,
      "valid_percentage": 36.54320987654321,
      "registered_percentage": 12.416107382550337
    },
    "turnout": {
      "count": 824,
      "percentage": 34.56375838926174,
      "walk_by_count": 773,
      "walk_by_percentage": 32.4244966442953,
      "on_home_count": 51,
      "on_home_percentage": 2.139261744966443,
      "ahead_of_time_count": 0,
      "ahead_of_time_percentage": 0,
      "valid_count": 810,
      "valid_percentage": 33.9765100671141,
      "invalid_count": 14,
      "invalid_percentage": 0.587248322147651,
      "taken_home_count": 0,
      "taken_home_percentage": 0,
      "lost_count": 0,
      "lost_percentage": 0
    },
    "votes_stats": {
      "winning_count": 296,
      "winning_percentage": 35.92233009708738,
      "effective_count": 810,
      "losing_count": 514,
      "losing_percentage": 62.37864077669902,
      "other_count": 14,
      "other_percentage": 1.6990291262135921,
      "by_place": {
        "#1": {
          "count": 296,
          "percentage": 35.92233009708738
        },
        "#2": {
          "count": 194,
          "percentage": 23.54368932038835
        },
        "#3": {
          "count": 146,
          "percentage": 17.718446601941746
        },
        "#4": {
          "count": 43,
          "percentage": 5.218446601941747
        },
        "#5": {
          "count": 41,
          "percentage": 4.975728155339806
        },
        "#6": {
          "count": 39,
          "percentage": 4.733009708737864
        },
        "#7": {
          "count": 34,
          "percentage": 4.12621359223301
        },
        "#8": {
          "count": 17,
          "percentage": 2.063106796116505
        }
      }
    }
  },
  "turnout_protocols": {
    "17.09.2021": {
      "15.00": {
        "count": 135,
        "count_delta": 135,
        "count_delta_per_hour": 19.285714285714285,
        "count_delta_per_minute": 0.32142857142857145,
        "percentage": 5.66,
        "percentage_delta": 5.66,
        "percentage_delta_per_hour": 0.8085714285714286,
        "percentage_delta_per_minute": 0.013476190476190477,
        "registered_count": 2385,
        "registered_count_delta": 2385,
        "registered_count_delta_per_hour": 340.7142857142857,
        "registered_count_delta_per_minute": 5.678571428571429
      },
      "20.00": {
        "count": 275,
        "count_delta": 140,
        "count_delta_per_hour": 28,
        "count_delta_per_minute": 0.4666666666666667,
        "percentage": 11.54,
        "percentage_delta": 5.879999999999999,
        "percentage_delta_per_hour": 1.1759999999999997,
        "percentage_delta_per_minute": 0.019599999999999996,
        "registered_count": 2383,
        "registered_count_delta": -2,
        "registered_count_delta_per_hour": -0.4,
        "registered_count_delta_per_minute": -0.006666666666666667
      }
    },
    "18.09.2021": {
      "15.00": {
        "count": 435,
        "count_delta": 160,
        "count_delta_per_hour": 22.857142857142858,
        "count_delta_per_minute": 0.38095238095238093,
        "percentage": 18.25,
        "percentage_delta": 6.710000000000001,
        "percentage_delta_per_hour": 0.9585714285714287,
        "percentage_delta_per_minute": 0.015976190476190477,
        "registered_count": 2384,
        "registered_count_delta": 1,
        "registered_count_delta_per_hour": 0.14285714285714285,
        "registered_count_delta_per_minute": 0.002380952380952381
      },
      "20.00": {
        "count": 442,
        "count_delta": 7,
        "count_delta_per_hour": 1.4,
        "count_delta_per_minute": 0.023333333333333334,
        "percentage": 18.54,
        "percentage_delta": 0.28999999999999915,
        "percentage_delta_per_hour": 0.05799999999999983,
        "percentage_delta_per_minute": 0.0009666666666666639,
        "registered_count": 2384,
        "registered_count_delta": 0,
        "registered_count_delta_per_hour": 0,
        "registered_count_delta_per_minute": 0
      }
    },
    "19.09.2021": {
      "10.00": {
        "count": 468,
        "count_delta": 26,
        "count_delta_per_hour": 13,
        "count_delta_per_minute": 0.21666666666666667,
        "percentage": 19.63,
        "percentage_delta": 1.0899999999999999,
        "percentage_delta_per_hour": 0.5449999999999999,
        "percentage_delta_per_minute": 0.009083333333333332
      },
      "12.00": {
        "count": 504,
        "count_delta": 36,
        "count_delta_per_hour": 18,
        "count_delta_per_minute": 0.3,
        "percentage": 21.14,
        "percentage_delta": 1.5100000000000016,
        "percentage_delta_per_hour": 0.7550000000000008,
        "percentage_delta_per_minute": 0.012583333333333346
      },
      "15.00": {
        "count": 639,
        "count_delta": 135,
        "count_delta_per_hour": 45,
        "count_delta_per_minute": 0.75,
        "percentage": 26.8,
        "percentage_delta": 5.66,
        "percentage_delta_per_hour": 1.8866666666666667,
        "percentage_delta_per_minute": 0.03144444444444445
      },
      "18.00": {
        "count": 741,
        "count_delta": 102,
        "count_delta_per_hour": 34,
        "count_delta_per_minute": 0.5666666666666667,
        "percentage": 31.08,
        "percentage_delta": 4.279999999999998,
        "percentage_delta_per_hour": 1.4266666666666659,
        "percentage_delta_per_minute": 0.023777777777777766
      },
      "20.00": {
        "count": 824,
        "count_delta": 83,
        "count_delta_per_hour": 41.5,
        "count_delta_per_minute": 0.6916666666666667,
        "percentage": 34.56375838926174,
        "percentage_delta": 3.4837583892617445,
        "percentage_delta_per_hour": 1.7418791946308723,
        "percentage_delta_per_minute": 0.02903131991051454,
        "registered_count": 2384,
        "registered_count_delta": 0,
        "registered_count_delta_per_hour": 0,
        "registered_count_delta_per_minute": 0
      }
    }
  },
  "metadata": {
    "analysis": {
      "negative_turnout_registered_count_protocols": 1,
      "negative_turnout_registered_count": 2,
      "protocol_count": 1,
      "exceeded_papers_count": 0,
      "exceeded_papers_steal_winning": 0,
      "exceeded_papers_provide_extra_places": 0,
      "multiple_winners": 0,
      "checksum_valid": 1,
      "stuffed_protocol_for_6": 1,
      "stuffed_votes_for_6": 55.230769230769226
    },
    "voters": {
      "initially_registered_count": 2384,
      "registered_count": 2384,
      "walk_by_count": 773,
      "on_home_count": 51,
      "ahead_of_time_count": 0,
      "exceptional_count": 0
    },
    "papers": {
      "received_count": 2300,
      "destroyed_count": 1476,
      "stationary_box_count": 773,
      "portable_box_count": 51,
      "valid_count": 810,
      "invalid_count": 14,
      "lost_count": 0,
      "ignored_count": 0,
      "taken_home_count": 0
    }
  },
  "entries": [
    {
      "name": "Всероссийская политическая партия \"ЕДИНАЯ РОССИЯ\"",
      "position": 2,
      "party_id": 5,
      "official_result": {
        "votes_count": 296,
        "place": 1,
        "percentage": 35.92233009708738,
        "valid_percentage": 36.54320987654321,
        "registered_percentage": 12.416107382550337,
        "display_percentage": 35.92,
        "winner": true
      },
      "result_without_other_entry": {
        "1": {
          "percentage": 43.657817109144545,