{
  "commission_name": "УИК №1711",
  "ballot_name": "Выборы депутатов Законодательного Собрания Санкт-Петербурга седьмого созыва",
  "name": "Результаты выборов по единому округу",
  "protocol_scope": {
    "type": "uik",
    "id": 1711
  },
  "electoral_district": {
    "type": "city",
    "id": 0
  },
  "data_id": 27820001915220,
  "ballot_data_id": 478405586512,
  "has_koib": true,
  "generated_date": 1632112501000,
  "official_result": {
    "winner": {
      "id": 5,
      "position": 2,
      "percentage": 32.89473684210527,
      "valid_percentage": 34.161490683229815,
      "registered_percentage": 12.342908438061041
    },
    "turnout": {
      "count": 837,
      "percentage": 37.567324955116696,
      "walk_by_count": 825,
      "walk_by_percentage": 37.02872531418313,
      "on_home_count": 12,
      "on_home_percentage": 0.5385996409335727,
      "ahead_of_time_count": 0,
      "ahead_of_time_percentage": 0,
      "valid_count": 805,
      "valid_percentage": 36.1310592459605,
      "invalid_count": 31,
      "invalid_percentage": 1.3913824057450628,
      "taken_home_count": 1,
      "taken_home_percentage": 0.04488330341113106,
      "lost_count": 0,
      "lost_percentage": 0
    },
    "votes_stats": {
      "winning_count": 275,
      "winning_percentage": 32.89473684210527,
      "effective_count": 805,
      "losing_count": 530,
      "losing_percentage": 63.397129186602875,
      "other_count": 31,
      "other_percentage": 3.7081339712918657,
      "by_place": {
        "#1": {
          "count": 275,
          "percentage": 32.89473684210527
        },
        "#2": {
          "count": 174,
          "percentage": 20.813397129186605
        },
        "#3": {
          "count": 119,
          "percentage": 14.23444976076555
        },
        "#4": {
          "count": 90,
          "percentage": 10.76555023923445
        },
        "#5": {
          "count": 80,
          "percentage": 9.569377990430622
        },
        "#6": {
          "count": 25,
          "percentage": 2.9904306220095696
        },
        "#7": {
          "count": 24,
          "percentage": 2.8708133971291865
        },
        "#8": {
          "count": 18,
          "percentage": 2.15311004784689
        }
      }
    }
  },
  "turnout_protocols": {
    "17.09.2021": {
      "15.00": {
        "count": 333,
        "count_delta": 333,
        "count_delta_per_hour": 47.57142857142857,
        "count_delta_per_minute": 0.7928571428571428,
        "percentage": 15.05,
        "percentage_delta": 15.05,
        "percentage_delta_per_hour": 2.15,
        "percentage_delta_per_minute": 0.035833333333333335,
        "registered_count": 2213,
        "registered_count_delta": 2213,
        "registered_count_delta_per_hour": 316.14285714285717,
        "registered_count_delta_per_minute": 5.269047619047619
      },
      "20.00": {
        "count": 601,
        "count_delta": 268,
        "count_delta_per_hour": 53.6,
        "count_delta_per_minute": 0.8933333333333333,
        "percentage": 27.19,
        "percentage_delta": 12.14,
        "percentage_delta_per_hour": 2.428,
        "percentage_delta_per_minute": 0.04046666666666667,
        "registered_count": 2210,
        "registered_count_delta": -3,
        "registered_count_delta_per_hour": -0.6,
        "registered_count_delta_per_minute": -0.01
      }
    },
    "18.09.2021": {
      "15.00": {
        "count": 398,
        "count_delta": -203,
        "count_delta_per_hour": -29,
        "count_delta_per_minute": -0.48333333333333334,
        "percentage": 17.99,
        "percentage_delta": -9.200000000000003,
        "percentage_delta_per_hour": -1.3142857142857147,
        "percentage_delta_per_minute": -0.021904761904761913,
        "registered_count": 2212,
        "registered_count_delta": 2,
        "registered_count_delta_per_hour": 0.2857142857142857,
        "registered_count_delta_per_minute": 0.004761904761904762
      },
      "20.00": {
        "count": 479,
        "count_delta": 81,
        "count_delta_per_hour": 16.2,
        "count_delta_per_minute": 0.27,
        "percentage": 21.64,
        "percentage_delta": 3.650000000000002,
        "percentage_delta_per_hour": 0.7300000000000004,
        "percentage_delta_per_minute": 0.012166666666666675,
        "registered_count": 2213,
        "registered_count_delta": 1,
        "registered_count_delta_per_hour": 0.2,
        "registered_count_delta_per_minute": 0.0033333333333333335
      }
    },
    "19.09.2021": {
      "10.00": {
        "count": 490,
        "count_delta": 11,
        "count_delta_per_hour": 5.5,
        "count_delta_per_minute": 0.09166666666666666,
        "percentage": 22,
        "percentage_delta": 0.35999999999999943,
        "percentage_delta_per_hour": 0.17999999999999972,
        "percentage_delta_per_minute": 0.0029999999999999953
      },
      "12.00": {
        "count": 530,
        "count_delta": 40,
        "count_delta_per_hour": 20,
        "count_delta_per_minute": 0.3333333333333333,
        "percentage": 23.79,
        "percentage_delta": 1.7899999999999991,
        "percentage_delta_per_hour": 0.8949999999999996,
        "percentage_delta_per_minute": 0.01491666666666666
      },
      "15.00": {
        "count": 684,
        "count_delta": 154,
        "count_delta_per_hour": 51.333333333333336,
        "count_delta_per_minute": 0.8555555555555555,
        "percentage": 30.72,
        "percentage_delta": 6.93,
        "percentage_delta_per_hour": 2.31,
        "percentage_delta_per_minute": 0.0385
      },
      "18.00": {
        "count": 771,
        "count_delta": 87,
        "count_delta_per_hour": 29,
        "count_delta_per_minute": 0.48333333333333334,
        "percentage": 34.59,
        "percentage_delta": 3.8700000000000045,
        "percentage_delta_per_hour": 1.2900000000000016,
        "percentage_delta_per_minute": 0.021500000000000026
      },
      "20.00": {
        "count": 837,
        "count_delta": 66,
        "count_delta_per_hour": 33,
        "count_delta_per_minute": 0.55,
        "percentage": 37.567324955116696,
        "percentage_delta": 2.9773249551166927,
        "percentage_delta_per_hour": 1.4886624775583464,
        "percentage_delta_per_minute": 0.024811041292639106,
        "registered_count": 2228,
        "registered_count_delta": 15,
        "registered_count_delta_per_hour": 1.25,
        "registered_count_delta_per_minute": 0.020833333333333332
      }
    }
  },
  "metadata": {
    "analysis": {
      "negative_turnout_registered_count_protocols": 1,
      "negative_turnout_registered_count": 3,
      "negative_turnout_percentage_protocols": 1,
      "negative_turnout_percentage": 9.200000000000003,
      "negative_turnout_count_protocols": 1,
      "negative_turnout_count": 203,
      "protocol_count": 1,
      "exceeded_papers_count": 0,
      "exceeded_papers_steal_winning": 0,
      "exceeded_papers_provide_extra_places": 0,
      "multiple_winners": 0,
      "checksum_valid": 1
    },
    "voters": {
      "initially_registered_count": 2209,
      "registered_count": 2228,
      "walk_by_count": 825,
      "on_home_count": 12,
      "ahead_of_time_count": 0,
      "exceptional_count": 0,
      "added_count": 19
    },
    "papers": {
      "received_count": 2000,
      "destroyed_count": 1163,
      "stationary_box_count": 824,
      "portable_box_count": 12,
      "valid_count": 805,
      "invalid_count": 31,
      "lost_count": 0,
      "ignored_count": 0,
      "taken_home_count": 1
    }
  },
  "entries": [
    {
      "name": "Всероссийская политическая партия \"ЕДИНАЯ РОССИЯ\"",
      "position": 2,
      "party_id": 5,
      "official_result": {
        "votes_count": 275,
        "place": 1,
        "percentage": 32.89473684210527,
        "valid_percentage": 34.161490683229815,
        "registered_percentage": 12.342908438061041,
        "display_percentage": 32.89,
        "winner": true
      },