{
  "commission_name": "УИК №1323",
  "ballot_name": "Выборы депутатов Законодательного Собрания Санкт-Петербурга седьмого созыва",
  "name": "Результаты выборов по одномандатному (многомандатному) округу",
  "protocol_scope": {
    "type": "uik",
    "id": 1323
  },
  "electoral_district": {
    "type": "city",
    "id": 21
  },
  "data_id": 27820001915220,
  "ballot_data_id": 4784010407238,
  "has_koib": false,
  "generated_date": 1632126824000,
  "official_result": {
    "winner": {
      "id": 198,
      "position": 4,
      "percentage": 70.17543859649122,
      "valid_percentage": 72.72727272727273,
      "registered_percentage": 21.88183807439825
    },
    "turnout": {
      "count": 581,
      "percentage": 31.783369803063454,
      "walk_by_count": 564,
      "walk_by_percentage": 30.85339168490153,
      "on_home_count": 17,
      "on_home_percentage": 0.9299781181619257,
      "ahead_of_time_count": 0,
      "ahead_of_time_percentage": 0,
      "valid_count": 550,
      "valid_percentage": 30.087527352297595,
      "invalid_count": 20,
      "invalid_percentage": 1.0940919037199124,
      "taken_home_count": 11,
      "taken_home_percentage": 0.6017505470459519,
      "lost_count": 0,
      "lost_percentage": 0
    },
    "votes_stats": {
      "winning_count": 400,
      "winning_percentage": 70.17543859649122,
      "effective_count": 550,
      "losing_count": 150,
      "losing_percentage": 26.31578947368421,
      "other_count": 20,
      "other_percentage": 3.508771929824561,
      "by_place": {
        "#1": {
          "count": 400,
          "percentage": 70.17543859649122
        },
        "#2": {
          "count": 48,
          "percentage": 8.421052631578947,
          "supported_by_smart_vote": true
        },
        "#3": {
          "count": 32,
          "percentage": 5.614035087719298
        },
        "#4": {
          "count": 26,
          "percentage": 4.56140350877193
        },
        "#5": {
          "count": 17,
          "percentage": 2.982456140350877
        },
        "#6": {
          "count": 15,
          "percentage": 2.631578947368421
        },
        "#7": {
          "count": 12,
          "percentage": 2.1052631578947367
        }
      }
    }
  },
  "turnout_protocols": {
    "17.09.2021": {
      "15.00": {
        "count": 84,
        "count_delta": 84,
        "count_delta_per_hour": 12,
        "count_delta_per_minute": 0.2,
        "percentage": 4.64,
        "percentage_delta": 4.64,
        "percentage_delta_per_hour": 0.6628571428571428,
        "percentage_delta_per_minute": 0.011047619047619047,
        "registered_count": 1810,
        "registered_count_delta": 1810,
        "registered_count_delta_per_hour": 258.57142857142856,
        "registered_count_delta_per_minute": 4.309523809523809
      },
      "20.00": {
        "count": 134,
        "count_delta": 50,
        "count_delta_per_hour": 10,
        "count_delta_per_minute": 0.16666666666666666,
        "percentage": 7.4,
        "percentage_delta": 2.7600000000000007,
        "percentage_delta_per_hour": 0.5520000000000002,
        "percentage_delta_per_minute": 0.009200000000000002,
        "registered_count": 1811,
        "registered_count_delta": 1,
        "registered_count_delta_per_hour": 0.2,
        "registered_count_delta_per_minute": 0.0033333333333333335
      }
    },
    "18.09.2021": {
      "15.00": {
        "count": 200,
        "count_delta": 66,
        "count_delta_per_hour": 9.428571428571429,
        "count_delta_per_minute": 0.15714285714285714,
        "percentage": 11.05,
        "percentage_delta": 3.6500000000000004,
        "percentage_delta_per_hour": 0.5214285714285715,
        "percentage_delta_per_minute": 0.008690476190476191,
        "registered_count": 1810,
        "registered_count_delta": -1,
        "registered_count_delta_per_hour": -0.14285714285714285,
        "registered_count_delta_per_minute": -0.002380952380952381
      },
      "20.00": {
        "count": 278,
        "count_delta": 78,
        "count_delta_per_hour": 15.6,
        "count_delta_per_minute": 0.26,
        "percentage": 15.36,
        "percentage_delta": 4.309999999999999,
        "percentage_delta_per_hour": 0.8619999999999998,
        "percentage_delta_per_minute": 0.014366666666666663,
        "registered_count": 1810,
        "registered_count_delta": 0,
        "registered_count_delta_per_hour": 0,
        "registered_count_delta_per_minute": 0
      }
    },
    "19.09.2021": {
      "10.00": {
        "count": 286,
        "count_delta": 8,
        "count_delta_per_hour": 4,
        "count_delta_per_minute": 0.06666666666666667,
        "percentage": 15.64,
        "percentage_delta": 0.28000000000000114,
        "percentage_delta_per_hour": 0.14000000000000057,
        "percentage_delta_per_minute": 0.0023333333333333426
      },
      "12.00": {
        "count": 303,
        "count_delta": 17,
        "count_delta_per_hour": 8.5,
        "count_delta_per_minute": 0.14166666666666666,
        "percentage": 16.57,
        "percentage_delta": 0.9299999999999997,
        "percentage_delta_per_hour": 0.46499999999999986,
        "percentage_delta_per_minute": 0.007749999999999997
      },
      "15.00": {
        "count": 315,
        "count_delta": 12,
        "count_delta_per_hour": 4,
        "count_delta_per_minute": 0.06666666666666667,
        "percentage": 17.24,
        "percentage_delta": 0.6699999999999982,
        "percentage_delta_per_hour": 0.22333333333333272,
        "percentage_delta_per_minute": 0.003722222222222212
      },
      "18.00": {
        "count": 505,
        "count_delta": 190,
        "count_delta_per_hour": 63.333333333333336,
        "count_delta_per_minute": 1.0555555555555556,
        "percentage": 27.62,
        "percentage_delta": 10.380000000000003,
        "percentage_delta_per_hour": 3.460000000000001,
        "percentage_delta_per_minute": 0.05766666666666668
      },
      "20.00": {
        "count": 581,
        "count_delta": 76,
        "count_delta_per_hour": 38,
        "count_delta_per_minute": 0.6333333333333333,
        "percentage": 31.783369803063454,
        "percentage_delta": 4.163369803063453,
        "percentage_delta_per_hour": 2.0816849015317267,
        "percentage_delta_per_minute": 0.03469474835886211,
        "registered_count": 1828,
        "registered_count_delta": 18,
        "registered_count_delta_per_hour": 1.5,
        "registered_count_delta_per_minute": 0.025
      }
    }
  },
  "metadata": {
    "analysis": {
      "negative_turnout_registered_count_protocols": 1,
      "negative_turnout_registered_count": 1,
      "protocol_count": 1,
      "exceeded_papers_count": 0,
      "exceeded_papers_steal_winning": 0,
      "checksum_valid": 1
    },
    "voters": {
      "initially_registered_count": 1810,
      "registered_count": 1828,
      "walk_by_count": 564,
      "on_home_count": 17,
      "ahead_of_time_count": 0,
      "exceptional_count": 0,
      "added_count": 18
    },
    "papers": {
      "received_count": 1600,
      "destroyed_count": 1019,
      "stationary_box_count": 553,
      "portable_box_count": 17,
      "valid_count": 550,
      "invalid_count": 20,
      "lost_count": 0,
      "ignored_count": 0,
      "taken_home_count": 11
    }
  },
  "entries": [
    {
      "name": "Малков Андрей Витальевич",
      "position": 4,
      "candidate_id": 198,
      "supported_by_party_id": 3,
      "official_result": {
        "votes_count": 400,
        "place": 1,
        "percentage": 70.17543859649122,
        "valid_percentage": 72.72727272727273,
        "registered_percentage": 21.88183807439825,
        "display_percentage": 70.18,
        "winner": true
      },
      "result_without_other_entry": {
        "4": {
          "percentage": 73.52941176470588,
          "valid_percentage": 76.33587786259542
        },
        "77": {
          "percentage": 72.33273056057867,