{
  "commission_name": "УИК №2189",
  "ballot_name": "Выборы депутатов Законодательного Собрания Санкт-Петербурга седьмого созыва",
  "name": "Результаты выборов по единому округу",
  "protocol_scope": {
    "type": "uik",
    "id": 2189
  },
  "electoral_district": {
    "type": "city",
    "id": 0
  },
  "data_id": 27820001915220,
  "ballot_data_id": 4784017303937,
  "has_koib": false,
  "generated_date": 1632126265000,
  "official_result": {
    "winner": {
      "id": 5,
      "position": 2,
      "percentage": 24.313725490196077,
      "valid_percentage": 24.75049900199601,
      "registered_percentage": 8.869814020028613
    },
    "turnout": {
      "count": 572,
      "percentage": 40.915593705293276,
      "walk_by_count": 555,
      "walk_by_percentage": 39.69957081545064,
      "on_home_count": 17,
      "on_home_percentage": 1.2160228898426324,
      "ahead_of_time_count": 0,
      "ahead_of_time_percentage": 0,
      "valid_count": 501,
      "valid_percentage": 35.836909871244636,
      "invalid_count": 9,
      "invalid_percentage": 0.6437768240343348,
      "taken_home_count": 62,
      "taken_home_percentage": 4.434907010014307,
      "lost_count": 0,
      "lost_percentage": 0
    },
    "votes_stats": {
      "winning_count": 124,
      "winning_percentage": 24.313725490196077,
      "effective_count": 501,
      "losing_count": 377,
      "losing_percentage": 73.92156862745098,
      "other_count": 9,
      "other_percentage": 1.7647058823529411,
      "by_place": {
        "#1": {
          "count": 124,
          "percentage": 24.313725490196077
        },
        "#2": {
          "count": 123,
          "percentage": 24.11764705882353
        },
        "#3": {
          "count": 84,
          "percentage": 16.470588235294116
        },
        "#4": {
          "count": 57,
          "percentage": 11.176470588235295
        },
        "#5": {
          "count": 36,
          "percentage": 7.0588235294117645
        },
        "#6": {
          "count": 34,
          "percentage": 6.666666666666667
        },
        "#7": {
          "count": 26,
          "percentage": 5.098039215686274
        },
        "#8": {
          "count": 17,
          "percentage": 3.3333333333333335
        }
      }
    }
  },
  "turnout_protocols": {
    "17.09.2021": {
      "15.00": {
        "count": 60,
        "count_delta": 60,
        "count_delta_per_hour": 8.571428571428571,
        "count_delta_per_minute": 0.14285714285714285,
        "percentage": 4.37,
        "percentage_delta": 4.37,
        "percentage_delta_per_hour": 0.6242857142857143,
        "percentage_delta_per_minute": 0.010404761904761905,
        "registered_count": 1373,
        "registered_count_delta": 1373,
        "registered_count_delta_per_hour": 196.14285714285714,
        "registered_count_delta_per_minute": 3.269047619047619
      },
      "20.00": {
        "count": 168,
        "count_delta": 108,
        "count_delta_per_hour": 21.6,
        "count_delta_per_minute": 0.36,
        "percentage": 12.14,
        "percentage_delta": 7.7700000000000005,
        "percentage_delta_per_hour": 1.554,
        "percentage_delta_per_minute": 0.025900000000000003,
        "registered_count": 1384,
        "registered_count_delta": 11,
        "registered_count_delta_per_hour": 2.2,
        "registered_count_delta_per_minute": 0.03666666666666667
      }
    },
    "18.09.2021": {
      "15.00": {
        "count": 229,
        "count_delta": 61,
        "count_delta_per_hour": 8.714285714285714,
        "count_delta_per_minute": 0.14523809523809525,
        "percentage": 16.55,
        "percentage_delta": 4.41,
        "percentage_delta_per_hour": 0.63,
        "percentage_delta_per_minute": 0.0105,
        "registered_count": 1384,
        "registered_count_delta": 0,
        "registered_count_delta_per_hour": 0,
        "registered_count_delta_per_minute": 0
      },
      "20.00": {
        "count": 276,
        "count_delta": 47,
        "count_delta_per_hour": 9.4,
        "count_delta_per_minute": 0.15666666666666668,
        "percentage": 19.94,
        "percentage_delta": 3.3900000000000006,
        "percentage_delta_per_hour": 0.6780000000000002,
        "percentage_delta_per_minute": 0.011300000000000003,
        "registered_count": 1384,
        "registered_count_delta": 0,
        "registered_count_delta_per_hour": 0,
        "registered_count_delta_per_minute": 0
      }
    },
    "19.09.2021": {
      "10.00": {
        "count": 304,
        "count_delta": 28,
        "count_delta_per_hour": 14,
        "count_delta_per_minute": 0.23333333333333334,
        "percentage": 21.75,
        "percentage_delta": 1.8099999999999987,
        "percentage_delta_per_hour": 0.9049999999999994,
        "percentage_delta_per_minute": 0.015083333333333322
      },
      "12.00": {
        "count": 312,
        "count_delta": 8,
        "count_delta_per_hour": 4,
        "count_delta_per_minute": 0.06666666666666667,
        "percentage": 22.33,
        "percentage_delta": 0.5799999999999983,
        "percentage_delta_per_hour": 0.28999999999999915,
        "percentage_delta_per_minute": 0.004833333333333319
      },
      "15.00": {
        "count": 314,
        "count_delta": 2,
        "count_delta_per_hour": 0.6666666666666666,
        "count_delta_per_minute": 0.011111111111111112,
        "percentage": 22.47,
        "percentage_delta": 0.14000000000000057,
        "percentage_delta_per_hour": 0.046666666666666856,
        "percentage_delta_per_minute": 0.000777777777777781
      },
      "18.00": {
        "count": 433,
        "count_delta": 119,
        "count_delta_per_hour": 39.666666666666664,
        "count_delta_per_minute": 0.6611111111111111,
        "percentage": 31,
        "percentage_delta": 8.530000000000001,
        "percentage_delta_per_hour": 2.8433333333333337,
        "percentage_delta_per_minute": 0.0473888888888889
      },
      "20.00": {
        "count": 572,
        "count_delta": 139,
        "count_delta_per_hour": 69.5,
        "count_delta_per_minute": 1.1583333333333334,
        "percentage": 40.915593705293276,
        "percentage_delta": 9.915593705293276,
        "percentage_delta_per_hour": 4.957796852646638,
        "percentage_delta_per_minute": 0.08262994754411063,
        "registered_count": 1398,
        "registered_count_delta": 14,
        "registered_count_delta_per_hour": 1.1666666666666667,
        "registered_count_delta_per_minute": 0.019444444444444445
      }
    }
  },
  "metadata": {
    "analysis": {
      "protocol_count": 1,
      "exceeded_papers_count": 0,
      "exceeded_papers_steal_winning": 0,
      "exceeded_papers_provide_extra_places": 0,
      "multiple_winners": 0,
      "checksum_valid": 1
    },
    "voters": {
      "initially_registered_count": 1372,
      "registered_count": 1398,
      "walk_by_count": 555,
      "on_home_count": 17,
      "ahead_of_time_count": 0,
      "exceptional_count": 0,
      "added_count": 26
    },
    "papers": {
      "received_count": 1000,
      "destroyed_count": 428,
      "stationary_box_count": 493,
      "portable_box_count": 17,
      "valid_count": 501,
      "invalid_count": 9,
      "lost_count": 0,
      "ignored_count": 0,
      "taken_home_count": 62
    }
  },
  "entries": [
    {
      "name": "Всероссийская политическая партия \"ЕДИНАЯ РОССИЯ\"",
      "position": 2,
      "party_id": 5,
      "official_result": {
        "votes_count": 124,
        "place": 1,
        "percentage": 24.313725490196077,
        "valid_percentage": 24.75049900199601,
        "registered_percentage": 8.869814020028613,
        "display_percentage": 24.31,
        "winner": true
      },
      "result_without_other_entry": {
        "1": {
          "percentage": 29.107981220657276,
          "valid_percentage": 29.73621103117506
        },
        "3": {
          "percentage": 25.6198347107438,
          "valid_percentage": 26.105263157894736
        },