{
  "commission_name": "УИК №987",
  "ballot_name": "Выборы депутатов Законодательного Собрания Санкт-Петербурга седьмого созыва",
  "name": "Результаты выборов по одномандатному (многомандатному) округу",
  "protocol_scope": {
    "type": "uik",
    "id": 987
  },
  "electoral_district": {
    "type": "city",
    "id": 8
  },
  "data_id": 27820001915220,
  "ballot_data_id": 4784025362365,
  "has_koib": false,
  "generated_date": 1632112483000,
  "official_result": {
    "winner": {
      "id": 239,
      "position": 3,
      "percentage": 52.25225225225225,
      "valid_percentage": 54.61393596986818,
      "registered_percentage": 24.55546147332769
    },
    "turnout": {
      "count": 555,
      "percentage": 46.994072819644366,
      "walk_by_count": 403,
      "walk_by_percentage": 34.123624047417444,
      "on_home_count": 152,
      "on_home_percentage": 12.870448772226926,
      "ahead_of_time_count": 0,
      "ahead_of_time_percentage": 0,
      "valid_count": 531,
      "valid_percentage": 44.961896697713804,
      "invalid_count": 24,
      "invalid_percentage": 2.032176121930567,
      "taken_home_count": 0,
      "taken_home_percentage": 0,
      "lost_count": 0,
      "lost_percentage": 0
    },
    "votes_stats": {
      "winning_count": 290,
      "winning_percentage": 52.25225225225225,
      "effective_count": 531,
      "losing_count": 241,
      "losing_percentage": 43.42342342342342,
      "other_count": 24,
      "other_percentage": 4.324324324324325,
      "by_place": {
        "#1": {
          "count": 290,
          "percentage": 52.25225225225225
        },
        "#2": {
          "count": 113,
          "percentage": 20.36036036036036,
          "supported_by_smart_vote": true
        },
        "#3": {
          "count": 73,
          "percentage": 13.153153153153152
        },
        "#4": {
          "count": 32,
          "percentage": 5.7657657657657655
        },
        "#5": {
          "count": 23,
          "percentage": 4.1441441441441444
        }
      }
    }
  },
  "turnout_protocols": {
    "17.09.2021": {
      "15.00": {
        "count": 109,
        "count_delta": 109,
        "count_delta_per_hour": 15.571428571428571,
        "count_delta_per_minute": 0.25952380952380955,
        "percentage": 9.21,
        "percentage_delta": 9.21,
        "percentage_delta_per_hour": 1.3157142857142858,
        "percentage_delta_per_minute": 0.02192857142857143,
        "registered_count": 1183,
        "registered_count_delta": 1183,
        "registered_count_delta_per_hour": 169,
        "registered_count_delta_per_minute": 2.816666666666667
      },
      "20.00": {
        "count": 160,
        "count_delta": 51,
        "count_delta_per_hour": 10.2,
        "count_delta_per_minute": 0.17,
        "percentage": 13.51,
        "percentage_delta": 4.299999999999999,
        "percentage_delta_per_hour": 0.8599999999999998,
        "percentage_delta_per_minute": 0.01433333333333333,
        "registered_count": 1184,
        "registered_count_delta": 1,
        "registered_count_delta_per_hour": 0.2,
        "registered_count_delta_per_minute": 0.0033333333333333335
      }
    },
    "18.09.2021": {
      "15.00": {
        "count": 248,
        "count_delta": 88,
        "count_delta_per_hour": 12.571428571428571,
        "count_delta_per_minute": 0.20952380952380953,
        "percentage": 20.95,
        "percentage_delta": 7.4399999999999995,
        "percentage_delta_per_hour": 1.0628571428571427,
        "percentage_delta_per_minute": 0.017714285714285714,
        "registered_count": 1184,
        "registered_count_delta": 0,
        "registered_count_delta_per_hour": 0,
        "registered_count_delta_per_minute": 0
      },
      "20.00": {
        "count": 314,
        "count_delta": 66,
        "count_delta_per_hour": 13.2,
        "count_delta_per_minute": 0.22,
        "percentage": 26.52,
        "percentage_delta": 5.57,
        "percentage_delta_per_hour": 1.114,
        "percentage_delta_per_minute": 0.01856666666666667,
        "registered_count": 1184,
        "registered_count_delta": 0,
        "registered_count_delta_per_hour": 0,
        "registered_count_delta_per_minute": 0
      }
    },
    "19.09.2021": {
      "10.00": {
        "count": 319,
        "count_delta": 5,
        "count_delta_per_hour": 2.5,
        "count_delta_per_minute": 0.041666666666666664,
        "percentage": 27.03,
        "percentage_delta": 0.5100000000000016,
        "percentage_delta_per_hour": 0.2550000000000008,
        "percentage_delta_per_minute": 0.004250000000000013
      },
      "12.00": {
        "count": 340,
        "count_delta": 21,
        "count_delta_per_hour": 10.5,
        "count_delta_per_minute": 0.175,
        "percentage": 28.8,
        "percentage_delta": 1.7699999999999996,
        "percentage_delta_per_hour": 0.8849999999999998,
        "percentage_delta_per_minute": 0.014749999999999996
      },
      "15.00": {
        "count": 402,
        "count_delta": 62,
        "count_delta_per_hour": 20.666666666666668,
        "count_delta_per_minute": 0.34444444444444444,
        "percentage": 34.04,
        "percentage_delta": 5.239999999999998,
        "percentage_delta_per_hour": 1.7466666666666661,
        "percentage_delta_per_minute": 0.0291111111111111
      },
      "18.00": {
        "count": 486,
        "count_delta": 84,
        "count_delta_per_hour": 28,
        "count_delta_per_minute": 0.4666666666666667,
        "percentage": 41.13,
        "percentage_delta": 7.090000000000003,
        "percentage_delta_per_hour": 2.3633333333333346,
        "percentage_delta_per_minute": 0.03938888888888891
      },
      "20.00": {
        "count": 555,
        "count_delta": 69,
        "count_delta_per_hour": 34.5,
        "count_delta_per_minute": 0.575,
        "percentage": 46.994072819644366,
        "percentage_delta": 5.864072819644363,
        "percentage_delta_per_hour": 2.9320364098221816,
        "percentage_delta_per_minute": 0.04886727349703636,
        "registered_count": 1181,
        "registered_count_delta": -3,
        "registered_count_delta_per_hour": -0.25,
        "registered_count_delta_per_minute": -0.004166666666666667
      }
    }
  },
  "metadata": {
    "analysis": {
      "negative_turnout_registered_count_protocols": 1,
      "negative_turnout_registered_count": 3,
      "protocol_count": 1,
      "exceeded_papers_count": 0,
      "exceeded_papers_steal_winning": 0,
      "checksum_valid": 1,
      "stuffed_protocol_for_239": 1,
      "stuffed_votes_for_239": 83.27555555555557
    },
    "voters": {
      "initially_registered_count": 1184,
      "registered_count": 1181,
      "walk_by_count": 403,
      "on_home_count": 152,
      "ahead_of_time_count": 0,
      "exceptional_count": 0,
      "removed_count": 3
    },
    "papers": {
      "received_count": 1000,
      "destroyed_count": 445,
      "stationary_box_count": 403,
      "portable_box_count": 152,
      "valid_count": 531,
      "invalid_count": 24,
      "lost_count": 0,
      "ignored_count": 0,
      "taken_home_count": 0
    }
  },
  "entries": [
    {
      "name": "Кущак Александр Иванович",
      "position": 3,
      "candidate_id": 239,
      "supported_by_party_id": 5,
      "official_result": {
        "votes_count": 290,
        "place": 1,
        "percentage": 52.25225225225225,
        "valid_percentage": 54.61393596986818,
        "registered_percentage": 24.55546147332769,
        "display_percentage": 52.25,
        "winner": true
      },
      "result_without_other_entry": {
        "237": {
          "percentage": 65.61085972850678,
          "valid_percentage": 69.377990430622
        },
        "238": {
          "percentage": 55.44933078393881,
          "valid_percentage": 58.116232464929865
        },
        "240": {
          "percentage": 60.16597510373444,
          "valid_percentage": 63.31877729257642
        },