{
  "commission_name": "УИК №1820",
  "ballot_name": "Выборы депутатов Законодательного Собрания Санкт-Петербурга седьмого созыва",
  "name": "Результаты выборов по единому округу",
  "protocol_scope": {
    "type": "uik",
    "id": 1820
  },
  "electoral_district": {
    "type": "city",
    "id": 0
  },
  "data_id": 27820001915220,
  "ballot_data_id": 478405883697,
  "has_koib": false,
  "generated_date": 1632122162000,
  "official_result": {
    "winner": {
      "id": 5,
      "position": 2,
      "percentage": 69.37561942517344,
      "valid_percentage": 70.14028056112225,
      "registered_percentage": 47.01141705842847
    },
    "turnout": {
      "count": 1028,
      "percentage": 69.03962390866353,
      "walk_by_count": 890,
      "walk_by_percentage": 59.771658831430486,
      "on_home_count": 138,
      "on_home_percentage": 9.267965077233043,
      "ahead_of_time_count": 0,
      "ahead_of_time_percentage": 0,
      "valid_count": 998,
      "valid_percentage": 67.02484889187375,
      "invalid_count": 11,
      "invalid_percentage": 0.7387508394895903,
      "taken_home_count": 19,
      "taken_home_percentage": 1.2760241773002015,
      "lost_count": 0,
      "lost_percentage": 0
    },
    "votes_stats": {
      "winning_count": 700,
      "winning_percentage": 69.37561942517344,
      "effective_count": 998,
      "losing_count": 298,
      "losing_percentage": 29.534192269573833,
      "other_count": 11,
      "other_percentage": 1.0901883052527255,
      "by_place": {
        "#1": {
          "count": 700,
          "percentage": 69.37561942517344
        },
        "#2": {
          "count": 97,
          "percentage": 9.613478691774034
        },
        "#3": {
          "count": 64,
          "percentage": 6.342913776015857
        },
        "#4": {
          "count": 48,
          "percentage": 4.757185332011893
        },
        "#5": {
          "count": 41,
          "percentage": 4.063429137760158
        },
        "#6": {
          "count": 21,
          "percentage": 2.0812685827552033
        },
        "#7": {
          "count": 16,
          "percentage": 1.5857284440039643
        },
        "#8": {
          "count": 11,
          "percentage": 1.0901883052527255
        }
      }
    }
  },
  "turnout_protocols": {
    "17.09.2021": {
      "15.00": {
        "count": 93,
        "count_delta": 93,
        "count_delta_per_hour": 13.285714285714286,
        "count_delta_per_minute": 0.22142857142857142,
        "percentage": 6.26,
        "percentage_delta": 6.26,
        "percentage_delta_per_hour": 0.8942857142857142,
        "percentage_delta_per_minute": 0.014904761904761905,
        "registered_count": 1486,
        "registered_count_delta": 1486,
        "registered_count_delta_per_hour": 212.28571428571428,
        "registered_count_delta_per_minute": 3.538095238095238
      },
      "20.00": {
        "count": 172,
        "count_delta": 79,
        "count_delta_per_hour": 15.8,
        "count_delta_per_minute": 0.2633333333333333,
        "percentage": 11.58,
        "percentage_delta": 5.32,
        "percentage_delta_per_hour": 1.064,
        "percentage_delta_per_minute": 0.017733333333333334,
        "registered_count": 1485,
        "registered_count_delta": -1,
        "registered_count_delta_per_hour": -0.2,
        "registered_count_delta_per_minute": -0.0033333333333333335
      }
    },
    "18.09.2021": {
      "15.00": {
        "count": 275,
        "count_delta": 103,
        "count_delta_per_hour": 14.714285714285714,
        "count_delta_per_minute": 0.24523809523809523,
        "percentage": 18.52,
        "percentage_delta": 6.9399999999999995,
        "percentage_delta_per_hour": 0.9914285714285713,
        "percentage_delta_per_minute": 0.016523809523809524,
        "registered_count": 1485,
        "registered_count_delta": 0,
        "registered_count_delta_per_hour": 0,
        "registered_count_delta_per_minute": 0
      },
      "20.00": {
        "count": 391,
        "count_delta": 116,
        "count_delta_per_hour": 23.2,
        "count_delta_per_minute": 0.38666666666666666,
        "percentage": 26.33,
        "percentage_delta": 7.809999999999999,
        "percentage_delta_per_hour": 1.5619999999999998,
        "percentage_delta_per_minute": 0.02603333333333333,
        "registered_count": 1485,
        "registered_count_delta": 0,
        "registered_count_delta_per_hour": 0,
        "registered_count_delta_per_minute": 0
      }
    },
    "19.09.2021": {
      "10.00": {
        "count": 434,
        "count_delta": 43,
        "count_delta_per_hour": 21.5,
        "count_delta_per_minute": 0.35833333333333334,
        "percentage": 29.16,
        "percentage_delta": 2.830000000000002,
        "percentage_delta_per_hour": 1.415000000000001,
        "percentage_delta_per_minute": 0.02358333333333335
      },
      "12.00": {
        "count": 459,
        "count_delta": 25,
        "count_delta_per_hour": 12.5,
        "count_delta_per_minute": 0.20833333333333334,
        "percentage": 30.84,
        "percentage_delta": 1.6799999999999997,
        "percentage_delta_per_hour": 0.8399999999999999,
        "percentage_delta_per_minute": 0.013999999999999997
      },
      "15.00": {
        "count": 696,
        "count_delta": 237,
        "count_delta_per_hour": 79,
        "count_delta_per_minute": 1.3166666666666667,
        "percentage": 46.73,
        "percentage_delta": 15.889999999999997,
        "percentage_delta_per_hour": 5.296666666666666,
        "percentage_delta_per_minute": 0.08827777777777776
      },
      "18.00": {
        "count": 884,
        "count_delta": 188,
        "count_delta_per_hour": 62.666666666666664,
        "count_delta_per_minute": 1.0444444444444445,
        "percentage": 59.39,
        "percentage_delta": 12.660000000000004,
        "percentage_delta_per_hour": 4.2200000000000015,
        "percentage_delta_per_minute": 0.07033333333333336
      },
      "20.00": {
        "count": 1028,
        "count_delta": 144,
        "count_delta_per_hour": 72,
        "count_delta_per_minute": 1.2,
        "percentage": 69.03962390866353,
        "percentage_delta": 9.649623908663528,
        "percentage_delta_per_hour": 4.824811954331764,
        "percentage_delta_per_minute": 0.08041353257219606,
        "registered_count": 1489,
        "registered_count_delta": 4,
        "registered_count_delta_per_hour": 0.3333333333333333,
        "registered_count_delta_per_minute": 0.005555555555555556
      }
    }
  },
  "metadata": {
    "analysis": {
      "negative_turnout_registered_count_protocols": 1,
      "negative_turnout_registered_count": 1,
      "protocol_count": 1,
      "exceeded_papers_count": 0,
      "exceeded_papers_steal_winning": 0,
      "exceeded_papers_provide_extra_places": 0,
      "multiple_winners": 0,
      "checksum_valid": 1,
      "stuffed_protocol_for_5": 1,
      "stuffed_votes_for_5": 577.5265151515151
    },
    "voters": {
      "initially_registered_count": 1485,
      "registered_count": 1489,
      "walk_by_count": 890,
      "on_home_count": 138,
      "ahead_of_time_count": 0,
      "exceptional_count": 0,
      "added_count": 4
    },
    "papers": {
      "received_count": 1200,
      "destroyed_count": 172,
      "stationary_box_count": 871,
      "portable_box_count": 138,
      "valid_count": 998,
      "invalid_count": 11,
      "lost_count": 0,
      "ignored_count": 0,
      "taken_home_count": 19
    }
  },
  "entries": [
    {
      "name": "Всероссийская политическая партия \"ЕДИНАЯ РОССИЯ\"",
      "position": 2,
      "party_id": 5,
      "official_result": {
        "votes_count": 700,
        "place": 1,
        "percentage": 69.37561942517344,
        "valid_percentage": 70.14028056112225,
        "registered_percentage": 47.01141705842847,
        "display_percentage": 69.38,
        "winner": true
      },