{
  "commission_name": "УИК №606",
  "ballot_name": "Выборы депутатов Законодательного Собрания Санкт-Петербурга седьмого созыва",
  "name": "Результаты выборов по единому округу",
  "protocol_scope": {
    "type": "uik",
    "id": 606
  },
  "electoral_district": {
    "type": "city",
    "id": 0
  },
  "data_id": 27820001915220,
  "ballot_data_id": 478404190391,
  "has_koib": true,
  "generated_date": 1632128550000,
  "official_result": {
    "winner": {
      "id": 5,
      "position": 2,
      "percentage": 26.358148893360163,
      "valid_percentage": 27.010309278350515,
      "registered_percentage": 8.960328317373461
    },
    "turnout": {
      "count": 497,
      "percentage": 33.99452804377565,
      "walk_by_count": 493,
      "walk_by_percentage": 33.72093023255814,
      "on_home_count": 4,
      "on_home_percentage": 0.27359781121751026,
      "ahead_of_time_count": 0,
      "ahead_of_time_percentage": 0,
      "valid_count": 485,
      "valid_percentage": 33.17373461012312,
      "invalid_count": 12,
      "invalid_percentage": 0.8207934336525308,
      "taken_home_count": 0,
      "taken_home_percentage": 0,
      "lost_count": 0,
      "lost_percentage": 0
    },
    "votes_stats": {
      "winning_count": 131,
      "winning_percentage": 26.358148893360163,
      "effective_count": 485,
      "losing_count": 354,
      "losing_percentage": 71.22736418511066,
      "other_count": 12,
      "other_percentage": 2.414486921529175,
      "by_place": {
        "#1": {
          "count": 131,
          "percentage": 26.358148893360163
        },
        "#2": {
          "count": 98,
          "percentage": 19.718309859154928
        },
        "#3": {
          "count": 78,
          "percentage": 15.694164989939638
        },
        "#4": {
          "count": 74,
          "percentage": 14.88933601609658
        },
        "#5": {
          "count": 43,
          "percentage": 8.651911468812877
        },
        "#6": {
          "count": 32,
          "percentage": 6.438631790744467
        },
        "#7": {
          "count": 20,
          "percentage": 4.0241448692152915
        },
        "#8": {
          "count": 9,
          "percentage": 1.8108651911468814
        }
      }
    }
  },
  "turnout_protocols": {
    "17.09.2021": {
      "15.00": {
        "count": 98,
        "count_delta": 98,
        "count_delta_per_hour": 14,
        "count_delta_per_minute": 0.23333333333333334,
        "percentage": 6.82,
        "percentage_delta": 6.82,
        "percentage_delta_per_hour": 0.9742857142857143,
        "percentage_delta_per_minute": 0.01623809523809524,
        "registered_count": 1437,
        "registered_count_delta": 1437,
        "registered_count_delta_per_hour": 205.28571428571428,
        "registered_count_delta_per_minute": 3.4214285714285713
      },
      "20.00": {
        "count": 131,
        "count_delta": 33,
        "count_delta_per_hour": 6.6,
        "count_delta_per_minute": 0.11,
        "percentage": 9.12,
        "percentage_delta": 2.299999999999999,
        "percentage_delta_per_hour": 0.4599999999999998,
        "percentage_delta_per_minute": 0.007666666666666663,
        "registered_count": 1436,
        "registered_count_delta": -1,
        "registered_count_delta_per_hour": -0.2,
        "registered_count_delta_per_minute": -0.0033333333333333335
      }
    },
    "18.09.2021": {
      "15.00": {
        "count": 198,
        "count_delta": 67,
        "count_delta_per_hour": 9.571428571428571,
        "count_delta_per_minute": 0.1595238095238095,
        "percentage": 13.78,
        "percentage_delta": 4.66,
        "percentage_delta_per_hour": 0.6657142857142857,
        "percentage_delta_per_minute": 0.011095238095238096,
        "registered_count": 1437,
        "registered_count_delta": 1,
        "registered_count_delta_per_hour": 0.14285714285714285,
        "registered_count_delta_per_minute": 0.002380952380952381
      },
      "20.00": {
        "count": 248,
        "count_delta": 50,
        "count_delta_per_hour": 10,
        "count_delta_per_minute": 0.16666666666666666,
        "percentage": 17.26,
        "percentage_delta": 3.480000000000002,
        "percentage_delta_per_hour": 0.6960000000000004,
        "percentage_delta_per_minute": 0.011600000000000008,
        "registered_count": 1437,
        "registered_count_delta": 0,
        "registered_count_delta_per_hour": 0,
        "registered_count_delta_per_minute": 0
      }
    },
    "19.09.2021": {
      "10.00": {
        "count": 263,
        "count_delta": 15,
        "count_delta_per_hour": 7.5,
        "count_delta_per_minute": 0.125,
        "percentage": 18.02,
        "percentage_delta": 0.759999999999998,
        "percentage_delta_per_hour": 0.379999999999999,
        "percentage_delta_per_minute": 0.006333333333333317
      },
      "12.00": {
        "count": 285,
        "count_delta": 22,
        "count_delta_per_hour": 11,
        "count_delta_per_minute": 0.18333333333333332,
        "percentage": 19.49,
        "percentage_delta": 1.4699999999999989,
        "percentage_delta_per_hour": 0.7349999999999994,
        "percentage_delta_per_minute": 0.01224999999999999
      },
      "15.00": {
        "count": 363,
        "count_delta": 78,
        "count_delta_per_hour": 26,
        "count_delta_per_minute": 0.43333333333333335,
        "percentage": 24.84,
        "percentage_delta": 5.350000000000001,
        "percentage_delta_per_hour": 1.7833333333333339,
        "percentage_delta_per_minute": 0.02972222222222223
      },
      "18.00": {
        "count": 435,
        "count_delta": 72,
        "count_delta_per_hour": 24,
        "count_delta_per_minute": 0.4,
        "percentage": 29.78,
        "percentage_delta": 4.940000000000001,
        "percentage_delta_per_hour": 1.6466666666666672,
        "percentage_delta_per_minute": 0.027444444444444452
      },
      "20.00": {
        "count": 497,
        "count_delta": 62,
        "count_delta_per_hour": 31,
        "count_delta_per_minute": 0.5166666666666667,
        "percentage": 33.99452804377565,
        "percentage_delta": 4.214528043775651,
        "percentage_delta_per_hour": 2.1072640218878256,
        "percentage_delta_per_minute": 0.03512106703146376,
        "registered_count": 1462,
        "registered_count_delta": 25,
        "registered_count_delta_per_hour": 2.0833333333333335,
        "registered_count_delta_per_minute": 0.034722222222222224
      }
    }
  },
  "metadata": {
    "analysis": {
      "negative_turnout_registered_count_protocols": 1,
      "negative_turnout_registered_count": 1,
      "protocol_count": 1,
      "exceeded_papers_count": 0,
      "exceeded_papers_steal_winning": 0,
      "exceeded_papers_provide_extra_places": 0,
      "multiple_winners": 0,
      "checksum_valid": 1
    },
    "voters": {
      "initially_registered_count": 1437,
      "registered_count": 1462,
      "walk_by_count": 493,
      "on_home_count": 4,
      "ahead_of_time_count": 0,
      "exceptional_count": 0,
      "added_count": 25
    },
    "papers": {
      "received_count": 1500,
      "destroyed_count": 1003,
      "stationary_box_count": 493,
      "portable_box_count": 4,
      "valid_count": 485,
      "invalid_count": 12,
      "lost_count": 0,
      "ignored_count": 0,
      "taken_home_count": 0
    }
  },
  "entries": [
    {
      "name": "Всероссийская политическая партия \"ЕДИНАЯ РОССИЯ\"",
      "position": 2,
      "party_id": 5,
      "official_result": {
        "votes_count": 131,
        "place": 1,
        "percentage": 26.358148893360163,
        "valid_percentage": 27.010309278350515,
        "registered_percentage": 8.960328317373461,
        "display_percentage": 26.36,
        "winner": true
      },
      "result_without_other_entry": {
        "1": {
          "percentage": 31.26491646778043,
          "valid_percentage": 32.186732186732186
        },
        "3": {
          "percentage": 28.172043010752688,