{
  "commission_name": "УИК №1515",
  "ballot_name": "Выборы депутатов Законодательного Собрания Санкт-Петербурга седьмого созыва",
  "name": "Результаты выборов по одномандатному (многомандатному) округу",
  "protocol_scope": {
    "type": "uik",
    "id": 1515
  },
  "electoral_district": {
    "type": "city",
    "id": 9
  },
  "data_id": 27820001915220,
  "ballot_data_id": 4784011517185,
  "has_koib": false,
  "generated_date": 1632128359000,
  "official_result": {
    "winner": {
      "id": 71,
      "position": 1,
      "percentage": 60.46511627906976,
      "valid_percentage": 61.24852767962309,
      "registered_percentage": 26.69404517453799
    },
    "turnout": {
      "count": 860,
      "percentage": 44.14784394250513,
      "walk_by_count": 837,
      "walk_by_percentage": 42.96714579055442,
      "on_home_count": 23,
      "on_home_percentage": 1.1806981519507187,
      "ahead_of_time_count": 0,
      "ahead_of_time_percentage": 0,
      "valid_count": 849,
      "valid_percentage": 43.58316221765914,
      "invalid_count": 11,
      "invalid_percentage": 0.5646817248459959,
      "taken_home_count": 0,
      "taken_home_percentage": 0,
      "lost_count": 0,
      "lost_percentage": 0
    },
    "votes_stats": {
      "winning_count": 520,
      "winning_percentage": 60.46511627906976,
      "effective_count": 849,
      "losing_count": 329,
      "losing_percentage": 38.25581395348837,
      "other_count": 11,
      "other_percentage": 1.2790697674418605,
      "by_place": {
        "#1": {
          "count": 520,
          "percentage": 60.46511627906976
        },
        "#2": {
          "count": 147,
          "percentage": 17.093023255813954,
          "supported_by_smart_vote": true
        },
        "#3": {
          "count": 96,
          "percentage": 11.162790697674419
        },
        "#4": {
          "count": 37,
          "percentage": 4.302325581395349
        },
        "#5": {
          "count": 29,
          "percentage": 3.372093023255814
        },
        "#6": {
          "count": 20,
          "percentage": 2.3255813953488373
        }
      }
    }
  },
  "turnout_protocols": {
    "17.09.2021": {
      "15.00": {
        "count": 215,
        "count_delta": 215,
        "count_delta_per_hour": 30.714285714285715,
        "count_delta_per_minute": 0.5119047619047619,
        "percentage": 11.08,
        "percentage_delta": 11.08,
        "percentage_delta_per_hour": 1.582857142857143,
        "percentage_delta_per_minute": 0.02638095238095238,
        "registered_count": 1940,
        "registered_count_delta": 1940,
        "registered_count_delta_per_hour": 277.14285714285717,
        "registered_count_delta_per_minute": 4.619047619047619
      },
      "20.00": {
        "count": 384,
        "count_delta": 169,
        "count_delta_per_hour": 33.8,
        "count_delta_per_minute": 0.5633333333333334,
        "percentage": 19.79,
        "percentage_delta": 8.709999999999999,
        "percentage_delta_per_hour": 1.7419999999999998,
        "percentage_delta_per_minute": 0.02903333333333333,
        "registered_count": 1940,
        "registered_count_delta": 0,
        "registered_count_delta_per_hour": 0,
        "registered_count_delta_per_minute": 0
      }
    },
    "18.09.2021": {
      "15.00": {
        "count": 465,
        "count_delta": 81,
        "count_delta_per_hour": 11.571428571428571,
        "count_delta_per_minute": 0.19285714285714287,
        "percentage": 23.97,
        "percentage_delta": 4.18,
        "percentage_delta_per_hour": 0.5971428571428571,
        "percentage_delta_per_minute": 0.009952380952380952,
        "registered_count": 1940,
        "registered_count_delta": 0,
        "registered_count_delta_per_hour": 0,
        "registered_count_delta_per_minute": 0
      },
      "20.00": {
        "count": 512,
        "count_delta": 47,
        "count_delta_per_hour": 9.4,
        "count_delta_per_minute": 0.15666666666666668,
        "percentage": 26.39,
        "percentage_delta": 2.4200000000000017,
        "percentage_delta_per_hour": 0.4840000000000003,
        "percentage_delta_per_minute": 0.008066666666666672,
        "registered_count": 1940,
        "registered_count_delta": 0,
        "registered_count_delta_per_hour": 0,
        "registered_count_delta_per_minute": 0
      }
    },
    "19.09.2021": {
      "10.00": {
        "count": 528,
        "count_delta": 16,
        "count_delta_per_hour": 8,
        "count_delta_per_minute": 0.13333333333333333,
        "percentage": 27.11,
        "percentage_delta": 0.7199999999999989,
        "percentage_delta_per_hour": 0.35999999999999943,
        "percentage_delta_per_minute": 0.005999999999999991
      },
      "12.00": {
        "count": 587,
        "count_delta": 59,
        "count_delta_per_hour": 29.5,
        "count_delta_per_minute": 0.49166666666666664,
        "percentage": 30.15,
        "percentage_delta": 3.039999999999999,
        "percentage_delta_per_hour": 1.5199999999999996,
        "percentage_delta_per_minute": 0.025333333333333326
      },
      "15.00": {
        "count": 668,
        "count_delta": 81,
        "count_delta_per_hour": 27,
        "count_delta_per_minute": 0.45,
        "percentage": 34.28,
        "percentage_delta": 4.130000000000003,
        "percentage_delta_per_hour": 1.3766666666666676,
        "percentage_delta_per_minute": 0.02294444444444446
      },
      "18.00": {
        "count": 746,
        "count_delta": 78,
        "count_delta_per_hour": 26,
        "count_delta_per_minute": 0.43333333333333335,
        "percentage": 38.3,
        "percentage_delta": 4.019999999999996,
        "percentage_delta_per_hour": 1.3399999999999987,
        "percentage_delta_per_minute": 0.022333333333333313
      },
      "20.00": {
        "count": 860,
        "count_delta": 114,
        "count_delta_per_hour": 57,
        "count_delta_per_minute": 0.95,
        "percentage": 44.14784394250513,
        "percentage_delta": 5.847843942505136,
        "percentage_delta_per_hour": 2.923921971252568,
        "percentage_delta_per_minute": 0.04873203285420947,
        "registered_count": 1948,
        "registered_count_delta": 8,
        "registered_count_delta_per_hour": 0.6666666666666666,
        "registered_count_delta_per_minute": 0.011111111111111112
      }
    }
  },
  "metadata": {
    "analysis": {
      "protocol_count": 1,
      "exceeded_papers_count": 0,
      "exceeded_papers_steal_winning": 0,
      "checksum_valid": 1
    },
    "voters": {
      "initially_registered_count": 1940,
      "registered_count": 1948,
      "walk_by_count": 837,
      "on_home_count": 23,
      "ahead_of_time_count": 0,
      "exceptional_count": 0,
      "added_count": 8
    },
    "papers": {
      "received_count": 1500,
      "destroyed_count": 640,
      "stationary_box_count": 837,
      "portable_box_count": 23,
      "valid_count": 849,
      "invalid_count": 11,
      "lost_count": 0,
      "ignored_count": 0,
      "taken_home_count": 0
    }
  },
  "entries": [
    {
      "name": "Высоцкий Игорь Владимирович",
      "position": 1,
      "candidate_id": 71,
      "supported_by_party_id": 5,
      "official_result": {
        "votes_count": 520,
        "place": 1,
        "percentage": 60.46511627906976,
        "valid_percentage": 61.24852767962309,
        "registered_percentage": 26.69404517453799,
        "display_percentage": 60.47,
        "winner": true
      },
      "result_without_other_entry": {
        "65": {
          "percentage": 72.9312762973352,
          "valid_percentage": 74.07407407407408
        },
        "67": {
          "percentage": 63.18347509113001,
          "valid_percentage": 64.03940886699507
        },
        "72": {
          "percentage": 61.904761904761905,
          "valid_percentage": 62.72617611580217
        },
        "73": {
          "percentage": 62.57521058965102,
          "valid_percentage": 63.41463414634146
        },