{
  "commission_name": "УИК №143",
  "ballot_name": "Выборы депутатов Законодательного Собрания Санкт-Петербурга седьмого созыва",
  "name": "Результаты выборов по единому округу",
  "protocol_scope": {
    "type": "uik",
    "id": 143
  },
  "electoral_district": {
    "type": "city",
    "id": 0
  },
  "data_id": 27820001915220,
  "ballot_data_id": 478403283766,
  "has_koib": true,
  "generated_date": 1632125026000,
  "official_result": {
    "winner": {
      "id": 5,
      "position": 2,
      "percentage": 27.806122448979593,
      "valid_percentage": 28.459530026109658,
      "registered_percentage": 8.912510220768603
    },
    "turnout": {
      "count": 393,
      "percentage": 32.134096484055604,
      "walk_by_count": 385,
      "walk_by_percentage": 31.479967293540472,
      "on_home_count": 8,
      "on_home_percentage": 0.6541291905151267,
      "ahead_of_time_count": 0,
      "ahead_of_time_percentage": 0,
      "valid_count": 383,
      "valid_percentage": 31.316434995911692,
      "invalid_count": 9,
      "invalid_percentage": 0.7358953393295176,
      "taken_home_count": 1,
      "taken_home_percentage": 0.08176614881439084,
      "lost_count": 0,
      "lost_percentage": 0
    },
    "votes_stats": {
      "winning_count": 109,
      "winning_percentage": 27.806122448979593,
      "effective_count": 383,
      "losing_count": 274,
      "losing_percentage": 69.89795918367348,
      "other_count": 9,
      "other_percentage": 2.295918367346939,
      "by_place": {
        "#2.5": {
          "count": 132,
          "percentage": 33.6734693877551
        },
        "#1": {
          "count": 109,
          "percentage": 27.806122448979593
        },
        "#3": {
          "count": 58,
          "percentage": 14.795918367346939
        },
        "#4": {
          "count": 33,
          "percentage": 8.418367346938775
        },
        "#5": {
          "count": 23,
          "percentage": 5.86734693877551
        },
        "#6": {
          "count": 22,
          "percentage": 5.612244897959184
        },
        "#7": {
          "count": 6,
          "percentage": 1.530612244897959
        }
      }
    }
  },
  "turnout_protocols": {
    "17.09.2021": {
      "15.00": {
        "count": 50,
        "count_delta": 50,
        "count_delta_per_hour": 7.142857142857143,
        "count_delta_per_minute": 0.11904761904761904,
        "percentage": 4.1,
        "percentage_delta": 4.1,
        "percentage_delta_per_hour": 0.5857142857142856,
        "percentage_delta_per_minute": 0.009761904761904762,
        "registered_count": 1220,
        "registered_count_delta": 1220,
        "registered_count_delta_per_hour": 174.28571428571428,
        "registered_count_delta_per_minute": 2.9047619047619047
      },
      "20.00": {
        "count": 98,
        "count_delta": 48,
        "count_delta_per_hour": 9.6,
        "count_delta_per_minute": 0.16,
        "percentage": 8.03,
        "percentage_delta": 3.9299999999999997,
        "percentage_delta_per_hour": 0.7859999999999999,
        "percentage_delta_per_minute": 0.013099999999999999,
        "registered_count": 1220,
        "registered_count_delta": 0,
        "registered_count_delta_per_hour": 0,
        "registered_count_delta_per_minute": 0
      }
    },
    "18.09.2021": {
      "15.00": {
        "count": 141,
        "count_delta": 43,
        "count_delta_per_hour": 6.142857142857143,
        "count_delta_per_minute": 0.10238095238095238,
        "percentage": 11.55,
        "percentage_delta": 3.5200000000000014,
        "percentage_delta_per_hour": 0.502857142857143,
        "percentage_delta_per_minute": 0.008380952380952385,
        "registered_count": 1221,
        "registered_count_delta": 1,
        "registered_count_delta_per_hour": 0.14285714285714285,
        "registered_count_delta_per_minute": 0.002380952380952381
      },
      "20.00": {
        "count": 177,
        "count_delta": 36,
        "count_delta_per_hour": 7.2,
        "count_delta_per_minute": 0.12,
        "percentage": 14.5,
        "percentage_delta": 2.9499999999999993,
        "percentage_delta_per_hour": 0.5899999999999999,
        "percentage_delta_per_minute": 0.009833333333333331,
        "registered_count": 1221,
        "registered_count_delta": 0,
        "registered_count_delta_per_hour": 0,
        "registered_count_delta_per_minute": 0
      }
    },
    "19.09.2021": {
      "10.00": {
        "count": 177,
        "count_delta": 0,
        "count_delta_per_hour": 0,
        "count_delta_per_minute": 0,
        "percentage": 14.5,
        "percentage_delta": 0,
        "percentage_delta_per_hour": 0,
        "percentage_delta_per_minute": 0
      },
      "12.00": {
        "count": 213,
        "count_delta": 36,
        "count_delta_per_hour": 18,
        "count_delta_per_minute": 0.3,
        "percentage": 17.44,
        "percentage_delta": 2.9400000000000013,
        "percentage_delta_per_hour": 1.4700000000000006,
        "percentage_delta_per_minute": 0.02450000000000001
      },
      "15.00": {
        "count": 275,
        "count_delta": 62,
        "count_delta_per_hour": 20.666666666666668,
        "count_delta_per_minute": 0.34444444444444444,
        "percentage": 22.52,
        "percentage_delta": 5.079999999999998,
        "percentage_delta_per_hour": 1.6933333333333327,
        "percentage_delta_per_minute": 0.02822222222222221
      },
      "18.00": {
        "count": 330,
        "count_delta": 55,
        "count_delta_per_hour": 18.333333333333332,
        "count_delta_per_minute": 0.3055555555555556,
        "percentage": 26.95,
        "percentage_delta": 4.43,
        "percentage_delta_per_hour": 1.4766666666666666,
        "percentage_delta_per_minute": 0.024611111111111108
      },
      "20.00": {
        "count": 393,
        "count_delta": 63,
        "count_delta_per_hour": 31.5,
        "count_delta_per_minute": 0.525,
        "percentage": 32.134096484055604,
        "percentage_delta": 5.184096484055605,
        "percentage_delta_per_hour": 2.5920482420278024,
        "percentage_delta_per_minute": 0.043200804033796704,
        "registered_count": 1223,
        "registered_count_delta": 2,
        "registered_count_delta_per_hour": 0.16666666666666666,
        "registered_count_delta_per_minute": 0.002777777777777778
      }
    }
  },
  "metadata": {
    "analysis": {
      "protocol_count": 1,
      "exceeded_papers_count": 0,
      "exceeded_papers_steal_winning": 0,
      "exceeded_papers_provide_extra_places": 0,
      "multiple_winners": 0,
      "checksum_valid": 1
    },
    "voters": {
      "initially_registered_count": 1221,
      "registered_count": 1223,
      "walk_by_count": 385,
      "on_home_count": 8,
      "ahead_of_time_count": 0,
      "exceptional_count": 0,
      "added_count": 2
    },
    "papers": {
      "received_count": 1000,
      "destroyed_count": 607,
      "stationary_box_count": 384,
      "portable_box_count": 8,
      "valid_count": 383,
      "invalid_count": 9,
      "lost_count": 0,
      "ignored_count": 0,
      "taken_home_count": 1
    }
  },
  "entries": [
    {
      "name": "Всероссийская политическая партия \"ЕДИНАЯ РОССИЯ\"",
      "position": 2,
      "party_id": 5,
      "official_result": {
        "votes_count": 109,
        "place": 1,
        "percentage": 27.806122448979593,
        "valid_percentage": 28.459530026109658,
        "registered_percentage": 8.912510220768603,
        "display_percentage": 27.81,
        "winner": true
      },
      "result_without_other_entry": {
        "1": {
          "percentage": 33.43558282208589,
          "valid_percentage": 34.38485804416404
        },
        "3": {
          "percentage": 29.45945945945946,
          "valid_percentage": 30.193905817174517
        },
        "4": {
          "percentage": 29.539295392953928,
          "valid_percentage": 30.277777777777775
        },
        "6": {
          "percentage": 33.43558282208589,