{
  "commission_name": "УИК №2154",
  "ballot_name": "Выборы депутатов Законодательного Собрания Санкт-Петербурга седьмого созыва",
  "name": "Результаты выборов по единому округу",
  "protocol_scope": {
    "type": "uik",
    "id": 2154
  },
  "electoral_district": {
    "type": "city",
    "id": 0
  },
  "data_id": 27820001915220,
  "ballot_data_id": 478406388578,
  "has_koib": false,
  "generated_date": 1632120700000,
  "official_result": {
    "winner": {
      "id": 5,
      "position": 2,
      "percentage": 27.85571142284569,
      "valid_percentage": 28.425357873210633,
      "registered_percentage": 7.5502444323737095
    },
    "turnout": {
      "count": 500,
      "percentage": 27.159152634437806,
      "walk_by_count": 492,
      "walk_by_percentage": 26.7246061922868,
      "on_home_count": 8,
      "on_home_percentage": 0.43454644215100485,
      "ahead_of_time_count": 0,
      "ahead_of_time_percentage": 0,
      "valid_count": 489,
      "valid_percentage": 26.561651276480173,
      "invalid_count": 10,
      "invalid_percentage": 0.5431830526887561,
      "taken_home_count": 1,
      "taken_home_percentage": 0.05431830526887561,
      "lost_count": 0,
      "lost_percentage": 0
    },
    "votes_stats": {
      "winning_count": 139,
      "winning_percentage": 27.85571142284569,
      "effective_count": 489,
      "losing_count": 350,
      "losing_percentage": 70.14028056112225,
      "other_count": 10,
      "other_percentage": 2.004008016032064,
      "by_place": {
        "#1": {
          "count": 139,
          "percentage": 27.85571142284569
        },
        "#2": {
          "count": 105,
          "percentage": 21.04208416833667
        },
        "#5.5": {
          "count": 88,
          "percentage": 17.635270541082164
        },
        "#3": {
          "count": 69,
          "percentage": 13.827655310621243
        },
        "#4": {
          "count": 50,
          "percentage": 10.02004008016032
        },
        "#6": {
          "count": 33,
          "percentage": 6.613226452905812
        },
        "#7": {
          "count": 5,
          "percentage": 1.002004008016032
        }
      }
    }
  },
  "turnout_protocols": {
    "17.09.2021": {
      "15.00": {
        "count": 104,
        "count_delta": 104,
        "count_delta_per_hour": 14.857142857142858,
        "count_delta_per_minute": 0.24761904761904763,
        "percentage": 5.65,
        "percentage_delta": 5.65,
        "percentage_delta_per_hour": 0.8071428571428572,
        "percentage_delta_per_minute": 0.013452380952380954,
        "registered_count": 1841,
        "registered_count_delta": 1841,
        "registered_count_delta_per_hour": 263,
        "registered_count_delta_per_minute": 4.383333333333334
      },
      "20.00": {
        "count": 162,
        "count_delta": 58,
        "count_delta_per_hour": 11.6,
        "count_delta_per_minute": 0.19333333333333333,
        "percentage": 8.8,
        "percentage_delta": 3.1500000000000004,
        "percentage_delta_per_hour": 0.6300000000000001,
        "percentage_delta_per_minute": 0.0105,
        "registered_count": 1841,
        "registered_count_delta": 0,
        "registered_count_delta_per_hour": 0,
        "registered_count_delta_per_minute": 0
      }
    },
    "18.09.2021": {
      "15.00": {
        "count": 211,
        "count_delta": 49,
        "count_delta_per_hour": 7,
        "count_delta_per_minute": 0.11666666666666667,
        "percentage": 11.47,
        "percentage_delta": 2.67,
        "percentage_delta_per_hour": 0.3814285714285714,
        "percentage_delta_per_minute": 0.006357142857142857,
        "registered_count": 1840,
        "registered_count_delta": -1,
        "registered_count_delta_per_hour": -0.14285714285714285,
        "registered_count_delta_per_minute": -0.002380952380952381
      },
      "20.00": {
        "count": 259,
        "count_delta": 48,
        "count_delta_per_hour": 9.6,
        "count_delta_per_minute": 0.16,
        "percentage": 14.08,
        "percentage_delta": 2.6099999999999994,
        "percentage_delta_per_hour": 0.5219999999999999,
        "percentage_delta_per_minute": 0.008699999999999998,
        "registered_count": 1839,
        "registered_count_delta": -1,
        "registered_count_delta_per_hour": -0.2,
        "registered_count_delta_per_minute": -0.0033333333333333335
      }
    },
    "19.09.2021": {
      "10.00": {
        "count": 265,
        "count_delta": 6,
        "count_delta_per_hour": 3,
        "count_delta_per_minute": 0.05,
        "percentage": 14.4,
        "percentage_delta": 0.3200000000000003,
        "percentage_delta_per_hour": 0.16000000000000014,
        "percentage_delta_per_minute": 0.002666666666666669
      },
      "12.00": {
        "count": 301,
        "count_delta": 36,
        "count_delta_per_hour": 18,
        "count_delta_per_minute": 0.3,
        "percentage": 16.36,
        "percentage_delta": 1.959999999999999,
        "percentage_delta_per_hour": 0.9799999999999995,
        "percentage_delta_per_minute": 0.016333333333333325
      },
      "15.00": {
        "count": 387,
        "count_delta": 86,
        "count_delta_per_hour": 28.666666666666668,
        "count_delta_per_minute": 0.4777777777777778,
        "percentage": 21.03,
        "percentage_delta": 4.670000000000002,
        "percentage_delta_per_hour": 1.5566666666666673,
        "percentage_delta_per_minute": 0.025944444444444454
      },
      "18.00": {
        "count": 455,
        "count_delta": 68,
        "count_delta_per_hour": 22.666666666666668,
        "count_delta_per_minute": 0.37777777777777777,
        "percentage": 24.73,
        "percentage_delta": 3.6999999999999993,
        "percentage_delta_per_hour": 1.2333333333333332,
        "percentage_delta_per_minute": 0.020555555555555553
      },
      "20.00": {
        "count": 500,
        "count_delta": 45,
        "count_delta_per_hour": 22.5,
        "count_delta_per_minute": 0.375,
        "percentage": 27.159152634437806,
        "percentage_delta": 2.4291526344378056,
        "percentage_delta_per_hour": 1.2145763172189028,
        "percentage_delta_per_minute": 0.020242938620315048,
        "registered_count": 1841,
        "registered_count_delta": 2,
        "registered_count_delta_per_hour": 0.16666666666666666,
        "registered_count_delta_per_minute": 0.002777777777777778
      }
    }
  },
  "metadata": {
    "analysis": {
      "negative_turnout_registered_count_protocols": 1,
      "negative_turnout_registered_count": 1,
      "protocol_count": 1,
      "exceeded_papers_count": 0,
      "exceeded_papers_steal_winning": 0,
      "exceeded_papers_provide_extra_places": 0,
      "multiple_winners": 0,
      "checksum_valid": 1
    },
    "voters": {
      "initially_registered_count": 1840,
      "registered_count": 1841,
      "walk_by_count": 492,
      "on_home_count": 8,
      "ahead_of_time_count": 0,
      "exceptional_count": 0,
      "added_count": 1
    },
    "papers": {
      "received_count": 1500,
      "destroyed_count": 1000,
      "stationary_box_count": 491,
      "portable_box_count": 8,
      "valid_count": 489,
      "invalid_count": 10,
      "lost_count": 0,
      "ignored_count": 0,
      "taken_home_count": 1
    }
  },
  "entries": [
    {
      "name": "Всероссийская политическая партия \"ЕДИНАЯ РОССИЯ\"",
      "position": 2,
      "party_id": 5,
      "official_result": {
        "votes_count": 139,
        "place": 1,
        "percentage": 27.85571142284569,
        "valid_percentage": 28.425357873210633,
        "registered_percentage": 7.5502444323737095,
        "display_percentage": 27.86,
        "winner": true
      },
      "result_without_other_entry": {
        "1": {
          "percentage": 35.27918781725889,
          "valid_percentage": 36.19791666666667
        },
        "3": {
          "percentage": 30.957683741648108,
          "valid_percentage": 31.662870159453306
        },