{
  "commission_name": "УИК №561",
  "ballot_name": "Выборы депутатов Законодательного Собрания Санкт-Петербурга седьмого созыва",
  "name": "Результаты выборов по единому округу",
  "protocol_scope": {
    "type": "uik",
    "id": 561
  },
  "electoral_district": {
    "type": "city",
    "id": 0
  },
  "data_id": 27820001915220,
  "ballot_data_id": 478403784379,
  "has_koib": false,
  "generated_date": 1632128477000,
  "official_result": {
    "winner": {
      "id": 5,
      "position": 2,
      "percentage": 21.501272264631044,
      "valid_percentage": 22.53333333333333,
      "registered_percentage": 7.029950083194675
    },
    "turnout": {
      "count": 786,
      "percentage": 32.6955074875208,
      "walk_by_count": 774,
      "walk_by_percentage": 32.196339434276204,
      "on_home_count": 12,
      "on_home_percentage": 0.49916805324459235,
      "ahead_of_time_count": 0,
      "ahead_of_time_percentage": 0,
      "valid_count": 750,
      "valid_percentage": 31.19800332778702,
      "invalid_count": 36,
      "invalid_percentage": 1.497504159733777,
      "taken_home_count": 0,
      "taken_home_percentage": 0,
      "lost_count": 0,
      "lost_percentage": 0
    },
    "votes_stats": {
      "winning_count": 169,
      "winning_percentage": 21.501272264631044,
      "effective_count": 750,
      "losing_count": 581,
      "losing_percentage": 73.91857506361323,
      "other_count": 36,
      "other_percentage": 4.580152671755725,
      "by_place": {
        "#1": {
          "count": 169,
          "percentage": 21.501272264631044
        },
        "#2": {
          "count": 155,
          "percentage": 19.720101781170484
        },
        "#3": {
          "count": 149,
          "percentage": 18.956743002544528
        },
        "#4": {
          "count": 106,
          "percentage": 13.486005089058525
        },
        "#5": {
          "count": 79,
          "percentage": 10.05089058524173
        },
        "#6": {
          "count": 58,
          "percentage": 7.37913486005089
        },
        "#7": {
          "count": 34,
          "percentage": 4.325699745547073
        }
      }
    }
  },
  "turnout_protocols": {
    "17.09.2021": {
      "15.00": {
        "count": 105,
        "count_delta": 105,
        "count_delta_per_hour": 15,
        "count_delta_per_minute": 0.25,
        "percentage": 4.37,
        "percentage_delta": 4.37,
        "percentage_delta_per_hour": 0.6242857142857143,
        "percentage_delta_per_minute": 0.010404761904761905,
        "registered_count": 2403,
        "registered_count_delta": 2403,
        "registered_count_delta_per_hour": 343.2857142857143,
        "registered_count_delta_per_minute": 5.7214285714285715
      },
      "20.00": {
        "count": 191,
        "count_delta": 86,
        "count_delta_per_hour": 17.2,
        "count_delta_per_minute": 0.2866666666666667,
        "percentage": 7.95,
        "percentage_delta": 3.58,
        "percentage_delta_per_hour": 0.716,
        "percentage_delta_per_minute": 0.011933333333333334,
        "registered_count": 2403,
        "registered_count_delta": 0,
        "registered_count_delta_per_hour": 0,
        "registered_count_delta_per_minute": 0
      }
    },
    "18.09.2021": {
      "15.00": {
        "count": 283,
        "count_delta": 92,
        "count_delta_per_hour": 13.142857142857142,
        "count_delta_per_minute": 0.21904761904761905,
        "percentage": 11.77,
        "percentage_delta": 3.8199999999999994,
        "percentage_delta_per_hour": 0.5457142857142856,
        "percentage_delta_per_minute": 0.009095238095238094,
        "registered_count": 2404,
        "registered_count_delta": 1,
        "registered_count_delta_per_hour": 0.14285714285714285,
        "registered_count_delta_per_minute": 0.002380952380952381
      },
      "20.00": {
        "count": 353,
        "count_delta": 70,
        "count_delta_per_hour": 14,
        "count_delta_per_minute": 0.23333333333333334,
        "percentage": 14.68,
        "percentage_delta": 2.91,
        "percentage_delta_per_hour": 0.5820000000000001,
        "percentage_delta_per_minute": 0.0097,
        "registered_count": 2405,
        "registered_count_delta": 1,
        "registered_count_delta_per_hour": 0.2,
        "registered_count_delta_per_minute": 0.0033333333333333335
      }
    },
    "19.09.2021": {
      "10.00": {
        "count": 369,
        "count_delta": 16,
        "count_delta_per_hour": 8,
        "count_delta_per_minute": 0.13333333333333333,
        "percentage": 15.35,
        "percentage_delta": 0.6699999999999999,
        "percentage_delta_per_hour": 0.33499999999999996,
        "percentage_delta_per_minute": 0.0055833333333333325
      },
      "12.00": {
        "count": 459,
        "count_delta": 90,
        "count_delta_per_hour": 45,
        "count_delta_per_minute": 0.75,
        "percentage": 19.09,
        "percentage_delta": 3.74,
        "percentage_delta_per_hour": 1.87,
        "percentage_delta_per_minute": 0.03116666666666667
      },
      "15.00": {
        "count": 541,
        "count_delta": 82,
        "count_delta_per_hour": 27.333333333333332,
        "count_delta_per_minute": 0.45555555555555555,
        "percentage": 22.5,
        "percentage_delta": 3.41,
        "percentage_delta_per_hour": 1.1366666666666667,
        "percentage_delta_per_minute": 0.018944444444444444
      },
      "18.00": {
        "count": 674,
        "count_delta": 133,
        "count_delta_per_hour": 44.333333333333336,
        "count_delta_per_minute": 0.7388888888888889,
        "percentage": 28.04,
        "percentage_delta": 5.539999999999999,
        "percentage_delta_per_hour": 1.8466666666666665,
        "percentage_delta_per_minute": 0.030777777777777772
      },
      "20.00": {
        "count": 786,
        "count_delta": 112,
        "count_delta_per_hour": 56,
        "count_delta_per_minute": 0.9333333333333333,
        "percentage": 32.6955074875208,
        "percentage_delta": 4.655507487520801,
        "percentage_delta_per_hour": 2.3277537437604003,
        "percentage_delta_per_minute": 0.03879589572934001,
        "registered_count": 2404,
        "registered_count_delta": -1,
        "registered_count_delta_per_hour": -0.08333333333333333,
        "registered_count_delta_per_minute": -0.001388888888888889
      }
    }
  },
  "metadata": {
    "analysis": {
      "negative_turnout_registered_count_protocols": 1,
      "negative_turnout_registered_count": 1,
      "protocol_count": 1,
      "exceeded_papers_count": 0,
      "exceeded_papers_steal_winning": 0,
      "exceeded_papers_provide_extra_places": 0,
      "multiple_winners": 0,
      "checksum_valid": 1
    },
    "voters": {
      "initially_registered_count": 2404,
      "registered_count": 2404,
      "walk_by_count": 774,
      "on_home_count": 12,
      "ahead_of_time_count": 0,
      "exceptional_count": 0
    },
    "papers": {
      "received_count": 2000,
      "destroyed_count": 1214,
      "stationary_box_count": 774,
      "portable_box_count": 12,
      "valid_count": 750,
      "invalid_count": 36,
      "lost_count": 0,
      "ignored_count": 0,
      "taken_home_count": 0
    }
  },
  "entries": [
    {
      "name": "Всероссийская политическая партия \"ЕДИНАЯ РОССИЯ\"",
      "position": 2,
      "party_id": 5,
      "official_result": {
        "votes_count": 169,
        "place": 1,
        "percentage": 21.501272264631044,
        "valid_percentage": 22.53333333333333,
        "registered_percentage": 7.029950083194675,
        "display_percentage": 21.5,
        "winner": true
      },
      "result_without_other_entry": {
        "1": {
          "percentage": 26.782884310618066,
          "valid_percentage": 28.403361344537814
        },
        "3": {
          "percentage": 23.214285714285715,
          "valid_percentage": 24.421965317919074
        },
        "4": {
          "percentage": 23.903818953323906,