{
  "commission_name": "УИК №854",
  "ballot_name": "Выборы депутатов Законодательного Собрания Санкт-Петербурга седьмого созыва",
  "name": "Результаты выборов по одномандатному (многомандатному) округу",
  "protocol_scope": {
    "type": "uik",
    "id": 854
  },
  "electoral_district": {
    "type": "city",
    "id": 25
  },
  "data_id": 27820001915220,
  "ballot_data_id": 4784006453039,
  "has_koib": true,
  "generated_date": 1632132744000,
  "official_result": {
    "winner": {
      "id": 219,
      "position": 1,
      "percentage": 59.29411764705882,
      "valid_percentage": 61.23936816524909,
      "registered_percentage": 22.76422764227642
    },
    "turnout": {
      "count": 935,
      "percentage": 42.231255645889796,
      "walk_by_count": 850,
      "walk_by_percentage": 38.39205058717254,
      "on_home_count": 85,
      "on_home_percentage": 3.8392050587172535,
      "ahead_of_time_count": 0,
      "ahead_of_time_percentage": 0,
      "valid_count": 823,
      "valid_percentage": 37.17253839205058,
      "invalid_count": 27,
      "invalid_percentage": 1.2195121951219512,
      "taken_home_count": 85,
      "taken_home_percentage": 3.8392050587172535,
      "lost_count": 0,
      "lost_percentage": 0
    },
    "votes_stats": {
      "winning_count": 504,
      "winning_percentage": 59.29411764705882,
      "effective_count": 823,
      "losing_count": 319,
      "losing_percentage": 37.529411764705884,
      "other_count": 27,
      "other_percentage": 3.176470588235294,
      "by_place": {
        "#1": {
          "count": 504,
          "percentage": 59.29411764705882
        },
        "#2": {
          "count": 169,
          "percentage": 19.88235294117647,
          "supported_by_smart_vote": true
        },
        "#3": {
          "count": 50,
          "percentage": 5.88235294117647
        },
        "#4": {
          "count": 43,
          "percentage": 5.0588235294117645
        },
        "#5": {
          "count": 33,
          "percentage": 3.882352941176471
        },
        "#6": {
          "count": 24,
          "percentage": 2.823529411764706
        }
      }
    }
  },
  "turnout_protocols": {
    "17.09.2021": {
      "15.00": {
        "count": 202,
        "count_delta": 202,
        "count_delta_per_hour": 28.857142857142858,
        "count_delta_per_minute": 0.48095238095238096,
        "percentage": 9.2,
        "percentage_delta": 9.2,
        "percentage_delta_per_hour": 1.3142857142857143,
        "percentage_delta_per_minute": 0.021904761904761903,
        "registered_count": 2196,
        "registered_count_delta": 2196,
        "registered_count_delta_per_hour": 313.7142857142857,
        "registered_count_delta_per_minute": 5.228571428571429
      },
      "20.00": {
        "count": 302,
        "count_delta": 100,
        "count_delta_per_hour": 20,
        "count_delta_per_minute": 0.3333333333333333,
        "percentage": 13.75,
        "percentage_delta": 4.550000000000001,
        "percentage_delta_per_hour": 0.9100000000000001,
        "percentage_delta_per_minute": 0.015166666666666669,
        "registered_count": 2196,
        "registered_count_delta": 0,
        "registered_count_delta_per_hour": 0,
        "registered_count_delta_per_minute": 0
      }
    },
    "18.09.2021": {
      "15.00": {
        "count": 362,
        "count_delta": 60,
        "count_delta_per_hour": 8.571428571428571,
        "count_delta_per_minute": 0.14285714285714285,
        "percentage": 16.48,
        "percentage_delta": 2.7300000000000004,
        "percentage_delta_per_hour": 0.39000000000000007,
        "percentage_delta_per_minute": 0.0065000000000000014,
        "registered_count": 2197,
        "registered_count_delta": 1,
        "registered_count_delta_per_hour": 0.14285714285714285,
        "registered_count_delta_per_minute": 0.002380952380952381
      },
      "20.00": {
        "count": 438,
        "count_delta": 76,
        "count_delta_per_hour": 15.2,
        "count_delta_per_minute": 0.25333333333333335,
        "percentage": 19.92,
        "percentage_delta": 3.4400000000000013,
        "percentage_delta_per_hour": 0.6880000000000003,
        "percentage_delta_per_minute": 0.01146666666666667,
        "registered_count": 2199,
        "registered_count_delta": 2,
        "registered_count_delta_per_hour": 0.4,
        "registered_count_delta_per_minute": 0.006666666666666667
      }
    },
    "19.09.2021": {
      "10.00": {
        "count": 460,
        "count_delta": 22,
        "count_delta_per_hour": 11,
        "count_delta_per_minute": 0.18333333333333332,
        "percentage": 20.78,
        "percentage_delta": 0.8599999999999994,
        "percentage_delta_per_hour": 0.4299999999999997,
        "percentage_delta_per_minute": 0.007166666666666662
      },
      "12.00": {
        "count": 483,
        "count_delta": 23,
        "count_delta_per_hour": 11.5,
        "count_delta_per_minute": 0.19166666666666668,
        "percentage": 21.82,
        "percentage_delta": 1.0399999999999991,
        "percentage_delta_per_hour": 0.5199999999999996,
        "percentage_delta_per_minute": 0.00866666666666666
      },
      "15.00": {
        "count": 589,
        "count_delta": 106,
        "count_delta_per_hour": 35.333333333333336,
        "count_delta_per_minute": 0.5888888888888889,
        "percentage": 26.59,
        "percentage_delta": 4.77,
        "percentage_delta_per_hour": 1.5899999999999999,
        "percentage_delta_per_minute": 0.0265
      },
      "18.00": {
        "count": 693,
        "count_delta": 104,
        "count_delta_per_hour": 34.666666666666664,
        "count_delta_per_minute": 0.5777777777777777,
        "percentage": 31.28,
        "percentage_delta": 4.690000000000001,
        "percentage_delta_per_hour": 1.5633333333333337,
        "percentage_delta_per_minute": 0.02605555555555556
      },
      "20.00": {
        "count": 935,
        "count_delta": 242,
        "count_delta_per_hour": 121,
        "count_delta_per_minute": 2.0166666666666666,
        "percentage": 42.231255645889796,
        "percentage_delta": 10.951255645889795,
        "percentage_delta_per_hour": 5.475627822944897,
        "percentage_delta_per_minute": 0.0912604637157483,
        "registered_count": 2214,
        "registered_count_delta": 15,
        "registered_count_delta_per_hour": 1.25,
        "registered_count_delta_per_minute": 0.020833333333333332
      }
    }
  },
  "metadata": {
    "analysis": {
      "protocol_count": 1,
      "exceeded_papers_count": 0,
      "exceeded_papers_steal_winning": 0,
      "checksum_valid": 1
    },
    "voters": {
      "initially_registered_count": 2196,
      "registered_count": 2214,
      "walk_by_count": 850,
      "on_home_count": 85,
      "ahead_of_time_count": 0,
      "exceptional_count": 0,
      "added_count": 18
    },
    "papers": {
      "received_count": 2000,
      "destroyed_count": 1065,
      "stationary_box_count": 765,
      "portable_box_count": 85,
      "valid_count": 823,
      "invalid_count": 27,
      "lost_count": 0,
      "ignored_count": 0,
      "taken_home_count": 85
    }
  },
  "entries": [
    {
      "name": "Киселева Елена Юрьевна",
      "position": 1,
      "candidate_id": 219,
      "supported_by_party_id": 5,
      "official_result": {
        "votes_count": 504,
        "place": 1,
        "percentage": 59.29411764705882,
        "valid_percentage": 61.23936816524909,
        "registered_percentage": 22.76422764227642,
        "display_percentage": 59.29,
        "winner": true
      },
      "result_without_other_entry": {
        "214": {
          "percentage": 61.016949152542374,
          "valid_percentage": 63.07884856070088
        },
        "220": {
          "percentage": 61.6891064871481,
          "valid_percentage": 63.79746835443038
        },
        "221": {
          "percentage": 74.00881057268722,
          "valid_percentage": 77.06422018348624
        },