{
  "commission_name": "УИК №204",
  "ballot_name": "Выборы депутатов Законодательного Собрания Санкт-Петербурга седьмого созыва",
  "name": "Результаты выборов по одномандатному (многомандатному) округу",
  "protocol_scope": {
    "type": "uik",
    "id": 204
  },
  "electoral_district": {
    "type": "city",
    "id": 11
  },
  "data_id": 27820001915220,
  "ballot_data_id": 478403482870,
  "has_koib": false,
  "generated_date": 1632120546000,
  "official_result": {
    "winner": {
      "id": 157,
      "position": 5,
      "percentage": 31.595092024539877,
      "valid_percentage": 32.33908948194662,
      "registered_percentage": 11.737891737891738
    },
    "turnout": {
      "count": 652,
      "percentage": 37.15099715099715,
      "walk_by_count": 627,
      "walk_by_percentage": 35.72649572649573,
      "on_home_count": 25,
      "on_home_percentage": 1.4245014245014245,
      "ahead_of_time_count": 0,
      "ahead_of_time_percentage": 0,
      "valid_count": 637,
      "valid_percentage": 36.2962962962963,
      "invalid_count": 15,
      "invalid_percentage": 0.8547008547008548,
      "taken_home_count": 0,
      "taken_home_percentage": 0,
      "lost_count": 0,
      "lost_percentage": 0
    },
    "votes_stats": {
      "winning_count": 206,
      "winning_percentage": 31.595092024539877,
      "effective_count": 637,
      "losing_count": 431,
      "losing_percentage": 66.1042944785276,
      "other_count": 15,
      "other_percentage": 2.3006134969325154,
      "by_place": {
        "#1": {
          "count": 206,
          "percentage": 31.595092024539877
        },
        "#2": {
          "count": 142,
          "percentage": 21.779141104294478
        },
        "#3": {
          "count": 73,
          "percentage": 11.196319018404909
        },
        "#4": {
          "count": 71,
          "percentage": 10.889570552147239
        },
        "#5": {
          "count": 53,
          "percentage": 8.128834355828221
        },
        "#6": {
          "count": 47,
          "percentage": 7.208588957055214
        },
        "#7": {
          "count": 45,
          "percentage": 6.901840490797547,
          "supported_by_smart_vote": true
        }
      }
    }
  },
  "turnout_protocols": {
    "17.09.2021": {
      "15.00": {
        "count": 145,
        "count_delta": 145,
        "count_delta_per_hour": 20.714285714285715,
        "count_delta_per_minute": 0.34523809523809523,
        "percentage": 8.26,
        "percentage_delta": 8.26,
        "percentage_delta_per_hour": 1.18,
        "percentage_delta_per_minute": 0.019666666666666666,
        "registered_count": 1755,
        "registered_count_delta": 1755,
        "registered_count_delta_per_hour": 250.71428571428572,
        "registered_count_delta_per_minute": 4.178571428571429
      },
      "20.00": {
        "count": 217,
        "count_delta": 72,
        "count_delta_per_hour": 14.4,
        "count_delta_per_minute": 0.24,
        "percentage": 12.36,
        "percentage_delta": 4.1,
        "percentage_delta_per_hour": 0.82,
        "percentage_delta_per_minute": 0.013666666666666666,
        "registered_count": 1756,
        "registered_count_delta": 1,
        "registered_count_delta_per_hour": 0.2,
        "registered_count_delta_per_minute": 0.0033333333333333335
      }
    },
    "18.09.2021": {
      "15.00": {
        "count": 285,
        "count_delta": 68,
        "count_delta_per_hour": 9.714285714285714,
        "count_delta_per_minute": 0.1619047619047619,
        "percentage": 16.24,
        "percentage_delta": 3.879999999999999,
        "percentage_delta_per_hour": 0.5542857142857142,
        "percentage_delta_per_minute": 0.009238095238095236,
        "registered_count": 1755,
        "registered_count_delta": -1,
        "registered_count_delta_per_hour": -0.14285714285714285,
        "registered_count_delta_per_minute": -0.002380952380952381
      },
      "20.00": {
        "count": 357,
        "count_delta": 72,
        "count_delta_per_hour": 14.4,
        "count_delta_per_minute": 0.24,
        "percentage": 20.34,
        "percentage_delta": 4.100000000000001,
        "percentage_delta_per_hour": 0.8200000000000003,
        "percentage_delta_per_minute": 0.01366666666666667,
        "registered_count": 1755,
        "registered_count_delta": 0,
        "registered_count_delta_per_hour": 0,
        "registered_count_delta_per_minute": 0
      }
    },
    "19.09.2021": {
      "10.00": {
        "count": 370,
        "count_delta": 13,
        "count_delta_per_hour": 6.5,
        "count_delta_per_minute": 0.10833333333333334,
        "percentage": 21.08,
        "percentage_delta": 0.7399999999999984,
        "percentage_delta_per_hour": 0.3699999999999992,
        "percentage_delta_per_minute": 0.006166666666666654
      },
      "12.00": {
        "count": 392,
        "count_delta": 22,
        "count_delta_per_hour": 11,
        "count_delta_per_minute": 0.18333333333333332,
        "percentage": 22.34,
        "percentage_delta": 1.2600000000000016,
        "percentage_delta_per_hour": 0.6300000000000008,
        "percentage_delta_per_minute": 0.010500000000000013
      },
      "15.00": {
        "count": 521,
        "count_delta": 129,
        "count_delta_per_hour": 43,
        "count_delta_per_minute": 0.7166666666666667,
        "percentage": 29.69,
        "percentage_delta": 7.350000000000001,
        "percentage_delta_per_hour": 2.4500000000000006,
        "percentage_delta_per_minute": 0.04083333333333334
      },
      "18.00": {
        "count": 708,
        "count_delta": 187,
        "count_delta_per_hour": 62.333333333333336,
        "count_delta_per_minute": 1.038888888888889,
        "percentage": 40.34,
        "percentage_delta": 10.650000000000002,
        "percentage_delta_per_hour": 3.5500000000000007,
        "percentage_delta_per_minute": 0.05916666666666668
      },
      "20.00": {
        "count": 652,
        "count_delta": -56,
        "count_delta_per_hour": -28,
        "count_delta_per_minute": -0.4666666666666667,
        "percentage": 37.15099715099715,
        "percentage_delta": -3.189002849002854,
        "percentage_delta_per_hour": -1.594501424501427,
        "percentage_delta_per_minute": -0.026575023741690452,
        "registered_count": 1755,
        "registered_count_delta": 0,
        "registered_count_delta_per_hour": 0,
        "registered_count_delta_per_minute": 0
      }
    }
  },
  "metadata": {
    "analysis": {
      "negative_turnout_registered_count_protocols": 1,
      "negative_turnout_registered_count": 1,
      "negative_turnout_percentage_protocols": 1,
      "negative_turnout_percentage": 3.189002849002854,
      "negative_turnout_count_protocols": 1,
      "negative_turnout_count": 56,
      "protocol_count": 1,
      "exceeded_papers_count": 0,
      "exceeded_papers_steal_winning": 0,
      "checksum_valid": 1
    },
    "voters": {
      "initially_registered_count": 1755,
      "registered_count": 1755,
      "walk_by_count": 627,
      "on_home_count": 25,
      "ahead_of_time_count": 0,
      "exceptional_count": 0
    },
    "papers": {
      "received_count": 1500,
      "destroyed_count": 848,
      "stationary_box_count": 627,
      "portable_box_count": 25,
      "valid_count": 637,
      "invalid_count": 15,
      "lost_count": 0,
      "ignored_count": 0,
      "taken_home_count": 0
    }
  },
  "entries": [
    {
      "name": "Гарнец Валерий Николаевич",
      "position": 5,
      "candidate_id": 157,
      "supported_by_party_id": 5,
      "official_result": {
        "votes_count": 206,
        "place": 1,
        "percentage": 31.595092024539877,
        "valid_percentage": 32.33908948194662,
        "registered_percentage": 11.737891737891738,
        "display_percentage": 31.6,
        "winner": true
      },
      "result_without_other_entry": {
        "31": {
          "percentage": 34.049586776859506,