{
  "commission_name": "УИК №503",
  "ballot_name": "Выборы депутатов Законодательного Собрания Санкт-Петербурга седьмого созыва",
  "name": "Результаты выборов по единому округу",
  "protocol_scope": {
    "type": "uik",
    "id": 503
  },
  "electoral_district": {
    "type": "city",
    "id": 0
  },
  "data_id": 27820001915220,
  "ballot_data_id": 4784004434057,
  "has_koib": false,
  "generated_date": 1632132545000,
  "official_result": {
    "winner": {
      "id": 1,
      "position": 6,
      "percentage": 16.597938144329895,
      "valid_percentage": 22.676056338028168,
      "registered_percentage": 5.266601243048741
    },
    "turnout": {
      "count": 1021,
      "percentage": 33.39875695125941,
      "walk_by_count": 1009,
      "walk_by_percentage": 33.006215243702975,
      "on_home_count": 12,
      "on_home_percentage": 0.39254170755642787,
      "ahead_of_time_count": 0,
      "ahead_of_time_percentage": 0,
      "valid_count": 710,
      "valid_percentage": 23.225384363755317,
      "invalid_count": 260,
      "invalid_percentage": 8.505070330389271,
      "taken_home_count": 51,
      "taken_home_percentage": 1.6683022571148183,
      "lost_count": 0,
      "lost_percentage": 0
    },
    "votes_stats": {
      "winning_count": 161,
      "winning_percentage": 16.597938144329895,
      "effective_count": 710,
      "losing_count": 549,
      "losing_percentage": 56.597938144329895,
      "other_count": 260,
      "other_percentage": 26.804123711340207,
      "by_place": {
        "#1": {
          "count": 161,
          "percentage": 16.597938144329895
        },
        "#2": {
          "count": 155,
          "percentage": 15.979381443298967
        },
        "#3": {
          "count": 144,
          "percentage": 14.845360824742269
        },
        "#4": {
          "count": 96,
          "percentage": 9.896907216494846
        },
        "#5": {
          "count": 79,
          "percentage": 8.144329896907216
        },
        "#6": {
          "count": 41,
          "percentage": 4.22680412371134
        },
        "#7": {
          "count": 24,
          "percentage": 2.4742268041237114
        },
        "#8": {
          "count": 10,
          "percentage": 1.0309278350515463
        }
      }
    }
  },
  "turnout_protocols": {
    "17.09.2021": {
      "15.00": {
        "count": 164,
        "count_delta": 164,
        "count_delta_per_hour": 23.428571428571427,
        "count_delta_per_minute": 0.3904761904761905,
        "percentage": 5.4,
        "percentage_delta": 5.4,
        "percentage_delta_per_hour": 0.7714285714285715,
        "percentage_delta_per_minute": 0.012857142857142859,
        "registered_count": 3037,
        "registered_count_delta": 3037,
        "registered_count_delta_per_hour": 433.85714285714283,
        "registered_count_delta_per_minute": 7.230952380952381
      },
      "20.00": {
        "count": 278,
        "count_delta": 114,
        "count_delta_per_hour": 22.8,
        "count_delta_per_minute": 0.38,
        "percentage": 9.14,
        "percentage_delta": 3.74,
        "percentage_delta_per_hour": 0.748,
        "percentage_delta_per_minute": 0.012466666666666668,
        "registered_count": 3042,
        "registered_count_delta": 5,
        "registered_count_delta_per_hour": 1,
        "registered_count_delta_per_minute": 0.016666666666666666
      }
    },
    "18.09.2021": {
      "15.00": {
        "count": 395,
        "count_delta": 117,
        "count_delta_per_hour": 16.714285714285715,
        "count_delta_per_minute": 0.2785714285714286,
        "percentage": 12.99,
        "percentage_delta": 3.8499999999999996,
        "percentage_delta_per_hour": 0.5499999999999999,
        "percentage_delta_per_minute": 0.009166666666666665,
        "registered_count": 3041,
        "registered_count_delta": -1,
        "registered_count_delta_per_hour": -0.14285714285714285,
        "registered_count_delta_per_minute": -0.002380952380952381
      },
      "20.00": {
        "count": 522,
        "count_delta": 127,
        "count_delta_per_hour": 25.4,
        "count_delta_per_minute": 0.42333333333333334,
        "percentage": 17.15,
        "percentage_delta": 4.159999999999998,
        "percentage_delta_per_hour": 0.8319999999999996,
        "percentage_delta_per_minute": 0.01386666666666666,
        "registered_count": 3044,
        "registered_count_delta": 3,
        "registered_count_delta_per_hour": 0.6,
        "registered_count_delta_per_minute": 0.01
      }
    },
    "19.09.2021": {
      "10.00": {
        "count": 540,
        "count_delta": 18,
        "count_delta_per_hour": 9,
        "count_delta_per_minute": 0.15,
        "percentage": 17.67,
        "percentage_delta": 0.5200000000000031,
        "percentage_delta_per_hour": 0.26000000000000156,
        "percentage_delta_per_minute": 0.004333333333333359
      },
      "12.00": {
        "count": 588,
        "count_delta": 48,
        "count_delta_per_hour": 24,
        "count_delta_per_minute": 0.4,
        "percentage": 19.22,
        "percentage_delta": 1.5499999999999972,
        "percentage_delta_per_hour": 0.7749999999999986,
        "percentage_delta_per_minute": 0.012916666666666642
      },
      "15.00": {
        "count": 744,
        "count_delta": 156,
        "count_delta_per_hour": 52,
        "count_delta_per_minute": 0.8666666666666667,
        "percentage": 24.35,
        "percentage_delta": 5.130000000000003,
        "percentage_delta_per_hour": 1.7100000000000009,
        "percentage_delta_per_minute": 0.028500000000000015
      },
      "18.00": {
        "count": 900,
        "count_delta": 156,
        "count_delta_per_hour": 52,
        "count_delta_per_minute": 0.8666666666666667,
        "percentage": 29.44,
        "percentage_delta": 5.09,
        "percentage_delta_per_hour": 1.6966666666666665,
        "percentage_delta_per_minute": 0.028277777777777777
      },
      "20.00": {
        "count": 1021,
        "count_delta": 121,
        "count_delta_per_hour": 60.5,
        "count_delta_per_minute": 1.0083333333333333,
        "percentage": 33.39875695125941,
        "percentage_delta": 3.9587569512594065,
        "percentage_delta_per_hour": 1.9793784756297033,
        "percentage_delta_per_minute": 0.032989641260495056,
        "registered_count": 3057,
        "registered_count_delta": 13,
        "registered_count_delta_per_hour": 1.0833333333333333,
        "registered_count_delta_per_minute": 0.018055555555555554
      }
    }
  },
  "metadata": {
    "analysis": {
      "negative_turnout_registered_count_protocols": 1,
      "negative_turnout_registered_count": 1,
      "protocol_count": 1,
      "exceeded_papers_count": 0,
      "exceeded_papers_steal_winning": 0,
      "exceeded_papers_provide_extra_places": 0,
      "multiple_winners": 0,
      "checksum_valid": 1
    },
    "voters": {
      "initially_registered_count": 3025,
      "registered_count": 3057,
      "walk_by_count": 1009,
      "on_home_count": 12,
      "ahead_of_time_count": 0,
      "exceptional_count": 0,
      "added_count": 32
    },
    "papers": {
      "received_count": 2500,
      "destroyed_count": 1479,
      "stationary_box_count": 958,
      "portable_box_count": 12,
      "valid_count": 710,
      "invalid_count": 260,
      "lost_count": 0,
      "ignored_count": 0,
      "taken_home_count": 51
    }
  },
  "entries": [
    {
      "name": "Политическая партия \"КОММУНИСТИЧЕСКАЯ ПАРТИЯ РОССИЙСКОЙ ФЕДЕРАЦИИ\"",
      "position": 6,
      "party_id": 1,
      "official_result": {
        "votes_count": 161,
        "place": 1,
        "percentage": 16.597938144329895,
        "valid_percentage": 22.676056338028168,
        "registered_percentage": 5.266601243048741,
        "display_percentage": 16.6,
        "winner": true
      },
      "result_without_other_entry": {
        "3": {
          "percentage": 17.330462863293864,
          "valid_percentage": 24.06576980568012
        },