{
  "commission_name": "УИК №1719",
  "ballot_name": "Выборы депутатов Законодательного Собрания Санкт-Петербурга седьмого созыва",
  "name": "Результаты выборов по единому округу",
  "protocol_scope": {
    "type": "uik",
    "id": 1719
  },
  "electoral_district": {
    "type": "city",
    "id": 0
  },
  "data_id": 27820001915220,
  "ballot_data_id": 478405586520,
  "has_koib": true,
  "generated_date": 1632112501000,
  "official_result": {
    "winner": {
      "id": 5,
      "position": 2,
      "percentage": 35.333333333333336,
      "valid_percentage": 36.42611683848797,
      "registered_percentage": 15.218951902368987
    },
    "turnout": {
      "count": 600,
      "percentage": 43.07250538406318,
      "walk_by_count": 592,
      "walk_by_percentage": 42.498205312275665,
      "on_home_count": 8,
      "on_home_percentage": 0.574300071787509,
      "ahead_of_time_count": 0,
      "ahead_of_time_percentage": 0,
      "valid_count": 582,
      "valid_percentage": 41.78033022254128,
      "invalid_count": 18,
      "invalid_percentage": 1.2921751615218953,
      "taken_home_count": 0,
      "taken_home_percentage": 0,
      "lost_count": 0,
      "lost_percentage": 0
    },
    "votes_stats": {
      "winning_count": 212,
      "winning_percentage": 35.333333333333336,
      "effective_count": 582,
      "losing_count": 370,
      "losing_percentage": 61.66666666666667,
      "other_count": 18,
      "other_percentage": 3,
      "by_place": {
        "#1": {
          "count": 212,
          "percentage": 35.333333333333336
        },
        "#2": {
          "count": 116,
          "percentage": 19.333333333333332
        },
        "#3": {
          "count": 91,
          "percentage": 15.166666666666668
        },
        "#4": {
          "count": 63,
          "percentage": 10.5
        },
        "#5": {
          "count": 52,
          "percentage": 8.666666666666668
        },
        "#6": {
          "count": 19,
          "percentage": 3.166666666666667
        },
        "#7": {
          "count": 17,
          "percentage": 2.833333333333333
        },
        "#8": {
          "count": 12,
          "percentage": 2
        }
      }
    }
  },
  "turnout_protocols": {
    "17.09.2021": {
      "15.00": {
        "count": 138,
        "count_delta": 138,
        "count_delta_per_hour": 19.714285714285715,
        "count_delta_per_minute": 0.32857142857142857,
        "percentage": 9.93,
        "percentage_delta": 9.93,
        "percentage_delta_per_hour": 1.4185714285714286,
        "percentage_delta_per_minute": 0.023642857142857143,
        "registered_count": 1390,
        "registered_count_delta": 1390,
        "registered_count_delta_per_hour": 198.57142857142858,
        "registered_count_delta_per_minute": 3.3095238095238093
      },
      "20.00": {
        "count": 215,
        "count_delta": 77,
        "count_delta_per_hour": 15.4,
        "count_delta_per_minute": 0.25666666666666665,
        "percentage": 15.5,
        "percentage_delta": 5.57,
        "percentage_delta_per_hour": 1.114,
        "percentage_delta_per_minute": 0.01856666666666667,
        "registered_count": 1387,
        "registered_count_delta": -3,
        "registered_count_delta_per_hour": -0.6,
        "registered_count_delta_per_minute": -0.01
      }
    },
    "18.09.2021": {
      "15.00": {
        "count": 298,
        "count_delta": 83,
        "count_delta_per_hour": 11.857142857142858,
        "count_delta_per_minute": 0.1976190476190476,
        "percentage": 21.49,
        "percentage_delta": 5.989999999999998,
        "percentage_delta_per_hour": 0.8557142857142855,
        "percentage_delta_per_minute": 0.014261904761904759,
        "registered_count": 1387,
        "registered_count_delta": 0,
        "registered_count_delta_per_hour": 0,
        "registered_count_delta_per_minute": 0
      },
      "20.00": {
        "count": 352,
        "count_delta": 54,
        "count_delta_per_hour": 10.8,
        "count_delta_per_minute": 0.18,
        "percentage": 25.38,
        "percentage_delta": 3.8900000000000006,
        "percentage_delta_per_hour": 0.7780000000000001,
        "percentage_delta_per_minute": 0.012966666666666668,
        "registered_count": 1387,
        "registered_count_delta": 0,
        "registered_count_delta_per_hour": 0,
        "registered_count_delta_per_minute": 0
      }
    },
    "19.09.2021": {
      "10.00": {
        "count": 362,
        "count_delta": 10,
        "count_delta_per_hour": 5,
        "count_delta_per_minute": 0.08333333333333333,
        "percentage": 25.96,
        "percentage_delta": 0.5800000000000018,
        "percentage_delta_per_hour": 0.2900000000000009,
        "percentage_delta_per_minute": 0.004833333333333348
      },
      "12.00": {
        "count": 383,
        "count_delta": 21,
        "count_delta_per_hour": 10.5,
        "count_delta_per_minute": 0.175,
        "percentage": 27.5,
        "percentage_delta": 1.5399999999999991,
        "percentage_delta_per_hour": 0.7699999999999996,
        "percentage_delta_per_minute": 0.012833333333333327
      },
      "15.00": {
        "count": 472,
        "count_delta": 89,
        "count_delta_per_hour": 29.666666666666668,
        "count_delta_per_minute": 0.49444444444444446,
        "percentage": 33.91,
        "percentage_delta": 6.409999999999997,
        "percentage_delta_per_hour": 2.1366666666666654,
        "percentage_delta_per_minute": 0.03561111111111109
      },
      "18.00": {
        "count": 548,
        "count_delta": 76,
        "count_delta_per_hour": 25.333333333333332,
        "count_delta_per_minute": 0.4222222222222222,
        "percentage": 39.37,
        "percentage_delta": 5.460000000000001,
        "percentage_delta_per_hour": 1.8200000000000003,
        "percentage_delta_per_minute": 0.030333333333333337
      },
      "20.00": {
        "count": 600,
        "count_delta": 52,
        "count_delta_per_hour": 26,
        "count_delta_per_minute": 0.43333333333333335,
        "percentage": 43.07250538406318,
        "percentage_delta": 3.70250538406318,
        "percentage_delta_per_hour": 1.85125269203159,
        "percentage_delta_per_minute": 0.03085421153385983,
        "registered_count": 1393,
        "registered_count_delta": 6,
        "registered_count_delta_per_hour": 0.5,
        "registered_count_delta_per_minute": 0.008333333333333333
      }
    }
  },
  "metadata": {
    "analysis": {
      "negative_turnout_registered_count_protocols": 1,
      "negative_turnout_registered_count": 3,
      "protocol_count": 1,
      "exceeded_papers_count": 0,
      "exceeded_papers_steal_winning": 0,
      "exceeded_papers_provide_extra_places": 0,
      "multiple_winners": 0,
      "checksum_valid": 1
    },
    "voters": {
      "initially_registered_count": 1390,
      "registered_count": 1393,
      "walk_by_count": 592,
      "on_home_count": 8,
      "ahead_of_time_count": 0,
      "exceptional_count": 0,
      "added_count": 3
    },
    "papers": {
      "received_count": 1000,
      "destroyed_count": 400,
      "stationary_box_count": 592,
      "portable_box_count": 8,
      "valid_count": 582,
      "invalid_count": 18,
      "lost_count": 0,
      "ignored_count": 0,
      "taken_home_count": 0
    }
  },
  "entries": [
    {
      "name": "Всероссийская политическая партия \"ЕДИНАЯ РОССИЯ\"",
      "position": 2,
      "party_id": 5,
      "official_result": {
        "votes_count": 212,
        "place": 1,
        "percentage": 35.333333333333336,
        "valid_percentage": 36.42611683848797,
        "registered_percentage": 15.218951902368987,
        "display_percentage": 35.33,
        "winner": true
      },
      "result_without_other_entry": {
        "1": {
          "percentage": 43.80165289256198,
          "valid_percentage": 45.493562231759654
        },
        "3": {
          "percentage": 38.68613138686132,
          "valid_percentage": 40
        },