{
  "commission_name": "УИК №1971",
  "ballot_name": "Выборы депутатов Законодательного Собрания Санкт-Петербурга седьмого созыва",
  "name": "Результаты выборов по одномандатному (многомандатному) округу",
  "protocol_scope": {
    "type": "uik",
    "id": 1971
  },
  "electoral_district": {
    "type": "city",
    "id": 24
  },
  "data_id": 27820001915220,
  "ballot_data_id": 4784015408837,
  "has_koib": false,
  "generated_date": 1632123160000,
  "official_result": {
    "winner": {
      "id": 202,
      "position": 1,
      "percentage": 27.41738066095471,
      "valid_percentage": 28.28282828282828,
      "registered_percentage": 11.353269133299545
    },
    "turnout": {
      "count": 818,
      "percentage": 41.459706031424226,
      "walk_by_count": 809,
      "walk_by_percentage": 41.003547896604154,
      "on_home_count": 9,
      "on_home_percentage": 0.456158134820071,
      "ahead_of_time_count": 0,
      "ahead_of_time_percentage": 0,
      "valid_count": 792,
      "valid_percentage": 40.14191586416624,
      "invalid_count": 25,
      "invalid_percentage": 1.2671059300557528,
      "taken_home_count": 1,
      "taken_home_percentage": 0.05068423720223011,
      "lost_count": 0,
      "lost_percentage": 0
    },
    "votes_stats": {
      "winning_count": 224,
      "winning_percentage": 27.41738066095471,
      "effective_count": 792,
      "losing_count": 568,
      "losing_percentage": 69.52264381884945,
      "other_count": 25,
      "other_percentage": 3.0599755201958385,
      "by_place": {
        "#1": {
          "count": 224,
          "percentage": 27.41738066095471
        },
        "#2": {
          "count": 179,
          "percentage": 21.909424724602204
        },
        "#3": {
          "count": 157,
          "percentage": 19.216646266829866,
          "supported_by_smart_vote": true
        },
        "#4": {
          "count": 118,
          "percentage": 14.443084455324357
        },
        "#5": {
          "count": 50,
          "percentage": 6.119951040391677
        },
        "#6": {
          "count": 44,
          "percentage": 5.385556915544676
        },
        "#7": {
          "count": 20,
          "percentage": 2.4479804161566707
        }
      }
    }
  },
  "turnout_protocols": {
    "17.09.2021": {
      "15.00": {
        "count": 198,
        "count_delta": 198,
        "count_delta_per_hour": 28.285714285714285,
        "count_delta_per_minute": 0.4714285714285714,
        "percentage": 10.17,
        "percentage_delta": 10.17,
        "percentage_delta_per_hour": 1.4528571428571428,
        "percentage_delta_per_minute": 0.024214285714285712,
        "registered_count": 1947,
        "registered_count_delta": 1947,
        "registered_count_delta_per_hour": 278.14285714285717,
        "registered_count_delta_per_minute": 4.635714285714286
      },
      "20.00": {
        "count": 250,
        "count_delta": 52,
        "count_delta_per_hour": 10.4,
        "count_delta_per_minute": 0.17333333333333334,
        "percentage": 12.84,
        "percentage_delta": 2.67,
        "percentage_delta_per_hour": 0.534,
        "percentage_delta_per_minute": 0.0089,
        "registered_count": 1947,
        "registered_count_delta": 0,
        "registered_count_delta_per_hour": 0,
        "registered_count_delta_per_minute": 0
      }
    },
    "18.09.2021": {
      "15.00": {
        "count": 399,
        "count_delta": 149,
        "count_delta_per_hour": 21.285714285714285,
        "count_delta_per_minute": 0.3547619047619048,
        "percentage": 20.49,
        "percentage_delta": 7.649999999999999,
        "percentage_delta_per_hour": 1.0928571428571427,
        "percentage_delta_per_minute": 0.01821428571428571,
        "registered_count": 1947,
        "registered_count_delta": 0,
        "registered_count_delta_per_hour": 0,
        "registered_count_delta_per_minute": 0
      },
      "20.00": {
        "count": 473,
        "count_delta": 74,
        "count_delta_per_hour": 14.8,
        "count_delta_per_minute": 0.24666666666666667,
        "percentage": 24.29,
        "percentage_delta": 3.8000000000000007,
        "percentage_delta_per_hour": 0.7600000000000001,
        "percentage_delta_per_minute": 0.01266666666666667,
        "registered_count": 1947,
        "registered_count_delta": 0,
        "registered_count_delta_per_hour": 0,
        "registered_count_delta_per_minute": 0
      }
    },
    "19.09.2021": {
      "10.00": {
        "count": 518,
        "count_delta": 45,
        "count_delta_per_hour": 22.5,
        "count_delta_per_minute": 0.375,
        "percentage": 26.25,
        "percentage_delta": 1.9600000000000009,
        "percentage_delta_per_hour": 0.9800000000000004,
        "percentage_delta_per_minute": 0.016333333333333342
      },
      "12.00": {
        "count": 543,
        "count_delta": 25,
        "count_delta_per_hour": 12.5,
        "count_delta_per_minute": 0.20833333333333334,
        "percentage": 27.53,
        "percentage_delta": 1.2800000000000011,
        "percentage_delta_per_hour": 0.6400000000000006,
        "percentage_delta_per_minute": 0.010666666666666677
      },
      "15.00": {
        "count": 685,
        "count_delta": 142,
        "count_delta_per_hour": 47.333333333333336,
        "count_delta_per_minute": 0.7888888888888889,
        "percentage": 34.72,
        "percentage_delta": 7.189999999999998,
        "percentage_delta_per_hour": 2.396666666666666,
        "percentage_delta_per_minute": 0.039944444444444435
      },
      "18.00": {
        "count": 760,
        "count_delta": 75,
        "count_delta_per_hour": 25,
        "count_delta_per_minute": 0.4166666666666667,
        "percentage": 38.52,
        "percentage_delta": 3.8000000000000043,
        "percentage_delta_per_hour": 1.2666666666666682,
        "percentage_delta_per_minute": 0.021111111111111136
      },
      "20.00": {
        "count": 818,
        "count_delta": 58,
        "count_delta_per_hour": 29,
        "count_delta_per_minute": 0.48333333333333334,
        "percentage": 41.459706031424226,
        "percentage_delta": 2.9397060314242225,
        "percentage_delta_per_hour": 1.4698530157121112,
        "percentage_delta_per_minute": 0.02449755026186852,
        "registered_count": 1973,
        "registered_count_delta": 26,
        "registered_count_delta_per_hour": 2.1666666666666665,
        "registered_count_delta_per_minute": 0.03611111111111111
      }
    }
  },
  "metadata": {
    "analysis": {
      "protocol_count": 1,
      "exceeded_papers_count": 0,
      "exceeded_papers_steal_winning": 0,
      "checksum_valid": 1,
      "stuffed_protocol_for_27": 1,
      "stuffed_votes_for_27": 49.796252927400474
    },
    "voters": {
      "initially_registered_count": 1947,
      "registered_count": 1973,
      "walk_by_count": 809,
      "on_home_count": 9,
      "ahead_of_time_count": 0,
      "exceptional_count": 0,
      "added_count": 26
    },
    "papers": {
      "received_count": 1500,
      "destroyed_count": 682,
      "stationary_box_count": 808,
      "portable_box_count": 9,
      "valid_count": 792,
      "invalid_count": 25,
      "lost_count": 0,
      "ignored_count": 0,
      "taken_home_count": 1
    }
  },
  "entries": [
    {
      "name": "Бочков Юрий Павлович",
      "position": 1,
      "candidate_id": 202,
      "supported_by_party_id": 5,
      "official_result": {
        "votes_count": 224,
        "place": 1,
        "percentage": 27.41738066095471,
        "valid_percentage": 28.28282828282828,
        "registered_percentage": 11.353269133299545,
        "display_percentage": 27.42,
        "winner": true
      },
      "result_without_other_entry": {
        "27": {
          "percentage": 35.10971786833856,
          "valid_percentage": 36.541598694942905
        },
        "203": {
          "percentage": 33.939393939393945,
          "valid_percentage": 35.275590551181104
        },