{
  "commission_name": "УИК №1974",
  "ballot_name": "Выборы депутатов Законодательного Собрания Санкт-Петербурга седьмого созыва",
  "name": "Результаты выборов по единому округу",
  "protocol_scope": {
    "type": "uik",
    "id": 1974
  },
  "electoral_district": {
    "type": "city",
    "id": 0
  },
  "data_id": 27820001915220,
  "ballot_data_id": 4784015408840,
  "has_koib": false,
  "generated_date": 1632132744000,
  "official_result": {
    "winner": {
      "id": 5,
      "position": 2,
      "percentage": 29.39787485242031,
      "valid_percentage": 30.145278450363193,
      "registered_percentage": 12.217860647693819
    },
    "turnout": {
      "count": 847,
      "percentage": 41.5603532875368,
      "walk_by_count": 793,
      "walk_by_percentage": 38.91069676153091,
      "on_home_count": 54,
      "on_home_percentage": 2.649656526005888,
      "ahead_of_time_count": 0,
      "ahead_of_time_percentage": 0,
      "valid_count": 826,
      "valid_percentage": 40.52993130520118,
      "invalid_count": 21,
      "invalid_percentage": 1.030421982335623,
      "taken_home_count": 0,
      "taken_home_percentage": 0,
      "lost_count": 0,
      "lost_percentage": 0
    },
    "votes_stats": {
      "winning_count": 249,
      "winning_percentage": 29.39787485242031,
      "effective_count": 826,
      "losing_count": 577,
      "losing_percentage": 68.12278630460449,
      "other_count": 21,
      "other_percentage": 2.479338842975207,
      "by_place": {
        "#1": {
          "count": 249,
          "percentage": 29.39787485242031
        },
        "#2": {
          "count": 170,
          "percentage": 20.070838252656433
        },
        "#3": {
          "count": 127,
          "percentage": 14.994096812278631
        },
        "#4": {
          "count": 102,
          "percentage": 12.04250295159386
        },
        "#5": {
          "count": 89,
          "percentage": 10.50767414403778
        },
        "#6": {
          "count": 56,
          "percentage": 6.6115702479338845
        },
        "#7": {
          "count": 23,
          "percentage": 2.715466351829988
        },
        "#8": {
          "count": 10,
          "percentage": 1.1806375442739079
        }
      }
    }
  },
  "turnout_protocols": {
    "17.09.2021": {
      "15.00": {
        "count": 204,
        "count_delta": 204,
        "count_delta_per_hour": 29.142857142857142,
        "count_delta_per_minute": 0.4857142857142857,
        "percentage": 10.01,
        "percentage_delta": 10.01,
        "percentage_delta_per_hour": 1.43,
        "percentage_delta_per_minute": 0.02383333333333333,
        "registered_count": 2038,
        "registered_count_delta": 2038,
        "registered_count_delta_per_hour": 291.14285714285717,
        "registered_count_delta_per_minute": 4.852380952380952
      },
      "20.00": {
        "count": 290,
        "count_delta": 86,
        "count_delta_per_hour": 17.2,
        "count_delta_per_minute": 0.2866666666666667,
        "percentage": 14.23,
        "percentage_delta": 4.220000000000001,
        "percentage_delta_per_hour": 0.8440000000000001,
        "percentage_delta_per_minute": 0.014066666666666668,
        "registered_count": 2038,
        "registered_count_delta": 0,
        "registered_count_delta_per_hour": 0,
        "registered_count_delta_per_minute": 0
      }
    },
    "18.09.2021": {
      "15.00": {
        "count": 385,
        "count_delta": 95,
        "count_delta_per_hour": 13.571428571428571,
        "count_delta_per_minute": 0.2261904761904762,
        "percentage": 18.89,
        "percentage_delta": 4.66,
        "percentage_delta_per_hour": 0.6657142857142857,
        "percentage_delta_per_minute": 0.011095238095238096,
        "registered_count": 2038,
        "registered_count_delta": 0,
        "registered_count_delta_per_hour": 0,
        "registered_count_delta_per_minute": 0
      },
      "20.00": {
        "count": 472,
        "count_delta": 87,
        "count_delta_per_hour": 17.4,
        "count_delta_per_minute": 0.29,
        "percentage": 23.16,
        "percentage_delta": 4.27,
        "percentage_delta_per_hour": 0.8539999999999999,
        "percentage_delta_per_minute": 0.014233333333333332,
        "registered_count": 2038,
        "registered_count_delta": 0,
        "registered_count_delta_per_hour": 0,
        "registered_count_delta_per_minute": 0
      }
    },
    "19.09.2021": {
      "10.00": {
        "count": 497,
        "count_delta": 25,
        "count_delta_per_hour": 12.5,
        "count_delta_per_minute": 0.20833333333333334,
        "percentage": 24.39,
        "percentage_delta": 1.2300000000000004,
        "percentage_delta_per_hour": 0.6150000000000002,
        "percentage_delta_per_minute": 0.010250000000000004
      },
      "12.00": {
        "count": 542,
        "count_delta": 45,
        "count_delta_per_hour": 22.5,
        "count_delta_per_minute": 0.375,
        "percentage": 26.59,
        "percentage_delta": 2.1999999999999993,
        "percentage_delta_per_hour": 1.0999999999999996,
        "percentage_delta_per_minute": 0.018333333333333326
      },
      "15.00": {
        "count": 645,
        "count_delta": 103,
        "count_delta_per_hour": 34.333333333333336,
        "count_delta_per_minute": 0.5722222222222222,
        "percentage": 31.65,
        "percentage_delta": 5.059999999999999,
        "percentage_delta_per_hour": 1.6866666666666663,
        "percentage_delta_per_minute": 0.028111111111111104
      },
      "18.00": {
        "count": 770,
        "count_delta": 125,
        "count_delta_per_hour": 41.666666666666664,
        "count_delta_per_minute": 0.6944444444444444,
        "percentage": 37.78,
        "percentage_delta": 6.130000000000003,
        "percentage_delta_per_hour": 2.0433333333333343,
        "percentage_delta_per_minute": 0.03405555555555557
      },
      "20.00": {
        "count": 847,
        "count_delta": 77,
        "count_delta_per_hour": 38.5,
        "count_delta_per_minute": 0.6416666666666667,
        "percentage": 41.5603532875368,
        "percentage_delta": 3.780353287536798,
        "percentage_delta_per_hour": 1.890176643768399,
        "percentage_delta_per_minute": 0.03150294406280665,
        "registered_count": 2038,
        "registered_count_delta": 0,
        "registered_count_delta_per_hour": 0,
        "registered_count_delta_per_minute": 0
      }
    }
  },
  "metadata": {
    "analysis": {
      "protocol_count": 1,
      "exceeded_papers_count": 0,
      "exceeded_papers_steal_winning": 0,
      "exceeded_papers_provide_extra_places": 0,
      "multiple_winners": 0,
      "checksum_valid": 1
    },
    "voters": {
      "initially_registered_count": 2038,
      "registered_count": 2038,
      "walk_by_count": 793,
      "on_home_count": 54,
      "ahead_of_time_count": 0,
      "exceptional_count": 0
    },
    "papers": {
      "received_count": 1500,
      "destroyed_count": 653,
      "stationary_box_count": 793,
      "portable_box_count": 54,
      "valid_count": 826,
      "invalid_count": 21,
      "lost_count": 0,
      "ignored_count": 0,
      "taken_home_count": 0
    }
  },
  "entries": [
    {
      "name": "Всероссийская политическая партия \"ЕДИНАЯ РОССИЯ\"",
      "position": 2,
      "party_id": 5,
      "official_result": {
        "votes_count": 249,
        "place": 1,
        "percentage": 29.39787485242031,
        "valid_percentage": 30.145278450363193,
        "registered_percentage": 12.217860647693819,
        "display_percentage": 29.4,
        "winner": true
      },
      "result_without_other_entry": {
        "1": {
          "percentage": 36.779911373707534,
          "valid_percentage": 37.957317073170735
        },
        "3": {
          "percentage": 31.479140328697852,
          "valid_percentage": 32.33766233766234
        },
        "4": {
          "percentage": 33.422818791946305,