{
  "commission_name": "УИК №2205",
  "ballot_name": "Выборы депутатов Законодательного Собрания Санкт-Петербурга седьмого созыва",
  "name": "Результаты выборов по одномандатному (многомандатному) округу",
  "protocol_scope": {
    "type": "uik",
    "id": 2205
  },
  "electoral_district": {
    "type": "city",
    "id": 1
  },
  "data_id": 27820001915220,
  "ballot_data_id": 4784017303931,
  "has_koib": false,
  "generated_date": 1632130941000,
  "official_result": {
    "winner": {
      "id": 14,
      "position": 1,
      "percentage": 28.898426323319025,
      "valid_percentage": 30.37593984962406,
      "registered_percentage": 9.046126287505597
    },
    "turnout": {
      "count": 700,
      "percentage": 31.347962382445143,
      "walk_by_count": 676,
      "walk_by_percentage": 30.273175100761307,
      "on_home_count": 24,
      "on_home_percentage": 1.0747872816838333,
      "ahead_of_time_count": 0,
      "ahead_of_time_percentage": 0,
      "valid_count": 665,
      "valid_percentage": 29.780564263322884,
      "invalid_count": 34,
      "invalid_percentage": 1.522615315718764,
      "taken_home_count": 1,
      "taken_home_percentage": 0.044782803403493054,
      "lost_count": 0,
      "lost_percentage": 0
    },
    "votes_stats": {
      "winning_count": 202,
      "winning_percentage": 28.898426323319025,
      "effective_count": 665,
      "losing_count": 463,
      "losing_percentage": 66.23748211731044,
      "other_count": 34,
      "other_percentage": 4.86409155937053,
      "by_place": {
        "#1": {
          "count": 202,
          "percentage": 28.898426323319025
        },
        "#2": {
          "count": 161,
          "percentage": 23.032904148783977,
          "supported_by_smart_vote": true
        },
        "#6": {
          "count": 88,
          "percentage": 12.589413447782546
        },
        "#3": {
          "count": 82,
          "percentage": 11.731044349070102
        },
        "#4": {
          "count": 81,
          "percentage": 11.587982832618025
        },
        "#5": {
          "count": 51,
          "percentage": 7.296137339055794
        }
      }
    }
  },
  "turnout_protocols": {
    "17.09.2021": {
      "15.00": {
        "count": 125,
        "count_delta": 125,
        "count_delta_per_hour": 17.857142857142858,
        "count_delta_per_minute": 0.2976190476190476,
        "percentage": 5.67,
        "percentage_delta": 5.67,
        "percentage_delta_per_hour": 0.8099999999999999,
        "percentage_delta_per_minute": 0.0135,
        "registered_count": 2205,
        "registered_count_delta": 2205,
        "registered_count_delta_per_hour": 315,
        "registered_count_delta_per_minute": 5.25
      },
      "20.00": {
        "count": 220,
        "count_delta": 95,
        "count_delta_per_hour": 19,
        "count_delta_per_minute": 0.31666666666666665,
        "percentage": 9.97,
        "percentage_delta": 4.300000000000001,
        "percentage_delta_per_hour": 0.8600000000000001,
        "percentage_delta_per_minute": 0.014333333333333335,
        "registered_count": 2207,
        "registered_count_delta": 2,
        "registered_count_delta_per_hour": 0.4,
        "registered_count_delta_per_minute": 0.006666666666666667
      }
    },
    "18.09.2021": {
      "15.00": {
        "count": 291,
        "count_delta": 71,
        "count_delta_per_hour": 10.142857142857142,
        "count_delta_per_minute": 0.16904761904761906,
        "percentage": 13.11,
        "percentage_delta": 3.139999999999999,
        "percentage_delta_per_hour": 0.4485714285714284,
        "percentage_delta_per_minute": 0.007476190476190473,
        "registered_count": 2220,
        "registered_count_delta": 13,
        "registered_count_delta_per_hour": 1.8571428571428572,
        "registered_count_delta_per_minute": 0.030952380952380953
      },
      "20.00": {
        "count": 357,
        "count_delta": 66,
        "count_delta_per_hour": 13.2,
        "count_delta_per_minute": 0.22,
        "percentage": 16.09,
        "percentage_delta": 2.9800000000000004,
        "percentage_delta_per_hour": 0.5960000000000001,
        "percentage_delta_per_minute": 0.009933333333333334,
        "registered_count": 2219,
        "registered_count_delta": -1,
        "registered_count_delta_per_hour": -0.2,
        "registered_count_delta_per_minute": -0.0033333333333333335
      }
    },
    "19.09.2021": {
      "10.00": {
        "count": 389,
        "count_delta": 32,
        "count_delta_per_hour": 16,
        "count_delta_per_minute": 0.26666666666666666,
        "percentage": 17.44,
        "percentage_delta": 1.3500000000000014,
        "percentage_delta_per_hour": 0.6750000000000007,
        "percentage_delta_per_minute": 0.011250000000000012
      },
      "12.00": {
        "count": 425,
        "count_delta": 36,
        "count_delta_per_hour": 18,
        "count_delta_per_minute": 0.3,
        "percentage": 19.02,
        "percentage_delta": 1.5799999999999983,
        "percentage_delta_per_hour": 0.7899999999999991,
        "percentage_delta_per_minute": 0.013166666666666653
      },
      "15.00": {
        "count": 500,
        "count_delta": 75,
        "count_delta_per_hour": 25,
        "count_delta_per_minute": 0.4166666666666667,
        "percentage": 22.4,
        "percentage_delta": 3.379999999999999,
        "percentage_delta_per_hour": 1.1266666666666663,
        "percentage_delta_per_minute": 0.01877777777777777
      },
      "18.00": {
        "count": 637,
        "count_delta": 137,
        "count_delta_per_hour": 45.666666666666664,
        "count_delta_per_minute": 0.7611111111111111,
        "percentage": 28.53,
        "percentage_delta": 6.130000000000003,
        "percentage_delta_per_hour": 2.0433333333333343,
        "percentage_delta_per_minute": 0.03405555555555557
      },
      "20.00": {
        "count": 700,
        "count_delta": 63,
        "count_delta_per_hour": 31.5,
        "count_delta_per_minute": 0.525,
        "percentage": 31.347962382445143,
        "percentage_delta": 2.817962382445142,
        "percentage_delta_per_hour": 1.408981191222571,
        "percentage_delta_per_minute": 0.023483019853709517,
        "registered_count": 2233,
        "registered_count_delta": 14,
        "registered_count_delta_per_hour": 1.1666666666666667,
        "registered_count_delta_per_minute": 0.019444444444444445
      }
    }
  },
  "metadata": {
    "analysis": {
      "negative_turnout_registered_count_protocols": 1,
      "negative_turnout_registered_count": 1,
      "protocol_count": 1,
      "exceeded_papers_count": 0,
      "exceeded_papers_steal_winning": 0,
      "checksum_valid": 1
    },
    "voters": {
      "initially_registered_count": 2206,
      "registered_count": 2233,
      "walk_by_count": 676,
      "on_home_count": 24,
      "ahead_of_time_count": 0,
      "exceptional_count": 0,
      "added_count": 27
    },
    "papers": {
      "received_count": 2000,
      "destroyed_count": 1300,
      "stationary_box_count": 675,
      "portable_box_count": 24,
      "valid_count": 665,
      "invalid_count": 34,
      "lost_count": 0,
      "ignored_count": 0,
      "taken_home_count": 1
    }
  },
  "entries": [
    {
      "name": "Астахова Наталия Владимировна",
      "position": 1,
      "candidate_id": 14,
      "supported_by_party_id": 5,
      "official_result": {
        "votes_count": 202,
        "place": 1,
        "percentage": 28.898426323319025,
        "valid_percentage": 30.37593984962406,
        "registered_percentage": 9.046126287505597,
        "display_percentage": 28.9,
        "winner": true
      },
      "result_without_other_entry": {
        "15": {
          "percentage": 37.54646840148699,
          "valid_percentage": 40.07936507936508
        },
        "16": {
          "percentage": 31.17283950617284,
          "valid_percentage": 32.89902280130293
        },
        "17": {
          "percentage": 32.68608414239482,