{
  "commission_name": "УИК №1270",
  "ballot_name": "Выборы депутатов Законодательного Собрания Санкт-Петербурга седьмого созыва",
  "name": "Результаты выборов по единому округу",
  "protocol_scope": {
    "type": "uik",
    "id": 1270
  },
  "electoral_district": {
    "type": "city",
    "id": 0
  },
  "data_id": 27820001915220,
  "ballot_data_id": 4784009283097,
  "has_koib": false,
  "generated_date": 1632115513000,
  "official_result": {
    "winner": {
      "id": 5,
      "position": 2,
      "percentage": 39.130434782608695,
      "valid_percentage": 40.909090909090914,
      "registered_percentage": 21.176470588235293
    },
    "turnout": {
      "count": 46,
      "percentage": 54.11764705882353,
      "walk_by_count": 31,
      "walk_by_percentage": 36.470588235294116,
      "on_home_count": 15,
      "on_home_percentage": 17.647058823529413,
      "ahead_of_time_count": 0,
      "ahead_of_time_percentage": 0,
      "valid_count": 44,
      "valid_percentage": 51.76470588235295,
      "invalid_count": 2,
      "invalid_percentage": 2.3529411764705883,
      "taken_home_count": 0,
      "taken_home_percentage": 0,
      "lost_count": 0,
      "lost_percentage": 0
    },
    "votes_stats": {
      "winning_count": 18,
      "winning_percentage": 39.130434782608695,
      "effective_count": 44,
      "losing_count": 26,
      "losing_percentage": 56.52173913043478,
      "other_count": 2,
      "other_percentage": 4.3478260869565215,
      "by_place": {
        "#1": {
          "count": 18,
          "percentage": 39.130434782608695
        },
        "#3.5": {
          "count": 12,
          "percentage": 26.08695652173913
        },
        "#2": {
          "count": 7,
          "percentage": 15.217391304347828
        },
        "#4": {
          "count": 3,
          "percentage": 6.521739130434782
        },
        "#5": {
          "count": 2,
          "percentage": 4.3478260869565215
        },
        "#6": {
          "count": 2,
          "percentage": 4.3478260869565215
        }
      }
    }
  },
  "turnout_protocols": {
    "17.09.2021": {
      "15.00": {
        "count": 6,
        "count_delta": 6,
        "count_delta_per_hour": 0.8571428571428571,
        "count_delta_per_minute": 0.014285714285714285,
        "percentage": 7.06,
        "percentage_delta": 7.06,
        "percentage_delta_per_hour": 1.0085714285714285,
        "percentage_delta_per_minute": 0.01680952380952381,
        "registered_count": 85,
        "registered_count_delta": 85,
        "registered_count_delta_per_hour": 12.142857142857142,
        "registered_count_delta_per_minute": 0.20238095238095238
      },
      "20.00": {
        "count": 16,
        "count_delta": 10,
        "count_delta_per_hour": 2,
        "count_delta_per_minute": 0.03333333333333333,
        "percentage": 18.82,
        "percentage_delta": 11.760000000000002,
        "percentage_delta_per_hour": 2.3520000000000003,
        "percentage_delta_per_minute": 0.039200000000000006,
        "registered_count": 85,
        "registered_count_delta": 0,
        "registered_count_delta_per_hour": 0,
        "registered_count_delta_per_minute": 0
      }
    },
    "18.09.2021": {
      "15.00": {
        "count": 18,
        "count_delta": 2,
        "count_delta_per_hour": 0.2857142857142857,
        "count_delta_per_minute": 0.004761904761904762,
        "percentage": 21.18,
        "percentage_delta": 2.3599999999999994,
        "percentage_delta_per_hour": 0.3371428571428571,
        "percentage_delta_per_minute": 0.005619047619047617,
        "registered_count": 85,
        "registered_count_delta": 0,
        "registered_count_delta_per_hour": 0,
        "registered_count_delta_per_minute": 0
      },
      "20.00": {
        "count": 23,
        "count_delta": 5,
        "count_delta_per_hour": 1,
        "count_delta_per_minute": 0.016666666666666666,
        "percentage": 27.06,
        "percentage_delta": 5.879999999999999,
        "percentage_delta_per_hour": 1.1759999999999997,
        "percentage_delta_per_minute": 0.019599999999999996,
        "registered_count": 85,
        "registered_count_delta": 0,
        "registered_count_delta_per_hour": 0,
        "registered_count_delta_per_minute": 0
      }
    },
    "19.09.2021": {
      "10.00": {
        "count": 27,
        "count_delta": 4,
        "count_delta_per_hour": 2,
        "count_delta_per_minute": 0.03333333333333333,
        "percentage": 31.76,
        "percentage_delta": 4.700000000000003,
        "percentage_delta_per_hour": 2.3500000000000014,
        "percentage_delta_per_minute": 0.03916666666666669
      },
      "12.00": {
        "count": 30,
        "count_delta": 3,
        "count_delta_per_hour": 1.5,
        "count_delta_per_minute": 0.025,
        "percentage": 35.29,
        "percentage_delta": 3.5299999999999976,
        "percentage_delta_per_hour": 1.7649999999999988,
        "percentage_delta_per_minute": 0.029416666666666647
      },
      "15.00": {
        "count": 32,
        "count_delta": 2,
        "count_delta_per_hour": 0.6666666666666666,
        "count_delta_per_minute": 0.011111111111111112,
        "percentage": 37.65,
        "percentage_delta": 2.3599999999999994,
        "percentage_delta_per_hour": 0.7866666666666665,
        "percentage_delta_per_minute": 0.013111111111111108
      },
      "18.00": {
        "count": 36,
        "count_delta": 4,
        "count_delta_per_hour": 1.3333333333333333,
        "count_delta_per_minute": 0.022222222222222223,
        "percentage": 42.35,
        "percentage_delta": 4.700000000000003,
        "percentage_delta_per_hour": 1.5666666666666675,
        "percentage_delta_per_minute": 0.026111111111111127
      },
      "20.00": {
        "count": 46,
        "count_delta": 10,
        "count_delta_per_hour": 5,
        "count_delta_per_minute": 0.08333333333333333,
        "percentage": 54.11764705882353,
        "percentage_delta": 11.767647058823528,
        "percentage_delta_per_hour": 5.883823529411764,
        "percentage_delta_per_minute": 0.09806372549019607,
        "registered_count": 85,
        "registered_count_delta": 0,
        "registered_count_delta_per_hour": 0,
        "registered_count_delta_per_minute": 0
      }
    }
  },
  "metadata": {
    "analysis": {
      "protocol_count": 1,
      "exceeded_papers_count": 0,
      "exceeded_papers_steal_winning": 0,
      "exceeded_papers_provide_extra_places": 0,
      "multiple_winners": 0,
      "checksum_valid": 1
    },
    "voters": {
      "initially_registered_count": 85,
      "registered_count": 85,
      "walk_by_count": 31,
      "on_home_count": 15,
      "ahead_of_time_count": 0,
      "exceptional_count": 0
    },
    "papers": {
      "received_count": 60,
      "destroyed_count": 14,
      "stationary_box_count": 31,
      "portable_box_count": 15,
      "valid_count": 44,
      "invalid_count": 2,
      "lost_count": 0,
      "ignored_count": 0,
      "taken_home_count": 0
    }
  },
  "entries": [
    {
      "name": "Всероссийская политическая партия \"ЕДИНАЯ РОССИЯ\"",
      "position": 2,
      "party_id": 5,
      "official_result": {
        "votes_count": 18,
        "place": 1,
        "percentage": 39.130434782608695,
        "valid_percentage": 40.909090909090914,
        "registered_percentage": 21.176470588235293,
        "display_percentage": 39.13,
        "winner": true
      },
      "result_without_other_entry": {
        "1": {
          "percentage": 46.15384615384615,
          "valid_percentage": 48.64864864864865
        },
        "3": {
          "percentage": 45,
          "valid_percentage": 47.368421052631575
        },
        "4": {
          "percentage": 40.909090909090914,
          "valid_percentage": 42.857142857142854
        },
        "6": {
          "percentage": 45,
          "valid_percentage": 47.368421052631575
        },
        "7": {
          "percentage": 41.86046511627907,