{
  "commission_name": "УИК №334",
  "ballot_name": "Выборы депутатов Законодательного Собрания Санкт-Петербурга седьмого созыва",
  "name": "Результаты выборов по одномандатному (многомандатному) округу",
  "protocol_scope": {
    "type": "uik",
    "id": 334
  },
  "electoral_district": {
    "type": "city",
    "id": 5
  },
  "data_id": 27820001915220,
  "ballot_data_id": 4784024397175,
  "has_koib": false,
  "generated_date": 1632131503000,
  "official_result": {
    "winner": {
      "id": 146,
      "position": 3,
      "percentage": 48.285198555956676,
      "valid_percentage": 50.140581068416125,
      "registered_percentage": 21.054702872884693
    },
    "turnout": {
      "count": 1205,
      "percentage": 47.42227469500197,
      "walk_by_count": 947,
      "walk_by_percentage": 37.26879181424636,
      "on_home_count": 258,
      "on_home_percentage": 10.15348288075561,
      "ahead_of_time_count": 0,
      "ahead_of_time_percentage": 0,
      "valid_count": 1067,
      "valid_percentage": 41.99134199134199,
      "invalid_count": 41,
      "invalid_percentage": 1.6135379771743408,
      "taken_home_count": 97,
      "taken_home_percentage": 3.817394726485636,
      "lost_count": 0,
      "lost_percentage": 0
    },
    "votes_stats": {
      "winning_count": 535,
      "winning_percentage": 48.285198555956676,
      "effective_count": 1067,
      "losing_count": 532,
      "losing_percentage": 48.014440433213,
      "other_count": 41,
      "other_percentage": 3.7003610108303246,
      "by_place": {
        "#1": {
          "count": 535,
          "percentage": 48.285198555956676
        },
        "#2": {
          "count": 207,
          "percentage": 18.68231046931408
        },
        "#3": {
          "count": 121,
          "percentage": 10.920577617328519,
          "supported_by_smart_vote": true
        },
        "#4": {
          "count": 73,
          "percentage": 6.588447653429603
        },
        "#5": {
          "count": 52,
          "percentage": 4.693140794223827
        },
        "#6": {
          "count": 49,
          "percentage": 4.422382671480144
        },
        "#7": {
          "count": 30,
          "percentage": 2.707581227436823
        }
      }
    }
  },
  "turnout_protocols": {
    "17.09.2021": {
      "15.00": {
        "count": 511,
        "count_delta": 511,
        "count_delta_per_hour": 73,
        "count_delta_per_minute": 1.2166666666666666,
        "percentage": 20.33,
        "percentage_delta": 20.33,
        "percentage_delta_per_hour": 2.904285714285714,
        "percentage_delta_per_minute": 0.0484047619047619,
        "registered_count": 2514,
        "registered_count_delta": 2514,
        "registered_count_delta_per_hour": 359.14285714285717,
        "registered_count_delta_per_minute": 5.985714285714286
      },
      "20.00": {
        "count": 807,
        "count_delta": 296,
        "count_delta_per_hour": 59.2,
        "count_delta_per_minute": 0.9866666666666667,
        "percentage": 32.1,
        "percentage_delta": 11.770000000000003,
        "percentage_delta_per_hour": 2.3540000000000005,
        "percentage_delta_per_minute": 0.03923333333333334,
        "registered_count": 2514,
        "registered_count_delta": 0,
        "registered_count_delta_per_hour": 0,
        "registered_count_delta_per_minute": 0
      }
    },
    "18.09.2021": {
      "15.00": {
        "count": 1140,
        "count_delta": 333,
        "count_delta_per_hour": 47.57142857142857,
        "count_delta_per_minute": 0.7928571428571428,
        "percentage": 45.35,
        "percentage_delta": 13.25,
        "percentage_delta_per_hour": 1.8928571428571428,
        "percentage_delta_per_minute": 0.03154761904761905,
        "registered_count": 2514,
        "registered_count_delta": 0,
        "registered_count_delta_per_hour": 0,
        "registered_count_delta_per_minute": 0
      },
      "20.00": {
        "count": 1140,
        "count_delta": 0,
        "count_delta_per_hour": 0,
        "count_delta_per_minute": 0,
        "percentage": 45.35,
        "percentage_delta": 0,
        "percentage_delta_per_hour": 0,
        "percentage_delta_per_minute": 0,
        "registered_count": 2514,
        "registered_count_delta": 0,
        "registered_count_delta_per_hour": 0,
        "registered_count_delta_per_minute": 0
      }
    },
    "19.09.2021": {
      "10.00": {
        "count": 1152,
        "count_delta": 12,
        "count_delta_per_hour": 6,
        "count_delta_per_minute": 0.1,
        "percentage": 45.35,
        "percentage_delta": 0,
        "percentage_delta_per_hour": 0,
        "percentage_delta_per_minute": 0
      },
      "12.00": {
        "count": 1152,
        "count_delta": 0,
        "count_delta_per_hour": 0,
        "count_delta_per_minute": 0,
        "percentage": 45.35,
        "percentage_delta": 0,
        "percentage_delta_per_hour": 0,
        "percentage_delta_per_minute": 0
      },
      "15.00": {
        "count": 1152,
        "count_delta": 0,
        "count_delta_per_hour": 0,
        "count_delta_per_minute": 0,
        "percentage": 45.35,
        "percentage_delta": 0,
        "percentage_delta_per_hour": 0,
        "percentage_delta_per_minute": 0
      },
      "18.00": {
        "count": 1203,
        "count_delta": 51,
        "count_delta_per_hour": 17,
        "count_delta_per_minute": 0.2833333333333333,
        "percentage": 47.33,
        "percentage_delta": 1.9799999999999969,
        "percentage_delta_per_hour": 0.6599999999999989,
        "percentage_delta_per_minute": 0.010999999999999982
      },
      "20.00": {
        "count": 1205,
        "count_delta": 2,
        "count_delta_per_hour": 1,
        "count_delta_per_minute": 0.016666666666666666,
        "percentage": 47.42227469500197,
        "percentage_delta": 0.09227469500196861,
        "percentage_delta_per_hour": 0.046137347500984305,
        "percentage_delta_per_minute": 0.0007689557916830717,
        "registered_count": 2541,
        "registered_count_delta": 27,
        "registered_count_delta_per_hour": 2.25,
        "registered_count_delta_per_minute": 0.0375
      }
    }
  },
  "metadata": {
    "analysis": {
      "protocol_count": 1,
      "exceeded_papers_count": 0,
      "exceeded_papers_steal_winning": 0,
      "checksum_valid": 1
    },
    "voters": {
      "initially_registered_count": 2514,
      "registered_count": 2541,
      "walk_by_count": 947,
      "on_home_count": 258,
      "ahead_of_time_count": 0,
      "exceptional_count": 0,
      "added_count": 27
    },
    "papers": {
      "received_count": 1499,
      "destroyed_count": 294,
      "stationary_box_count": 850,
      "portable_box_count": 258,
      "valid_count": 1067,
      "invalid_count": 41,
      "lost_count": 0,
      "ignored_count": 0,
      "taken_home_count": 97
    }
  },
  "entries": [
    {
      "name": "Иванова Ирина Владимировна",
      "position": 3,
      "candidate_id": 146,
      "supported_by_party_id": 1,
      "official_result": {
        "votes_count": 535,
        "place": 1,
        "percentage": 48.285198555956676,
        "valid_percentage": 50.140581068416125,
        "registered_percentage": 21.054702872884693,
        "display_percentage": 48.29,
        "winner": true
      },
      "result_without_other_entry": {
        "147": {
          "percentage": 51.690821256038646,
          "valid_percentage": 53.82293762575453
        },
        "158": {
          "percentage": 54.20466058763931,
          "valid_percentage": 56.553911205073994
        },
        "159": {
          "percentage": 59.37846836847947,
          "valid_percentage": 62.2093023255814
        },
        "160": {
          "percentage": 50.66287878787878,
          "valid_percentage": 52.70935960591133
        },
        "161": {
          "percentage": 50.519357884796975,
          "valid_percentage": 52.554027504911595
        },