{
  "commission_name": "УИК №2114",
  "ballot_name": "Выборы депутатов Законодательного Собрания Санкт-Петербурга седьмого созыва",
  "name": "Результаты выборов по одномандатному (многомандатному) округу",
  "protocol_scope": {
    "type": "uik",
    "id": 2114
  },
  "electoral_district": {
    "type": "city",
    "id": 22
  },
  "data_id": 27820001915220,
  "ballot_data_id": 4784029471278,
  "has_koib": false,
  "generated_date": 1632125777000,
  "official_result": {
    "winner": {
      "id": 212,
      "position": 2,
      "percentage": 66.14832535885168,
      "valid_percentage": 67.2749391727494,
      "registered_percentage": 20.923193340900493
    },
    "turnout": {
      "count": 848,
      "percentage": 32.08475217555808,
      "walk_by_count": 840,
      "walk_by_percentage": 31.782065834279226,
      "on_home_count": 8,
      "on_home_percentage": 0.3026863412788498,
      "ahead_of_time_count": 0,
      "ahead_of_time_percentage": 0,
      "valid_count": 822,
      "valid_percentage": 31.101021566401815,
      "invalid_count": 14,
      "invalid_percentage": 0.5297010972379872,
      "taken_home_count": 12,
      "taken_home_percentage": 0.4540295119182747,
      "lost_count": 0,
      "lost_percentage": 0
    },
    "votes_stats": {
      "winning_count": 553,
      "winning_percentage": 66.14832535885168,
      "effective_count": 822,
      "losing_count": 269,
      "losing_percentage": 32.177033492822964,
      "other_count": 14,
      "other_percentage": 1.674641148325359,
      "by_place": {
        "#1": {
          "count": 553,
          "percentage": 66.14832535885168
        },
        "#2": {
          "count": 130,
          "percentage": 15.550239234449762,
          "supported_by_smart_vote": true
        },
        "#3": {
          "count": 65,
          "percentage": 7.775119617224881
        },
        "#4": {
          "count": 33,
          "percentage": 3.9473684210526314
        },
        "#5": {
          "count": 27,
          "percentage": 3.2296650717703352
        },
        "#6": {
          "count": 14,
          "percentage": 1.674641148325359
        }
      }
    }
  },
  "turnout_protocols": {
    "17.09.2021": {
      "15.00": {
        "count": 132,
        "count_delta": 132,
        "count_delta_per_hour": 18.857142857142858,
        "count_delta_per_minute": 0.3142857142857143,
        "percentage": 4.98,
        "percentage_delta": 4.98,
        "percentage_delta_per_hour": 0.7114285714285715,
        "percentage_delta_per_minute": 0.011857142857142858,
        "registered_count": 2651,
        "registered_count_delta": 2651,
        "registered_count_delta_per_hour": 378.7142857142857,
        "registered_count_delta_per_minute": 6.311904761904762
      },
      "20.00": {
        "count": 201,
        "count_delta": 69,
        "count_delta_per_hour": 13.8,
        "count_delta_per_minute": 0.23,
        "percentage": 7.57,
        "percentage_delta": 2.59,
        "percentage_delta_per_hour": 0.518,
        "percentage_delta_per_minute": 0.008633333333333333,
        "registered_count": 2655,
        "registered_count_delta": 4,
        "registered_count_delta_per_hour": 0.8,
        "registered_count_delta_per_minute": 0.013333333333333334
      }
    },
    "18.09.2021": {
      "15.00": {
        "count": 344,
        "count_delta": 143,
        "count_delta_per_hour": 20.428571428571427,
        "count_delta_per_minute": 0.3404761904761905,
        "percentage": 12.96,
        "percentage_delta": 5.390000000000001,
        "percentage_delta_per_hour": 0.7700000000000001,
        "percentage_delta_per_minute": 0.012833333333333335,
        "registered_count": 2654,
        "registered_count_delta": -1,
        "registered_count_delta_per_hour": -0.14285714285714285,
        "registered_count_delta_per_minute": -0.002380952380952381
      },
      "20.00": {
        "count": 420,
        "count_delta": 76,
        "count_delta_per_hour": 15.2,
        "count_delta_per_minute": 0.25333333333333335,
        "percentage": 15.81,
        "percentage_delta": 2.8499999999999996,
        "percentage_delta_per_hour": 0.57,
        "percentage_delta_per_minute": 0.009499999999999998,
        "registered_count": 2657,
        "registered_count_delta": 3,
        "registered_count_delta_per_hour": 0.6,
        "registered_count_delta_per_minute": 0.01
      }
    },
    "19.09.2021": {
      "10.00": {
        "count": 432,
        "count_delta": 12,
        "count_delta_per_hour": 6,
        "count_delta_per_minute": 0.1,
        "percentage": 16.34,
        "percentage_delta": 0.5299999999999994,
        "percentage_delta_per_hour": 0.2649999999999997,
        "percentage_delta_per_minute": 0.004416666666666662
      },
      "12.00": {
        "count": 465,
        "count_delta": 33,
        "count_delta_per_hour": 16.5,
        "count_delta_per_minute": 0.275,
        "percentage": 17.58,
        "percentage_delta": 1.2399999999999984,
        "percentage_delta_per_hour": 0.6199999999999992,
        "percentage_delta_per_minute": 0.010333333333333321
      },
      "15.00": {
        "count": 573,
        "count_delta": 108,
        "count_delta_per_hour": 36,
        "count_delta_per_minute": 0.6,
        "percentage": 21.69,
        "percentage_delta": 4.110000000000003,
        "percentage_delta_per_hour": 1.370000000000001,
        "percentage_delta_per_minute": 0.02283333333333335
      },
      "18.00": {
        "count": 681,
        "count_delta": 108,
        "count_delta_per_hour": 36,
        "count_delta_per_minute": 0.6,
        "percentage": 25.75,
        "percentage_delta": 4.059999999999999,
        "percentage_delta_per_hour": 1.3533333333333328,
        "percentage_delta_per_minute": 0.022555555555555547
      },
      "20.00": {
        "count": 848,
        "count_delta": 167,
        "count_delta_per_hour": 83.5,
        "count_delta_per_minute": 1.3916666666666666,
        "percentage": 32.08475217555808,
        "percentage_delta": 6.33475217555808,
        "percentage_delta_per_hour": 3.16737608777904,
        "percentage_delta_per_minute": 0.052789601462984,
        "registered_count": 2643,
        "registered_count_delta": -14,
        "registered_count_delta_per_hour": -1.1666666666666667,
        "registered_count_delta_per_minute": -0.019444444444444445
      }
    }
  },
  "metadata": {
    "analysis": {
      "negative_turnout_registered_count_protocols": 1,
      "negative_turnout_registered_count": 14,
      "protocol_count": 1,
      "exceeded_papers_count": 0,
      "exceeded_papers_steal_winning": 0,
      "checksum_valid": 1
    },
    "voters": {
      "initially_registered_count": 2650,
      "registered_count": 2643,
      "walk_by_count": 840,
      "on_home_count": 8,
      "ahead_of_time_count": 0,
      "exceptional_count": 0,
      "removed_count": 7
    },
    "papers": {
      "received_count": 2000,
      "destroyed_count": 1152,
      "stationary_box_count": 828,
      "portable_box_count": 8,
      "valid_count": 822,
      "invalid_count": 14,
      "lost_count": 0,
      "ignored_count": 0,
      "taken_home_count": 12
    }
  },
  "entries": [
    {
      "name": "Егорова Любовь Ивановна",
      "position": 2,
      "candidate_id": 212,
      "supported_by_party_id": 5,
      "official_result": {
        "votes_count": 553,
        "place": 1,
        "percentage": 66.14832535885168,
        "valid_percentage": 67.2749391727494,
        "registered_percentage": 20.923193340900493,
        "display_percentage": 66.15,
        "winner": true
      },
      "result_without_other_entry": {
        "248": {
          "percentage": 71.72503242542153,
          "valid_percentage": 73.05151915455747
        },
        "249": {
          "percentage": 68.8667496886675,
          "valid_percentage": 70.08871989860583
        },
        "250": {
          "percentage": 67.2749391727494,
          "valid_percentage": 68.44059405940595
        },