{
  "commission_name": "УИК №615",
  "ballot_name": "Выборы депутатов Законодательного Собрания Санкт-Петербурга седьмого созыва",
  "name": "Результаты выборов по единому округу",
  "protocol_scope": {
    "type": "uik",
    "id": 615
  },
  "electoral_district": {
    "type": "city",
    "id": 0
  },
  "data_id": 27820001915220,
  "ballot_data_id": 9789005585523,
  "has_koib": false,
  "generated_date": 1632119491000,
  "official_result": {
    "winner": {
      "id": 5,
      "position": 2,
      "percentage": 29.53020134228188,
      "valid_percentage": 30.344827586206897,
      "registered_percentage": 9.263157894736842
    },
    "turnout": {
      "count": 447,
      "percentage": 31.36842105263158,
      "walk_by_count": 445,
      "walk_by_percentage": 31.2280701754386,
      "on_home_count": 2,
      "on_home_percentage": 0.14035087719298245,
      "ahead_of_time_count": 0,
      "ahead_of_time_percentage": 0,
      "valid_count": 435,
      "valid_percentage": 30.526315789473685,
      "invalid_count": 12,
      "invalid_percentage": 0.8421052631578947,
      "taken_home_count": 0,
      "taken_home_percentage": 0,
      "lost_count": 0,
      "lost_percentage": 0
    },
    "votes_stats": {
      "winning_count": 132,
      "winning_percentage": 29.53020134228188,
      "effective_count": 435,
      "losing_count": 303,
      "losing_percentage": 67.78523489932886,
      "other_count": 12,
      "other_percentage": 2.684563758389262,
      "by_place": {
        "#1": {
          "count": 132,
          "percentage": 29.53020134228188
        },
        "#2": {
          "count": 84,
          "percentage": 18.79194630872483
        },
        "#3": {
          "count": 59,
          "percentage": 13.19910514541387
        },
        "#4": {
          "count": 54,
          "percentage": 12.080536912751679
        },
        "#5": {
          "count": 47,
          "percentage": 10.51454138702461
        },
        "#6": {
          "count": 38,
          "percentage": 8.501118568232663
        },
        "#7": {
          "count": 18,
          "percentage": 4.026845637583892
        },
        "#8": {
          "count": 3,
          "percentage": 0.6711409395973155
        }
      }
    }
  },
  "turnout_protocols": {
    "17.09.2021": {
      "15.00": {
        "count": 109,
        "count_delta": 109,
        "count_delta_per_hour": 15.571428571428571,
        "count_delta_per_minute": 0.25952380952380955,
        "percentage": 7.56,
        "percentage_delta": 7.56,
        "percentage_delta_per_hour": 1.0799999999999998,
        "percentage_delta_per_minute": 0.018,
        "registered_count": 1442,
        "registered_count_delta": 1442,
        "registered_count_delta_per_hour": 206,
        "registered_count_delta_per_minute": 3.433333333333333
      },
      "20.00": {
        "count": 137,
        "count_delta": 28,
        "count_delta_per_hour": 5.6,
        "count_delta_per_minute": 0.09333333333333334,
        "percentage": 9.76,
        "percentage_delta": 2.2,
        "percentage_delta_per_hour": 0.44000000000000006,
        "percentage_delta_per_minute": 0.007333333333333334,
        "registered_count": 1404,
        "registered_count_delta": -38,
        "registered_count_delta_per_hour": -7.6,
        "registered_count_delta_per_minute": -0.12666666666666668
      }
    },
    "18.09.2021": {
      "15.00": {
        "count": 203,
        "count_delta": 66,
        "count_delta_per_hour": 9.428571428571429,
        "count_delta_per_minute": 0.15714285714285714,
        "percentage": 14.47,
        "percentage_delta": 4.710000000000001,
        "percentage_delta_per_hour": 0.6728571428571429,
        "percentage_delta_per_minute": 0.011214285714285717,
        "registered_count": 1403,
        "registered_count_delta": -1,
        "registered_count_delta_per_hour": -0.14285714285714285,
        "registered_count_delta_per_minute": -0.002380952380952381
      },
      "20.00": {
        "count": 241,
        "count_delta": 38,
        "count_delta_per_hour": 7.6,
        "count_delta_per_minute": 0.12666666666666668,
        "percentage": 17.18,
        "percentage_delta": 2.709999999999999,
        "percentage_delta_per_hour": 0.5419999999999998,
        "percentage_delta_per_minute": 0.00903333333333333,
        "registered_count": 1403,
        "registered_count_delta": 0,
        "registered_count_delta_per_hour": 0,
        "registered_count_delta_per_minute": 0
      }
    },
    "19.09.2021": {
      "10.00": {
        "count": 255,
        "count_delta": 14,
        "count_delta_per_hour": 7,
        "count_delta_per_minute": 0.11666666666666667,
        "percentage": 17.89,
        "percentage_delta": 0.7100000000000009,
        "percentage_delta_per_hour": 0.3550000000000004,
        "percentage_delta_per_minute": 0.005916666666666673
      },
      "12.00": {
        "count": 283,
        "count_delta": 28,
        "count_delta_per_hour": 14,
        "count_delta_per_minute": 0.23333333333333334,
        "percentage": 19.89,
        "percentage_delta": 2,
        "percentage_delta_per_hour": 1,
        "percentage_delta_per_minute": 0.016666666666666666
      },
      "15.00": {
        "count": 338,
        "count_delta": 55,
        "count_delta_per_hour": 18.333333333333332,
        "count_delta_per_minute": 0.3055555555555556,
        "percentage": 23.73,
        "percentage_delta": 3.84,
        "percentage_delta_per_hour": 1.28,
        "percentage_delta_per_minute": 0.021333333333333333
      },
      "18.00": {
        "count": 402,
        "count_delta": 64,
        "count_delta_per_hour": 21.333333333333332,
        "count_delta_per_minute": 0.35555555555555557,
        "percentage": 28.23,
        "percentage_delta": 4.5,
        "percentage_delta_per_hour": 1.5,
        "percentage_delta_per_minute": 0.025
      },
      "20.00": {
        "count": 447,
        "count_delta": 45,
        "count_delta_per_hour": 22.5,
        "count_delta_per_minute": 0.375,
        "percentage": 31.36842105263158,
        "percentage_delta": 3.1384210526315783,
        "percentage_delta_per_hour": 1.5692105263157892,
        "percentage_delta_per_minute": 0.02615350877192982,
        "registered_count": 1425,
        "registered_count_delta": 22,
        "registered_count_delta_per_hour": 1.8333333333333333,
        "registered_count_delta_per_minute": 0.030555555555555555
      }
    }
  },
  "metadata": {
    "analysis": {
      "negative_turnout_registered_count_protocols": 1,
      "negative_turnout_registered_count": 1,
      "protocol_count": 1,
      "exceeded_papers_count": 0,
      "exceeded_papers_steal_winning": 0,
      "exceeded_papers_provide_extra_places": 0,
      "multiple_winners": 0,
      "checksum_valid": 1
    },
    "voters": {
      "initially_registered_count": 1403,
      "registered_count": 1425,
      "walk_by_count": 445,
      "on_home_count": 2,
      "ahead_of_time_count": 0,
      "exceptional_count": 0,
      "added_count": 22
    },
    "papers": {
      "received_count": 1200,
      "destroyed_count": 753,
      "stationary_box_count": 445,
      "portable_box_count": 2,
      "valid_count": 435,
      "invalid_count": 12,
      "lost_count": 0,
      "ignored_count": 0,
      "taken_home_count": 0
    }
  },
  "entries": [
    {
      "name": "Всероссийская политическая партия \"ЕДИНАЯ РОССИЯ\"",
      "position": 2,
      "party_id": 5,
      "official_result": {
        "votes_count": 132,
        "place": 1,
        "percentage": 29.53020134228188,
        "valid_percentage": 30.344827586206897,
        "registered_percentage": 9.263157894736842,
        "display_percentage": 29.53,
        "winner": true
      },
      "result_without_other_entry": {
        "1": {
          "percentage": 36.36363636363637,
          "valid_percentage": 37.60683760683761
        },
        "3": {
          "percentage": 32.27383863080684,