{
  "commission_name": "УИК №1291",
  "ballot_name": "Выборы депутатов Законодательного Собрания Санкт-Петербурга седьмого созыва",
  "name": "Результаты выборов по одномандатному (многомандатному) округу",
  "protocol_scope": {
    "type": "uik",
    "id": 1291
  },
  "electoral_district": {
    "type": "city",
    "id": 20
  },
  "data_id": 27820001915220,
  "ballot_data_id": 4784010407144,
  "has_koib": false,
  "generated_date": 1632125710000,
  "official_result": {
    "winner": {
      "id": 192,
      "position": 3,
      "percentage": 36.11111111111111,
      "valid_percentage": 37.261146496815286,
      "registered_percentage": 10.617059891107077
    },
    "turnout": {
      "count": 324,
      "percentage": 29.401088929219597,
      "walk_by_count": 319,
      "walk_by_percentage": 28.947368421052634,
      "on_home_count": 5,
      "on_home_percentage": 0.4537205081669692,
      "ahead_of_time_count": 0,
      "ahead_of_time_percentage": 0,
      "valid_count": 314,
      "valid_percentage": 28.49364791288566,
      "invalid_count": 10,
      "invalid_percentage": 0.9074410163339384,
      "taken_home_count": 0,
      "taken_home_percentage": 0,
      "lost_count": 0,
      "lost_percentage": 0
    },
    "votes_stats": {
      "winning_count": 117,
      "winning_percentage": 36.11111111111111,
      "effective_count": 314,
      "losing_count": 197,
      "losing_percentage": 60.802469135802475,
      "other_count": 10,
      "other_percentage": 3.0864197530864197,
      "by_place": {
        "#1": {
          "count": 117,
          "percentage": 36.11111111111111
        },
        "#2": {
          "count": 71,
          "percentage": 21.91358024691358,
          "supported_by_smart_vote": true
        },
        "#3": {
          "count": 47,
          "percentage": 14.506172839506174
        },
        "#4": {
          "count": 30,
          "percentage": 9.25925925925926
        },
        "#5": {
          "count": 21,
          "percentage": 6.481481481481481
        },
        "#6": {
          "count": 16,
          "percentage": 4.938271604938271
        },
        "#7": {
          "count": 12,
          "percentage": 3.7037037037037033
        }
      }
    }
  },
  "turnout_protocols": {
    "17.09.2021": {
      "15.00": {
        "count": 54,
        "count_delta": 54,
        "count_delta_per_hour": 7.714285714285714,
        "count_delta_per_minute": 0.12857142857142856,
        "percentage": 4.91,
        "percentage_delta": 4.91,
        "percentage_delta_per_hour": 0.7014285714285714,
        "percentage_delta_per_minute": 0.01169047619047619,
        "registered_count": 1100,
        "registered_count_delta": 1100,
        "registered_count_delta_per_hour": 157.14285714285714,
        "registered_count_delta_per_minute": 2.619047619047619
      },
      "20.00": {
        "count": 91,
        "count_delta": 37,
        "count_delta_per_hour": 7.4,
        "count_delta_per_minute": 0.12333333333333334,
        "percentage": 8.27,
        "percentage_delta": 3.3599999999999994,
        "percentage_delta_per_hour": 0.6719999999999999,
        "percentage_delta_per_minute": 0.011199999999999998,
        "registered_count": 1100,
        "registered_count_delta": 0,
        "registered_count_delta_per_hour": 0,
        "registered_count_delta_per_minute": 0
      }
    },
    "18.09.2021": {
      "15.00": {
        "count": 111,
        "count_delta": 20,
        "count_delta_per_hour": 2.857142857142857,
        "count_delta_per_minute": 0.047619047619047616,
        "percentage": 10.09,
        "percentage_delta": 1.8200000000000003,
        "percentage_delta_per_hour": 0.26000000000000006,
        "percentage_delta_per_minute": 0.004333333333333334,
        "registered_count": 1100,
        "registered_count_delta": 0,
        "registered_count_delta_per_hour": 0,
        "registered_count_delta_per_minute": 0
      },
      "20.00": {
        "count": 142,
        "count_delta": 31,
        "count_delta_per_hour": 6.2,
        "count_delta_per_minute": 0.10333333333333333,
        "percentage": 12.91,
        "percentage_delta": 2.8200000000000003,
        "percentage_delta_per_hour": 0.5640000000000001,
        "percentage_delta_per_minute": 0.0094,
        "registered_count": 1100,
        "registered_count_delta": 0,
        "registered_count_delta_per_hour": 0,
        "registered_count_delta_per_minute": 0
      }
    },
    "19.09.2021": {
      "10.00": {
        "count": 146,
        "count_delta": 4,
        "count_delta_per_hour": 2,
        "count_delta_per_minute": 0.03333333333333333,
        "percentage": 13.27,
        "percentage_delta": 0.35999999999999943,
        "percentage_delta_per_hour": 0.17999999999999972,
        "percentage_delta_per_minute": 0.0029999999999999953
      },
      "12.00": {
        "count": 155,
        "count_delta": 9,
        "count_delta_per_hour": 4.5,
        "count_delta_per_minute": 0.075,
        "percentage": 14.09,
        "percentage_delta": 0.8200000000000003,
        "percentage_delta_per_hour": 0.41000000000000014,
        "percentage_delta_per_minute": 0.006833333333333335
      },
      "15.00": {
        "count": 162,
        "count_delta": 7,
        "count_delta_per_hour": 2.3333333333333335,
        "count_delta_per_minute": 0.03888888888888889,
        "percentage": 14.73,
        "percentage_delta": 0.6400000000000006,
        "percentage_delta_per_hour": 0.2133333333333335,
        "percentage_delta_per_minute": 0.0035555555555555588
      },
      "18.00": {
        "count": 256,
        "count_delta": 94,
        "count_delta_per_hour": 31.333333333333332,
        "count_delta_per_minute": 0.5222222222222223,
        "percentage": 23.27,
        "percentage_delta": 8.54,
        "percentage_delta_per_hour": 2.8466666666666662,
        "percentage_delta_per_minute": 0.04744444444444444
      },
      "20.00": {
        "count": 324,
        "count_delta": 68,
        "count_delta_per_hour": 34,
        "count_delta_per_minute": 0.5666666666666667,
        "percentage": 29.401088929219597,
        "percentage_delta": 6.131088929219597,
        "percentage_delta_per_hour": 3.0655444646097987,
        "percentage_delta_per_minute": 0.051092407743496646,
        "registered_count": 1102,
        "registered_count_delta": 2,
        "registered_count_delta_per_hour": 0.16666666666666666,
        "registered_count_delta_per_minute": 0.002777777777777778
      }
    }
  },
  "metadata": {
    "analysis": {
      "protocol_count": 1,
      "exceeded_papers_count": 0,
      "exceeded_papers_steal_winning": 0,
      "checksum_valid": 1
    },
    "voters": {
      "initially_registered_count": 1100,
      "registered_count": 1102,
      "walk_by_count": 319,
      "on_home_count": 5,
      "ahead_of_time_count": 0,
      "exceptional_count": 0,
      "added_count": 2
    },
    "papers": {
      "received_count": 1000,
      "destroyed_count": 676,
      "stationary_box_count": 319,
      "portable_box_count": 5,
      "valid_count": 314,
      "invalid_count": 10,
      "lost_count": 0,
      "ignored_count": 0,
      "taken_home_count": 0
    }
  },
  "entries": [
    {
      "name": "Макаров Алексей Алексеевич",
      "position": 3,
      "candidate_id": 192,
      "supported_by_party_id": 5,
      "official_result": {
        "votes_count": 117,
        "place": 1,
        "percentage": 36.11111111111111,
        "valid_percentage": 37.261146496815286,
        "registered_percentage": 10.617059891107077,
        "display_percentage": 36.11,
        "winner": true
      },
      "result_without_other_entry": {
        "190": {
          "percentage": 37.98701298701299,
          "valid_percentage": 39.261744966442954
        },
        "191": {
          "percentage": 42.238267148014444,
          "valid_percentage": 43.82022471910113
        },
        "193": {
          "percentage": 38.613861386138616,