{
  "commission_name": "УИК №788",
  "ballot_name": "Выборы депутатов Законодательного Собрания Санкт-Петербурга седьмого созыва",
  "name": "Результаты выборов по единому округу",
  "protocol_scope": {
    "type": "uik",
    "id": 788
  },
  "electoral_district": {
    "type": "city",
    "id": 0
  },
  "data_id": 27820001915220,
  "ballot_data_id": 4784020563776,
  "has_koib": false,
  "generated_date": 1632128068000,
  "official_result": {
    "winner": {
      "id": 5,
      "position": 2,
      "percentage": 33.14350797266515,
      "valid_percentage": 33.83720930232558,
      "registered_percentage": 11.936013125512716
    },
    "turnout": {
      "count": 895,
      "percentage": 36.7104183757178,
      "walk_by_count": 890,
      "walk_by_percentage": 36.50533223954061,
      "on_home_count": 5,
      "on_home_percentage": 0.20508613617719443,
      "ahead_of_time_count": 0,
      "ahead_of_time_percentage": 0,
      "valid_count": 860,
      "valid_percentage": 35.27481542247744,
      "invalid_count": 18,
      "invalid_percentage": 0.7383100902378998,
      "taken_home_count": 17,
      "taken_home_percentage": 0.6972928630024611,
      "lost_count": 0,
      "lost_percentage": 0
    },
    "votes_stats": {
      "winning_count": 291,
      "winning_percentage": 33.14350797266515,
      "effective_count": 860,
      "losing_count": 569,
      "losing_percentage": 64.80637813211845,
      "other_count": 18,
      "other_percentage": 2.050113895216401,
      "by_place": {
        "#1": {
          "count": 291,
          "percentage": 33.14350797266515
        },
        "#2": {
          "count": 150,
          "percentage": 17.084282460136674
        },
        "#3": {
          "count": 135,
          "percentage": 15.375854214123008
        },
        "#4": {
          "count": 99,
          "percentage": 11.275626423690206
        },
        "#5": {
          "count": 85,
          "percentage": 9.681093394077449
        },
        "#6": {
          "count": 50,
          "percentage": 5.694760820045558
        },
        "#7": {
          "count": 28,
          "percentage": 3.189066059225513
        },
        "#8": {
          "count": 22,
          "percentage": 2.5056947608200453
        }
      }
    }
  },
  "turnout_protocols": {
    "17.09.2021": {
      "15.00": {
        "count": 164,
        "count_delta": 164,
        "count_delta_per_hour": 23.428571428571427,
        "count_delta_per_minute": 0.3904761904761905,
        "percentage": 6.8,
        "percentage_delta": 6.8,
        "percentage_delta_per_hour": 0.9714285714285714,
        "percentage_delta_per_minute": 0.01619047619047619,
        "registered_count": 2412,
        "registered_count_delta": 2412,
        "registered_count_delta_per_hour": 344.57142857142856,
        "registered_count_delta_per_minute": 5.742857142857143
      },
      "20.00": {
        "count": 245,
        "count_delta": 81,
        "count_delta_per_hour": 16.2,
        "count_delta_per_minute": 0.27,
        "percentage": 10.16,
        "percentage_delta": 3.3600000000000003,
        "percentage_delta_per_hour": 0.672,
        "percentage_delta_per_minute": 0.011200000000000002,
        "registered_count": 2411,
        "registered_count_delta": -1,
        "registered_count_delta_per_hour": -0.2,
        "registered_count_delta_per_minute": -0.0033333333333333335
      }
    },
    "18.09.2021": {
      "15.00": {
        "count": 348,
        "count_delta": 103,
        "count_delta_per_hour": 14.714285714285714,
        "count_delta_per_minute": 0.24523809523809523,
        "percentage": 14.43,
        "percentage_delta": 4.27,
        "percentage_delta_per_hour": 0.61,
        "percentage_delta_per_minute": 0.010166666666666666,
        "registered_count": 2412,
        "registered_count_delta": 1,
        "registered_count_delta_per_hour": 0.14285714285714285,
        "registered_count_delta_per_minute": 0.002380952380952381
      },
      "20.00": {
        "count": 432,
        "count_delta": 84,
        "count_delta_per_hour": 16.8,
        "count_delta_per_minute": 0.28,
        "percentage": 17.92,
        "percentage_delta": 3.490000000000002,
        "percentage_delta_per_hour": 0.6980000000000004,
        "percentage_delta_per_minute": 0.01163333333333334,
        "registered_count": 2411,
        "registered_count_delta": -1,
        "registered_count_delta_per_hour": -0.2,
        "registered_count_delta_per_minute": -0.0033333333333333335
      }
    },
    "19.09.2021": {
      "10.00": {
        "count": 465,
        "count_delta": 33,
        "count_delta_per_hour": 16.5,
        "count_delta_per_minute": 0.275,
        "percentage": 19.08,
        "percentage_delta": 1.1599999999999966,
        "percentage_delta_per_hour": 0.5799999999999983,
        "percentage_delta_per_minute": 0.009666666666666638
      },
      "12.00": {
        "count": 567,
        "count_delta": 102,
        "count_delta_per_hour": 51,
        "count_delta_per_minute": 0.85,
        "percentage": 23.27,
        "percentage_delta": 4.190000000000001,
        "percentage_delta_per_hour": 2.0950000000000006,
        "percentage_delta_per_minute": 0.03491666666666668
      },
      "15.00": {
        "count": 710,
        "count_delta": 143,
        "count_delta_per_hour": 47.666666666666664,
        "count_delta_per_minute": 0.7944444444444444,
        "percentage": 29.12,
        "percentage_delta": 5.850000000000001,
        "percentage_delta_per_hour": 1.9500000000000004,
        "percentage_delta_per_minute": 0.03250000000000001
      },
      "18.00": {
        "count": 713,
        "count_delta": 3,
        "count_delta_per_hour": 1,
        "count_delta_per_minute": 0.016666666666666666,
        "percentage": 29.24,
        "percentage_delta": 0.11999999999999744,
        "percentage_delta_per_hour": 0.03999999999999915,
        "percentage_delta_per_minute": 0.0006666666666666524
      },
      "20.00": {
        "count": 895,
        "count_delta": 182,
        "count_delta_per_hour": 91,
        "count_delta_per_minute": 1.5166666666666666,
        "percentage": 36.7104183757178,
        "percentage_delta": 7.470418375717802,
        "percentage_delta_per_hour": 3.735209187858901,
        "percentage_delta_per_minute": 0.06225348646431502,
        "registered_count": 2438,
        "registered_count_delta": 27,
        "registered_count_delta_per_hour": 2.25,
        "registered_count_delta_per_minute": 0.0375
      }
    }
  },
  "metadata": {
    "analysis": {
      "negative_turnout_registered_count_protocols": 1,
      "negative_turnout_registered_count": 1,
      "protocol_count": 1,
      "exceeded_papers_count": 0,
      "exceeded_papers_steal_winning": 0,
      "exceeded_papers_provide_extra_places": 0,
      "multiple_winners": 0,
      "checksum_valid": 1,
      "stuffed_protocol_for_5": 1,
      "stuffed_votes_for_5": 72.70440251572325
    },
    "voters": {
      "initially_registered_count": 2411,
      "registered_count": 2438,
      "walk_by_count": 890,
      "on_home_count": 5,
      "ahead_of_time_count": 0,
      "exceptional_count": 0,
      "added_count": 27
    },
    "papers": {
      "received_count": 2000,
      "destroyed_count": 1105,
      "stationary_box_count": 873,
      "portable_box_count": 5,
      "valid_count": 860,
      "invalid_count": 18,
      "lost_count": 0,
      "ignored_count": 0,
      "taken_home_count": 17
    }
  },
  "entries": [
    {
      "name": "Всероссийская политическая партия \"ЕДИНАЯ РОССИЯ\"",
      "position": 2,
      "party_id": 5,
      "official_result": {
        "votes_count": 291,
        "place": 1,
        "percentage": 33.14350797266515,
        "valid_percentage": 33.83720930232558,
        "registered_percentage": 11.936013125512716,
        "display_percentage": 33.14,
        "winner": true
      },
      "result_without_other_entry": {
        "1": {
          "percentage": 39.16554508748318,