{
  "commission_name": "УИК №1431",
  "ballot_name": "Выборы депутатов Законодательного Собрания Санкт-Петербурга седьмого созыва",
  "name": "Результаты выборов по одномандатному (многомандатному) округу",
  "protocol_scope": {
    "type": "uik",
    "id": 1431
  },
  "electoral_district": {
    "type": "city",
    "id": 23
  },
  "data_id": 27820001915220,
  "ballot_data_id": 478405182838,
  "has_koib": false,
  "generated_date": 1632127135000,
  "official_result": {
    "winner": {
      "id": 232,
      "position": 1,
      "percentage": 48.62888482632541,
      "valid_percentage": 50.378787878787875,
      "registered_percentage": 16.91036236490782
    },
    "turnout": {
      "count": 547,
      "percentage": 34.77431659249841,
      "walk_by_count": 543,
      "walk_by_percentage": 34.52002542911634,
      "on_home_count": 4,
      "on_home_percentage": 0.25429116338207247,
      "ahead_of_time_count": 0,
      "ahead_of_time_percentage": 0,
      "valid_count": 528,
      "valid_percentage": 33.56643356643357,
      "invalid_count": 19,
      "invalid_percentage": 1.2078830260648443,
      "taken_home_count": 0,
      "taken_home_percentage": 0,
      "lost_count": 0,
      "lost_percentage": 0
    },
    "votes_stats": {
      "winning_count": 266,
      "winning_percentage": 48.62888482632541,
      "effective_count": 528,
      "losing_count": 262,
      "losing_percentage": 47.89762340036563,
      "other_count": 19,
      "other_percentage": 3.473491773308958,
      "by_place": {
        "#1": {
          "count": 266,
          "percentage": 48.62888482632541
        },
        "#2": {
          "count": 94,
          "percentage": 17.184643510054844,
          "supported_by_smart_vote": true
        },
        "#3": {
          "count": 57,
          "percentage": 10.420475319926874
        },
        "#4": {
          "count": 35,
          "percentage": 6.39853747714808
        },
        "#5": {
          "count": 33,
          "percentage": 6.032906764168191
        },
        "#6": {
          "count": 28,
          "percentage": 5.118829981718465
        },
        "#7": {
          "count": 15,
          "percentage": 2.742230347349177
        }
      }
    }
  },
  "turnout_protocols": {
    "17.09.2021": {
      "15.00": {
        "count": 165,
        "count_delta": 165,
        "count_delta_per_hour": 23.571428571428573,
        "count_delta_per_minute": 0.39285714285714285,
        "percentage": 10.49,
        "percentage_delta": 10.49,
        "percentage_delta_per_hour": 1.4985714285714287,
        "percentage_delta_per_minute": 0.024976190476190478,
        "registered_count": 1573,
        "registered_count_delta": 1573,
        "registered_count_delta_per_hour": 224.71428571428572,
        "registered_count_delta_per_minute": 3.7452380952380953
      },
      "20.00": {
        "count": 238,
        "count_delta": 73,
        "count_delta_per_hour": 14.6,
        "count_delta_per_minute": 0.24333333333333335,
        "percentage": 15.13,
        "percentage_delta": 4.640000000000001,
        "percentage_delta_per_hour": 0.9280000000000002,
        "percentage_delta_per_minute": 0.015466666666666668,
        "registered_count": 1573,
        "registered_count_delta": 0,
        "registered_count_delta_per_hour": 0,
        "registered_count_delta_per_minute": 0
      }
    },
    "18.09.2021": {
      "15.00": {
        "count": 310,
        "count_delta": 72,
        "count_delta_per_hour": 10.285714285714286,
        "count_delta_per_minute": 0.17142857142857143,
        "percentage": 19.71,
        "percentage_delta": 4.58,
        "percentage_delta_per_hour": 0.6542857142857142,
        "percentage_delta_per_minute": 0.010904761904761905,
        "registered_count": 1573,
        "registered_count_delta": 0,
        "registered_count_delta_per_hour": 0,
        "registered_count_delta_per_minute": 0
      },
      "20.00": {
        "count": 349,
        "count_delta": 39,
        "count_delta_per_hour": 7.8,
        "count_delta_per_minute": 0.13,
        "percentage": 22.19,
        "percentage_delta": 2.4800000000000004,
        "percentage_delta_per_hour": 0.4960000000000001,
        "percentage_delta_per_minute": 0.008266666666666669,
        "registered_count": 1573,
        "registered_count_delta": 0,
        "registered_count_delta_per_hour": 0,
        "registered_count_delta_per_minute": 0
      }
    },
    "19.09.2021": {
      "10.00": {
        "count": 352,
        "count_delta": 3,
        "count_delta_per_hour": 1.5,
        "count_delta_per_minute": 0.025,
        "percentage": 22.38,
        "percentage_delta": 0.18999999999999773,
        "percentage_delta_per_hour": 0.09499999999999886,
        "percentage_delta_per_minute": 0.0015833333333333144
      },
      "12.00": {
        "count": 362,
        "count_delta": 10,
        "count_delta_per_hour": 5,
        "count_delta_per_minute": 0.08333333333333333,
        "percentage": 23.01,
        "percentage_delta": 0.6300000000000026,
        "percentage_delta_per_hour": 0.3150000000000013,
        "percentage_delta_per_minute": 0.005250000000000021
      },
      "15.00": {
        "count": 442,
        "count_delta": 80,
        "count_delta_per_hour": 26.666666666666668,
        "count_delta_per_minute": 0.4444444444444444,
        "percentage": 28.1,
        "percentage_delta": 5.09,
        "percentage_delta_per_hour": 1.6966666666666665,
        "percentage_delta_per_minute": 0.028277777777777777
      },
      "18.00": {
        "count": 504,
        "count_delta": 62,
        "count_delta_per_hour": 20.666666666666668,
        "count_delta_per_minute": 0.34444444444444444,
        "percentage": 32.04,
        "percentage_delta": 3.9399999999999977,
        "percentage_delta_per_hour": 1.3133333333333326,
        "percentage_delta_per_minute": 0.021888888888888878
      },
      "20.00": {
        "count": 547,
        "count_delta": 43,
        "count_delta_per_hour": 21.5,
        "count_delta_per_minute": 0.35833333333333334,
        "percentage": 34.77431659249841,
        "percentage_delta": 2.734316592498409,
        "percentage_delta_per_hour": 1.3671582962492046,
        "percentage_delta_per_minute": 0.02278597160415341,
        "registered_count": 1573,
        "registered_count_delta": 0,
        "registered_count_delta_per_hour": 0,
        "registered_count_delta_per_minute": 0
      }
    }
  },
  "metadata": {
    "analysis": {
      "protocol_count": 1,
      "exceeded_papers_count": 0,
      "exceeded_papers_steal_winning": 0,
      "checksum_valid": 1,
      "stuffed_protocol_for_232": 1,
      "stuffed_votes_for_232": 97.61484918793505
    },
    "voters": {
      "initially_registered_count": 1573,
      "registered_count": 1573,
      "walk_by_count": 543,
      "on_home_count": 4,
      "ahead_of_time_count": 0,
      "exceptional_count": 0
    },
    "papers": {
      "received_count": 1200,
      "destroyed_count": 653,
      "stationary_box_count": 543,
      "portable_box_count": 4,
      "valid_count": 528,
      "invalid_count": 19,
      "lost_count": 0,
      "ignored_count": 0,
      "taken_home_count": 0
    }
  },
  "entries": [
    {
      "name": "Авдеев Юрий Васильевич",
      "position": 1,
      "candidate_id": 232,
      "supported_by_party_id": 5,
      "official_result": {
        "votes_count": 266,
        "place": 1,
        "percentage": 48.62888482632541,
        "valid_percentage": 50.378787878787875,
        "registered_percentage": 16.91036236490782,
        "display_percentage": 48.63,
        "winner": true
      },
      "result_without_other_entry": {
        "61": {
          "percentage": 58.719646799117,
          "valid_percentage": 61.29032258064516
        },
        "64": {
          "percentage": 51.75097276264592,
          "valid_percentage": 53.73737373737374
        },
        "233": {
          "percentage": 50,
          "valid_percentage": 51.85185185185185
        },