{
  "commission_name": "УИК №784",
  "ballot_name": "Выборы депутатов Законодательного Собрания Санкт-Петербурга седьмого созыва",
  "name": "Результаты выборов по одномандатному (многомандатному) округу",
  "protocol_scope": {
    "type": "uik",
    "id": 784
  },
  "electoral_district": {
    "type": "city",
    "id": 18
  },
  "data_id": 27820001915220,
  "ballot_data_id": 478404295359,
  "has_koib": false,
  "generated_date": 1632112894000,
  "official_result": {
    "winner": {
      "id": 96,
      "position": 4,
      "percentage": 23.28767123287671,
      "valid_percentage": 24.727272727272727,
      "registered_percentage": 7.5892857142857135
    },
    "turnout": {
      "count": 584,
      "percentage": 32.589285714285715,
      "walk_by_count": 578,
      "walk_by_percentage": 32.254464285714285,
      "on_home_count": 6,
      "on_home_percentage": 0.33482142857142855,
      "ahead_of_time_count": 0,
      "ahead_of_time_percentage": 0,
      "valid_count": 550,
      "valid_percentage": 30.691964285714285,
      "invalid_count": 34,
      "invalid_percentage": 1.8973214285714284,
      "taken_home_count": 0,
      "taken_home_percentage": 0,
      "lost_count": 0,
      "lost_percentage": 0
    },
    "votes_stats": {
      "winning_count": 136,
      "winning_percentage": 23.28767123287671,
      "effective_count": 550,
      "losing_count": 414,
      "losing_percentage": 70.8904109589041,
      "other_count": 34,
      "other_percentage": 5.821917808219178,
      "by_place": {
        "#1": {
          "count": 136,
          "percentage": 23.28767123287671
        },
        "#2": {
          "count": 103,
          "percentage": 17.636986301369863
        },
        "#3": {
          "count": 99,
          "percentage": 16.95205479452055
        },
        "#4": {
          "count": 92,
          "percentage": 15.753424657534246,
          "supported_by_smart_vote": true
        },
        "#5": {
          "count": 64,
          "percentage": 10.95890410958904
        },
        "#6": {
          "count": 35,
          "percentage": 5.993150684931506
        },
        "#7": {
          "count": 21,
          "percentage": 3.595890410958904
        }
      }
    }
  },
  "turnout_protocols": {
    "17.09.2021": {
      "15.00": {
        "count": 46,
        "count_delta": 46,
        "count_delta_per_hour": 6.571428571428571,
        "count_delta_per_minute": 0.10952380952380952,
        "percentage": 2.61,
        "percentage_delta": 2.61,
        "percentage_delta_per_hour": 0.37285714285714283,
        "percentage_delta_per_minute": 0.006214285714285714,
        "registered_count": 1762,
        "registered_count_delta": 1762,
        "registered_count_delta_per_hour": 251.71428571428572,
        "registered_count_delta_per_minute": 4.195238095238095
      },
      "20.00": {
        "count": 158,
        "count_delta": 112,
        "count_delta_per_hour": 22.4,
        "count_delta_per_minute": 0.37333333333333335,
        "percentage": 8.96,
        "percentage_delta": 6.350000000000001,
        "percentage_delta_per_hour": 1.2700000000000002,
        "percentage_delta_per_minute": 0.02116666666666667,
        "registered_count": 1763,
        "registered_count_delta": 1,
        "registered_count_delta_per_hour": 0.2,
        "registered_count_delta_per_minute": 0.0033333333333333335
      }
    },
    "18.09.2021": {
      "15.00": {
        "count": 238,
        "count_delta": 80,
        "count_delta_per_hour": 11.428571428571429,
        "count_delta_per_minute": 0.19047619047619047,
        "percentage": 13.49,
        "percentage_delta": 4.529999999999999,
        "percentage_delta_per_hour": 0.647142857142857,
        "percentage_delta_per_minute": 0.010785714285714284,
        "registered_count": 1764,
        "registered_count_delta": 1,
        "registered_count_delta_per_hour": 0.14285714285714285,
        "registered_count_delta_per_minute": 0.002380952380952381
      },
      "20.00": {
        "count": 293,
        "count_delta": 55,
        "count_delta_per_hour": 11,
        "count_delta_per_minute": 0.18333333333333332,
        "percentage": 16.61,
        "percentage_delta": 3.119999999999999,
        "percentage_delta_per_hour": 0.6239999999999999,
        "percentage_delta_per_minute": 0.010399999999999998,
        "registered_count": 1764,
        "registered_count_delta": 0,
        "registered_count_delta_per_hour": 0,
        "registered_count_delta_per_minute": 0
      }
    },
    "19.09.2021": {
      "10.00": {
        "count": 304,
        "count_delta": 11,
        "count_delta_per_hour": 5.5,
        "count_delta_per_minute": 0.09166666666666666,
        "percentage": 16.95,
        "percentage_delta": 0.33999999999999986,
        "percentage_delta_per_hour": 0.16999999999999993,
        "percentage_delta_per_minute": 0.0028333333333333322
      },
      "12.00": {
        "count": 327,
        "count_delta": 23,
        "count_delta_per_hour": 11.5,
        "count_delta_per_minute": 0.19166666666666668,
        "percentage": 18.25,
        "percentage_delta": 1.3000000000000007,
        "percentage_delta_per_hour": 0.6500000000000004,
        "percentage_delta_per_minute": 0.010833333333333339
      },
      "15.00": {
        "count": 418,
        "count_delta": 91,
        "count_delta_per_hour": 30.333333333333332,
        "count_delta_per_minute": 0.5055555555555555,
        "percentage": 23.3,
        "percentage_delta": 5.050000000000001,
        "percentage_delta_per_hour": 1.6833333333333336,
        "percentage_delta_per_minute": 0.02805555555555556
      },
      "18.00": {
        "count": 491,
        "count_delta": 73,
        "count_delta_per_hour": 24.333333333333332,
        "count_delta_per_minute": 0.40555555555555556,
        "percentage": 27.38,
        "percentage_delta": 4.079999999999998,
        "percentage_delta_per_hour": 1.3599999999999994,
        "percentage_delta_per_minute": 0.022666666666666658
      },
      "20.00": {
        "count": 584,
        "count_delta": 93,
        "count_delta_per_hour": 46.5,
        "count_delta_per_minute": 0.775,
        "percentage": 32.589285714285715,
        "percentage_delta": 5.209285714285716,
        "percentage_delta_per_hour": 2.604642857142858,
        "percentage_delta_per_minute": 0.0434107142857143,
        "registered_count": 1792,
        "registered_count_delta": 28,
        "registered_count_delta_per_hour": 2.3333333333333335,
        "registered_count_delta_per_minute": 0.03888888888888889
      }
    }
  },
  "metadata": {
    "analysis": {
      "protocol_count": 1,
      "exceeded_papers_count": 0,
      "exceeded_papers_steal_winning": 0,
      "checksum_valid": 1
    },
    "voters": {
      "initially_registered_count": 1764,
      "registered_count": 1792,
      "walk_by_count": 578,
      "on_home_count": 6,
      "ahead_of_time_count": 0,
      "exceptional_count": 0,
      "added_count": 28
    },
    "papers": {
      "received_count": 1450,
      "destroyed_count": 866,
      "stationary_box_count": 578,
      "portable_box_count": 6,
      "valid_count": 550,
      "invalid_count": 34,
      "lost_count": 0,
      "ignored_count": 0,
      "taken_home_count": 0
    }
  },
  "entries": [
    {
      "name": "Далматов Алексей Анатольевич",
      "position": 4,
      "candidate_id": 96,
      "supported_by_party_id": 5,
      "official_result": {
        "votes_count": 136,
        "place": 1,
        "percentage": 23.28767123287671,
        "valid_percentage": 24.727272727272727,
        "registered_percentage": 7.5892857142857135,
        "display_percentage": 23.29,
        "winner": true
      },
      "result_without_other_entry": {
        "75": {
          "percentage": 26.153846153846157,
          "valid_percentage": 27.983539094650205
        },
        "80": {
          "percentage": 24.772313296903462,
          "valid_percentage": 26.407766990291265
        },