{
  "commission_name": "УИК №465",
  "ballot_name": "Выборы депутатов Законодательного Собрания Санкт-Петербурга седьмого созыва",
  "name": "Результаты выборов по единому округу",
  "protocol_scope": {
    "type": "uik",
    "id": 465
  },
  "electoral_district": {
    "type": "city",
    "id": 0
  },
  "data_id": 27820001915220,
  "ballot_data_id": 478404080726,
  "has_koib": false,
  "generated_date": 1632130129000,
  "official_result": {
    "winner": {
      "id": 5,
      "position": 2,
      "percentage": 27.22602739726027,
      "valid_percentage": 28.14159292035398,
      "registered_percentage": 8.548387096774194
    },
    "turnout": {
      "count": 601,
      "percentage": 32.31182795698925,
      "walk_by_count": 593,
      "walk_by_percentage": 31.881720430107528,
      "on_home_count": 8,
      "on_home_percentage": 0.43010752688172044,
      "ahead_of_time_count": 0,
      "ahead_of_time_percentage": 0,
      "valid_count": 565,
      "valid_percentage": 30.376344086021508,
      "invalid_count": 19,
      "invalid_percentage": 1.021505376344086,
      "taken_home_count": 17,
      "taken_home_percentage": 0.913978494623656,
      "lost_count": 0,
      "lost_percentage": 0
    },
    "votes_stats": {
      "winning_count": 159,
      "winning_percentage": 27.22602739726027,
      "effective_count": 565,
      "losing_count": 406,
      "losing_percentage": 69.52054794520548,
      "other_count": 19,
      "other_percentage": 3.2534246575342465,
      "by_place": {
        "#1": {
          "count": 159,
          "percentage": 27.22602739726027
        },
        "#2": {
          "count": 108,
          "percentage": 18.493150684931507
        },
        "#3": {
          "count": 101,
          "percentage": 17.294520547945204
        },
        "#4": {
          "count": 61,
          "percentage": 10.445205479452055
        },
        "#5": {
          "count": 56,
          "percentage": 9.58904109589041
        },
        "#6": {
          "count": 48,
          "percentage": 8.21917808219178
        },
        "#7": {
          "count": 25,
          "percentage": 4.280821917808219
        },
        "#8": {
          "count": 7,
          "percentage": 1.1986301369863013
        }
      }
    }
  },
  "turnout_protocols": {
    "17.09.2021": {
      "15.00": {
        "count": 98,
        "count_delta": 98,
        "count_delta_per_hour": 14,
        "count_delta_per_minute": 0.23333333333333334,
        "percentage": 5.4,
        "percentage_delta": 5.4,
        "percentage_delta_per_hour": 0.7714285714285715,
        "percentage_delta_per_minute": 0.012857142857142859,
        "registered_count": 1815,
        "registered_count_delta": 1815,
        "registered_count_delta_per_hour": 259.2857142857143,
        "registered_count_delta_per_minute": 4.321428571428571
      },
      "20.00": {
        "count": 180,
        "count_delta": 82,
        "count_delta_per_hour": 16.4,
        "count_delta_per_minute": 0.2733333333333333,
        "percentage": 9.9,
        "percentage_delta": 4.5,
        "percentage_delta_per_hour": 0.9,
        "percentage_delta_per_minute": 0.015,
        "registered_count": 1818,
        "registered_count_delta": 3,
        "registered_count_delta_per_hour": 0.6,
        "registered_count_delta_per_minute": 0.01
      }
    },
    "18.09.2021": {
      "15.00": {
        "count": 249,
        "count_delta": 69,
        "count_delta_per_hour": 9.857142857142858,
        "count_delta_per_minute": 0.16428571428571428,
        "percentage": 13.63,
        "percentage_delta": 3.7300000000000004,
        "percentage_delta_per_hour": 0.5328571428571429,
        "percentage_delta_per_minute": 0.008880952380952382,
        "registered_count": 1827,
        "registered_count_delta": 9,
        "registered_count_delta_per_hour": 1.2857142857142858,
        "registered_count_delta_per_minute": 0.02142857142857143
      },
      "20.00": {
        "count": 314,
        "count_delta": 65,
        "count_delta_per_hour": 13,
        "count_delta_per_minute": 0.21666666666666667,
        "percentage": 17.13,
        "percentage_delta": 3.4999999999999982,
        "percentage_delta_per_hour": 0.6999999999999996,
        "percentage_delta_per_minute": 0.01166666666666666,
        "registered_count": 1833,
        "registered_count_delta": 6,
        "registered_count_delta_per_hour": 1.2,
        "registered_count_delta_per_minute": 0.02
      }
    },
    "19.09.2021": {
      "10.00": {
        "count": 321,
        "count_delta": 7,
        "count_delta_per_hour": 3.5,
        "count_delta_per_minute": 0.058333333333333334,
        "percentage": 17.24,
        "percentage_delta": 0.10999999999999943,
        "percentage_delta_per_hour": 0.054999999999999716,
        "percentage_delta_per_minute": 0.0009166666666666619
      },
      "12.00": {
        "count": 376,
        "count_delta": 55,
        "count_delta_per_hour": 27.5,
        "count_delta_per_minute": 0.4583333333333333,
        "percentage": 20.22,
        "percentage_delta": 2.9800000000000004,
        "percentage_delta_per_hour": 1.4900000000000002,
        "percentage_delta_per_minute": 0.024833333333333336
      },
      "15.00": {
        "count": 482,
        "count_delta": 106,
        "count_delta_per_hour": 35.333333333333336,
        "count_delta_per_minute": 0.5888888888888889,
        "percentage": 25.9,
        "percentage_delta": 5.68,
        "percentage_delta_per_hour": 1.8933333333333333,
        "percentage_delta_per_minute": 0.03155555555555555
      },
      "18.00": {
        "count": 602,
        "count_delta": 120,
        "count_delta_per_hour": 40,
        "count_delta_per_minute": 0.6666666666666666,
        "percentage": 32.34,
        "percentage_delta": 6.440000000000005,
        "percentage_delta_per_hour": 2.1466666666666683,
        "percentage_delta_per_minute": 0.035777777777777804
      },
      "20.00": {
        "count": 601,
        "count_delta": -1,
        "count_delta_per_hour": -0.5,
        "count_delta_per_minute": -0.008333333333333333,
        "percentage": 32.31182795698925,
        "percentage_delta": -0.028172043010755488,
        "percentage_delta_per_hour": -0.014086021505377744,
        "percentage_delta_per_minute": -0.00023476702508962906,
        "registered_count": 1860,
        "registered_count_delta": 27,
        "registered_count_delta_per_hour": 2.25,
        "registered_count_delta_per_minute": 0.0375
      }
    }
  },
  "metadata": {
    "analysis": {
      "negative_turnout_percentage_protocols": 1,
      "negative_turnout_percentage": 0.028172043010755488,
      "negative_turnout_count_protocols": 1,
      "negative_turnout_count": 1,
      "protocol_count": 1,
      "exceeded_papers_count": 0,
      "exceeded_papers_steal_winning": 0,
      "exceeded_papers_provide_extra_places": 0,
      "multiple_winners": 0,
      "checksum_valid": 1
    },
    "voters": {
      "initially_registered_count": 1813,
      "registered_count": 1860,
      "walk_by_count": 593,
      "on_home_count": 8,
      "ahead_of_time_count": 0,
      "exceptional_count": 0,
      "added_count": 47
    },
    "papers": {
      "received_count": 1500,
      "destroyed_count": 899,
      "stationary_box_count": 576,
      "portable_box_count": 8,
      "valid_count": 565,
      "invalid_count": 19,
      "lost_count": 0,
      "ignored_count": 0,
      "taken_home_count": 17
    }
  },
  "entries": [
    {
      "name": "Всероссийская политическая партия \"ЕДИНАЯ РОССИЯ\"",
      "position": 2,
      "party_id": 5,
      "official_result": {
        "votes_count": 159,
        "place": 1,
        "percentage": 27.22602739726027,
        "valid_percentage": 28.14159292035398,
        "registered_percentage": 8.548387096774194,
        "display_percentage": 27.23,
        "winner": true
      },
      "result_without_other_entry": {
        "1": {
          "percentage": 33.403361344537814,