{
  "commission_name": "УИК №1449",
  "ballot_name": "Выборы депутатов Законодательного Собрания Санкт-Петербурга седьмого созыва",
  "name": "Результаты выборов по одномандатному (многомандатному) округу",
  "protocol_scope": {
    "type": "uik",
    "id": 1449
  },
  "electoral_district": {
    "type": "city",
    "id": 23
  },
  "data_id": 27820001915220,
  "ballot_data_id": 478405082313,
  "has_koib": false,
  "generated_date": 1632120315000,
  "official_result": {
    "winner": {
      "id": 232,
      "position": 1,
      "percentage": 54.45544554455446,
      "valid_percentage": 56.12244897959183,
      "registered_percentage": 22.90473711608537
    },
    "turnout": {
      "count": 847,
      "percentage": 44.09161894846434,
      "walk_by_count": 843,
      "walk_by_percentage": 43.883394065590835,
      "on_home_count": 4,
      "on_home_percentage": 0.20822488287350338,
      "ahead_of_time_count": 0,
      "ahead_of_time_percentage": 0,
      "valid_count": 784,
      "valid_percentage": 40.81207704320666,
      "invalid_count": 24,
      "invalid_percentage": 1.2493492972410203,
      "taken_home_count": 39,
      "taken_home_percentage": 2.030192608016658,
      "lost_count": 0,
      "lost_percentage": 0
    },
    "votes_stats": {
      "winning_count": 440,
      "winning_percentage": 54.45544554455446,
      "effective_count": 784,
      "losing_count": 344,
      "losing_percentage": 42.57425742574257,
      "other_count": 24,
      "other_percentage": 2.9702970297029703,
      "by_place": {
        "#1": {
          "count": 440,
          "percentage": 54.45544554455446
        },
        "#2": {
          "count": 100,
          "percentage": 12.376237623762377
        },
        "#3": {
          "count": 74,
          "percentage": 9.158415841584159,
          "supported_by_smart_vote": true
        },
        "#4": {
          "count": 58,
          "percentage": 7.1782178217821775
        },
        "#5": {
          "count": 49,
          "percentage": 6.064356435643564
        },
        "#6": {
          "count": 33,
          "percentage": 4.084158415841585
        },
        "#7": {
          "count": 30,
          "percentage": 3.7128712871287126
        }
      }
    }
  },
  "turnout_protocols": {
    "17.09.2021": {
      "15.00": {
        "count": 226,
        "count_delta": 226,
        "count_delta_per_hour": 32.285714285714285,
        "count_delta_per_minute": 0.5380952380952381,
        "percentage": 11.76,
        "percentage_delta": 11.76,
        "percentage_delta_per_hour": 1.68,
        "percentage_delta_per_minute": 0.028,
        "registered_count": 1922,
        "registered_count_delta": 1922,
        "registered_count_delta_per_hour": 274.57142857142856,
        "registered_count_delta_per_minute": 4.576190476190476
      },
      "20.00": {
        "count": 389,
        "count_delta": 163,
        "count_delta_per_hour": 32.6,
        "count_delta_per_minute": 0.5433333333333333,
        "percentage": 20.25,
        "percentage_delta": 8.49,
        "percentage_delta_per_hour": 1.698,
        "percentage_delta_per_minute": 0.028300000000000002,
        "registered_count": 1921,
        "registered_count_delta": -1,
        "registered_count_delta_per_hour": -0.2,
        "registered_count_delta_per_minute": -0.0033333333333333335
      }
    },
    "18.09.2021": {
      "15.00": {
        "count": 480,
        "count_delta": 91,
        "count_delta_per_hour": 13,
        "count_delta_per_minute": 0.21666666666666667,
        "percentage": 24.99,
        "percentage_delta": 4.739999999999998,
        "percentage_delta_per_hour": 0.6771428571428569,
        "percentage_delta_per_minute": 0.011285714285714283,
        "registered_count": 1921,
        "registered_count_delta": 0,
        "registered_count_delta_per_hour": 0,
        "registered_count_delta_per_minute": 0
      },
      "20.00": {
        "count": 523,
        "count_delta": 43,
        "count_delta_per_hour": 8.6,
        "count_delta_per_minute": 0.14333333333333334,
        "percentage": 27.23,
        "percentage_delta": 2.240000000000002,
        "percentage_delta_per_hour": 0.4480000000000004,
        "percentage_delta_per_minute": 0.0074666666666666735,
        "registered_count": 1921,
        "registered_count_delta": 0,
        "registered_count_delta_per_hour": 0,
        "registered_count_delta_per_minute": 0
      }
    },
    "19.09.2021": {
      "10.00": {
        "count": 528,
        "count_delta": 5,
        "count_delta_per_hour": 2.5,
        "count_delta_per_minute": 0.041666666666666664,
        "percentage": 27.49,
        "percentage_delta": 0.259999999999998,
        "percentage_delta_per_hour": 0.129999999999999,
        "percentage_delta_per_minute": 0.00216666666666665
      },
      "12.00": {
        "count": 576,
        "count_delta": 48,
        "count_delta_per_hour": 24,
        "count_delta_per_minute": 0.4,
        "percentage": 29.98,
        "percentage_delta": 2.490000000000002,
        "percentage_delta_per_hour": 1.245000000000001,
        "percentage_delta_per_minute": 0.020750000000000015
      },
      "15.00": {
        "count": 678,
        "count_delta": 102,
        "count_delta_per_hour": 34,
        "count_delta_per_minute": 0.5666666666666667,
        "percentage": 35.29,
        "percentage_delta": 5.309999999999999,
        "percentage_delta_per_hour": 1.7699999999999996,
        "percentage_delta_per_minute": 0.02949999999999999
      },
      "18.00": {
        "count": 757,
        "count_delta": 79,
        "count_delta_per_hour": 26.333333333333332,
        "count_delta_per_minute": 0.4388888888888889,
        "percentage": 39.41,
        "percentage_delta": 4.119999999999997,
        "percentage_delta_per_hour": 1.3733333333333324,
        "percentage_delta_per_minute": 0.022888888888888875
      },
      "20.00": {
        "count": 847,
        "count_delta": 90,
        "count_delta_per_hour": 45,
        "count_delta_per_minute": 0.75,
        "percentage": 44.09161894846434,
        "percentage_delta": 4.68161894846434,
        "percentage_delta_per_hour": 2.34080947423217,
        "percentage_delta_per_minute": 0.03901349123720284,
        "registered_count": 1921,
        "registered_count_delta": 0,
        "registered_count_delta_per_hour": 0,
        "registered_count_delta_per_minute": 0
      }
    }
  },
  "metadata": {
    "analysis": {
      "negative_turnout_registered_count_protocols": 1,
      "negative_turnout_registered_count": 1,
      "protocol_count": 1,
      "exceeded_papers_count": 0,
      "exceeded_papers_steal_winning": 0,
      "checksum_valid": 1
    },
    "voters": {
      "initially_registered_count": 1921,
      "registered_count": 1921,
      "walk_by_count": 843,
      "on_home_count": 4,
      "ahead_of_time_count": 0,
      "exceptional_count": 0
    },
    "papers": {
      "received_count": 1500,
      "destroyed_count": 653,
      "stationary_box_count": 804,
      "portable_box_count": 4,
      "valid_count": 784,
      "invalid_count": 24,
      "lost_count": 0,
      "ignored_count": 0,
      "taken_home_count": 39
    }
  },
  "entries": [
    {
      "name": "Авдеев Юрий Васильевич",
      "position": 1,
      "candidate_id": 232,
      "supported_by_party_id": 5,
      "official_result": {
        "votes_count": 440,
        "place": 1,
        "percentage": 54.45544554455446,
        "valid_percentage": 56.12244897959183,
        "registered_percentage": 22.90473711608537,
        "display_percentage": 54.46,
        "winner": true
      },
      "result_without_other_entry": {
        "61": {
          "percentage": 59.945504087193456,
          "valid_percentage": 61.97183098591549
        },
        "64": {
          "percentage": 57.971014492753625,
          "valid_percentage": 59.863945578231295
        },
        "233": {
          "percentage": 56.774193548387096,