{
  "commission_name": "УИК №1349",
  "ballot_name": "Выборы депутатов Законодательного Собрания Санкт-Петербурга седьмого созыва",
  "name": "Результаты выборов по одномандатному (многомандатному) округу",
  "protocol_scope": {
    "type": "uik",
    "id": 1349
  },
  "electoral_district": {
    "type": "city",
    "id": 21
  },
  "data_id": 27820001915220,
  "ballot_data_id": 478404882079,
  "has_koib": false,
  "generated_date": 1632154875000,
  "official_result": {
    "winner": {
      "id": 198,
      "position": 4,
      "percentage": 49.09090909090909,
      "valid_percentage": 57.66990291262136,
      "registered_percentage": 14.049195837275308
    },
    "turnout": {
      "count": 605,
      "percentage": 28.61873226111637,
      "walk_by_count": 604,
      "walk_by_percentage": 28.57142857142857,
      "on_home_count": 1,
      "on_home_percentage": 0.04730368968779565,
      "ahead_of_time_count": 0,
      "ahead_of_time_percentage": 0,
      "valid_count": 515,
      "valid_percentage": 24.36140018921476,
      "invalid_count": 90,
      "invalid_percentage": 4.257332071901608,
      "taken_home_count": 0,
      "taken_home_percentage": 0,
      "lost_count": 0,
      "lost_percentage": 0
    },
    "votes_stats": {
      "winning_count": 297,
      "winning_percentage": 49.09090909090909,
      "effective_count": 515,
      "losing_count": 218,
      "losing_percentage": 36.03305785123967,
      "other_count": 90,
      "other_percentage": 14.87603305785124,
      "by_place": {
        "#1": {
          "count": 297,
          "percentage": 49.09090909090909
        },
        "#2": {
          "count": 85,
          "percentage": 14.049586776859504
        },
        "#3": {
          "count": 67,
          "percentage": 11.074380165289256
        },
        "#4": {
          "count": 21,
          "percentage": 3.4710743801652892
        },
        "#5": {
          "count": 20,
          "percentage": 3.3057851239669422,
          "supported_by_smart_vote": true
        },
        "#6": {
          "count": 14,
          "percentage": 2.3140495867768593
        },
        "#7": {
          "count": 11,
          "percentage": 1.8181818181818181
        }
      }
    }
  },
  "turnout_protocols": {
    "17.09.2021": {
      "15.00": {
        "count": 94,
        "count_delta": 94,
        "count_delta_per_hour": 13.428571428571429,
        "count_delta_per_minute": 0.22380952380952382,
        "percentage": 4.47,
        "percentage_delta": 4.47,
        "percentage_delta_per_hour": 0.6385714285714286,
        "percentage_delta_per_minute": 0.010642857142857141,
        "registered_count": 2103,
        "registered_count_delta": 2103,
        "registered_count_delta_per_hour": 300.42857142857144,
        "registered_count_delta_per_minute": 5.007142857142857
      },
      "20.00": {
        "count": 131,
        "count_delta": 37,
        "count_delta_per_hour": 7.4,
        "count_delta_per_minute": 0.12333333333333334,
        "percentage": 6.22,
        "percentage_delta": 1.75,
        "percentage_delta_per_hour": 0.35,
        "percentage_delta_per_minute": 0.005833333333333334,
        "registered_count": 2106,
        "registered_count_delta": 3,
        "registered_count_delta_per_hour": 0.6,
        "registered_count_delta_per_minute": 0.01
      }
    },
    "18.09.2021": {
      "15.00": {
        "count": 187,
        "count_delta": 56,
        "count_delta_per_hour": 8,
        "count_delta_per_minute": 0.13333333333333333,
        "percentage": 8.88,
        "percentage_delta": 2.660000000000001,
        "percentage_delta_per_hour": 0.38000000000000017,
        "percentage_delta_per_minute": 0.006333333333333336,
        "registered_count": 2106,
        "registered_count_delta": 0,
        "registered_count_delta_per_hour": 0,
        "registered_count_delta_per_minute": 0
      },
      "20.00": {
        "count": 262,
        "count_delta": 75,
        "count_delta_per_hour": 15,
        "count_delta_per_minute": 0.25,
        "percentage": 12.42,
        "percentage_delta": 3.539999999999999,
        "percentage_delta_per_hour": 0.7079999999999999,
        "percentage_delta_per_minute": 0.011799999999999998,
        "registered_count": 2110,
        "registered_count_delta": 4,
        "registered_count_delta_per_hour": 0.8,
        "registered_count_delta_per_minute": 0.013333333333333334
      }
    },
    "19.09.2021": {
      "10.00": {
        "count": 275,
        "count_delta": 13,
        "count_delta_per_hour": 6.5,
        "count_delta_per_minute": 0.10833333333333334,
        "percentage": 12.99,
        "percentage_delta": 0.5700000000000003,
        "percentage_delta_per_hour": 0.28500000000000014,
        "percentage_delta_per_minute": 0.0047500000000000025
      },
      "12.00": {
        "count": 303,
        "count_delta": 28,
        "count_delta_per_hour": 14,
        "count_delta_per_minute": 0.23333333333333334,
        "percentage": 14.32,
        "percentage_delta": 1.33,
        "percentage_delta_per_hour": 0.665,
        "percentage_delta_per_minute": 0.011083333333333334
      },
      "15.00": {
        "count": 384,
        "count_delta": 81,
        "count_delta_per_hour": 27,
        "count_delta_per_minute": 0.45,
        "percentage": 18.15,
        "percentage_delta": 3.8299999999999983,
        "percentage_delta_per_hour": 1.2766666666666662,
        "percentage_delta_per_minute": 0.021277777777777767
      },
      "18.00": {
        "count": 490,
        "count_delta": 106,
        "count_delta_per_hour": 35.333333333333336,
        "count_delta_per_minute": 0.5888888888888889,
        "percentage": 23.18,
        "percentage_delta": 5.030000000000001,
        "percentage_delta_per_hour": 1.676666666666667,
        "percentage_delta_per_minute": 0.027944444444444452
      },
      "20.00": {
        "count": 605,
        "count_delta": 115,
        "count_delta_per_hour": 57.5,
        "count_delta_per_minute": 0.9583333333333334,
        "percentage": 28.61873226111637,
        "percentage_delta": 5.438732261116371,
        "percentage_delta_per_hour": 2.7193661305581855,
        "percentage_delta_per_minute": 0.045322768842636425,
        "registered_count": 2114,
        "registered_count_delta": 4,
        "registered_count_delta_per_hour": 0.3333333333333333,
        "registered_count_delta_per_minute": 0.005555555555555556
      }
    }
  },
  "metadata": {
    "analysis": {
      "protocol_count": 1,
      "exceeded_papers_count": 0,
      "exceeded_papers_steal_winning": 0,
      "checksum_valid": 1
    },
    "voters": {
      "initially_registered_count": 2101,
      "registered_count": 2114,
      "walk_by_count": 604,
      "on_home_count": 1,
      "ahead_of_time_count": 0,
      "exceptional_count": 0,
      "added_count": 13
    },
    "papers": {
      "received_count": 1900,
      "destroyed_count": 1295,
      "stationary_box_count": 604,
      "portable_box_count": 1,
      "valid_count": 515,
      "invalid_count": 90,
      "lost_count": 0,
      "ignored_count": 0,
      "taken_home_count": 0
    }
  },
  "entries": [
    {
      "name": "Малков Андрей Витальевич",
      "position": 4,
      "candidate_id": 198,
      "supported_by_party_id": 3,
      "official_result": {
        "votes_count": 297,
        "place": 1,
        "percentage": 49.09090909090909,
        "valid_percentage": 57.66990291262136,
        "registered_percentage": 14.049195837275308,
        "display_percentage": 49.09,
        "winner": true
      },
      "result_without_other_entry": {
        "4": {
          "percentage": 55.20446096654275,
          "valid_percentage": 66.29464285714286
        },
        "77": {
          "percentage": 50,
          "valid_percentage": 58.92857142857143
        },
        "197": {
          "percentage": 50.76923076923077,
          "valid_percentage": 60
        },
        "199": {
          "percentage": 57.11538461538461,