{
  "commission_name": "УИК №2016",
  "ballot_name": "Выборы депутатов Законодательного Собрания Санкт-Петербурга седьмого созыва",
  "name": "Результаты выборов по единому округу",
  "protocol_scope": {
    "type": "uik",
    "id": 2016
  },
  "electoral_district": {
    "type": "city",
    "id": 0
  },
  "data_id": 27820001915220,
  "ballot_data_id": 478405986482,
  "has_koib": false,
  "generated_date": 1632127014000,
  "official_result": {
    "winner": {
      "id": 5,
      "position": 2,
      "percentage": 28.458049886621318,
      "valid_percentage": 29.56419316843345,
      "registered_percentage": 10.232368528332653
    },
    "turnout": {
      "count": 882,
      "percentage": 35.95597227884223,
      "walk_by_count": 868,
      "walk_by_percentage": 35.38524256013045,
      "on_home_count": 14,
      "on_home_percentage": 0.5707297187117816,
      "ahead_of_time_count": 0,
      "ahead_of_time_percentage": 0,
      "valid_count": 849,
      "valid_percentage": 34.6106807990216,
      "invalid_count": 33,
      "invalid_percentage": 1.345291479820628,
      "taken_home_count": 0,
      "taken_home_percentage": 0,
      "lost_count": 0,
      "lost_percentage": 0
    },
    "votes_stats": {
      "winning_count": 251,
      "winning_percentage": 28.458049886621318,
      "effective_count": 849,
      "losing_count": 598,
      "losing_percentage": 67.80045351473923,
      "other_count": 33,
      "other_percentage": 3.741496598639456,
      "by_place": {
        "#1": {
          "count": 251,
          "percentage": 28.458049886621318
        },
        "#2": {
          "count": 224,
          "percentage": 25.396825396825395
        },
        "#3": {
          "count": 129,
          "percentage": 14.625850340136054
        },
        "#4": {
          "count": 101,
          "percentage": 11.45124716553288
        },
        "#5": {
          "count": 63,
          "percentage": 7.142857142857142
        },
        "#6": {
          "count": 49,
          "percentage": 5.555555555555555
        },
        "#7": {
          "count": 17,
          "percentage": 1.9274376417233559
        },
        "#8": {
          "count": 15,
          "percentage": 1.7006802721088436
        }
      }
    }
  },
  "turnout_protocols": {
    "17.09.2021": {
      "15.00": {
        "count": 178,
        "count_delta": 178,
        "count_delta_per_hour": 25.428571428571427,
        "count_delta_per_minute": 0.4238095238095238,
        "percentage": 7.56,
        "percentage_delta": 7.56,
        "percentage_delta_per_hour": 1.0799999999999998,
        "percentage_delta_per_minute": 0.018,
        "registered_count": 2354,
        "registered_count_delta": 2354,
        "registered_count_delta_per_hour": 336.2857142857143,
        "registered_count_delta_per_minute": 5.604761904761904
      },
      "20.00": {
        "count": 303,
        "count_delta": 125,
        "count_delta_per_hour": 25,
        "count_delta_per_minute": 0.4166666666666667,
        "percentage": 12.87,
        "percentage_delta": 5.31,
        "percentage_delta_per_hour": 1.0619999999999998,
        "percentage_delta_per_minute": 0.017699999999999997,
        "registered_count": 2354,
        "registered_count_delta": 0,
        "registered_count_delta_per_hour": 0,
        "registered_count_delta_per_minute": 0
      }
    },
    "18.09.2021": {
      "15.00": {
        "count": 394,
        "count_delta": 91,
        "count_delta_per_hour": 13,
        "count_delta_per_minute": 0.21666666666666667,
        "percentage": 16.74,
        "percentage_delta": 3.869999999999999,
        "percentage_delta_per_hour": 0.5528571428571427,
        "percentage_delta_per_minute": 0.009214285714285713,
        "registered_count": 2354,
        "registered_count_delta": 0,
        "registered_count_delta_per_hour": 0,
        "registered_count_delta_per_minute": 0
      },
      "20.00": {
        "count": 464,
        "count_delta": 70,
        "count_delta_per_hour": 14,
        "count_delta_per_minute": 0.23333333333333334,
        "percentage": 19.71,
        "percentage_delta": 2.9700000000000024,
        "percentage_delta_per_hour": 0.5940000000000005,
        "percentage_delta_per_minute": 0.009900000000000008,
        "registered_count": 2354,
        "registered_count_delta": 0,
        "registered_count_delta_per_hour": 0,
        "registered_count_delta_per_minute": 0
      }
    },
    "19.09.2021": {
      "10.00": {
        "count": 513,
        "count_delta": 49,
        "count_delta_per_hour": 24.5,
        "count_delta_per_minute": 0.4083333333333333,
        "percentage": 20.9,
        "percentage_delta": 1.1899999999999977,
        "percentage_delta_per_hour": 0.5949999999999989,
        "percentage_delta_per_minute": 0.009916666666666648
      },
      "12.00": {
        "count": 574,
        "count_delta": 61,
        "count_delta_per_hour": 30.5,
        "count_delta_per_minute": 0.5083333333333333,
        "percentage": 23.41,
        "percentage_delta": 2.5100000000000016,
        "percentage_delta_per_hour": 1.2550000000000008,
        "percentage_delta_per_minute": 0.02091666666666668
      },
      "15.00": {
        "count": 728,
        "count_delta": 154,
        "count_delta_per_hour": 51.333333333333336,
        "count_delta_per_minute": 0.8555555555555555,
        "percentage": 29.69,
        "percentage_delta": 6.280000000000001,
        "percentage_delta_per_hour": 2.0933333333333337,
        "percentage_delta_per_minute": 0.03488888888888889
      },
      "18.00": {
        "count": 986,
        "count_delta": 258,
        "count_delta_per_hour": 86,
        "count_delta_per_minute": 1.4333333333333333,
        "percentage": 40.19,
        "percentage_delta": 10.499999999999996,
        "percentage_delta_per_hour": 3.4999999999999987,
        "percentage_delta_per_minute": 0.05833333333333331
      },
      "20.00": {
        "count": 882,
        "count_delta": -104,
        "count_delta_per_hour": -52,
        "count_delta_per_minute": -0.8666666666666667,
        "percentage": 35.95597227884223,
        "percentage_delta": -4.234027721157766,
        "percentage_delta_per_hour": -2.117013860578883,
        "percentage_delta_per_minute": -0.03528356434298138,
        "registered_count": 2453,
        "registered_count_delta": 99,
        "registered_count_delta_per_hour": 8.25,
        "registered_count_delta_per_minute": 0.1375
      }
    }
  },
  "metadata": {
    "analysis": {
      "negative_turnout_percentage_protocols": 1,
      "negative_turnout_percentage": 4.234027721157766,
      "negative_turnout_count_protocols": 1,
      "negative_turnout_count": 104,
      "protocol_count": 1,
      "exceeded_papers_count": 0,
      "exceeded_papers_steal_winning": 0,
      "exceeded_papers_provide_extra_places": 0,
      "multiple_winners": 0,
      "checksum_valid": 1
    },
    "voters": {
      "initially_registered_count": 2354,
      "registered_count": 2453,
      "walk_by_count": 868,
      "on_home_count": 14,
      "ahead_of_time_count": 0,
      "exceptional_count": 0,
      "added_count": 99
    },
    "papers": {
      "received_count": 2000,
      "destroyed_count": 1118,
      "stationary_box_count": 868,
      "portable_box_count": 14,
      "valid_count": 849,
      "invalid_count": 33,
      "lost_count": 0,
      "ignored_count": 0,
      "taken_home_count": 0
    }
  },
  "entries": [
    {
      "name": "Всероссийская политическая партия \"ЕДИНАЯ РОССИЯ\"",
      "position": 2,
      "party_id": 5,
      "official_result": {
        "votes_count": 251,
        "place": 1,
        "percentage": 28.458049886621318,
        "valid_percentage": 29.56419316843345,
        "registered_percentage": 10.232368528332653,
        "display_percentage": 28.46,
        "winner": true
      },
      "result_without_other_entry": {
        "1": {
          "percentage": 38.14589665653496,