{
  "commission_name": "УИК №1003",
  "ballot_name": "Выборы депутатов Законодательного Собрания Санкт-Петербурга седьмого созыва",
  "name": "Результаты выборов по единому округу",
  "protocol_scope": {
    "type": "uik",
    "id": 1003
  },
  "electoral_district": {
    "type": "city",
    "id": 0
  },
  "data_id": 27820001915220,
  "ballot_data_id": 4784025362381,
  "has_koib": false,
  "generated_date": 1632114883000,
  "official_result": {
    "winner": {
      "id": 5,
      "position": 2,
      "percentage": 39.53488372093023,
      "valid_percentage": 40.35608308605341,
      "registered_percentage": 13.59320339830085
    },
    "turnout": {
      "count": 700,
      "percentage": 34.982508745627186,
      "walk_by_count": 684,
      "walk_by_percentage": 34.18290854572714,
      "on_home_count": 16,
      "on_home_percentage": 0.7996001999000499,
      "ahead_of_time_count": 0,
      "ahead_of_time_percentage": 0,
      "valid_count": 674,
      "valid_percentage": 33.6831584207896,
      "invalid_count": 14,
      "invalid_percentage": 0.6996501749125438,
      "taken_home_count": 12,
      "taken_home_percentage": 0.5997001499250375,
      "lost_count": 0,
      "lost_percentage": 0
    },
    "votes_stats": {
      "winning_count": 272,
      "winning_percentage": 39.53488372093023,
      "effective_count": 674,
      "losing_count": 402,
      "losing_percentage": 58.43023255813954,
      "other_count": 14,
      "other_percentage": 2.0348837209302326,
      "by_place": {
        "#1": {
          "count": 272,
          "percentage": 39.53488372093023
        },
        "#2": {
          "count": 130,
          "percentage": 18.8953488372093
        },
        "#3": {
          "count": 98,
          "percentage": 14.244186046511627
        },
        "#4": {
          "count": 56,
          "percentage": 8.13953488372093
        },
        "#5": {
          "count": 52,
          "percentage": 7.55813953488372
        },
        "#6": {
          "count": 35,
          "percentage": 5.087209302325581
        },
        "#7": {
          "count": 23,
          "percentage": 3.343023255813953
        },
        "#8": {
          "count": 8,
          "percentage": 1.1627906976744187
        }
      }
    }
  },
  "turnout_protocols": {
    "17.09.2021": {
      "15.00": {
        "count": 158,
        "count_delta": 158,
        "count_delta_per_hour": 22.571428571428573,
        "count_delta_per_minute": 0.3761904761904762,
        "percentage": 7.9,
        "percentage_delta": 7.9,
        "percentage_delta_per_hour": 1.1285714285714286,
        "percentage_delta_per_minute": 0.01880952380952381,
        "registered_count": 2000,
        "registered_count_delta": 2000,
        "registered_count_delta_per_hour": 285.7142857142857,
        "registered_count_delta_per_minute": 4.761904761904762
      },
      "20.00": {
        "count": 240,
        "count_delta": 82,
        "count_delta_per_hour": 16.4,
        "count_delta_per_minute": 0.2733333333333333,
        "percentage": 11.99,
        "percentage_delta": 4.09,
        "percentage_delta_per_hour": 0.818,
        "percentage_delta_per_minute": 0.013633333333333332,
        "registered_count": 2002,
        "registered_count_delta": 2,
        "registered_count_delta_per_hour": 0.4,
        "registered_count_delta_per_minute": 0.006666666666666667
      }
    },
    "18.09.2021": {
      "15.00": {
        "count": 268,
        "count_delta": 28,
        "count_delta_per_hour": 4,
        "count_delta_per_minute": 0.06666666666666667,
        "percentage": 13.39,
        "percentage_delta": 1.4000000000000004,
        "percentage_delta_per_hour": 0.20000000000000004,
        "percentage_delta_per_minute": 0.003333333333333334,
        "registered_count": 2001,
        "registered_count_delta": -1,
        "registered_count_delta_per_hour": -0.14285714285714285,
        "registered_count_delta_per_minute": -0.002380952380952381
      },
      "20.00": {
        "count": 388,
        "count_delta": 120,
        "count_delta_per_hour": 24,
        "count_delta_per_minute": 0.4,
        "percentage": 19.39,
        "percentage_delta": 6,
        "percentage_delta_per_hour": 1.2,
        "percentage_delta_per_minute": 0.02,
        "registered_count": 2001,
        "registered_count_delta": 0,
        "registered_count_delta_per_hour": 0,
        "registered_count_delta_per_minute": 0
      }
    },
    "19.09.2021": {
      "10.00": {
        "count": 388,
        "count_delta": 0,
        "count_delta_per_hour": 0,
        "count_delta_per_minute": 0,
        "percentage": 19.39,
        "percentage_delta": 0,
        "percentage_delta_per_hour": 0,
        "percentage_delta_per_minute": 0
      },
      "12.00": {
        "count": 398,
        "count_delta": 10,
        "count_delta_per_hour": 5,
        "count_delta_per_minute": 0.08333333333333333,
        "percentage": 19.89,
        "percentage_delta": 0.5,
        "percentage_delta_per_hour": 0.25,
        "percentage_delta_per_minute": 0.004166666666666667
      },
      "15.00": {
        "count": 408,
        "count_delta": 10,
        "count_delta_per_hour": 3.3333333333333335,
        "count_delta_per_minute": 0.05555555555555555,
        "percentage": 20.39,
        "percentage_delta": 0.5,
        "percentage_delta_per_hour": 0.16666666666666666,
        "percentage_delta_per_minute": 0.002777777777777778
      },
      "18.00": {
        "count": 616,
        "count_delta": 208,
        "count_delta_per_hour": 69.33333333333333,
        "count_delta_per_minute": 1.1555555555555554,
        "percentage": 30.78,
        "percentage_delta": 10.39,
        "percentage_delta_per_hour": 3.4633333333333334,
        "percentage_delta_per_minute": 0.05772222222222222
      },
      "20.00": {
        "count": 700,
        "count_delta": 84,
        "count_delta_per_hour": 42,
        "count_delta_per_minute": 0.7,
        "percentage": 34.982508745627186,
        "percentage_delta": 4.202508745627185,
        "percentage_delta_per_hour": 2.1012543728135924,
        "percentage_delta_per_minute": 0.035020906213559876,
        "registered_count": 2001,
        "registered_count_delta": 0,
        "registered_count_delta_per_hour": 0,
        "registered_count_delta_per_minute": 0
      }
    }
  },
  "metadata": {
    "analysis": {
      "negative_turnout_registered_count_protocols": 1,
      "negative_turnout_registered_count": 1,
      "protocol_count": 1,
      "exceeded_papers_count": 0,
      "exceeded_papers_steal_winning": 0,
      "exceeded_papers_provide_extra_places": 0,
      "multiple_winners": 0,
      "checksum_valid": 1
    },
    "voters": {
      "initially_registered_count": 2001,
      "registered_count": 2001,
      "walk_by_count": 684,
      "on_home_count": 16,
      "ahead_of_time_count": 0,
      "exceptional_count": 0
    },
    "papers": {
      "received_count": 1500,
      "destroyed_count": 800,
      "stationary_box_count": 672,
      "portable_box_count": 16,
      "valid_count": 674,
      "invalid_count": 14,
      "lost_count": 0,
      "ignored_count": 0,
      "taken_home_count": 12
    }
  },
  "entries": [
    {
      "name": "Всероссийская политическая партия \"ЕДИНАЯ РОССИЯ\"",
      "position": 2,
      "party_id": 5,
      "official_result": {
        "votes_count": 272,
        "place": 1,
        "percentage": 39.53488372093023,
        "valid_percentage": 40.35608308605341,
        "registered_percentage": 13.59320339830085,
        "display_percentage": 39.53,
        "winner": true
      },
      "result_without_other_entry": {
        "1": {
          "percentage": 48.74551971326165,
          "valid_percentage": 50
        },
        "3": {
          "percentage": 42.76729559748428,
          "valid_percentage": 43.729903536977496
        },
        "4": {
          "percentage": 43.037974683544306,
          "valid_percentage": 44.01294498381877
        },