{
  "commission_name": "УИК №1203",
  "ballot_name": "Выборы депутатов Законодательного Собрания Санкт-Петербурга седьмого созыва",
  "name": "Результаты выборов по одномандатному (многомандатному) округу",
  "protocol_scope": {
    "type": "uik",
    "id": 1203
  },
  "electoral_district": {
    "type": "city",
    "id": 19
  },
  "data_id": 27820001915220,
  "ballot_data_id": 4784026409818,
  "has_koib": true,
  "generated_date": 1632118502000,
  "official_result": {
    "winner": {
      "id": 99,
      "position": 1,
      "percentage": 26.422764227642276,
      "valid_percentage": 27.8372591006424,
      "registered_percentage": 7.458405048766495
    },
    "turnout": {
      "count": 492,
      "percentage": 28.227194492254732,
      "walk_by_count": 485,
      "walk_by_percentage": 27.82558806655192,
      "on_home_count": 7,
      "on_home_percentage": 0.4016064257028112,
      "ahead_of_time_count": 0,
      "ahead_of_time_percentage": 0,
      "valid_count": 467,
      "valid_percentage": 26.792885829030403,
      "invalid_count": 25,
      "invalid_percentage": 1.4343086632243258,
      "taken_home_count": 0,
      "taken_home_percentage": 0,
      "lost_count": 0,
      "lost_percentage": 0
    },
    "votes_stats": {
      "winning_count": 130,
      "winning_percentage": 26.422764227642276,
      "effective_count": 467,
      "losing_count": 337,
      "losing_percentage": 68.4959349593496,
      "other_count": 25,
      "other_percentage": 5.08130081300813,
      "by_place": {
        "#1": {
          "count": 130,
          "percentage": 26.422764227642276
        },
        "#2": {
          "count": 125,
          "percentage": 25.406504065040654
        },
        "#3": {
          "count": 110,
          "percentage": 22.35772357723577,
          "supported_by_smart_vote": true
        },
        "#4": {
          "count": 46,
          "percentage": 9.34959349593496
        },
        "#5": {
          "count": 29,
          "percentage": 5.894308943089431
        },
        "#6": {
          "count": 27,
          "percentage": 5.487804878048781
        }
      }
    }
  },
  "turnout_protocols": {
    "17.09.2021": {
      "15.00": {
        "count": 66,
        "count_delta": 66,
        "count_delta_per_hour": 9.428571428571429,
        "count_delta_per_minute": 0.15714285714285714,
        "percentage": 3.79,
        "percentage_delta": 3.79,
        "percentage_delta_per_hour": 0.5414285714285715,
        "percentage_delta_per_minute": 0.009023809523809524,
        "registered_count": 1741,
        "registered_count_delta": 1741,
        "registered_count_delta_per_hour": 248.71428571428572,
        "registered_count_delta_per_minute": 4.145238095238096
      },
      "20.00": {
        "count": 116,
        "count_delta": 50,
        "count_delta_per_hour": 10,
        "count_delta_per_minute": 0.16666666666666666,
        "percentage": 6.64,
        "percentage_delta": 2.8499999999999996,
        "percentage_delta_per_hour": 0.57,
        "percentage_delta_per_minute": 0.009499999999999998,
        "registered_count": 1747,
        "registered_count_delta": 6,
        "registered_count_delta_per_hour": 1.2,
        "registered_count_delta_per_minute": 0.02
      }
    },
    "18.09.2021": {
      "15.00": {
        "count": 185,
        "count_delta": 69,
        "count_delta_per_hour": 9.857142857142858,
        "count_delta_per_minute": 0.16428571428571428,
        "percentage": 10.58,
        "percentage_delta": 3.9400000000000004,
        "percentage_delta_per_hour": 0.562857142857143,
        "percentage_delta_per_minute": 0.009380952380952382,
        "registered_count": 1749,
        "registered_count_delta": 2,
        "registered_count_delta_per_hour": 0.2857142857142857,
        "registered_count_delta_per_minute": 0.004761904761904762
      },
      "20.00": {
        "count": 220,
        "count_delta": 35,
        "count_delta_per_hour": 7,
        "count_delta_per_minute": 0.11666666666666667,
        "percentage": 12.59,
        "percentage_delta": 2.01,
        "percentage_delta_per_hour": 0.40199999999999997,
        "percentage_delta_per_minute": 0.006699999999999999,
        "registered_count": 1747,
        "registered_count_delta": -2,
        "registered_count_delta_per_hour": -0.4,
        "registered_count_delta_per_minute": -0.006666666666666667
      }
    },
    "19.09.2021": {
      "10.00": {
        "count": 226,
        "count_delta": 6,
        "count_delta_per_hour": 3,
        "count_delta_per_minute": 0.05,
        "percentage": 12.99,
        "percentage_delta": 0.40000000000000036,
        "percentage_delta_per_hour": 0.20000000000000018,
        "percentage_delta_per_minute": 0.003333333333333336
      },
      "12.00": {
        "count": 258,
        "count_delta": 32,
        "count_delta_per_hour": 16,
        "count_delta_per_minute": 0.26666666666666666,
        "percentage": 14.82,
        "percentage_delta": 1.83,
        "percentage_delta_per_hour": 0.915,
        "percentage_delta_per_minute": 0.015250000000000001
      },
      "15.00": {
        "count": 331,
        "count_delta": 73,
        "count_delta_per_hour": 24.333333333333332,
        "count_delta_per_minute": 0.40555555555555556,
        "percentage": 18.99,
        "percentage_delta": 4.169999999999998,
        "percentage_delta_per_hour": 1.3899999999999995,
        "percentage_delta_per_minute": 0.023166666666666655
      },
      "18.00": {
        "count": 426,
        "count_delta": 95,
        "count_delta_per_hour": 31.666666666666668,
        "count_delta_per_minute": 0.5277777777777778,
        "percentage": 24.43,
        "percentage_delta": 5.440000000000001,
        "percentage_delta_per_hour": 1.8133333333333337,
        "percentage_delta_per_minute": 0.03022222222222223
      },
      "20.00": {
        "count": 492,
        "count_delta": 66,
        "count_delta_per_hour": 33,
        "count_delta_per_minute": 0.55,
        "percentage": 28.227194492254732,
        "percentage_delta": 3.7971944922547323,
        "percentage_delta_per_hour": 1.8985972461273661,
        "percentage_delta_per_minute": 0.0316432874354561,
        "registered_count": 1743,
        "registered_count_delta": -4,
        "registered_count_delta_per_hour": -0.3333333333333333,
        "registered_count_delta_per_minute": -0.005555555555555556
      }
    }
  },
  "metadata": {
    "analysis": {
      "negative_turnout_registered_count_protocols": 1,
      "negative_turnout_registered_count": 4,
      "protocol_count": 1,
      "exceeded_papers_count": 0,
      "exceeded_papers_steal_winning": 0,
      "checksum_valid": 1
    },
    "voters": {
      "initially_registered_count": 1743,
      "registered_count": 1743,
      "walk_by_count": 485,
      "on_home_count": 7,
      "ahead_of_time_count": 0,
      "exceptional_count": 0
    },
    "papers": {
      "received_count": 1500,
      "destroyed_count": 1008,
      "stationary_box_count": 485,
      "portable_box_count": 7,
      "valid_count": 467,
      "invalid_count": 25,
      "lost_count": 0,
      "ignored_count": 0,
      "taken_home_count": 0
    }
  },
  "entries": [
    {
      "name": "Барышников Михаил Иванович",
      "position": 1,
      "candidate_id": 99,
      "supported_by_party_id": 5,
      "official_result": {
        "votes_count": 130,
        "place": 1,
        "percentage": 26.422764227642276,
        "valid_percentage": 27.8372591006424,
        "registered_percentage": 7.458405048766495,
        "display_percentage": 26.42,
        "winner": true
      },
      "result_without_other_entry": {
        "82": {
          "percentage": 35.42234332425068,
          "valid_percentage": 38.01169590643275
        },
        "100": {
          "percentage": 28.077753779697623,
          "valid_percentage": 29.68036529680365
        },
        "101": {
          "percentage": 27.956989247311824,