{
  "commission_name": "УИК №1554",
  "ballot_name": "Выборы депутатов Законодательного Собрания Санкт-Петербурга седьмого созыва",
  "name": "Результаты выборов по одномандатному (многомандатному) округу",
  "protocol_scope": {
    "type": "uik",
    "id": 1554
  },
  "electoral_district": {
    "type": "city",
    "id": 15
  },
  "data_id": 27820001915220,
  "ballot_data_id": 4784022367952,
  "has_koib": false,
  "generated_date": 1632124597000,
  "official_result": {
    "winner": {
      "id": 228,
      "position": 5,
      "percentage": 49.92366412213741,
      "valid_percentage": 51.57728706624606,
      "registered_percentage": 17.888402625820568
    },
    "turnout": {
      "count": 655,
      "percentage": 35.83150984682713,
      "walk_by_count": 631,
      "walk_by_percentage": 34.51859956236324,
      "on_home_count": 24,
      "on_home_percentage": 1.312910284463895,
      "ahead_of_time_count": 0,
      "ahead_of_time_percentage": 0,
      "valid_count": 634,
      "valid_percentage": 34.68271334792122,
      "invalid_count": 21,
      "invalid_percentage": 1.148796498905908,
      "taken_home_count": 0,
      "taken_home_percentage": 0,
      "lost_count": 0,
      "lost_percentage": 0
    },
    "votes_stats": {
      "winning_count": 327,
      "winning_percentage": 49.92366412213741,
      "effective_count": 634,
      "losing_count": 307,
      "losing_percentage": 46.87022900763359,
      "other_count": 21,
      "other_percentage": 3.2061068702290076,
      "by_place": {
        "#1": {
          "count": 327,
          "percentage": 49.92366412213741
        },
        "#2": {
          "count": 87,
          "percentage": 13.282442748091603
        },
        "#3": {
          "count": 67,
          "percentage": 10.229007633587786,
          "supported_by_smart_vote": true
        },
        "#4": {
          "count": 46,
          "percentage": 7.022900763358779
        },
        "#5": {
          "count": 36,
          "percentage": 5.4961832061068705
        },
        "#6": {
          "count": 32,
          "percentage": 4.885496183206107
        },
        "#7": {
          "count": 27,
          "percentage": 4.122137404580153
        },
        "#8": {
          "count": 12,
          "percentage": 1.8320610687022902
        }
      }
    }
  },
  "turnout_protocols": {
    "17.09.2021": {
      "15.00": {
        "count": 108,
        "count_delta": 108,
        "count_delta_per_hour": 15.428571428571429,
        "count_delta_per_minute": 0.2571428571428571,
        "percentage": 5.91,
        "percentage_delta": 5.91,
        "percentage_delta_per_hour": 0.8442857142857143,
        "percentage_delta_per_minute": 0.014071428571428572,
        "registered_count": 1827,
        "registered_count_delta": 1827,
        "registered_count_delta_per_hour": 261,
        "registered_count_delta_per_minute": 4.35
      },
      "20.00": {
        "count": 279,
        "count_delta": 171,
        "count_delta_per_hour": 34.2,
        "count_delta_per_minute": 0.57,
        "percentage": 15.27,
        "percentage_delta": 9.36,
        "percentage_delta_per_hour": 1.8719999999999999,
        "percentage_delta_per_minute": 0.0312,
        "registered_count": 1827,
        "registered_count_delta": 0,
        "registered_count_delta_per_hour": 0,
        "registered_count_delta_per_minute": 0
      }
    },
    "18.09.2021": {
      "15.00": {
        "count": 386,
        "count_delta": 107,
        "count_delta_per_hour": 15.285714285714286,
        "count_delta_per_minute": 0.25476190476190474,
        "percentage": 21.12,
        "percentage_delta": 5.850000000000001,
        "percentage_delta_per_hour": 0.835714285714286,
        "percentage_delta_per_minute": 0.013928571428571433,
        "registered_count": 1828,
        "registered_count_delta": 1,
        "registered_count_delta_per_hour": 0.14285714285714285,
        "registered_count_delta_per_minute": 0.002380952380952381
      },
      "20.00": {
        "count": 431,
        "count_delta": 45,
        "count_delta_per_hour": 9,
        "count_delta_per_minute": 0.15,
        "percentage": 23.58,
        "percentage_delta": 2.4599999999999973,
        "percentage_delta_per_hour": 0.49199999999999944,
        "percentage_delta_per_minute": 0.00819999999999999,
        "registered_count": 1828,
        "registered_count_delta": 0,
        "registered_count_delta_per_hour": 0,
        "registered_count_delta_per_minute": 0
      }
    },
    "19.09.2021": {
      "10.00": {
        "count": 444,
        "count_delta": 13,
        "count_delta_per_hour": 6.5,
        "count_delta_per_minute": 0.10833333333333334,
        "percentage": 24.29,
        "percentage_delta": 0.7100000000000009,
        "percentage_delta_per_hour": 0.3550000000000004,
        "percentage_delta_per_minute": 0.005916666666666673
      },
      "12.00": {
        "count": 470,
        "count_delta": 26,
        "count_delta_per_hour": 13,
        "count_delta_per_minute": 0.21666666666666667,
        "percentage": 25.71,
        "percentage_delta": 1.4200000000000017,
        "percentage_delta_per_hour": 0.7100000000000009,
        "percentage_delta_per_minute": 0.011833333333333347
      },
      "15.00": {
        "count": 541,
        "count_delta": 71,
        "count_delta_per_hour": 23.666666666666668,
        "count_delta_per_minute": 0.39444444444444443,
        "percentage": 29.6,
        "percentage_delta": 3.8900000000000006,
        "percentage_delta_per_hour": 1.2966666666666669,
        "percentage_delta_per_minute": 0.021611111111111116
      },
      "18.00": {
        "count": 611,
        "count_delta": 70,
        "count_delta_per_hour": 23.333333333333332,
        "count_delta_per_minute": 0.3888888888888889,
        "percentage": 33.42,
        "percentage_delta": 3.8200000000000003,
        "percentage_delta_per_hour": 1.2733333333333334,
        "percentage_delta_per_minute": 0.021222222222222222
      },
      "20.00": {
        "count": 655,
        "count_delta": 44,
        "count_delta_per_hour": 22,
        "count_delta_per_minute": 0.36666666666666664,
        "percentage": 35.83150984682713,
        "percentage_delta": 2.41150984682713,
        "percentage_delta_per_hour": 1.205754923413565,
        "percentage_delta_per_minute": 0.020095915390226083,
        "registered_count": 1828,
        "registered_count_delta": 0,
        "registered_count_delta_per_hour": 0,
        "registered_count_delta_per_minute": 0
      }
    }
  },
  "metadata": {
    "analysis": {
      "protocol_count": 1,
      "exceeded_papers_count": 0,
      "exceeded_papers_steal_winning": 0,
      "checksum_valid": 1
    },
    "voters": {
      "initially_registered_count": 1825,
      "registered_count": 1828,
      "walk_by_count": 631,
      "on_home_count": 24,
      "ahead_of_time_count": 0,
      "exceptional_count": 0,
      "added_count": 3
    },
    "papers": {
      "received_count": 1500,
      "destroyed_count": 845,
      "stationary_box_count": 631,
      "portable_box_count": 24,
      "valid_count": 634,
      "invalid_count": 21,
      "lost_count": 0,
      "ignored_count": 0,
      "taken_home_count": 0
    }
  },
  "entries": [
    {
      "name": "Рябоконь Андрей Алексеевич",
      "position": 5,
      "candidate_id": 228,
      "supported_by_party_id": 5,
      "official_result": {
        "votes_count": 327,
        "place": 1,
        "percentage": 49.92366412213741,
        "valid_percentage": 51.57728706624606,
        "registered_percentage": 17.888402625820568,
        "display_percentage": 49.92,
        "winner": true
      },
      "result_without_other_entry": {
        "224": {
          "percentage": 57.570422535211264,
          "valid_percentage": 59.78062157221207
        },
        "225": {
          "percentage": 53.69458128078818,
          "valid_percentage": 55.61224489795919
        },
        "226": {
          "percentage": 52.07006369426752,