{
  "commission_name": "УИК №962",
  "ballot_name": "Выборы депутатов Законодательного Собрания Санкт-Петербурга седьмого созыва",
  "name": "Результаты выборов по единому округу",
  "protocol_scope": {
    "type": "uik",
    "id": 962
  },
  "electoral_district": {
    "type": "city",
    "id": 0
  },
  "data_id": 27820001915220,
  "ballot_data_id": 4784007523956,
  "has_koib": false,
  "generated_date": 1632124904000,
  "official_result": {
    "winner": {
      "id": 5,
      "position": 2,
      "percentage": 30.303030303030305,
      "valid_percentage": 31.029619181946405,
      "registered_percentage": 8.264462809917356
    },
    "turnout": {
      "count": 728,
      "percentage": 27.347858752817427,
      "walk_by_count": 676,
      "walk_by_percentage": 25.39444027047333,
      "on_home_count": 52,
      "on_home_percentage": 1.9534184823441023,
      "ahead_of_time_count": 0,
      "ahead_of_time_percentage": 0,
      "valid_count": 709,
      "valid_percentage": 26.634109691960933,
      "invalid_count": 17,
      "invalid_percentage": 0.6386175807663411,
      "taken_home_count": 2,
      "taken_home_percentage": 0.07513148009015778,
      "lost_count": 0,
      "lost_percentage": 0
    },
    "votes_stats": {
      "winning_count": 220,
      "winning_percentage": 30.303030303030305,
      "effective_count": 709,
      "losing_count": 489,
      "losing_percentage": 67.35537190082644,
      "other_count": 17,
      "other_percentage": 2.3415977961432506,
      "by_place": {
        "#1": {
          "count": 220,
          "percentage": 30.303030303030305
        },
        "#2": {
          "count": 152,
          "percentage": 20.9366391184573
        },
        "#3": {
          "count": 130,
          "percentage": 17.90633608815427
        },
        "#4": {
          "count": 84,
          "percentage": 11.570247933884298
        },
        "#5": {
          "count": 54,
          "percentage": 7.43801652892562
        },
        "#6": {
          "count": 40,
          "percentage": 5.5096418732782375
        },
        "#7": {
          "count": 20,
          "percentage": 2.7548209366391188
        },
        "#8": {
          "count": 9,
          "percentage": 1.2396694214876034
        }
      }
    }
  },
  "turnout_protocols": {
    "17.09.2021": {
      "15.00": {
        "count": 137,
        "count_delta": 137,
        "count_delta_per_hour": 19.571428571428573,
        "count_delta_per_minute": 0.3261904761904762,
        "percentage": 5.21,
        "percentage_delta": 5.21,
        "percentage_delta_per_hour": 0.7442857142857143,
        "percentage_delta_per_minute": 0.012404761904761905,
        "registered_count": 2630,
        "registered_count_delta": 2630,
        "registered_count_delta_per_hour": 375.7142857142857,
        "registered_count_delta_per_minute": 6.261904761904762
      },
      "20.00": {
        "count": 193,
        "count_delta": 56,
        "count_delta_per_hour": 11.2,
        "count_delta_per_minute": 0.18666666666666668,
        "percentage": 7.33,
        "percentage_delta": 2.12,
        "percentage_delta_per_hour": 0.42400000000000004,
        "percentage_delta_per_minute": 0.007066666666666667,
        "registered_count": 2633,
        "registered_count_delta": 3,
        "registered_count_delta_per_hour": 0.6,
        "registered_count_delta_per_minute": 0.01
      }
    },
    "18.09.2021": {
      "15.00": {
        "count": 246,
        "count_delta": 53,
        "count_delta_per_hour": 7.571428571428571,
        "count_delta_per_minute": 0.1261904761904762,
        "percentage": 9.35,
        "percentage_delta": 2.0199999999999996,
        "percentage_delta_per_hour": 0.28857142857142853,
        "percentage_delta_per_minute": 0.004809523809523809,
        "registered_count": 2631,
        "registered_count_delta": -2,
        "registered_count_delta_per_hour": -0.2857142857142857,
        "registered_count_delta_per_minute": -0.004761904761904762
      },
      "20.00": {
        "count": 304,
        "count_delta": 58,
        "count_delta_per_hour": 11.6,
        "count_delta_per_minute": 0.19333333333333333,
        "percentage": 11.55,
        "percentage_delta": 2.200000000000001,
        "percentage_delta_per_hour": 0.4400000000000002,
        "percentage_delta_per_minute": 0.007333333333333337,
        "registered_count": 2632,
        "registered_count_delta": 1,
        "registered_count_delta_per_hour": 0.2,
        "registered_count_delta_per_minute": 0.0033333333333333335
      }
    },
    "19.09.2021": {
      "10.00": {
        "count": 329,
        "count_delta": 25,
        "count_delta_per_hour": 12.5,
        "count_delta_per_minute": 0.20833333333333334,
        "percentage": 12.35,
        "percentage_delta": 0.7999999999999989,
        "percentage_delta_per_hour": 0.39999999999999947,
        "percentage_delta_per_minute": 0.0066666666666666576
      },
      "12.00": {
        "count": 369,
        "count_delta": 40,
        "count_delta_per_hour": 20,
        "count_delta_per_minute": 0.3333333333333333,
        "percentage": 13.87,
        "percentage_delta": 1.5199999999999996,
        "percentage_delta_per_hour": 0.7599999999999998,
        "percentage_delta_per_minute": 0.012666666666666663
      },
      "15.00": {
        "count": 465,
        "count_delta": 96,
        "count_delta_per_hour": 32,
        "count_delta_per_minute": 0.5333333333333333,
        "percentage": 17.48,
        "percentage_delta": 3.610000000000001,
        "percentage_delta_per_hour": 1.2033333333333338,
        "percentage_delta_per_minute": 0.020055555555555563
      },
      "18.00": {
        "count": 582,
        "count_delta": 117,
        "count_delta_per_hour": 39,
        "count_delta_per_minute": 0.65,
        "percentage": 21.85,
        "percentage_delta": 4.370000000000001,
        "percentage_delta_per_hour": 1.456666666666667,
        "percentage_delta_per_minute": 0.024277777777777784
      },
      "20.00": {
        "count": 728,
        "count_delta": 146,
        "count_delta_per_hour": 73,
        "count_delta_per_minute": 1.2166666666666666,
        "percentage": 27.347858752817427,
        "percentage_delta": 5.497858752817425,
        "percentage_delta_per_hour": 2.7489293764087126,
        "percentage_delta_per_minute": 0.04581548960681188,
        "registered_count": 2662,
        "registered_count_delta": 30,
        "registered_count_delta_per_hour": 2.5,
        "registered_count_delta_per_minute": 0.041666666666666664
      }
    }
  },
  "metadata": {
    "analysis": {
      "negative_turnout_registered_count_protocols": 1,
      "negative_turnout_registered_count": 2,
      "protocol_count": 1,
      "exceeded_papers_count": 0,
      "exceeded_papers_steal_winning": 0,
      "exceeded_papers_provide_extra_places": 0,
      "multiple_winners": 0,
      "checksum_valid": 1,
      "stuffed_protocol_for_5": 1,
      "stuffed_votes_for_5": 54.089285714285694
    },
    "voters": {
      "initially_registered_count": 2632,
      "registered_count": 2662,
      "walk_by_count": 676,
      "on_home_count": 52,
      "ahead_of_time_count": 0,
      "exceptional_count": 0,
      "added_count": 30
    },
    "papers": {
      "received_count": 2000,
      "destroyed_count": 1272,
      "stationary_box_count": 676,
      "portable_box_count": 50,
      "valid_count": 709,
      "invalid_count": 17,
      "lost_count": 0,
      "ignored_count": 0,
      "taken_home_count": 2
    }
  },
  "entries": [
    {
      "name": "Всероссийская политическая партия \"ЕДИНАЯ РОССИЯ\"",
      "position": 2,
      "party_id": 5,
      "official_result": {
        "votes_count": 220,
        "place": 1,
        "percentage": 30.303030303030305,
        "valid_percentage": 31.029619181946405,
        "registered_percentage": 8.264462809917356,
        "display_percentage": 30.3,
        "winner": true
      },