{
  "commission_name": "УИК №1200",
  "ballot_name": "Выборы депутатов Законодательного Собрания Санкт-Петербурга седьмого созыва",
  "name": "Результаты выборов по единому округу",
  "protocol_scope": {
    "type": "uik",
    "id": 1200
  },
  "electoral_district": {
    "type": "city",
    "id": 0
  },
  "data_id": 27820001915220,
  "ballot_data_id": 4784026409815,
  "has_koib": true,
  "generated_date": 1632123220000,
  "official_result": {
    "winner": {
      "id": 5,
      "position": 2,
      "percentage": 29.457364341085274,
      "valid_percentage": 30.522088353413658,
      "registered_percentage": 8.397790055248619
    },
    "turnout": {
      "count": 516,
      "percentage": 28.50828729281768,
      "walk_by_count": 500,
      "walk_by_percentage": 27.624309392265197,
      "on_home_count": 16,
      "on_home_percentage": 0.8839779005524863,
      "ahead_of_time_count": 0,
      "ahead_of_time_percentage": 0,
      "valid_count": 498,
      "valid_percentage": 27.513812154696133,
      "invalid_count": 18,
      "invalid_percentage": 0.9944751381215469,
      "taken_home_count": 0,
      "taken_home_percentage": 0,
      "lost_count": 0,
      "lost_percentage": 0
    },
    "votes_stats": {
      "winning_count": 152,
      "winning_percentage": 29.457364341085274,
      "effective_count": 498,
      "losing_count": 346,
      "losing_percentage": 67.05426356589147,
      "other_count": 18,
      "other_percentage": 3.488372093023256,
      "by_place": {
        "#1": {
          "count": 152,
          "percentage": 29.457364341085274
        },
        "#2": {
          "count": 119,
          "percentage": 23.06201550387597
        },
        "#3": {
          "count": 106,
          "percentage": 20.54263565891473
        },
        "#4": {
          "count": 47,
          "percentage": 9.108527131782946
        },
        "#5": {
          "count": 35,
          "percentage": 6.782945736434108
        },
        "#6": {
          "count": 19,
          "percentage": 3.6821705426356592
        },
        "#7": {
          "count": 15,
          "percentage": 2.9069767441860463
        },
        "#8": {
          "count": 5,
          "percentage": 0.9689922480620154
        }
      }
    }
  },
  "turnout_protocols": {
    "17.09.2021": {
      "15.00": {
        "count": 96,
        "count_delta": 96,
        "count_delta_per_hour": 13.714285714285714,
        "count_delta_per_minute": 0.22857142857142856,
        "percentage": 5.29,
        "percentage_delta": 5.29,
        "percentage_delta_per_hour": 0.7557142857142857,
        "percentage_delta_per_minute": 0.012595238095238095,
        "registered_count": 1815,
        "registered_count_delta": 1815,
        "registered_count_delta_per_hour": 259.2857142857143,
        "registered_count_delta_per_minute": 4.321428571428571
      },
      "20.00": {
        "count": 145,
        "count_delta": 49,
        "count_delta_per_hour": 9.8,
        "count_delta_per_minute": 0.16333333333333333,
        "percentage": 7.99,
        "percentage_delta": 2.7,
        "percentage_delta_per_hour": 0.54,
        "percentage_delta_per_minute": 0.009000000000000001,
        "registered_count": 1815,
        "registered_count_delta": 0,
        "registered_count_delta_per_hour": 0,
        "registered_count_delta_per_minute": 0
      }
    },
    "18.09.2021": {
      "15.00": {
        "count": 217,
        "count_delta": 72,
        "count_delta_per_hour": 10.285714285714286,
        "count_delta_per_minute": 0.17142857142857143,
        "percentage": 11.96,
        "percentage_delta": 3.9700000000000006,
        "percentage_delta_per_hour": 0.5671428571428573,
        "percentage_delta_per_minute": 0.009452380952380953,
        "registered_count": 1814,
        "registered_count_delta": -1,
        "registered_count_delta_per_hour": -0.14285714285714285,
        "registered_count_delta_per_minute": -0.002380952380952381
      },
      "20.00": {
        "count": 274,
        "count_delta": 57,
        "count_delta_per_hour": 11.4,
        "count_delta_per_minute": 0.19,
        "percentage": 15.1,
        "percentage_delta": 3.139999999999999,
        "percentage_delta_per_hour": 0.6279999999999998,
        "percentage_delta_per_minute": 0.010466666666666662,
        "registered_count": 1815,
        "registered_count_delta": 1,
        "registered_count_delta_per_hour": 0.2,
        "registered_count_delta_per_minute": 0.0033333333333333335
      }
    },
    "19.09.2021": {
      "10.00": {
        "count": 273,
        "count_delta": -1,
        "count_delta_per_hour": -0.5,
        "count_delta_per_minute": -0.008333333333333333,
        "percentage": 15.1,
        "percentage_delta": 0,
        "percentage_delta_per_hour": 0,
        "percentage_delta_per_minute": 0
      },
      "12.00": {
        "count": 303,
        "count_delta": 30,
        "count_delta_per_hour": 15,
        "count_delta_per_minute": 0.25,
        "percentage": 16.76,
        "percentage_delta": 1.660000000000002,
        "percentage_delta_per_hour": 0.830000000000001,
        "percentage_delta_per_minute": 0.013833333333333349
      },
      "15.00": {
        "count": 407,
        "count_delta": 104,
        "count_delta_per_hour": 34.666666666666664,
        "count_delta_per_minute": 0.5777777777777777,
        "percentage": 22.49,
        "percentage_delta": 5.729999999999997,
        "percentage_delta_per_hour": 1.909999999999999,
        "percentage_delta_per_minute": 0.03183333333333332
      },
      "18.00": {
        "count": 452,
        "count_delta": 45,
        "count_delta_per_hour": 15,
        "count_delta_per_minute": 0.25,
        "percentage": 24.97,
        "percentage_delta": 2.4800000000000004,
        "percentage_delta_per_hour": 0.8266666666666668,
        "percentage_delta_per_minute": 0.01377777777777778
      },
      "20.00": {
        "count": 516,
        "count_delta": 64,
        "count_delta_per_hour": 32,
        "count_delta_per_minute": 0.5333333333333333,
        "percentage": 28.50828729281768,
        "percentage_delta": 3.5382872928176816,
        "percentage_delta_per_hour": 1.7691436464088408,
        "percentage_delta_per_minute": 0.029485727440147345,
        "registered_count": 1810,
        "registered_count_delta": -5,
        "registered_count_delta_per_hour": -0.4166666666666667,
        "registered_count_delta_per_minute": -0.006944444444444444
      }
    }
  },
  "metadata": {
    "analysis": {
      "negative_turnout_registered_count_protocols": 1,
      "negative_turnout_registered_count": 5,
      "negative_turnout_count_protocols": 1,
      "negative_turnout_count": 1,
      "protocol_count": 1,
      "exceeded_papers_count": 0,
      "exceeded_papers_steal_winning": 0,
      "exceeded_papers_provide_extra_places": 0,
      "multiple_winners": 0,
      "checksum_valid": 1
    },
    "voters": {
      "initially_registered_count": 1814,
      "registered_count": 1810,
      "walk_by_count": 500,
      "on_home_count": 16,
      "ahead_of_time_count": 0,
      "exceptional_count": 0,
      "removed_count": 4
    },
    "papers": {
      "received_count": 1500,
      "destroyed_count": 984,
      "stationary_box_count": 500,
      "portable_box_count": 16,
      "valid_count": 498,
      "invalid_count": 18,
      "lost_count": 0,
      "ignored_count": 0,
      "taken_home_count": 0
    }
  },
  "entries": [
    {
      "name": "Всероссийская политическая партия \"ЕДИНАЯ РОССИЯ\"",
      "position": 2,
      "party_id": 5,
      "official_result": {
        "votes_count": 152,
        "place": 1,
        "percentage": 29.457364341085274,
        "valid_percentage": 30.522088353413658,
        "registered_percentage": 8.397790055248619,
        "display_percentage": 29.46,
        "winner": true
      },
      "result_without_other_entry": {
        "1": {
          "percentage": 38.287153652392945,