{
  "commission_name": "УИК №517",
  "ballot_name": "Выборы депутатов Законодательного Собрания Санкт-Петербурга седьмого созыва",
  "name": "Результаты выборов по одномандатному (многомандатному) округу",
  "protocol_scope": {
    "type": "uik",
    "id": 517
  },
  "electoral_district": {
    "type": "city",
    "id": 7
  },
  "data_id": 27820001915220,
  "ballot_data_id": 4784019338372,
  "has_koib": false,
  "generated_date": 1632119265000,
  "official_result": {
    "winner": {
      "id": 57,
      "position": 5,
      "percentage": 30.508474576271187,
      "valid_percentage": 31.718061674008812,
      "registered_percentage": 10.460048426150122,
      "supported_by_smart_vote": true
    },
    "turnout": {
      "count": 710,
      "percentage": 34.38256658595641,
      "walk_by_count": 697,
      "walk_by_percentage": 33.753026634382564,
      "on_home_count": 13,
      "on_home_percentage": 0.6295399515738499,
      "ahead_of_time_count": 0,
      "ahead_of_time_percentage": 0,
      "valid_count": 681,
      "valid_percentage": 32.978208232445525,
      "invalid_count": 27,
      "invalid_percentage": 1.3075060532687652,
      "taken_home_count": 2,
      "taken_home_percentage": 0.09685230024213075,
      "lost_count": 0,
      "lost_percentage": 0
    },
    "votes_stats": {
      "winning_count": 216,
      "winning_percentage": 30.508474576271187,
      "effective_count": 681,
      "losing_count": 465,
      "losing_percentage": 65.67796610169492,
      "other_count": 27,
      "other_percentage": 3.8135593220338984,
      "by_place": {
        "#1": {
          "count": 216,
          "percentage": 30.508474576271187,
          "supported_by_smart_vote": true
        },
        "#2": {
          "count": 159,
          "percentage": 22.45762711864407
        },
        "#3": {
          "count": 93,
          "percentage": 13.135593220338984
        },
        "#4": {
          "count": 75,
          "percentage": 10.59322033898305
        },
        "#5": {
          "count": 68,
          "percentage": 9.6045197740113
        },
        "#6": {
          "count": 43,
          "percentage": 6.073446327683616
        },
        "#7": {
          "count": 27,
          "percentage": 3.8135593220338984
        }
      }
    }
  },
  "turnout_protocols": {
    "17.09.2021": {
      "15.00": {
        "count": 105,
        "count_delta": 105,
        "count_delta_per_hour": 15,
        "count_delta_per_minute": 0.25,
        "percentage": 5.03,
        "percentage_delta": 5.03,
        "percentage_delta_per_hour": 0.7185714285714286,
        "percentage_delta_per_minute": 0.011976190476190477,
        "registered_count": 2087,
        "registered_count_delta": 2087,
        "registered_count_delta_per_hour": 298.14285714285717,
        "registered_count_delta_per_minute": 4.969047619047619
      },
      "20.00": {
        "count": 182,
        "count_delta": 77,
        "count_delta_per_hour": 15.4,
        "count_delta_per_minute": 0.25666666666666665,
        "percentage": 8.78,
        "percentage_delta": 3.749999999999999,
        "percentage_delta_per_hour": 0.7499999999999998,
        "percentage_delta_per_minute": 0.012499999999999997,
        "registered_count": 2073,
        "registered_count_delta": -14,
        "registered_count_delta_per_hour": -2.8,
        "registered_count_delta_per_minute": -0.04666666666666667
      }
    },
    "18.09.2021": {
      "15.00": {
        "count": 183,
        "count_delta": 1,
        "count_delta_per_hour": 0.14285714285714285,
        "count_delta_per_minute": 0.002380952380952381,
        "percentage": 8.83,
        "percentage_delta": 0.05000000000000071,
        "percentage_delta_per_hour": 0.007142857142857244,
        "percentage_delta_per_minute": 0.00011904761904762074,
        "registered_count": 2072,
        "registered_count_delta": -1,
        "registered_count_delta_per_hour": -0.14285714285714285,
        "registered_count_delta_per_minute": -0.002380952380952381
      },
      "20.00": {
        "count": 365,
        "count_delta": 182,
        "count_delta_per_hour": 36.4,
        "count_delta_per_minute": 0.6066666666666667,
        "percentage": 17.61,
        "percentage_delta": 8.78,
        "percentage_delta_per_hour": 1.7559999999999998,
        "percentage_delta_per_minute": 0.029266666666666663,
        "registered_count": 2073,
        "registered_count_delta": 1,
        "registered_count_delta_per_hour": 0.2,
        "registered_count_delta_per_minute": 0.0033333333333333335
      }
    },
    "19.09.2021": {
      "10.00": {
        "count": 380,
        "count_delta": 15,
        "count_delta_per_hour": 7.5,
        "count_delta_per_minute": 0.125,
        "percentage": 18.38,
        "percentage_delta": 0.7699999999999996,
        "percentage_delta_per_hour": 0.3849999999999998,
        "percentage_delta_per_minute": 0.006416666666666663
      },
      "12.00": {
        "count": 413,
        "count_delta": 33,
        "count_delta_per_hour": 16.5,
        "count_delta_per_minute": 0.275,
        "percentage": 20.02,
        "percentage_delta": 1.6400000000000006,
        "percentage_delta_per_hour": 0.8200000000000003,
        "percentage_delta_per_minute": 0.01366666666666667
      },
      "15.00": {
        "count": 527,
        "count_delta": 114,
        "count_delta_per_hour": 38,
        "count_delta_per_minute": 0.6333333333333333,
        "percentage": 25.52,
        "percentage_delta": 5.5,
        "percentage_delta_per_hour": 1.8333333333333333,
        "percentage_delta_per_minute": 0.030555555555555555
      },
      "18.00": {
        "count": 657,
        "count_delta": 130,
        "count_delta_per_hour": 43.333333333333336,
        "count_delta_per_minute": 0.7222222222222222,
        "percentage": 31.84,
        "percentage_delta": 6.32,
        "percentage_delta_per_hour": 2.106666666666667,
        "percentage_delta_per_minute": 0.035111111111111114
      },
      "20.00": {
        "count": 710,
        "count_delta": 53,
        "count_delta_per_hour": 26.5,
        "count_delta_per_minute": 0.44166666666666665,
        "percentage": 34.38256658595641,
        "percentage_delta": 2.5425665859564113,
        "percentage_delta_per_hour": 1.2712832929782056,
        "percentage_delta_per_minute": 0.021188054882970094,
        "registered_count": 2065,
        "registered_count_delta": -8,
        "registered_count_delta_per_hour": -0.6666666666666666,
        "registered_count_delta_per_minute": -0.011111111111111112
      }
    }
  },
  "metadata": {
    "analysis": {
      "negative_turnout_registered_count_protocols": 1,
      "negative_turnout_registered_count": 8,
      "protocol_count": 1,
      "exceeded_papers_count": 0,
      "exceeded_papers_steal_winning": 0,
      "checksum_valid": 1
    },
    "voters": {
      "initially_registered_count": 2088,
      "registered_count": 2065,
      "walk_by_count": 697,
      "on_home_count": 13,
      "ahead_of_time_count": 0,
      "exceptional_count": 0,
      "removed_count": 23
    },
    "papers": {
      "received_count": 1488,
      "destroyed_count": 778,
      "stationary_box_count": 695,
      "portable_box_count": 13,
      "valid_count": 681,
      "invalid_count": 27,
      "lost_count": 0,
      "ignored_count": 0,
      "taken_home_count": 2
    }
  },
  "entries": [
    {
      "name": "Тихонова Надежда Геннадьевна",
      "position": 5,
      "candidate_id": 57,
      "supported_by_party_id": 6,
      "supported_by_smart_vote": true,
      "official_result": {
        "votes_count": 216,
        "place": 1,
        "percentage": 30.508474576271187,
        "valid_percentage": 31.718061674008812,
        "registered_percentage": 10.460048426150122,
        "display_percentage": 30.51,
        "winner": true
      },
      "result_without_other_entry": {
        "51": {
          "percentage": 39.34426229508197,
          "valid_percentage": 41.37931034482759
        },