{
  "commission_name": "УИК №637",
  "ballot_name": "Выборы депутатов Законодательного Собрания Санкт-Петербурга седьмого созыва",
  "name": "Результаты выборов по единому округу",
  "protocol_scope": {
    "type": "uik",
    "id": 637
  },
  "electoral_district": {
    "type": "city",
    "id": 0
  },
  "data_id": 27820001915220,
  "ballot_data_id": 4784020563767,
  "has_koib": false,
  "generated_date": 1632126266000,
  "official_result": {
    "winner": {
      "id": 5,
      "position": 2,
      "percentage": 52.3117569352708,
      "valid_percentage": 54.172366621067034,
      "registered_percentage": 17.51437417072092
    },
    "turnout": {
      "count": 763,
      "percentage": 33.746130030959755,
      "walk_by_count": 758,
      "walk_by_percentage": 33.5249889429456,
      "on_home_count": 5,
      "on_home_percentage": 0.22114108801415305,
      "ahead_of_time_count": 0,
      "ahead_of_time_percentage": 0,
      "valid_count": 731,
      "valid_percentage": 32.33082706766917,
      "invalid_count": 26,
      "invalid_percentage": 1.149933657673596,
      "taken_home_count": 6,
      "taken_home_percentage": 0.26536930561698363,
      "lost_count": 0,
      "lost_percentage": 0
    },
    "votes_stats": {
      "winning_count": 396,
      "winning_percentage": 52.3117569352708,
      "effective_count": 731,
      "losing_count": 335,
      "losing_percentage": 44.253632760898284,
      "other_count": 26,
      "other_percentage": 3.4346103038309117,
      "by_place": {
        "#1": {
          "count": 396,
          "percentage": 52.3117569352708
        },
        "#2": {
          "count": 104,
          "percentage": 13.738441215323647
        },
        "#3": {
          "count": 66,
          "percentage": 8.718626155878468
        },
        "#4": {
          "count": 53,
          "percentage": 7.001321003963012
        },
        "#5": {
          "count": 49,
          "percentage": 6.472919418758257
        },
        "#6": {
          "count": 36,
          "percentage": 4.7556142668428
        },
        "#7": {
          "count": 21,
          "percentage": 2.7741083223249667
        },
        "#8": {
          "count": 6,
          "percentage": 0.7926023778071334
        }
      }
    }
  },
  "turnout_protocols": {
    "17.09.2021": {
      "15.00": {
        "count": 117,
        "count_delta": 117,
        "count_delta_per_hour": 16.714285714285715,
        "count_delta_per_minute": 0.2785714285714286,
        "percentage": 5.17,
        "percentage_delta": 5.17,
        "percentage_delta_per_hour": 0.7385714285714285,
        "percentage_delta_per_minute": 0.01230952380952381,
        "registered_count": 2263,
        "registered_count_delta": 2263,
        "registered_count_delta_per_hour": 323.2857142857143,
        "registered_count_delta_per_minute": 5.3880952380952385
      },
      "20.00": {
        "count": 201,
        "count_delta": 84,
        "count_delta_per_hour": 16.8,
        "count_delta_per_minute": 0.28,
        "percentage": 8.89,
        "percentage_delta": 3.7200000000000006,
        "percentage_delta_per_hour": 0.7440000000000001,
        "percentage_delta_per_minute": 0.012400000000000001,
        "registered_count": 2261,
        "registered_count_delta": -2,
        "registered_count_delta_per_hour": -0.4,
        "registered_count_delta_per_minute": -0.006666666666666667
      }
    },
    "18.09.2021": {
      "15.00": {
        "count": 318,
        "count_delta": 117,
        "count_delta_per_hour": 16.714285714285715,
        "count_delta_per_minute": 0.2785714285714286,
        "percentage": 14.06,
        "percentage_delta": 5.17,
        "percentage_delta_per_hour": 0.7385714285714285,
        "percentage_delta_per_minute": 0.01230952380952381,
        "registered_count": 2262,
        "registered_count_delta": 1,
        "registered_count_delta_per_hour": 0.14285714285714285,
        "registered_count_delta_per_minute": 0.002380952380952381
      },
      "20.00": {
        "count": 391,
        "count_delta": 73,
        "count_delta_per_hour": 14.6,
        "count_delta_per_minute": 0.24333333333333335,
        "percentage": 17.29,
        "percentage_delta": 3.2299999999999986,
        "percentage_delta_per_hour": 0.6459999999999997,
        "percentage_delta_per_minute": 0.010766666666666662,
        "registered_count": 2261,
        "registered_count_delta": -1,
        "registered_count_delta_per_hour": -0.2,
        "registered_count_delta_per_minute": -0.0033333333333333335
      }
    },
    "19.09.2021": {
      "10.00": {
        "count": 412,
        "count_delta": 21,
        "count_delta_per_hour": 10.5,
        "count_delta_per_minute": 0.175,
        "percentage": 18.22,
        "percentage_delta": 0.9299999999999997,
        "percentage_delta_per_hour": 0.46499999999999986,
        "percentage_delta_per_minute": 0.007749999999999997
      },
      "12.00": {
        "count": 461,
        "count_delta": 49,
        "count_delta_per_hour": 24.5,
        "count_delta_per_minute": 0.4083333333333333,
        "percentage": 20.39,
        "percentage_delta": 2.1700000000000017,
        "percentage_delta_per_hour": 1.0850000000000009,
        "percentage_delta_per_minute": 0.018083333333333347
      },
      "15.00": {
        "count": 609,
        "count_delta": 148,
        "count_delta_per_hour": 49.333333333333336,
        "count_delta_per_minute": 0.8222222222222222,
        "percentage": 26.93,
        "percentage_delta": 6.539999999999999,
        "percentage_delta_per_hour": 2.1799999999999997,
        "percentage_delta_per_minute": 0.03633333333333333
      },
      "18.00": {
        "count": 700,
        "count_delta": 91,
        "count_delta_per_hour": 30.333333333333332,
        "count_delta_per_minute": 0.5055555555555555,
        "percentage": 30.96,
        "percentage_delta": 4.030000000000001,
        "percentage_delta_per_hour": 1.3433333333333337,
        "percentage_delta_per_minute": 0.022388888888888896
      },
      "20.00": {
        "count": 763,
        "count_delta": 63,
        "count_delta_per_hour": 31.5,
        "count_delta_per_minute": 0.525,
        "percentage": 33.746130030959755,
        "percentage_delta": 2.786130030959754,
        "percentage_delta_per_hour": 1.393065015479877,
        "percentage_delta_per_minute": 0.023217750257997948,
        "registered_count": 2261,
        "registered_count_delta": 0,
        "registered_count_delta_per_hour": 0,
        "registered_count_delta_per_minute": 0
      }
    }
  },
  "metadata": {
    "analysis": {
      "negative_turnout_registered_count_protocols": 1,
      "negative_turnout_registered_count": 1,
      "protocol_count": 1,
      "exceeded_papers_count": 0,
      "exceeded_papers_steal_winning": 0,
      "exceeded_papers_provide_extra_places": 0,
      "multiple_winners": 0,
      "checksum_valid": 1,
      "stuffed_protocol_for_5": 1,
      "stuffed_votes_for_5": 235.75257731958763
    },
    "voters": {
      "initially_registered_count": 2261,
      "registered_count": 2261,
      "walk_by_count": 758,
      "on_home_count": 5,
      "ahead_of_time_count": 0,
      "exceptional_count": 0
    },
    "papers": {
      "received_count": 2000,
      "destroyed_count": 1237,
      "stationary_box_count": 752,
      "portable_box_count": 5,
      "valid_count": 731,
      "invalid_count": 26,
      "lost_count": 0,
      "ignored_count": 0,
      "taken_home_count": 6
    }
  },
  "entries": [
    {
      "name": "Всероссийская политическая партия \"ЕДИНАЯ РОССИЯ\"",
      "position": 2,
      "party_id": 5,
      "official_result": {
        "votes_count": 396,
        "place": 1,
        "percentage": 52.3117569352708,
        "valid_percentage": 54.172366621067034,
        "registered_percentage": 17.51437417072092,
        "display_percentage": 52.31,
        "winner": true
      },