{
  "commission_name": "УИК №830",
  "ballot_name": "Выборы депутатов Законодательного Собрания Санкт-Петербурга седьмого созыва",
  "name": "Результаты выборов по одномандатному (многомандатному) округу",
  "protocol_scope": {
    "type": "uik",
    "id": 830
  },
  "electoral_district": {
    "type": "city",
    "id": 25
  },
  "data_id": 27820001915220,
  "ballot_data_id": 4784006453015,
  "has_koib": true,
  "generated_date": 1632129999000,
  "official_result": {
    "winner": {
      "id": 219,
      "position": 1,
      "percentage": 50.534759358288774,
      "valid_percentage": 51.85185185185185,
      "registered_percentage": 18.5203331700147
    },
    "turnout": {
      "count": 748,
      "percentage": 36.64870161685448,
      "walk_by_count": 730,
      "walk_by_percentage": 35.76678098971093,
      "on_home_count": 18,
      "on_home_percentage": 0.8819206271435571,
      "ahead_of_time_count": 0,
      "ahead_of_time_percentage": 0,
      "valid_count": 729,
      "valid_percentage": 35.71778539931406,
      "invalid_count": 19,
      "invalid_percentage": 0.9309162175404213,
      "taken_home_count": 0,
      "taken_home_percentage": 0,
      "lost_count": 0,
      "lost_percentage": 0
    },
    "votes_stats": {
      "winning_count": 378,
      "winning_percentage": 50.534759358288774,
      "effective_count": 729,
      "losing_count": 351,
      "losing_percentage": 46.92513368983957,
      "other_count": 19,
      "other_percentage": 2.5401069518716577,
      "by_place": {
        "#1": {
          "count": 378,
          "percentage": 50.534759358288774
        },
        "#2": {
          "count": 144,
          "percentage": 19.25133689839572,
          "supported_by_smart_vote": true
        },
        "#3": {
          "count": 66,
          "percentage": 8.823529411764707
        },
        "#4": {
          "count": 53,
          "percentage": 7.0855614973262036
        },
        "#5": {
          "count": 51,
          "percentage": 6.8181818181818175
        },
        "#6": {
          "count": 37,
          "percentage": 4.946524064171124
        }
      }
    }
  },
  "turnout_protocols": {
    "17.09.2021": {
      "15.00": {
        "count": 139,
        "count_delta": 139,
        "count_delta_per_hour": 19.857142857142858,
        "count_delta_per_minute": 0.33095238095238094,
        "percentage": 6.89,
        "percentage_delta": 6.89,
        "percentage_delta_per_hour": 0.9842857142857142,
        "percentage_delta_per_minute": 0.016404761904761905,
        "registered_count": 2017,
        "registered_count_delta": 2017,
        "registered_count_delta_per_hour": 288.14285714285717,
        "registered_count_delta_per_minute": 4.802380952380952
      },
      "20.00": {
        "count": 239,
        "count_delta": 100,
        "count_delta_per_hour": 20,
        "count_delta_per_minute": 0.3333333333333333,
        "percentage": 11.81,
        "percentage_delta": 4.920000000000001,
        "percentage_delta_per_hour": 0.9840000000000002,
        "percentage_delta_per_minute": 0.0164,
        "registered_count": 2024,
        "registered_count_delta": 7,
        "registered_count_delta_per_hour": 1.4,
        "registered_count_delta_per_minute": 0.023333333333333334
      }
    },
    "18.09.2021": {
      "15.00": {
        "count": 255,
        "count_delta": 16,
        "count_delta_per_hour": 2.2857142857142856,
        "count_delta_per_minute": 0.0380952380952381,
        "percentage": 12.6,
        "percentage_delta": 0.7899999999999991,
        "percentage_delta_per_hour": 0.11285714285714274,
        "percentage_delta_per_minute": 0.001880952380952379,
        "registered_count": 2024,
        "registered_count_delta": 0,
        "registered_count_delta_per_hour": 0,
        "registered_count_delta_per_minute": 0
      },
      "20.00": {
        "count": 452,
        "count_delta": 197,
        "count_delta_per_hour": 39.4,
        "count_delta_per_minute": 0.6566666666666666,
        "percentage": 22.33,
        "percentage_delta": 9.729999999999999,
        "percentage_delta_per_hour": 1.9459999999999997,
        "percentage_delta_per_minute": 0.03243333333333333,
        "registered_count": 2024,
        "registered_count_delta": 0,
        "registered_count_delta_per_hour": 0,
        "registered_count_delta_per_minute": 0
      }
    },
    "19.09.2021": {
      "10.00": {
        "count": 480,
        "count_delta": 28,
        "count_delta_per_hour": 14,
        "count_delta_per_minute": 0.23333333333333334,
        "percentage": 23.52,
        "percentage_delta": 1.1900000000000013,
        "percentage_delta_per_hour": 0.5950000000000006,
        "percentage_delta_per_minute": 0.009916666666666678
      },
      "12.00": {
        "count": 515,
        "count_delta": 35,
        "count_delta_per_hour": 17.5,
        "count_delta_per_minute": 0.2916666666666667,
        "percentage": 25.25,
        "percentage_delta": 1.7300000000000004,
        "percentage_delta_per_hour": 0.8650000000000002,
        "percentage_delta_per_minute": 0.01441666666666667
      },
      "15.00": {
        "count": 614,
        "count_delta": 99,
        "count_delta_per_hour": 33,
        "count_delta_per_minute": 0.55,
        "percentage": 30.09,
        "percentage_delta": 4.84,
        "percentage_delta_per_hour": 1.6133333333333333,
        "percentage_delta_per_minute": 0.02688888888888889
      },
      "18.00": {
        "count": 720,
        "count_delta": 106,
        "count_delta_per_hour": 35.333333333333336,
        "count_delta_per_minute": 0.5888888888888889,
        "percentage": 35.28,
        "percentage_delta": 5.190000000000001,
        "percentage_delta_per_hour": 1.7300000000000004,
        "percentage_delta_per_minute": 0.02883333333333334
      },
      "20.00": {
        "count": 748,
        "count_delta": 28,
        "count_delta_per_hour": 14,
        "count_delta_per_minute": 0.23333333333333334,
        "percentage": 36.64870161685448,
        "percentage_delta": 1.36870161685448,
        "percentage_delta_per_hour": 0.68435080842724,
        "percentage_delta_per_minute": 0.011405846807120668,
        "registered_count": 2041,
        "registered_count_delta": 17,
        "registered_count_delta_per_hour": 1.4166666666666667,
        "registered_count_delta_per_minute": 0.02361111111111111
      }
    }
  },
  "metadata": {
    "analysis": {
      "protocol_count": 1,
      "exceeded_papers_count": 0,
      "exceeded_papers_steal_winning": 0,
      "checksum_valid": 1
    },
    "voters": {
      "initially_registered_count": 1997,
      "registered_count": 2041,
      "walk_by_count": 730,
      "on_home_count": 18,
      "ahead_of_time_count": 0,
      "exceptional_count": 0,
      "added_count": 44
    },
    "papers": {
      "received_count": 2000,
      "destroyed_count": 1252,
      "stationary_box_count": 730,
      "portable_box_count": 18,
      "valid_count": 729,
      "invalid_count": 19,
      "lost_count": 0,
      "ignored_count": 0,
      "taken_home_count": 0
    }
  },
  "entries": [
    {
      "name": "Киселева Елена Юрьевна",
      "position": 1,
      "candidate_id": 219,
      "supported_by_party_id": 5,
      "official_result": {
        "votes_count": 378,
        "place": 1,
        "percentage": 50.534759358288774,
        "valid_percentage": 51.85185185185185,
        "registered_percentage": 18.5203331700147,
        "display_percentage": 50.53,
        "winner": true
      },
      "result_without_other_entry": {
        "214": {
          "percentage": 54.388489208633096,
          "valid_percentage": 55.917159763313606
        },
        "220": {
          "percentage": 53.16455696202531,
          "valid_percentage": 54.6242774566474
        },
        "221": {
          "percentage": 62.58278145695364,
          "valid_percentage": 64.61538461538461
        },
        "222": {
          "percentage": 54.23242467718795,