{
  "commission_name": "УИК №1473",
  "ballot_name": "Выборы депутатов Законодательного Собрания Санкт-Петербурга седьмого созыва",
  "name": "Результаты выборов по одномандатному (многомандатному) округу",
  "protocol_scope": {
    "type": "uik",
    "id": 1473
  },
  "electoral_district": {
    "type": "city",
    "id": 9
  },
  "data_id": 27820001915220,
  "ballot_data_id": 478405286289,
  "has_koib": false,
  "generated_date": 1632112494000,
  "official_result": {
    "winner": {
      "id": 71,
      "position": 1,
      "percentage": 67.83369803063457,
      "valid_percentage": 68.96551724137932,
      "registered_percentage": 27.641551493535445
    },
    "turnout": {
      "count": 917,
      "percentage": 40.88274632189032,
      "walk_by_count": 896,
      "walk_by_percentage": 39.94650022291574,
      "on_home_count": 21,
      "on_home_percentage": 0.9362460989745877,
      "ahead_of_time_count": 0,
      "ahead_of_time_percentage": 0,
      "valid_count": 899,
      "valid_percentage": 40.0802496656264,
      "invalid_count": 15,
      "invalid_percentage": 0.6687472135532769,
      "taken_home_count": 3,
      "taken_home_percentage": 0.13374944271065536,
      "lost_count": 0,
      "lost_percentage": 0
    },
    "votes_stats": {
      "winning_count": 620,
      "winning_percentage": 67.83369803063457,
      "effective_count": 899,
      "losing_count": 279,
      "losing_percentage": 30.525164113785557,
      "other_count": 15,
      "other_percentage": 1.6411378555798686,
      "by_place": {
        "#1": {
          "count": 620,
          "percentage": 67.83369803063457
        },
        "#2": {
          "count": 112,
          "percentage": 12.25382932166302,
          "supported_by_smart_vote": true
        },
        "#3": {
          "count": 84,
          "percentage": 9.190371991247265
        },
        "#4": {
          "count": 35,
          "percentage": 3.8293216630196936
        },
        "#5": {
          "count": 34,
          "percentage": 3.7199124726477026
        },
        "#6": {
          "count": 14,
          "percentage": 1.5317286652078774
        }
      }
    }
  },
  "turnout_protocols": {
    "17.09.2021": {
      "15.00": {
        "count": 192,
        "count_delta": 192,
        "count_delta_per_hour": 27.428571428571427,
        "count_delta_per_minute": 0.45714285714285713,
        "percentage": 8.56,
        "percentage_delta": 8.56,
        "percentage_delta_per_hour": 1.2228571428571429,
        "percentage_delta_per_minute": 0.02038095238095238,
        "registered_count": 2243,
        "registered_count_delta": 2243,
        "registered_count_delta_per_hour": 320.42857142857144,
        "registered_count_delta_per_minute": 5.34047619047619
      },
      "20.00": {
        "count": 456,
        "count_delta": 264,
        "count_delta_per_hour": 52.8,
        "count_delta_per_minute": 0.88,
        "percentage": 20.33,
        "percentage_delta": 11.769999999999998,
        "percentage_delta_per_hour": 2.3539999999999996,
        "percentage_delta_per_minute": 0.03923333333333333,
        "registered_count": 2243,
        "registered_count_delta": 0,
        "registered_count_delta_per_hour": 0,
        "registered_count_delta_per_minute": 0
      }
    },
    "18.09.2021": {
      "15.00": {
        "count": 543,
        "count_delta": 87,
        "count_delta_per_hour": 12.428571428571429,
        "count_delta_per_minute": 0.20714285714285716,
        "percentage": 24.21,
        "percentage_delta": 3.8800000000000026,
        "percentage_delta_per_hour": 0.5542857142857146,
        "percentage_delta_per_minute": 0.009238095238095245,
        "registered_count": 2243,
        "registered_count_delta": 0,
        "registered_count_delta_per_hour": 0,
        "registered_count_delta_per_minute": 0
      },
      "20.00": {
        "count": 611,
        "count_delta": 68,
        "count_delta_per_hour": 13.6,
        "count_delta_per_minute": 0.22666666666666666,
        "percentage": 27.24,
        "percentage_delta": 3.0299999999999976,
        "percentage_delta_per_hour": 0.6059999999999995,
        "percentage_delta_per_minute": 0.010099999999999993,
        "registered_count": 2243,
        "registered_count_delta": 0,
        "registered_count_delta_per_hour": 0,
        "registered_count_delta_per_minute": 0
      }
    },
    "19.09.2021": {
      "10.00": {
        "count": 624,
        "count_delta": 13,
        "count_delta_per_hour": 6.5,
        "count_delta_per_minute": 0.10833333333333334,
        "percentage": 27.82,
        "percentage_delta": 0.5800000000000018,
        "percentage_delta_per_hour": 0.2900000000000009,
        "percentage_delta_per_minute": 0.004833333333333348
      },
      "12.00": {
        "count": 628,
        "count_delta": 4,
        "count_delta_per_hour": 2,
        "count_delta_per_minute": 0.03333333333333333,
        "percentage": 28,
        "percentage_delta": 0.17999999999999972,
        "percentage_delta_per_hour": 0.08999999999999986,
        "percentage_delta_per_minute": 0.0014999999999999976
      },
      "15.00": {
        "count": 734,
        "count_delta": 106,
        "count_delta_per_hour": 35.333333333333336,
        "count_delta_per_minute": 0.5888888888888889,
        "percentage": 32.72,
        "percentage_delta": 4.719999999999999,
        "percentage_delta_per_hour": 1.573333333333333,
        "percentage_delta_per_minute": 0.026222222222222216
      },
      "18.00": {
        "count": 854,
        "count_delta": 120,
        "count_delta_per_hour": 40,
        "count_delta_per_minute": 0.6666666666666666,
        "percentage": 38.07,
        "percentage_delta": 5.350000000000001,
        "percentage_delta_per_hour": 1.7833333333333339,
        "percentage_delta_per_minute": 0.02972222222222223
      },
      "20.00": {
        "count": 917,
        "count_delta": 63,
        "count_delta_per_hour": 31.5,
        "count_delta_per_minute": 0.525,
        "percentage": 40.88274632189032,
        "percentage_delta": 2.812746321890323,
        "percentage_delta_per_hour": 1.4063731609451615,
        "percentage_delta_per_minute": 0.02343955268241936,
        "registered_count": 2243,
        "registered_count_delta": 0,
        "registered_count_delta_per_hour": 0,
        "registered_count_delta_per_minute": 0
      }
    }
  },
  "metadata": {
    "analysis": {
      "protocol_count": 1,
      "exceeded_papers_count": 0,
      "exceeded_papers_steal_winning": 0,
      "checksum_valid": 1,
      "stuffed_protocol_for_71": 1,
      "stuffed_votes_for_71": 276.77735849056603
    },
    "voters": {
      "initially_registered_count": 2243,
      "registered_count": 2243,
      "walk_by_count": 896,
      "on_home_count": 21,
      "ahead_of_time_count": 0,
      "exceptional_count": 0
    },
    "papers": {
      "received_count": 1700,
      "destroyed_count": 783,
      "stationary_box_count": 893,
      "portable_box_count": 21,
      "valid_count": 899,
      "invalid_count": 15,
      "lost_count": 0,
      "ignored_count": 0,
      "taken_home_count": 3
    }
  },
  "entries": [
    {
      "name": "Высоцкий Игорь Владимирович",
      "position": 1,
      "candidate_id": 71,
      "supported_by_party_id": 5,
      "official_result": {
        "votes_count": 620,
        "place": 1,
        "percentage": 67.83369803063457,
        "valid_percentage": 68.96551724137932,
        "registered_percentage": 27.641551493535445,
        "display_percentage": 67.83,
        "winner": true
      },
      "result_without_other_entry": {
        "65": {
          "percentage": 77.3067331670823,
          "valid_percentage": 78.78017789072427
        },
        "67": {
          "percentage": 70.53469852104665,
          "valid_percentage": 71.75925925925925
        },
        "72": {
          "percentage": 68.88888888888889,
          "valid_percentage": 70.05649717514125
        },