{
  "commission_name": "УИК №1279",
  "ballot_name": "Выборы депутатов Законодательного Собрания Санкт-Петербурга седьмого созыва",
  "name": "Результаты выборов по единому округу",
  "protocol_scope": {
    "type": "uik",
    "id": 1279
  },
  "electoral_district": {
    "type": "city",
    "id": 0
  },
  "data_id": 27820001915220,
  "ballot_data_id": 4784010407132,
  "has_koib": false,
  "generated_date": 1632128984000,
  "official_result": {
    "winner": {
      "id": 5,
      "position": 2,
      "percentage": 39.76608187134503,
      "valid_percentage": 40.476190476190474,
      "registered_percentage": 10.518174787316319
    },
    "turnout": {
      "count": 684,
      "percentage": 26.450116009280745,
      "walk_by_count": 673,
      "walk_by_percentage": 26.024748646558393,
      "on_home_count": 11,
      "on_home_percentage": 0.42536736272235115,
      "ahead_of_time_count": 0,
      "ahead_of_time_percentage": 0,
      "valid_count": 672,
      "valid_percentage": 25.986078886310903,
      "invalid_count": 12,
      "invalid_percentage": 0.46403712296983757,
      "taken_home_count": 0,
      "taken_home_percentage": 0,
      "lost_count": 0,
      "lost_percentage": 0
    },
    "votes_stats": {
      "winning_count": 272,
      "winning_percentage": 39.76608187134503,
      "effective_count": 672,
      "losing_count": 400,
      "losing_percentage": 58.47953216374269,
      "other_count": 12,
      "other_percentage": 1.7543859649122806,
      "by_place": {
        "#1": {
          "count": 272,
          "percentage": 39.76608187134503
        },
        "#2": {
          "count": 134,
          "percentage": 19.5906432748538
        },
        "#3": {
          "count": 101,
          "percentage": 14.76608187134503
        },
        "#4": {
          "count": 51,
          "percentage": 7.456140350877193
        },
        "#5": {
          "count": 41,
          "percentage": 5.994152046783626
        },
        "#6": {
          "count": 39,
          "percentage": 5.701754385964912
        },
        "#7": {
          "count": 21,
          "percentage": 3.070175438596491
        },
        "#8": {
          "count": 13,
          "percentage": 1.9005847953216373
        }
      }
    }
  },
  "turnout_protocols": {
    "17.09.2021": {
      "15.00": {
        "count": 109,
        "count_delta": 109,
        "count_delta_per_hour": 15.571428571428571,
        "count_delta_per_minute": 0.25952380952380955,
        "percentage": 4.25,
        "percentage_delta": 4.25,
        "percentage_delta_per_hour": 0.6071428571428571,
        "percentage_delta_per_minute": 0.01011904761904762,
        "registered_count": 2565,
        "registered_count_delta": 2565,
        "registered_count_delta_per_hour": 366.42857142857144,
        "registered_count_delta_per_minute": 6.107142857142857
      },
      "20.00": {
        "count": 192,
        "count_delta": 83,
        "count_delta_per_hour": 16.6,
        "count_delta_per_minute": 0.27666666666666667,
        "percentage": 7.49,
        "percentage_delta": 3.24,
        "percentage_delta_per_hour": 0.648,
        "percentage_delta_per_minute": 0.0108,
        "registered_count": 2563,
        "registered_count_delta": -2,
        "registered_count_delta_per_hour": -0.4,
        "registered_count_delta_per_minute": -0.006666666666666667
      }
    },
    "18.09.2021": {
      "15.00": {
        "count": 266,
        "count_delta": 74,
        "count_delta_per_hour": 10.571428571428571,
        "count_delta_per_minute": 0.1761904761904762,
        "percentage": 10.38,
        "percentage_delta": 2.8900000000000006,
        "percentage_delta_per_hour": 0.4128571428571429,
        "percentage_delta_per_minute": 0.0068809523809523826,
        "registered_count": 2563,
        "registered_count_delta": 0,
        "registered_count_delta_per_hour": 0,
        "registered_count_delta_per_minute": 0
      },
      "20.00": {
        "count": 315,
        "count_delta": 49,
        "count_delta_per_hour": 9.8,
        "count_delta_per_minute": 0.16333333333333333,
        "percentage": 12.29,
        "percentage_delta": 1.9099999999999984,
        "percentage_delta_per_hour": 0.3819999999999997,
        "percentage_delta_per_minute": 0.006366666666666661,
        "registered_count": 2563,
        "registered_count_delta": 0,
        "registered_count_delta_per_hour": 0,
        "registered_count_delta_per_minute": 0
      }
    },
    "19.09.2021": {
      "10.00": {
        "count": 324,
        "count_delta": 9,
        "count_delta_per_hour": 4.5,
        "count_delta_per_minute": 0.075,
        "percentage": 12.52,
        "percentage_delta": 0.23000000000000043,
        "percentage_delta_per_hour": 0.11500000000000021,
        "percentage_delta_per_minute": 0.0019166666666666702
      },
      "12.00": {
        "count": 351,
        "count_delta": 27,
        "count_delta_per_hour": 13.5,
        "count_delta_per_minute": 0.225,
        "percentage": 13.58,
        "percentage_delta": 1.0600000000000005,
        "percentage_delta_per_hour": 0.5300000000000002,
        "percentage_delta_per_minute": 0.008833333333333337
      },
      "15.00": {
        "count": 362,
        "count_delta": 11,
        "count_delta_per_hour": 3.6666666666666665,
        "count_delta_per_minute": 0.06111111111111111,
        "percentage": 14.01,
        "percentage_delta": 0.4299999999999997,
        "percentage_delta_per_hour": 0.14333333333333323,
        "percentage_delta_per_minute": 0.0023888888888888874
      },
      "18.00": {
        "count": 561,
        "count_delta": 199,
        "count_delta_per_hour": 66.33333333333333,
        "count_delta_per_minute": 1.1055555555555556,
        "percentage": 21.69,
        "percentage_delta": 7.6800000000000015,
        "percentage_delta_per_hour": 2.5600000000000005,
        "percentage_delta_per_minute": 0.04266666666666667
      },
      "20.00": {
        "count": 684,
        "count_delta": 123,
        "count_delta_per_hour": 61.5,
        "count_delta_per_minute": 1.025,
        "percentage": 26.450116009280745,
        "percentage_delta": 4.760116009280743,
        "percentage_delta_per_hour": 2.3800580046403716,
        "percentage_delta_per_minute": 0.03966763341067286,
        "registered_count": 2586,
        "registered_count_delta": 23,
        "registered_count_delta_per_hour": 1.9166666666666667,
        "registered_count_delta_per_minute": 0.03194444444444444
      }
    }
  },
  "metadata": {
    "analysis": {
      "negative_turnout_registered_count_protocols": 1,
      "negative_turnout_registered_count": 2,
      "protocol_count": 1,
      "exceeded_papers_count": 0,
      "exceeded_papers_steal_winning": 0,
      "exceeded_papers_provide_extra_places": 0,
      "multiple_winners": 0,
      "checksum_valid": 1
    },
    "voters": {
      "initially_registered_count": 2563,
      "registered_count": 2586,
      "walk_by_count": 673,
      "on_home_count": 11,
      "ahead_of_time_count": 0,
      "exceptional_count": 0,
      "added_count": 23
    },
    "papers": {
      "received_count": 2300,
      "destroyed_count": 1616,
      "stationary_box_count": 673,
      "portable_box_count": 11,
      "valid_count": 672,
      "invalid_count": 12,
      "lost_count": 0,
      "ignored_count": 0,
      "taken_home_count": 0
    }
  },
  "entries": [
    {
      "name": "Всероссийская политическая партия \"ЕДИНАЯ РОССИЯ\"",
      "position": 2,
      "party_id": 5,
      "official_result": {
        "votes_count": 272,
        "place": 1,
        "percentage": 39.76608187134503,
        "valid_percentage": 40.476190476190474,
        "registered_percentage": 10.518174787316319,
        "display_percentage": 39.77,
        "winner": true
      },
      "result_without_other_entry": {
        "1": {
          "percentage": 46.65523156089194,
          "valid_percentage": 47.635726795096325
        },