{
  "commission_name": "УИК №501",
  "ballot_name": "Выборы депутатов Законодательного Собрания Санкт-Петербурга седьмого созыва",
  "name": "Результаты выборов по единому округу",
  "protocol_scope": {
    "type": "uik",
    "id": 501
  },
  "electoral_district": {
    "type": "city",
    "id": 0
  },
  "data_id": 27820001915220,
  "ballot_data_id": 4784004434055,
  "has_koib": false,
  "generated_date": 1632128426000,
  "official_result": {
    "winner": {
      "id": 5,
      "position": 2,
      "percentage": 31.886477462437394,
      "valid_percentage": 31.993299832495815,
      "registered_percentage": 11.295091661738617
    },
    "turnout": {
      "count": 600,
      "percentage": 35.481963335304556,
      "walk_by_count": 590,
      "walk_by_percentage": 34.89059727971615,
      "on_home_count": 10,
      "on_home_percentage": 0.5913660555884093,
      "ahead_of_time_count": 0,
      "ahead_of_time_percentage": 0,
      "valid_count": 597,
      "valid_percentage": 35.304553518628026,
      "invalid_count": 2,
      "invalid_percentage": 0.11827321111768185,
      "taken_home_count": 1,
      "taken_home_percentage": 0.05913660555884093,
      "lost_count": 0,
      "lost_percentage": 0
    },
    "votes_stats": {
      "winning_count": 191,
      "winning_percentage": 31.886477462437394,
      "effective_count": 597,
      "losing_count": 406,
      "losing_percentage": 67.779632721202,
      "other_count": 2,
      "other_percentage": 0.333889816360601,
      "by_place": {
        "#1": {
          "count": 191,
          "percentage": 31.886477462437394
        },
        "#2": {
          "count": 121,
          "percentage": 20.20033388981636
        },
        "#3": {
          "count": 91,
          "percentage": 15.191986644407345
        },
        "#4": {
          "count": 80,
          "percentage": 13.35559265442404
        },
        "#5": {
          "count": 75,
          "percentage": 12.520868113522537
        },
        "#6": {
          "count": 23,
          "percentage": 3.8397328881469113
        },
        "#7": {
          "count": 9,
          "percentage": 1.5025041736227045
        },
        "#8": {
          "count": 7,
          "percentage": 1.1686143572621035
        }
      }
    }
  },
  "turnout_protocols": {
    "17.09.2021": {
      "15.00": {
        "count": 136,
        "count_delta": 136,
        "count_delta_per_hour": 19.428571428571427,
        "count_delta_per_minute": 0.3238095238095238,
        "percentage": 8.16,
        "percentage_delta": 8.16,
        "percentage_delta_per_hour": 1.1657142857142857,
        "percentage_delta_per_minute": 0.01942857142857143,
        "registered_count": 1667,
        "registered_count_delta": 1667,
        "registered_count_delta_per_hour": 238.14285714285714,
        "registered_count_delta_per_minute": 3.969047619047619
      },
      "20.00": {
        "count": 202,
        "count_delta": 66,
        "count_delta_per_hour": 13.2,
        "count_delta_per_minute": 0.22,
        "percentage": 12.12,
        "percentage_delta": 3.959999999999999,
        "percentage_delta_per_hour": 0.7919999999999998,
        "percentage_delta_per_minute": 0.013199999999999996,
        "registered_count": 1667,
        "registered_count_delta": 0,
        "registered_count_delta_per_hour": 0,
        "registered_count_delta_per_minute": 0
      }
    },
    "18.09.2021": {
      "15.00": {
        "count": 283,
        "count_delta": 81,
        "count_delta_per_hour": 11.571428571428571,
        "count_delta_per_minute": 0.19285714285714287,
        "percentage": 16.98,
        "percentage_delta": 4.860000000000001,
        "percentage_delta_per_hour": 0.6942857142857145,
        "percentage_delta_per_minute": 0.011571428571428575,
        "registered_count": 1667,
        "registered_count_delta": 0,
        "registered_count_delta_per_hour": 0,
        "registered_count_delta_per_minute": 0
      },
      "20.00": {
        "count": 350,
        "count_delta": 67,
        "count_delta_per_hour": 13.4,
        "count_delta_per_minute": 0.22333333333333333,
        "percentage": 21,
        "percentage_delta": 4.02,
        "percentage_delta_per_hour": 0.8039999999999999,
        "percentage_delta_per_minute": 0.013399999999999999,
        "registered_count": 1667,
        "registered_count_delta": 0,
        "registered_count_delta_per_hour": 0,
        "registered_count_delta_per_minute": 0
      }
    },
    "19.09.2021": {
      "10.00": {
        "count": 361,
        "count_delta": 11,
        "count_delta_per_hour": 5.5,
        "count_delta_per_minute": 0.09166666666666666,
        "percentage": 21.36,
        "percentage_delta": 0.35999999999999943,
        "percentage_delta_per_hour": 0.17999999999999972,
        "percentage_delta_per_minute": 0.0029999999999999953
      },
      "12.00": {
        "count": 410,
        "count_delta": 49,
        "count_delta_per_hour": 24.5,
        "count_delta_per_minute": 0.4083333333333333,
        "percentage": 24.24,
        "percentage_delta": 2.879999999999999,
        "percentage_delta_per_hour": 1.4399999999999995,
        "percentage_delta_per_minute": 0.02399999999999999
      },
      "15.00": {
        "count": 483,
        "count_delta": 73,
        "count_delta_per_hour": 24.333333333333332,
        "count_delta_per_minute": 0.40555555555555556,
        "percentage": 28.55,
        "percentage_delta": 4.310000000000002,
        "percentage_delta_per_hour": 1.4366666666666674,
        "percentage_delta_per_minute": 0.023944444444444456
      },
      "18.00": {
        "count": 559,
        "count_delta": 76,
        "count_delta_per_hour": 25.333333333333332,
        "count_delta_per_minute": 0.4222222222222222,
        "percentage": 33.05,
        "percentage_delta": 4.4999999999999964,
        "percentage_delta_per_hour": 1.499999999999999,
        "percentage_delta_per_minute": 0.02499999999999998
      },
      "20.00": {
        "count": 600,
        "count_delta": 41,
        "count_delta_per_hour": 20.5,
        "count_delta_per_minute": 0.3416666666666667,
        "percentage": 35.481963335304556,
        "percentage_delta": 2.431963335304559,
        "percentage_delta_per_hour": 1.2159816676522794,
        "percentage_delta_per_minute": 0.02026636112753799,
        "registered_count": 1691,
        "registered_count_delta": 24,
        "registered_count_delta_per_hour": 2,
        "registered_count_delta_per_minute": 0.03333333333333333
      }
    }
  },
  "metadata": {
    "analysis": {
      "protocol_count": 1,
      "exceeded_papers_count": 0,
      "exceeded_papers_steal_winning": 0,
      "exceeded_papers_provide_extra_places": 0,
      "multiple_winners": 0,
      "checksum_valid": 1,
      "stuffed_protocol_for_5": 1,
      "stuffed_votes_for_5": 93.79804560260587
    },
    "voters": {
      "initially_registered_count": 1667,
      "registered_count": 1691,
      "walk_by_count": 590,
      "on_home_count": 10,
      "ahead_of_time_count": 0,
      "exceptional_count": 0,
      "added_count": 24
    },
    "papers": {
      "received_count": 1500,
      "destroyed_count": 900,
      "stationary_box_count": 589,
      "portable_box_count": 10,
      "valid_count": 597,
      "invalid_count": 2,
      "lost_count": 0,
      "ignored_count": 0,
      "taken_home_count": 1
    }
  },
  "entries": [
    {
      "name": "Всероссийская политическая партия \"ЕДИНАЯ РОССИЯ\"",
      "position": 2,
      "party_id": 5,
      "official_result": {
        "votes_count": 191,
        "place": 1,
        "percentage": 31.886477462437394,
        "valid_percentage": 31.993299832495815,
        "registered_percentage": 11.295091661738617,
        "display_percentage": 31.89,
        "winner": true
      },
      "result_without_other_entry": {
        "1": {
          "percentage": 39.9581589958159,
          "valid_percentage": 40.12605042016807
        },