{
  "commission_name": "УИК №1557",
  "ballot_name": "Выборы депутатов Законодательного Собрания Санкт-Петербурга седьмого созыва",
  "name": "Результаты выборов по единому округу",
  "protocol_scope": {
    "type": "uik",
    "id": 1557
  },
  "electoral_district": {
    "type": "city",
    "id": 0
  },
  "data_id": 27820001915220,
  "ballot_data_id": 4784022367898,
  "has_koib": false,
  "generated_date": 1632128305000,
  "official_result": {
    "winner": {
      "id": 5,
      "position": 2,
      "percentage": 30.160857908847184,
      "valid_percentage": 30.949105914718018,
      "registered_percentage": 10.683760683760683
    },
    "turnout": {
      "count": 787,
      "percentage": 37.369420702754034,
      "walk_by_count": 755,
      "walk_by_percentage": 35.84995251661918,
      "on_home_count": 32,
      "on_home_percentage": 1.519468186134853,
      "ahead_of_time_count": 0,
      "ahead_of_time_percentage": 0,
      "valid_count": 727,
      "valid_percentage": 34.52041785375119,
      "invalid_count": 19,
      "invalid_percentage": 0.9021842355175688,
      "taken_home_count": 41,
      "taken_home_percentage": 1.94681861348528,
      "lost_count": 0,
      "lost_percentage": 0
    },
    "votes_stats": {
      "winning_count": 225,
      "winning_percentage": 30.160857908847184,
      "effective_count": 727,
      "losing_count": 502,
      "losing_percentage": 67.29222520107238,
      "other_count": 19,
      "other_percentage": 2.546916890080429,
      "by_place": {
        "#1": {
          "count": 225,
          "percentage": 30.160857908847184
        },
        "#2": {
          "count": 144,
          "percentage": 19.302949061662197
        },
        "#3": {
          "count": 83,
          "percentage": 11.126005361930295
        },
        "#4": {
          "count": 76,
          "percentage": 10.187667560321715
        },
        "#5": {
          "count": 72,
          "percentage": 9.651474530831099
        },
        "#6": {
          "count": 60,
          "percentage": 8.04289544235925
        },
        "#7": {
          "count": 56,
          "percentage": 7.506702412868632
        },
        "#8": {
          "count": 11,
          "percentage": 1.4745308310991956
        }
      }
    }
  },
  "turnout_protocols": {
    "17.09.2021": {
      "15.00": {
        "count": 195,
        "count_delta": 195,
        "count_delta_per_hour": 27.857142857142858,
        "count_delta_per_minute": 0.4642857142857143,
        "percentage": 9.38,
        "percentage_delta": 9.38,
        "percentage_delta_per_hour": 1.34,
        "percentage_delta_per_minute": 0.022333333333333334,
        "registered_count": 2079,
        "registered_count_delta": 2079,
        "registered_count_delta_per_hour": 297,
        "registered_count_delta_per_minute": 4.95
      },
      "20.00": {
        "count": 286,
        "count_delta": 91,
        "count_delta_per_hour": 18.2,
        "count_delta_per_minute": 0.30333333333333334,
        "percentage": 13.76,
        "percentage_delta": 4.379999999999999,
        "percentage_delta_per_hour": 0.8759999999999998,
        "percentage_delta_per_minute": 0.014599999999999997,
        "registered_count": 2078,
        "registered_count_delta": -1,
        "registered_count_delta_per_hour": -0.2,
        "registered_count_delta_per_minute": -0.0033333333333333335
      }
    },
    "18.09.2021": {
      "15.00": {
        "count": 368,
        "count_delta": 82,
        "count_delta_per_hour": 11.714285714285714,
        "count_delta_per_minute": 0.19523809523809524,
        "percentage": 17.54,
        "percentage_delta": 3.7799999999999994,
        "percentage_delta_per_hour": 0.5399999999999999,
        "percentage_delta_per_minute": 0.009,
        "registered_count": 2098,
        "registered_count_delta": 20,
        "registered_count_delta_per_hour": 2.857142857142857,
        "registered_count_delta_per_minute": 0.047619047619047616
      },
      "20.00": {
        "count": 454,
        "count_delta": 86,
        "count_delta_per_hour": 17.2,
        "count_delta_per_minute": 0.2866666666666667,
        "percentage": 21.64,
        "percentage_delta": 4.100000000000001,
        "percentage_delta_per_hour": 0.8200000000000003,
        "percentage_delta_per_minute": 0.01366666666666667,
        "registered_count": 2098,
        "registered_count_delta": 0,
        "registered_count_delta_per_hour": 0,
        "registered_count_delta_per_minute": 0
      }
    },
    "19.09.2021": {
      "10.00": {
        "count": 472,
        "count_delta": 18,
        "count_delta_per_hour": 9,
        "count_delta_per_minute": 0.15,
        "percentage": 22.39,
        "percentage_delta": 0.75,
        "percentage_delta_per_hour": 0.375,
        "percentage_delta_per_minute": 0.00625
      },
      "12.00": {
        "count": 514,
        "count_delta": 42,
        "count_delta_per_hour": 21,
        "count_delta_per_minute": 0.35,
        "percentage": 24.41,
        "percentage_delta": 2.0199999999999996,
        "percentage_delta_per_hour": 1.0099999999999998,
        "percentage_delta_per_minute": 0.01683333333333333
      },
      "15.00": {
        "count": 612,
        "count_delta": 98,
        "count_delta_per_hour": 32.666666666666664,
        "count_delta_per_minute": 0.5444444444444444,
        "percentage": 29.07,
        "percentage_delta": 4.66,
        "percentage_delta_per_hour": 1.5533333333333335,
        "percentage_delta_per_minute": 0.02588888888888889
      },
      "18.00": {
        "count": 698,
        "count_delta": 86,
        "count_delta_per_hour": 28.666666666666668,
        "count_delta_per_minute": 0.4777777777777778,
        "percentage": 33.16,
        "percentage_delta": 4.089999999999996,
        "percentage_delta_per_hour": 1.3633333333333322,
        "percentage_delta_per_minute": 0.022722222222222203
      },
      "20.00": {
        "count": 787,
        "count_delta": 89,
        "count_delta_per_hour": 44.5,
        "count_delta_per_minute": 0.7416666666666667,
        "percentage": 37.369420702754034,
        "percentage_delta": 4.209420702754038,
        "percentage_delta_per_hour": 2.104710351377019,
        "percentage_delta_per_minute": 0.03507850585628365,
        "registered_count": 2106,
        "registered_count_delta": 8,
        "registered_count_delta_per_hour": 0.6666666666666666,
        "registered_count_delta_per_minute": 0.011111111111111112
      }
    }
  },
  "metadata": {
    "analysis": {
      "negative_turnout_registered_count_protocols": 1,
      "negative_turnout_registered_count": 1,
      "protocol_count": 1,
      "exceeded_papers_count": 0,
      "exceeded_papers_steal_winning": 0,
      "exceeded_papers_provide_extra_places": 0,
      "multiple_winners": 0,
      "checksum_valid": 1
    },
    "voters": {
      "initially_registered_count": 2079,
      "registered_count": 2106,
      "walk_by_count": 755,
      "on_home_count": 32,
      "ahead_of_time_count": 0,
      "exceptional_count": 0,
      "added_count": 27
    },
    "papers": {
      "received_count": 2000,
      "destroyed_count": 1213,
      "stationary_box_count": 714,
      "portable_box_count": 32,
      "valid_count": 727,
      "invalid_count": 19,
      "lost_count": 0,
      "ignored_count": 0,
      "taken_home_count": 41
    }
  },
  "entries": [
    {
      "name": "Всероссийская политическая партия \"ЕДИНАЯ РОССИЯ\"",
      "position": 2,
      "party_id": 5,
      "official_result": {
        "votes_count": 225,
        "place": 1,
        "percentage": 30.160857908847184,
        "valid_percentage": 30.949105914718018,
        "registered_percentage": 10.683760683760683,
        "display_percentage": 30.16,
        "winner": true
      },
      "result_without_other_entry": {
        "1": {
          "percentage": 37.37541528239203,
          "valid_percentage": 38.59348198970841
        },
        "3": {
          "percentage": 33.38278931750742,