{
  "commission_name": "УИК №1557",
  "ballot_name": "Выборы депутатов Законодательного Собрания Санкт-Петербурга седьмого созыва",
  "name": "Результаты выборов по одномандатному (многомандатному) округу",
  "protocol_scope": {
    "type": "uik",
    "id": 1557
  },
  "electoral_district": {
    "type": "city",
    "id": 23
  },
  "data_id": 27820001915220,
  "ballot_data_id": 4784022367898,
  "has_koib": false,
  "generated_date": 1632128305000,
  "official_result": {
    "winner": {
      "id": 232,
      "position": 1,
      "percentage": 27.114093959731544,
      "valid_percentage": 28.57142857142857,
      "registered_percentage": 9.591642924976258
    },
    "turnout": {
      "count": 786,
      "percentage": 37.32193732193732,
      "walk_by_count": 754,
      "walk_by_percentage": 35.80246913580247,
      "on_home_count": 32,
      "on_home_percentage": 1.519468186134853,
      "ahead_of_time_count": 0,
      "ahead_of_time_percentage": 0,
      "valid_count": 707,
      "valid_percentage": 33.5707502374169,
      "invalid_count": 38,
      "invalid_percentage": 1.8043684710351375,
      "taken_home_count": 41,
      "taken_home_percentage": 1.94681861348528,
      "lost_count": 0,
      "lost_percentage": 0
    },
    "votes_stats": {
      "winning_count": 202,
      "winning_percentage": 27.114093959731544,
      "effective_count": 707,
      "losing_count": 505,
      "losing_percentage": 67.78523489932886,
      "other_count": 38,
      "other_percentage": 5.100671140939597,
      "by_place": {
        "#1": {
          "count": 202,
          "percentage": 27.114093959731544
        },
        "#2": {
          "count": 124,
          "percentage": 16.644295302013422,
          "supported_by_smart_vote": true
        },
        "#3": {
          "count": 109,
          "percentage": 14.630872483221477
        },
        "#4": {
          "count": 90,
          "percentage": 12.080536912751679
        },
        "#5": {
          "count": 89,
          "percentage": 11.946308724832216
        },
        "#6": {
          "count": 55,
          "percentage": 7.38255033557047
        },
        "#7": {
          "count": 38,
          "percentage": 5.100671140939597
        }
      }
    }
  },
  "turnout_protocols": {
    "17.09.2021": {
      "15.00": {
        "count": 195,
        "count_delta": 195,
        "count_delta_per_hour": 27.857142857142858,
        "count_delta_per_minute": 0.4642857142857143,
        "percentage": 9.38,
        "percentage_delta": 9.38,
        "percentage_delta_per_hour": 1.34,
        "percentage_delta_per_minute": 0.022333333333333334,
        "registered_count": 2079,
        "registered_count_delta": 2079,
        "registered_count_delta_per_hour": 297,
        "registered_count_delta_per_minute": 4.95
      },
      "20.00": {
        "count": 286,
        "count_delta": 91,
        "count_delta_per_hour": 18.2,
        "count_delta_per_minute": 0.30333333333333334,
        "percentage": 13.76,
        "percentage_delta": 4.379999999999999,
        "percentage_delta_per_hour": 0.8759999999999998,
        "percentage_delta_per_minute": 0.014599999999999997,
        "registered_count": 2078,
        "registered_count_delta": -1,
        "registered_count_delta_per_hour": -0.2,
        "registered_count_delta_per_minute": -0.0033333333333333335
      }
    },
    "18.09.2021": {
      "15.00": {
        "count": 368,
        "count_delta": 82,
        "count_delta_per_hour": 11.714285714285714,
        "count_delta_per_minute": 0.19523809523809524,
        "percentage": 17.54,
        "percentage_delta": 3.7799999999999994,
        "percentage_delta_per_hour": 0.5399999999999999,
        "percentage_delta_per_minute": 0.009,
        "registered_count": 2098,
        "registered_count_delta": 20,
        "registered_count_delta_per_hour": 2.857142857142857,
        "registered_count_delta_per_minute": 0.047619047619047616
      },
      "20.00": {
        "count": 454,
        "count_delta": 86,
        "count_delta_per_hour": 17.2,
        "count_delta_per_minute": 0.2866666666666667,
        "percentage": 21.64,
        "percentage_delta": 4.100000000000001,
        "percentage_delta_per_hour": 0.8200000000000003,
        "percentage_delta_per_minute": 0.01366666666666667,
        "registered_count": 2098,
        "registered_count_delta": 0,
        "registered_count_delta_per_hour": 0,
        "registered_count_delta_per_minute": 0
      }
    },
    "19.09.2021": {
      "10.00": {
        "count": 472,
        "count_delta": 18,
        "count_delta_per_hour": 9,
        "count_delta_per_minute": 0.15,
        "percentage": 22.39,
        "percentage_delta": 0.75,
        "percentage_delta_per_hour": 0.375,
        "percentage_delta_per_minute": 0.00625
      },
      "12.00": {
        "count": 514,
        "count_delta": 42,
        "count_delta_per_hour": 21,
        "count_delta_per_minute": 0.35,
        "percentage": 24.41,
        "percentage_delta": 2.0199999999999996,
        "percentage_delta_per_hour": 1.0099999999999998,
        "percentage_delta_per_minute": 0.01683333333333333
      },
      "15.00": {
        "count": 612,
        "count_delta": 98,
        "count_delta_per_hour": 32.666666666666664,
        "count_delta_per_minute": 0.5444444444444444,
        "percentage": 29.07,
        "percentage_delta": 4.66,
        "percentage_delta_per_hour": 1.5533333333333335,
        "percentage_delta_per_minute": 0.02588888888888889
      },
      "18.00": {
        "count": 698,
        "count_delta": 86,
        "count_delta_per_hour": 28.666666666666668,
        "count_delta_per_minute": 0.4777777777777778,
        "percentage": 33.16,
        "percentage_delta": 4.089999999999996,
        "percentage_delta_per_hour": 1.3633333333333322,
        "percentage_delta_per_minute": 0.022722222222222203
      },
      "20.00": {
        "count": 786,
        "count_delta": 88,
        "count_delta_per_hour": 44,
        "count_delta_per_minute": 0.7333333333333333,
        "percentage": 37.32193732193732,
        "percentage_delta": 4.161937321937323,
        "percentage_delta_per_hour": 2.0809686609686615,
        "percentage_delta_per_minute": 0.03468281101614436,
        "registered_count": 2106,
        "registered_count_delta": 8,
        "registered_count_delta_per_hour": 0.6666666666666666,
        "registered_count_delta_per_minute": 0.011111111111111112
      }
    }
  },
  "metadata": {
    "analysis": {
      "negative_turnout_registered_count_protocols": 1,
      "negative_turnout_registered_count": 1,
      "protocol_count": 1,
      "exceeded_papers_count": 0,
      "exceeded_papers_steal_winning": 0,
      "checksum_valid": 1
    },
    "voters": {
      "initially_registered_count": 2079,
      "registered_count": 2106,
      "walk_by_count": 754,
      "on_home_count": 32,
      "ahead_of_time_count": 0,
      "exceptional_count": 0,
      "added_count": 27
    },
    "papers": {
      "received_count": 2000,
      "destroyed_count": 1214,
      "stationary_box_count": 713,
      "portable_box_count": 32,
      "valid_count": 707,
      "invalid_count": 38,
      "lost_count": 0,
      "ignored_count": 0,
      "taken_home_count": 41
    }
  },
  "entries": [
    {
      "name": "Авдеев Юрий Васильевич",
      "position": 1,
      "candidate_id": 232,
      "supported_by_party_id": 5,
      "official_result": {
        "votes_count": 202,
        "place": 1,
        "percentage": 27.114093959731544,
        "valid_percentage": 28.57142857142857,
        "registered_percentage": 9.591642924976258,
        "display_percentage": 27.11,
        "winner": true
      },
      "result_without_other_entry": {
        "61": {
          "percentage": 32.52818035426731,
          "valid_percentage": 34.6483704974271
        },
        "64": {
          "percentage": 30.79268292682927,
          "valid_percentage": 32.68608414239482
        },