{
  "commission_name": "УИК №1653",
  "ballot_name": "Выборы депутатов Законодательного Собрания Санкт-Петербурга седьмого созыва",
  "name": "Результаты выборов по одномандатному (многомандатному) округу",
  "protocol_scope": {
    "type": "uik",
    "id": 1653
  },
  "electoral_district": {
    "type": "city",
    "id": 3
  },
  "data_id": 27820001915220,
  "ballot_data_id": 478405483881,
  "has_koib": false,
  "generated_date": 1632118952000,
  "official_result": {
    "winner": {
      "id": 120,
      "position": 4,
      "percentage": 77.87866281469253,
      "valid_percentage": 79.15268456375838,
      "registered_percentage": 62.774451097804395
    },
    "turnout": {
      "count": 2473,
      "percentage": 82.26879574184963,
      "walk_by_count": 2423,
      "walk_by_percentage": 80.60545575515636,
      "on_home_count": 50,
      "on_home_percentage": 1.66333998669328,
      "ahead_of_time_count": 0,
      "ahead_of_time_percentage": 0,
      "valid_count": 2384,
      "valid_percentage": 79.3080505655356,
      "invalid_count": 39,
      "invalid_percentage": 1.2974051896207583,
      "taken_home_count": 50,
      "taken_home_percentage": 1.66333998669328,
      "lost_count": 0,
      "lost_percentage": 0
    },
    "votes_stats": {
      "winning_count": 1887,
      "winning_percentage": 77.87866281469253,
      "effective_count": 2384,
      "losing_count": 497,
      "losing_percentage": 20.511762278167563,
      "other_count": 39,
      "other_percentage": 1.609574907139909,
      "by_place": {
        "#1": {
          "count": 1887,
          "percentage": 77.87866281469253
        },
        "#2": {
          "count": 236,
          "percentage": 9.739991745769707,
          "supported_by_smart_vote": true
        },
        "#3": {
          "count": 104,
          "percentage": 4.292199752373091
        },
        "#4": {
          "count": 102,
          "percentage": 4.209657449442839
        },
        "#5": {
          "count": 55,
          "percentage": 2.269913330581923
        }
      }
    }
  },
  "turnout_protocols": {
    "17.09.2021": {
      "15.00": {
        "count": 464,
        "count_delta": 464,
        "count_delta_per_hour": 66.28571428571429,
        "count_delta_per_minute": 1.1047619047619048,
        "percentage": 15.68,
        "percentage_delta": 15.68,
        "percentage_delta_per_hour": 2.2399999999999998,
        "percentage_delta_per_minute": 0.03733333333333333,
        "registered_count": 2959,
        "registered_count_delta": 2959,
        "registered_count_delta_per_hour": 422.7142857142857,
        "registered_count_delta_per_minute": 7.045238095238095
      },
      "20.00": {
        "count": 568,
        "count_delta": 104,
        "count_delta_per_hour": 20.8,
        "count_delta_per_minute": 0.3466666666666667,
        "percentage": 19.19,
        "percentage_delta": 3.5100000000000016,
        "percentage_delta_per_hour": 0.7020000000000003,
        "percentage_delta_per_minute": 0.011700000000000006,
        "registered_count": 2960,
        "registered_count_delta": 1,
        "registered_count_delta_per_hour": 0.2,
        "registered_count_delta_per_minute": 0.0033333333333333335
      }
    },
    "18.09.2021": {
      "15.00": {
        "count": 725,
        "count_delta": 157,
        "count_delta_per_hour": 22.428571428571427,
        "count_delta_per_minute": 0.3738095238095238,
        "percentage": 24.49,
        "percentage_delta": 5.299999999999997,
        "percentage_delta_per_hour": 0.7571428571428568,
        "percentage_delta_per_minute": 0.012619047619047613,
        "registered_count": 2960,
        "registered_count_delta": 0,
        "registered_count_delta_per_hour": 0,
        "registered_count_delta_per_minute": 0
      },
      "20.00": {
        "count": 823,
        "count_delta": 98,
        "count_delta_per_hour": 19.6,
        "count_delta_per_minute": 0.32666666666666666,
        "percentage": 27.8,
        "percentage_delta": 3.3100000000000023,
        "percentage_delta_per_hour": 0.6620000000000005,
        "percentage_delta_per_minute": 0.011033333333333341,
        "registered_count": 2960,
        "registered_count_delta": 0,
        "registered_count_delta_per_hour": 0,
        "registered_count_delta_per_minute": 0
      }
    },
    "19.09.2021": {
      "10.00": {
        "count": 836,
        "count_delta": 13,
        "count_delta_per_hour": 6.5,
        "count_delta_per_minute": 0.10833333333333334,
        "percentage": 27.8,
        "percentage_delta": 0,
        "percentage_delta_per_hour": 0,
        "percentage_delta_per_minute": 0
      },
      "12.00": {
        "count": 908,
        "count_delta": 72,
        "count_delta_per_hour": 36,
        "count_delta_per_minute": 0.6,
        "percentage": 30.2,
        "percentage_delta": 2.3999999999999986,
        "percentage_delta_per_hour": 1.1999999999999993,
        "percentage_delta_per_minute": 0.019999999999999987
      },
      "15.00": {
        "count": 1031,
        "count_delta": 123,
        "count_delta_per_hour": 41,
        "count_delta_per_minute": 0.6833333333333333,
        "percentage": 34.29,
        "percentage_delta": 4.09,
        "percentage_delta_per_hour": 1.3633333333333333,
        "percentage_delta_per_minute": 0.02272222222222222
      },
      "18.00": {
        "count": 1087,
        "count_delta": 56,
        "count_delta_per_hour": 18.666666666666668,
        "count_delta_per_minute": 0.3111111111111111,
        "percentage": 36.15,
        "percentage_delta": 1.8599999999999994,
        "percentage_delta_per_hour": 0.6199999999999998,
        "percentage_delta_per_minute": 0.01033333333333333
      },
      "20.00": {
        "count": 2473,
        "count_delta": 1386,
        "count_delta_per_hour": 693,
        "count_delta_per_minute": 11.55,
        "percentage": 82.26879574184963,
        "percentage_delta": 46.11879574184963,
        "percentage_delta_per_hour": 23.059397870924816,
        "percentage_delta_per_minute": 0.3843232978487469,
        "registered_count": 3006,
        "registered_count_delta": 46,
        "registered_count_delta_per_hour": 3.8333333333333335,
        "registered_count_delta_per_minute": 0.06388888888888888
      }
    }
  },
  "metadata": {
    "analysis": {
      "protocol_count": 1,
      "exceeded_papers_count": 0,
      "exceeded_papers_steal_winning": 0,
      "checksum_valid": 1
    },
    "voters": {
      "initially_registered_count": 2960,
      "registered_count": 3006,
      "walk_by_count": 2423,
      "on_home_count": 50,
      "ahead_of_time_count": 0,
      "exceptional_count": 0,
      "added_count": 46
    },
    "papers": {
      "received_count": 2500,
      "destroyed_count": 27,
      "stationary_box_count": 2373,
      "portable_box_count": 50,
      "valid_count": 2384,
      "invalid_count": 39,
      "lost_count": 0,
      "ignored_count": 0,
      "taken_home_count": 50
    }
  },
  "entries": [
    {
      "name": "Лыбанева Марина Вячеславовна",
      "position": 4,
      "candidate_id": 120,
      "supported_by_people": true,
      "official_result": {
        "votes_count": 1887,
        "place": 1,
        "percentage": 77.87866281469253,
        "valid_percentage": 79.15268456375838,
        "registered_percentage": 62.774451097804395,
        "display_percentage": 77.88,
        "winner": true
      },
      "result_without_other_entry": {
        "117": {
          "percentage": 86.28257887517147,
          "valid_percentage": 87.84916201117319
        },
        "118": {
          "percentage": 81.30116329168462,
          "valid_percentage": 82.69062226117441
        },
        "119": {
          "percentage": 81.37128072445019,
          "valid_percentage": 82.76315789473684
        },
        "121": {
          "percentage": 79.6875,
          "valid_percentage": 81.02189781021897
        }
      }
    },
    {
      "name": "Королев Игорь Александрович",
      "position": 1,