{
  "commission_name": "УИК №1568",
  "ballot_name": "Выборы депутатов Законодательного Собрания Санкт-Петербурга седьмого созыва",
  "name": "Результаты выборов по единому округу",
  "protocol_scope": {
    "type": "uik",
    "id": 1568
  },
  "electoral_district": {
    "type": "city",
    "id": 0
  },
  "data_id": 27820001915220,
  "ballot_data_id": 4784022367909,
  "has_koib": false,
  "generated_date": 1632124597000,
  "official_result": {
    "winner": {
      "id": 5,
      "position": 2,
      "percentage": 40.21739130434783,
      "valid_percentage": 40.78740157480315,
      "registered_percentage": 18.2909604519774
    },
    "turnout": {
      "count": 660,
      "percentage": 46.61016949152542,
      "walk_by_count": 647,
      "walk_by_percentage": 45.69209039548023,
      "on_home_count": 13,
      "on_home_percentage": 0.9180790960451978,
      "ahead_of_time_count": 0,
      "ahead_of_time_percentage": 0,
      "valid_count": 635,
      "valid_percentage": 44.84463276836158,
      "invalid_count": 9,
      "invalid_percentage": 0.6355932203389831,
      "taken_home_count": 16,
      "taken_home_percentage": 1.1299435028248588,
      "lost_count": 0,
      "lost_percentage": 0
    },
    "votes_stats": {
      "winning_count": 259,
      "winning_percentage": 40.21739130434783,
      "effective_count": 635,
      "losing_count": 376,
      "losing_percentage": 58.38509316770186,
      "other_count": 9,
      "other_percentage": 1.3975155279503106,
      "by_place": {
        "#1": {
          "count": 259,
          "percentage": 40.21739130434783
        },
        "#2": {
          "count": 112,
          "percentage": 17.391304347826086
        },
        "#3": {
          "count": 63,
          "percentage": 9.782608695652174
        },
        "#4": {
          "count": 52,
          "percentage": 8.074534161490684
        },
        "#5": {
          "count": 50,
          "percentage": 7.763975155279502
        },
        "#6": {
          "count": 48,
          "percentage": 7.453416149068323
        },
        "#7": {
          "count": 42,
          "percentage": 6.521739130434782
        },
        "#8": {
          "count": 9,
          "percentage": 1.3975155279503106
        }
      }
    }
  },
  "turnout_protocols": {
    "17.09.2021": {
      "15.00": {
        "count": 153,
        "count_delta": 153,
        "count_delta_per_hour": 21.857142857142858,
        "count_delta_per_minute": 0.36428571428571427,
        "percentage": 10.87,
        "percentage_delta": 10.87,
        "percentage_delta_per_hour": 1.5528571428571427,
        "percentage_delta_per_minute": 0.02588095238095238,
        "registered_count": 1408,
        "registered_count_delta": 1408,
        "registered_count_delta_per_hour": 201.14285714285714,
        "registered_count_delta_per_minute": 3.3523809523809525
      },
      "20.00": {
        "count": 244,
        "count_delta": 91,
        "count_delta_per_hour": 18.2,
        "count_delta_per_minute": 0.30333333333333334,
        "percentage": 17.33,
        "percentage_delta": 6.459999999999999,
        "percentage_delta_per_hour": 1.2919999999999998,
        "percentage_delta_per_minute": 0.02153333333333333,
        "registered_count": 1408,
        "registered_count_delta": 0,
        "registered_count_delta_per_hour": 0,
        "registered_count_delta_per_minute": 0
      }
    },
    "18.09.2021": {
      "15.00": {
        "count": 316,
        "count_delta": 72,
        "count_delta_per_hour": 10.285714285714286,
        "count_delta_per_minute": 0.17142857142857143,
        "percentage": 22.44,
        "percentage_delta": 5.110000000000003,
        "percentage_delta_per_hour": 0.7300000000000004,
        "percentage_delta_per_minute": 0.012166666666666675,
        "registered_count": 1408,
        "registered_count_delta": 0,
        "registered_count_delta_per_hour": 0,
        "registered_count_delta_per_minute": 0
      },
      "20.00": {
        "count": 351,
        "count_delta": 35,
        "count_delta_per_hour": 7,
        "count_delta_per_minute": 0.11666666666666667,
        "percentage": 24.93,
        "percentage_delta": 2.4899999999999984,
        "percentage_delta_per_hour": 0.49799999999999967,
        "percentage_delta_per_minute": 0.008299999999999995,
        "registered_count": 1408,
        "registered_count_delta": 0,
        "registered_count_delta_per_hour": 0,
        "registered_count_delta_per_minute": 0
      }
    },
    "19.09.2021": {
      "10.00": {
        "count": 365,
        "count_delta": 14,
        "count_delta_per_hour": 7,
        "count_delta_per_minute": 0.11666666666666667,
        "percentage": 25.78,
        "percentage_delta": 0.8500000000000014,
        "percentage_delta_per_hour": 0.4250000000000007,
        "percentage_delta_per_minute": 0.007083333333333345
      },
      "12.00": {
        "count": 392,
        "count_delta": 27,
        "count_delta_per_hour": 13.5,
        "count_delta_per_minute": 0.225,
        "percentage": 27.7,
        "percentage_delta": 1.9199999999999982,
        "percentage_delta_per_hour": 0.9599999999999991,
        "percentage_delta_per_minute": 0.015999999999999983
      },
      "15.00": {
        "count": 476,
        "count_delta": 84,
        "count_delta_per_hour": 28,
        "count_delta_per_minute": 0.4666666666666667,
        "percentage": 33.64,
        "percentage_delta": 5.940000000000001,
        "percentage_delta_per_hour": 1.9800000000000004,
        "percentage_delta_per_minute": 0.03300000000000001
      },
      "18.00": {
        "count": 552,
        "count_delta": 76,
        "count_delta_per_hour": 25.333333333333332,
        "count_delta_per_minute": 0.4222222222222222,
        "percentage": 38.97,
        "percentage_delta": 5.329999999999998,
        "percentage_delta_per_hour": 1.7766666666666662,
        "percentage_delta_per_minute": 0.029611111111111102
      },
      "20.00": {
        "count": 660,
        "count_delta": 108,
        "count_delta_per_hour": 54,
        "count_delta_per_minute": 0.9,
        "percentage": 46.61016949152542,
        "percentage_delta": 7.64016949152542,
        "percentage_delta_per_hour": 3.82008474576271,
        "percentage_delta_per_minute": 0.06366807909604516,
        "registered_count": 1416,
        "registered_count_delta": 8,
        "registered_count_delta_per_hour": 0.6666666666666666,
        "registered_count_delta_per_minute": 0.011111111111111112
      }
    }
  },
  "metadata": {
    "analysis": {
      "protocol_count": 1,
      "exceeded_papers_count": 0,
      "exceeded_papers_steal_winning": 0,
      "exceeded_papers_provide_extra_places": 0,
      "multiple_winners": 0,
      "checksum_valid": 1
    },
    "voters": {
      "initially_registered_count": 1408,
      "registered_count": 1416,
      "walk_by_count": 647,
      "on_home_count": 13,
      "ahead_of_time_count": 0,
      "exceptional_count": 0,
      "added_count": 8
    },
    "papers": {
      "received_count": 1100,
      "destroyed_count": 440,
      "stationary_box_count": 631,
      "portable_box_count": 13,
      "valid_count": 635,
      "invalid_count": 9,
      "lost_count": 0,
      "ignored_count": 0,
      "taken_home_count": 16
    }
  },
  "entries": [
    {
      "name": "Всероссийская политическая партия \"ЕДИНАЯ РОССИЯ\"",
      "position": 2,
      "party_id": 5,
      "official_result": {
        "votes_count": 259,
        "place": 1,
        "percentage": 40.21739130434783,
        "valid_percentage": 40.78740157480315,
        "registered_percentage": 18.2909604519774,
        "display_percentage": 40.22,
        "winner": true
      },
      "result_without_other_entry": {
        "1": {
          "percentage": 48.68421052631579,
          "valid_percentage": 49.521988527724666
        },
        "3": {
          "percentage": 43.02325581395349,
          "valid_percentage": 43.676222596964585
        },