{
  "commission_name": "УИК №1401",
  "ballot_name": "Выборы депутатов Законодательного Собрания Санкт-Петербурга седьмого созыва",
  "name": "Результаты выборов по единому округу",
  "protocol_scope": {
    "type": "uik",
    "id": 1401
  },
  "electoral_district": {
    "type": "city",
    "id": 0
  },
  "data_id": 27820001915220,
  "ballot_data_id": 4784027343403,
  "has_koib": false,
  "generated_date": 1632124737000,
  "official_result": {
    "winner": {
      "id": 5,
      "position": 2,
      "percentage": 28.317152103559874,
      "valid_percentage": 29.11813643926789,
      "registered_percentage": 8.992805755395683
    },
    "turnout": {
      "count": 619,
      "percentage": 31.80883864337102,
      "walk_by_count": 615,
      "walk_by_percentage": 31.603288797533402,
      "on_home_count": 4,
      "on_home_percentage": 0.20554984583761562,
      "ahead_of_time_count": 0,
      "ahead_of_time_percentage": 0,
      "valid_count": 601,
      "valid_percentage": 30.883864337101745,
      "invalid_count": 17,
      "invalid_percentage": 0.8735868448098663,
      "taken_home_count": 1,
      "taken_home_percentage": 0.051387461459403906,
      "lost_count": 0,
      "lost_percentage": 0
    },
    "votes_stats": {
      "winning_count": 175,
      "winning_percentage": 28.317152103559874,
      "effective_count": 601,
      "losing_count": 426,
      "losing_percentage": 68.93203883495146,
      "other_count": 17,
      "other_percentage": 2.750809061488673,
      "by_place": {
        "#1": {
          "count": 175,
          "percentage": 28.317152103559874
        },
        "#2": {
          "count": 124,
          "percentage": 20.06472491909385
        },
        "#3": {
          "count": 99,
          "percentage": 16.019417475728158
        },
        "#4": {
          "count": 64,
          "percentage": 10.355987055016183
        },
        "#5": {
          "count": 53,
          "percentage": 8.576051779935275
        },
        "#6": {
          "count": 40,
          "percentage": 6.472491909385113
        },
        "#7": {
          "count": 27,
          "percentage": 4.368932038834951
        },
        "#8": {
          "count": 19,
          "percentage": 3.074433656957929
        }
      }
    }
  },
  "turnout_protocols": {
    "17.09.2021": {
      "15.00": {
        "count": 111,
        "count_delta": 111,
        "count_delta_per_hour": 15.857142857142858,
        "count_delta_per_minute": 0.2642857142857143,
        "percentage": 5.72,
        "percentage_delta": 5.72,
        "percentage_delta_per_hour": 0.8171428571428571,
        "percentage_delta_per_minute": 0.01361904761904762,
        "registered_count": 1941,
        "registered_count_delta": 1941,
        "registered_count_delta_per_hour": 277.2857142857143,
        "registered_count_delta_per_minute": 4.621428571428571
      },
      "20.00": {
        "count": 167,
        "count_delta": 56,
        "count_delta_per_hour": 11.2,
        "count_delta_per_minute": 0.18666666666666668,
        "percentage": 8.59,
        "percentage_delta": 2.87,
        "percentage_delta_per_hour": 0.5740000000000001,
        "percentage_delta_per_minute": 0.009566666666666668,
        "registered_count": 1944,
        "registered_count_delta": 3,
        "registered_count_delta_per_hour": 0.6,
        "registered_count_delta_per_minute": 0.01
      }
    },
    "18.09.2021": {
      "15.00": {
        "count": 235,
        "count_delta": 68,
        "count_delta_per_hour": 9.714285714285714,
        "count_delta_per_minute": 0.1619047619047619,
        "percentage": 12.09,
        "percentage_delta": 3.5,
        "percentage_delta_per_hour": 0.5,
        "percentage_delta_per_minute": 0.008333333333333333,
        "registered_count": 1944,
        "registered_count_delta": 0,
        "registered_count_delta_per_hour": 0,
        "registered_count_delta_per_minute": 0
      },
      "20.00": {
        "count": 299,
        "count_delta": 64,
        "count_delta_per_hour": 12.8,
        "count_delta_per_minute": 0.21333333333333335,
        "percentage": 15.38,
        "percentage_delta": 3.290000000000001,
        "percentage_delta_per_hour": 0.6580000000000001,
        "percentage_delta_per_minute": 0.01096666666666667,
        "registered_count": 1944,
        "registered_count_delta": 0,
        "registered_count_delta_per_hour": 0,
        "registered_count_delta_per_minute": 0
      }
    },
    "19.09.2021": {
      "10.00": {
        "count": 302,
        "count_delta": 3,
        "count_delta_per_hour": 1.5,
        "count_delta_per_minute": 0.025,
        "percentage": 15.53,
        "percentage_delta": 0.14999999999999858,
        "percentage_delta_per_hour": 0.07499999999999929,
        "percentage_delta_per_minute": 0.001249999999999988
      },
      "12.00": {
        "count": 334,
        "count_delta": 32,
        "count_delta_per_hour": 16,
        "count_delta_per_minute": 0.26666666666666666,
        "percentage": 17.18,
        "percentage_delta": 1.6500000000000004,
        "percentage_delta_per_hour": 0.8250000000000002,
        "percentage_delta_per_minute": 0.013750000000000004
      },
      "15.00": {
        "count": 443,
        "count_delta": 109,
        "count_delta_per_hour": 36.333333333333336,
        "count_delta_per_minute": 0.6055555555555555,
        "percentage": 22.74,
        "percentage_delta": 5.559999999999999,
        "percentage_delta_per_hour": 1.8533333333333328,
        "percentage_delta_per_minute": 0.030888888888888882
      },
      "18.00": {
        "count": 543,
        "count_delta": 100,
        "count_delta_per_hour": 33.333333333333336,
        "count_delta_per_minute": 0.5555555555555556,
        "percentage": 27.9,
        "percentage_delta": 5.16,
        "percentage_delta_per_hour": 1.72,
        "percentage_delta_per_minute": 0.028666666666666667
      },
      "20.00": {
        "count": 619,
        "count_delta": 76,
        "count_delta_per_hour": 38,
        "count_delta_per_minute": 0.6333333333333333,
        "percentage": 31.80883864337102,
        "percentage_delta": 3.90883864337102,
        "percentage_delta_per_hour": 1.95441932168551,
        "percentage_delta_per_minute": 0.03257365536142517,
        "registered_count": 1946,
        "registered_count_delta": 2,
        "registered_count_delta_per_hour": 0.16666666666666666,
        "registered_count_delta_per_minute": 0.002777777777777778
      }
    }
  },
  "metadata": {
    "analysis": {
      "protocol_count": 1,
      "exceeded_papers_count": 0,
      "exceeded_papers_steal_winning": 0,
      "exceeded_papers_provide_extra_places": 0,
      "multiple_winners": 0,
      "checksum_valid": 1
    },
    "voters": {
      "initially_registered_count": 1942,
      "registered_count": 1946,
      "walk_by_count": 615,
      "on_home_count": 4,
      "ahead_of_time_count": 0,
      "exceptional_count": 0,
      "added_count": 4
    },
    "papers": {
      "received_count": 1800,
      "destroyed_count": 1181,
      "stationary_box_count": 614,
      "portable_box_count": 4,
      "valid_count": 601,
      "invalid_count": 17,
      "lost_count": 0,
      "ignored_count": 0,
      "taken_home_count": 1
    }
  },
  "entries": [
    {
      "name": "Всероссийская политическая партия \"ЕДИНАЯ РОССИЯ\"",
      "position": 2,
      "party_id": 5,
      "official_result": {
        "votes_count": 175,
        "place": 1,
        "percentage": 28.317152103559874,
        "valid_percentage": 29.11813643926789,
        "registered_percentage": 8.992805755395683,
        "display_percentage": 28.32,
        "winner": true
      },
      "result_without_other_entry": {
        "1": {
          "percentage": 35.4251012145749,
          "valid_percentage": 36.68763102725367
        },
        "3": {
          "percentage": 30.276816608996537,
          "valid_percentage": 31.194295900178254
        },