{
  "commission_name": "УИК №1264",
  "ballot_name": "Выборы депутатов Законодательного Собрания Санкт-Петербурга седьмого созыва",
  "name": "Результаты выборов по единому округу",
  "protocol_scope": {
    "type": "uik",
    "id": 1264
  },
  "electoral_district": {
    "type": "city",
    "id": 0
  },
  "data_id": 27820001915220,
  "ballot_data_id": 4784009283085,
  "has_koib": false,
  "generated_date": 1632115513000,
  "official_result": {
    "winner": {
      "id": 5,
      "position": 2,
      "percentage": 36.16352201257861,
      "valid_percentage": 36.624203821656046,
      "registered_percentage": 15.498652291105122
    },
    "turnout": {
      "count": 320,
      "percentage": 43.126684636118604,
      "walk_by_count": 311,
      "walk_by_percentage": 41.91374663072776,
      "on_home_count": 9,
      "on_home_percentage": 1.2129380053908356,
      "ahead_of_time_count": 0,
      "ahead_of_time_percentage": 0,
      "valid_count": 314,
      "valid_percentage": 42.318059299191376,
      "invalid_count": 4,
      "invalid_percentage": 0.5390835579514826,
      "taken_home_count": 2,
      "taken_home_percentage": 0.2695417789757413,
      "lost_count": 0,
      "lost_percentage": 0
    },
    "votes_stats": {
      "winning_count": 115,
      "winning_percentage": 36.16352201257861,
      "effective_count": 314,
      "losing_count": 199,
      "losing_percentage": 62.57861635220125,
      "other_count": 4,
      "other_percentage": 1.257861635220126,
      "by_place": {
        "#1": {
          "count": 115,
          "percentage": 36.16352201257861
        },
        "#2": {
          "count": 59,
          "percentage": 18.553459119496853
        },
        "#3": {
          "count": 47,
          "percentage": 14.779874213836477
        },
        "#4": {
          "count": 33,
          "percentage": 10.377358490566039
        },
        "#5": {
          "count": 24,
          "percentage": 7.547169811320755
        },
        "#6": {
          "count": 22,
          "percentage": 6.918238993710692
        },
        "#7": {
          "count": 14,
          "percentage": 4.40251572327044
        },
        "#8": {
          "count": 0,
          "percentage": 0
        }
      }
    }
  },
  "turnout_protocols": {
    "17.09.2021": {
      "15.00": {
        "count": 60,
        "count_delta": 60,
        "count_delta_per_hour": 8.571428571428571,
        "count_delta_per_minute": 0.14285714285714285,
        "percentage": 8.2,
        "percentage_delta": 8.2,
        "percentage_delta_per_hour": 1.1714285714285713,
        "percentage_delta_per_minute": 0.019523809523809523,
        "registered_count": 732,
        "registered_count_delta": 732,
        "registered_count_delta_per_hour": 104.57142857142857,
        "registered_count_delta_per_minute": 1.7428571428571429
      },
      "20.00": {
        "count": 88,
        "count_delta": 28,
        "count_delta_per_hour": 5.6,
        "count_delta_per_minute": 0.09333333333333334,
        "percentage": 12.02,
        "percentage_delta": 3.8200000000000003,
        "percentage_delta_per_hour": 0.764,
        "percentage_delta_per_minute": 0.012733333333333334,
        "registered_count": 732,
        "registered_count_delta": 0,
        "registered_count_delta_per_hour": 0,
        "registered_count_delta_per_minute": 0
      }
    },
    "18.09.2021": {
      "15.00": {
        "count": 147,
        "count_delta": 59,
        "count_delta_per_hour": 8.428571428571429,
        "count_delta_per_minute": 0.14047619047619048,
        "percentage": 20.05,
        "percentage_delta": 8.030000000000001,
        "percentage_delta_per_hour": 1.1471428571428572,
        "percentage_delta_per_minute": 0.019119047619047622,
        "registered_count": 733,
        "registered_count_delta": 1,
        "registered_count_delta_per_hour": 0.14285714285714285,
        "registered_count_delta_per_minute": 0.002380952380952381
      },
      "20.00": {
        "count": 174,
        "count_delta": 27,
        "count_delta_per_hour": 5.4,
        "count_delta_per_minute": 0.09,
        "percentage": 23.45,
        "percentage_delta": 3.3999999999999986,
        "percentage_delta_per_hour": 0.6799999999999997,
        "percentage_delta_per_minute": 0.011333333333333329,
        "registered_count": 742,
        "registered_count_delta": 9,
        "registered_count_delta_per_hour": 1.8,
        "registered_count_delta_per_minute": 0.03
      }
    },
    "19.09.2021": {
      "10.00": {
        "count": 187,
        "count_delta": 13,
        "count_delta_per_hour": 6.5,
        "count_delta_per_minute": 0.10833333333333334,
        "percentage": 25.2,
        "percentage_delta": 1.75,
        "percentage_delta_per_hour": 0.875,
        "percentage_delta_per_minute": 0.014583333333333334
      },
      "12.00": {
        "count": 198,
        "count_delta": 11,
        "count_delta_per_hour": 5.5,
        "count_delta_per_minute": 0.09166666666666666,
        "percentage": 26.68,
        "percentage_delta": 1.4800000000000004,
        "percentage_delta_per_hour": 0.7400000000000002,
        "percentage_delta_per_minute": 0.012333333333333337
      },
      "15.00": {
        "count": 245,
        "count_delta": 47,
        "count_delta_per_hour": 15.666666666666666,
        "count_delta_per_minute": 0.2611111111111111,
        "percentage": 33.02,
        "percentage_delta": 6.340000000000003,
        "percentage_delta_per_hour": 2.1133333333333346,
        "percentage_delta_per_minute": 0.03522222222222224
      },
      "18.00": {
        "count": 294,
        "count_delta": 49,
        "count_delta_per_hour": 16.333333333333332,
        "count_delta_per_minute": 0.2722222222222222,
        "percentage": 39.62,
        "percentage_delta": 6.599999999999994,
        "percentage_delta_per_hour": 2.199999999999998,
        "percentage_delta_per_minute": 0.03666666666666663
      },
      "20.00": {
        "count": 320,
        "count_delta": 26,
        "count_delta_per_hour": 13,
        "count_delta_per_minute": 0.21666666666666667,
        "percentage": 43.126684636118604,
        "percentage_delta": 3.5066846361186066,
        "percentage_delta_per_hour": 1.7533423180593033,
        "percentage_delta_per_minute": 0.029222371967655054,
        "registered_count": 742,
        "registered_count_delta": 0,
        "registered_count_delta_per_hour": 0,
        "registered_count_delta_per_minute": 0
      }
    }
  },
  "metadata": {
    "analysis": {
      "protocol_count": 1,
      "exceeded_papers_count": 0,
      "exceeded_papers_steal_winning": 0,
      "exceeded_papers_provide_extra_places": 0,
      "multiple_winners": 0,
      "checksum_valid": 1
    },
    "voters": {
      "initially_registered_count": 732,
      "registered_count": 742,
      "walk_by_count": 311,
      "on_home_count": 9,
      "ahead_of_time_count": 0,
      "exceptional_count": 0,
      "added_count": 10
    },
    "papers": {
      "received_count": 600,
      "destroyed_count": 280,
      "stationary_box_count": 309,
      "portable_box_count": 9,
      "valid_count": 314,
      "invalid_count": 4,
      "lost_count": 0,
      "ignored_count": 0,
      "taken_home_count": 2
    }
  },
  "entries": [
    {
      "name": "Всероссийская политическая партия \"ЕДИНАЯ РОССИЯ\"",
      "position": 2,
      "party_id": 5,
      "official_result": {
        "votes_count": 115,
        "place": 1,
        "percentage": 36.16352201257861,
        "valid_percentage": 36.624203821656046,
        "registered_percentage": 15.498652291105122,
        "display_percentage": 36.16,
        "winner": true
      },
      "result_without_other_entry": {
        "1": {
          "percentage": 44.4015444015444,
          "valid_percentage": 45.09803921568628
        },
        "3": {
          "percentage": 40.35087719298245,
          "valid_percentage": 40.92526690391459
        },
        "4": {
          "percentage": 38.85135135135135,