{
  "commission_name": "УИК №375",
  "ballot_name": "Выборы депутатов Законодательного Собрания Санкт-Петербурга седьмого созыва",
  "name": "Результаты выборов по одномандатному (многомандатному) округу",
  "protocol_scope": {
    "type": "uik",
    "id": 375
  },
  "electoral_district": {
    "type": "city",
    "id": 5
  },
  "data_id": 27820001915220,
  "ballot_data_id": 4784024397216,
  "has_koib": false,
  "generated_date": 1632127258000,
  "official_result": {
    "winner": {
      "id": 158,
      "position": 1,
      "percentage": 26.20689655172414,
      "valid_percentage": 26.95035460992908,
      "registered_percentage": 7.4400391581008325,
      "supported_by_smart_vote": true
    },
    "turnout": {
      "count": 579,
      "percentage": 28.34067547723935,
      "walk_by_count": 576,
      "walk_by_percentage": 28.193832599118945,
      "on_home_count": 3,
      "on_home_percentage": 0.14684287812041116,
      "ahead_of_time_count": 0,
      "ahead_of_time_percentage": 0,
      "valid_count": 564,
      "valid_percentage": 27.606461086637296,
      "invalid_count": 15,
      "invalid_percentage": 0.7342143906020557,
      "taken_home_count": 0,
      "taken_home_percentage": 0,
      "lost_count": 1,
      "lost_percentage": 0.048947626040137054
    },
    "votes_stats": {
      "winning_count": 152,
      "winning_percentage": 26.20689655172414,
      "effective_count": 564,
      "losing_count": 412,
      "losing_percentage": 71.03448275862068,
      "other_count": 16,
      "other_percentage": 2.7586206896551726,
      "by_place": {
        "#1": {
          "count": 152,
          "percentage": 26.20689655172414,
          "supported_by_smart_vote": true
        },
        "#2": {
          "count": 120,
          "percentage": 20.689655172413794
        },
        "#3": {
          "count": 106,
          "percentage": 18.275862068965516
        },
        "#4": {
          "count": 78,
          "percentage": 13.448275862068964
        },
        "#5": {
          "count": 58,
          "percentage": 10
        },
        "#6": {
          "count": 27,
          "percentage": 4.655172413793104
        },
        "#7": {
          "count": 23,
          "percentage": 3.9655172413793105
        }
      }
    }
  },
  "turnout_protocols": {
    "17.09.2021": {
      "15.00": {
        "count": 73,
        "count_delta": 73,
        "count_delta_per_hour": 10.428571428571429,
        "count_delta_per_minute": 0.1738095238095238,
        "percentage": 3.72,
        "percentage_delta": 3.72,
        "percentage_delta_per_hour": 0.5314285714285715,
        "percentage_delta_per_minute": 0.008857142857142857,
        "registered_count": 1962,
        "registered_count_delta": 1962,
        "registered_count_delta_per_hour": 280.2857142857143,
        "registered_count_delta_per_minute": 4.671428571428572
      },
      "20.00": {
        "count": 145,
        "count_delta": 72,
        "count_delta_per_hour": 14.4,
        "count_delta_per_minute": 0.24,
        "percentage": 7.38,
        "percentage_delta": 3.6599999999999997,
        "percentage_delta_per_hour": 0.732,
        "percentage_delta_per_minute": 0.012199999999999999,
        "registered_count": 1965,
        "registered_count_delta": 3,
        "registered_count_delta_per_hour": 0.6,
        "registered_count_delta_per_minute": 0.01
      }
    },
    "18.09.2021": {
      "15.00": {
        "count": 213,
        "count_delta": 68,
        "count_delta_per_hour": 9.714285714285714,
        "count_delta_per_minute": 0.1619047619047619,
        "percentage": 10.85,
        "percentage_delta": 3.4699999999999998,
        "percentage_delta_per_hour": 0.49571428571428566,
        "percentage_delta_per_minute": 0.008261904761904762,
        "registered_count": 1963,
        "registered_count_delta": -2,
        "registered_count_delta_per_hour": -0.2857142857142857,
        "registered_count_delta_per_minute": -0.004761904761904762
      },
      "20.00": {
        "count": 300,
        "count_delta": 87,
        "count_delta_per_hour": 17.4,
        "count_delta_per_minute": 0.29,
        "percentage": 15.27,
        "percentage_delta": 4.42,
        "percentage_delta_per_hour": 0.884,
        "percentage_delta_per_minute": 0.014733333333333333,
        "registered_count": 1965,
        "registered_count_delta": 2,
        "registered_count_delta_per_hour": 0.4,
        "registered_count_delta_per_minute": 0.006666666666666667
      }
    },
    "19.09.2021": {
      "10.00": {
        "count": 240,
        "count_delta": -60,
        "count_delta_per_hour": -30,
        "count_delta_per_minute": -0.5,
        "percentage": 11.76,
        "percentage_delta": -3.51,
        "percentage_delta_per_hour": -1.755,
        "percentage_delta_per_minute": -0.029249999999999998
      },
      "12.00": {
        "count": 319,
        "count_delta": 79,
        "count_delta_per_hour": 39.5,
        "count_delta_per_minute": 0.6583333333333333,
        "percentage": 15.63,
        "percentage_delta": 3.870000000000001,
        "percentage_delta_per_hour": 1.9350000000000005,
        "percentage_delta_per_minute": 0.03225000000000001
      },
      "15.00": {
        "count": 406,
        "count_delta": 87,
        "count_delta_per_hour": 29,
        "count_delta_per_minute": 0.48333333333333334,
        "percentage": 19.86,
        "percentage_delta": 4.229999999999999,
        "percentage_delta_per_hour": 1.4099999999999995,
        "percentage_delta_per_minute": 0.023499999999999993
      },
      "18.00": {
        "count": 514,
        "count_delta": 108,
        "count_delta_per_hour": 36,
        "count_delta_per_minute": 0.6,
        "percentage": 25.15,
        "percentage_delta": 5.289999999999999,
        "percentage_delta_per_hour": 1.763333333333333,
        "percentage_delta_per_minute": 0.029388888888888885
      },
      "20.00": {
        "count": 579,
        "count_delta": 65,
        "count_delta_per_hour": 32.5,
        "count_delta_per_minute": 0.5416666666666666,
        "percentage": 28.34067547723935,
        "percentage_delta": 3.1906754772393526,
        "percentage_delta_per_hour": 1.5953377386196763,
        "percentage_delta_per_minute": 0.026588962310327938,
        "registered_count": 2043,
        "registered_count_delta": 78,
        "registered_count_delta_per_hour": 6.5,
        "registered_count_delta_per_minute": 0.10833333333333334
      }
    }
  },
  "metadata": {
    "analysis": {
      "negative_turnout_registered_count_protocols": 1,
      "negative_turnout_registered_count": 2,
      "negative_turnout_percentage_protocols": 1,
      "negative_turnout_percentage": 3.51,
      "negative_turnout_count_protocols": 1,
      "negative_turnout_count": 60,
      "protocol_count": 1,
      "exceeded_papers_count": 0,
      "exceeded_papers_steal_winning": 0,
      "checksum_invalid": 1
    },
    "voters": {
      "initially_registered_count": 1964,
      "registered_count": 2043,
      "walk_by_count": 576,
      "on_home_count": 3,
      "ahead_of_time_count": 0,
      "exceptional_count": 0,
      "added_count": 79
    },
    "papers": {
      "received_count": 1500,
      "destroyed_count": 920,
      "stationary_box_count": 576,
      "portable_box_count": 3,
      "valid_count": 564,
      "invalid_count": 15,
      "lost_count": 1,
      "ignored_count": 0,
      "taken_home_count": 0
    }
  },
  "entries": [
    {
      "name": "Багров Юрий Дмитриевич",
      "position": 1,
      "candidate_id": 158,
      "supported_by_party_id": 7,
      "supported_by_smart_vote": true,
      "official_result": {
        "votes_count": 152,
        "place": 1,
        "percentage": 26.20689655172414,
        "valid_percentage": 26.95035460992908,
        "registered_percentage": 7.4400391581008325,
        "display_percentage": 26.25,
        "winner": true
      },