{
  "commission_name": "УИК №1592",
  "ballot_name": "Выборы депутатов Законодательного Собрания Санкт-Петербурга седьмого созыва",
  "name": "Результаты выборов по одномандатному (многомандатному) округу",
  "protocol_scope": {
    "type": "uik",
    "id": 1592
  },
  "electoral_district": {
    "type": "city",
    "id": 23
  },
  "data_id": 27820001915220,
  "ballot_data_id": 478405382143,
  "has_koib": false,
  "generated_date": 1632127076000,
  "official_result": {
    "winner": {
      "id": 232,
      "position": 1,
      "percentage": 31.647398843930635,
      "valid_percentage": 32.44444444444444,
      "registered_percentage": 11.253854059609456
    },
    "turnout": {
      "count": 694,
      "percentage": 35.66289825282631,
      "walk_by_count": 673,
      "walk_by_percentage": 34.58376156217883,
      "on_home_count": 21,
      "on_home_percentage": 1.079136690647482,
      "ahead_of_time_count": 0,
      "ahead_of_time_percentage": 0,
      "valid_count": 675,
      "valid_percentage": 34.68653648509763,
      "invalid_count": 17,
      "invalid_percentage": 0.8735868448098663,
      "taken_home_count": 2,
      "taken_home_percentage": 0.10277492291880781,
      "lost_count": 0,
      "lost_percentage": 0
    },
    "votes_stats": {
      "winning_count": 219,
      "winning_percentage": 31.647398843930635,
      "effective_count": 675,
      "losing_count": 456,
      "losing_percentage": 65.89595375722543,
      "other_count": 17,
      "other_percentage": 2.4566473988439306,
      "by_place": {
        "#1": {
          "count": 219,
          "percentage": 31.647398843930635
        },
        "#2": {
          "count": 132,
          "percentage": 19.07514450867052
        },
        "#3": {
          "count": 97,
          "percentage": 14.017341040462428
        },
        "#4": {
          "count": 80,
          "percentage": 11.560693641618498,
          "supported_by_smart_vote": true
        },
        "#5": {
          "count": 77,
          "percentage": 11.127167630057803
        },
        "#6": {
          "count": 45,
          "percentage": 6.502890173410404
        },
        "#7": {
          "count": 25,
          "percentage": 3.6127167630057806
        }
      }
    }
  },
  "turnout_protocols": {
    "17.09.2021": {
      "20.00": {
        "count": 312,
        "count_delta": 312,
        "count_delta_per_hour": 26,
        "count_delta_per_minute": 0.43333333333333335,
        "percentage": 16.15,
        "percentage_delta": 16.15,
        "percentage_delta_per_hour": 1.3458333333333332,
        "percentage_delta_per_minute": 0.022430555555555554,
        "registered_count": 1932,
        "registered_count_delta": 1932,
        "registered_count_delta_per_hour": 161,
        "registered_count_delta_per_minute": 2.683333333333333
      }
    },
    "18.09.2021": {
      "15.00": {
        "count": 390,
        "count_delta": 78,
        "count_delta_per_hour": 11.142857142857142,
        "count_delta_per_minute": 0.18571428571428572,
        "percentage": 20.13,
        "percentage_delta": 3.9800000000000004,
        "percentage_delta_per_hour": 0.5685714285714286,
        "percentage_delta_per_minute": 0.009476190476190477,
        "registered_count": 1937,
        "registered_count_delta": 5,
        "registered_count_delta_per_hour": 0.7142857142857143,
        "registered_count_delta_per_minute": 0.011904761904761904
      },
      "20.00": {
        "count": 422,
        "count_delta": 32,
        "count_delta_per_hour": 6.4,
        "count_delta_per_minute": 0.10666666666666667,
        "percentage": 21.79,
        "percentage_delta": 1.6600000000000001,
        "percentage_delta_per_hour": 0.332,
        "percentage_delta_per_minute": 0.005533333333333334,
        "registered_count": 1937,
        "registered_count_delta": 0,
        "registered_count_delta_per_hour": 0,
        "registered_count_delta_per_minute": 0
      }
    },
    "19.09.2021": {
      "10.00": {
        "count": 424,
        "count_delta": 2,
        "count_delta_per_hour": 1,
        "count_delta_per_minute": 0.016666666666666666,
        "percentage": 21.79,
        "percentage_delta": 0,
        "percentage_delta_per_hour": 0,
        "percentage_delta_per_minute": 0
      },
      "12.00": {
        "count": 495,
        "count_delta": 71,
        "count_delta_per_hour": 35.5,
        "count_delta_per_minute": 0.5916666666666667,
        "percentage": 25.45,
        "percentage_delta": 3.66,
        "percentage_delta_per_hour": 1.83,
        "percentage_delta_per_minute": 0.030500000000000003
      },
      "15.00": {
        "count": 532,
        "count_delta": 37,
        "count_delta_per_hour": 12.333333333333334,
        "count_delta_per_minute": 0.20555555555555555,
        "percentage": 27.36,
        "percentage_delta": 1.9100000000000001,
        "percentage_delta_per_hour": 0.6366666666666667,
        "percentage_delta_per_minute": 0.010611111111111111
      },
      "18.00": {
        "count": 606,
        "count_delta": 74,
        "count_delta_per_hour": 24.666666666666668,
        "count_delta_per_minute": 0.4111111111111111,
        "percentage": 31.13,
        "percentage_delta": 3.7699999999999996,
        "percentage_delta_per_hour": 1.2566666666666666,
        "percentage_delta_per_minute": 0.020944444444444443
      },
      "20.00": {
        "count": 694,
        "count_delta": 88,
        "count_delta_per_hour": 44,
        "count_delta_per_minute": 0.7333333333333333,
        "percentage": 35.66289825282631,
        "percentage_delta": 4.53289825282631,
        "percentage_delta_per_hour": 2.266449126413155,
        "percentage_delta_per_minute": 0.03777415210688592,
        "registered_count": 1946,
        "registered_count_delta": 9,
        "registered_count_delta_per_hour": 0.75,
        "registered_count_delta_per_minute": 0.0125
      }
    }
  },
  "metadata": {
    "analysis": {
      "protocol_count": 1,
      "exceeded_papers_count": 0,
      "exceeded_papers_steal_winning": 0,
      "checksum_valid": 1
    },
    "voters": {
      "initially_registered_count": 1932,
      "registered_count": 1946,
      "walk_by_count": 673,
      "on_home_count": 21,
      "ahead_of_time_count": 0,
      "exceptional_count": 0,
      "added_count": 14
    },
    "papers": {
      "received_count": 1500,
      "destroyed_count": 806,
      "stationary_box_count": 671,
      "portable_box_count": 21,
      "valid_count": 675,
      "invalid_count": 17,
      "lost_count": 0,
      "ignored_count": 0,
      "taken_home_count": 2
    }
  },
  "entries": [
    {
      "name": "Авдеев Юрий Васильевич",
      "position": 1,
      "candidate_id": 232,
      "supported_by_party_id": 5,
      "official_result": {
        "votes_count": 219,
        "place": 1,
        "percentage": 31.647398843930635,
        "valid_percentage": 32.44444444444444,
        "registered_percentage": 11.253854059609456,
        "display_percentage": 31.65,
        "winner": true
      },
      "result_without_other_entry": {
        "61": {
          "percentage": 35.78431372549019,
          "valid_percentage": 36.806722689075634
        },
        "64": {
          "percentage": 35.609756097560975,
          "valid_percentage": 36.62207357859531
        },
        "233": {
          "percentage": 32.8335832083958,
          "valid_percentage": 33.69230769230769
        },
        "234": {
          "percentage": 33.84853168469861,
          "valid_percentage": 34.76190476190476
        },
        "235": {
          "percentage": 36.806722689075634,
          "valid_percentage": 37.88927335640138
        },
        "236": {
          "percentage": 39.107142857142854,
          "valid_percentage": 40.331491712707184
        }
      }
    },
    {
      "name": "Сазонцев Евгений Павлович",
      "position": 7,
      "candidate_id": 236,
      "supported_by_party_id": 1,
      "official_result": {
        "votes_count": 132,