{
  "commission_name": "УИК №1036",
  "ballot_name": "Выборы депутатов Законодательного Собрания Санкт-Петербурга седьмого созыва",
  "name": "Результаты выборов по единому округу",
  "protocol_scope": {
    "type": "uik",
    "id": 1036
  },
  "electoral_district": {
    "type": "city",
    "id": 0
  },
  "data_id": 27820001915220,
  "ballot_data_id": 478404584733,
  "has_koib": true,
  "generated_date": 1632112497000,
  "official_result": {
    "winner": {
      "id": 5,
      "position": 2,
      "percentage": 43.27044025157233,
      "valid_percentage": 43.98976982097187,
      "registered_percentage": 18.984547461368653
    },
    "turnout": {
      "count": 799,
      "percentage": 44.09492273730684,
      "walk_by_count": 660,
      "walk_by_percentage": 36.423841059602644,
      "on_home_count": 139,
      "on_home_percentage": 7.671081677704194,
      "ahead_of_time_count": 0,
      "ahead_of_time_percentage": 0,
      "valid_count": 782,
      "valid_percentage": 43.15673289183223,
      "invalid_count": 13,
      "invalid_percentage": 0.717439293598234,
      "taken_home_count": 4,
      "taken_home_percentage": 0.22075055187637968,
      "lost_count": 0,
      "lost_percentage": 0
    },
    "votes_stats": {
      "winning_count": 344,
      "winning_percentage": 43.27044025157233,
      "effective_count": 782,
      "losing_count": 438,
      "losing_percentage": 55.094339622641506,
      "other_count": 13,
      "other_percentage": 1.6352201257861636,
      "by_place": {
        "#1": {
          "count": 344,
          "percentage": 43.27044025157233
        },
        "#2": {
          "count": 159,
          "percentage": 20
        },
        "#3": {
          "count": 101,
          "percentage": 12.70440251572327
        },
        "#4": {
          "count": 59,
          "percentage": 7.421383647798742
        },
        "#5": {
          "count": 51,
          "percentage": 6.415094339622642
        },
        "#6": {
          "count": 33,
          "percentage": 4.150943396226415
        },
        "#7": {
          "count": 22,
          "percentage": 2.767295597484277
        },
        "#8": {
          "count": 13,
          "percentage": 1.6352201257861636
        }
      }
    }
  },
  "turnout_protocols": {
    "17.09.2021": {
      "15.00": {
        "count": 141,
        "count_delta": 141,
        "count_delta_per_hour": 20.142857142857142,
        "count_delta_per_minute": 0.3357142857142857,
        "percentage": 7.78,
        "percentage_delta": 7.78,
        "percentage_delta_per_hour": 1.1114285714285714,
        "percentage_delta_per_minute": 0.018523809523809526,
        "registered_count": 1812,
        "registered_count_delta": 1812,
        "registered_count_delta_per_hour": 258.85714285714283,
        "registered_count_delta_per_minute": 4.314285714285714
      },
      "20.00": {
        "count": 205,
        "count_delta": 64,
        "count_delta_per_hour": 12.8,
        "count_delta_per_minute": 0.21333333333333335,
        "percentage": 11.31,
        "percentage_delta": 3.5300000000000002,
        "percentage_delta_per_hour": 0.7060000000000001,
        "percentage_delta_per_minute": 0.011766666666666668,
        "registered_count": 1813,
        "registered_count_delta": 1,
        "registered_count_delta_per_hour": 0.2,
        "registered_count_delta_per_minute": 0.0033333333333333335
      }
    },
    "18.09.2021": {
      "15.00": {
        "count": 371,
        "count_delta": 166,
        "count_delta_per_hour": 23.714285714285715,
        "count_delta_per_minute": 0.3952380952380952,
        "percentage": 20.47,
        "percentage_delta": 9.159999999999998,
        "percentage_delta_per_hour": 1.3085714285714283,
        "percentage_delta_per_minute": 0.021809523809523806,
        "registered_count": 1812,
        "registered_count_delta": -1,
        "registered_count_delta_per_hour": -0.14285714285714285,
        "registered_count_delta_per_minute": -0.002380952380952381
      },
      "20.00": {
        "count": 416,
        "count_delta": 45,
        "count_delta_per_hour": 9,
        "count_delta_per_minute": 0.15,
        "percentage": 22.93,
        "percentage_delta": 2.460000000000001,
        "percentage_delta_per_hour": 0.49200000000000016,
        "percentage_delta_per_minute": 0.008200000000000002,
        "registered_count": 1814,
        "registered_count_delta": 2,
        "registered_count_delta_per_hour": 0.4,
        "registered_count_delta_per_minute": 0.006666666666666667
      }
    },
    "19.09.2021": {
      "10.00": {
        "count": 437,
        "count_delta": 21,
        "count_delta_per_hour": 10.5,
        "count_delta_per_minute": 0.175,
        "percentage": 24.09,
        "percentage_delta": 1.1600000000000001,
        "percentage_delta_per_hour": 0.5800000000000001,
        "percentage_delta_per_minute": 0.009666666666666667
      },
      "12.00": {
        "count": 510,
        "count_delta": 73,
        "count_delta_per_hour": 36.5,
        "count_delta_per_minute": 0.6083333333333333,
        "percentage": 28.17,
        "percentage_delta": 4.080000000000002,
        "percentage_delta_per_hour": 2.040000000000001,
        "percentage_delta_per_minute": 0.034000000000000016
      },
      "15.00": {
        "count": 633,
        "count_delta": 123,
        "count_delta_per_hour": 41,
        "count_delta_per_minute": 0.6833333333333333,
        "percentage": 34.95,
        "percentage_delta": 6.780000000000001,
        "percentage_delta_per_hour": 2.2600000000000002,
        "percentage_delta_per_minute": 0.037666666666666675
      },
      "18.00": {
        "count": 707,
        "count_delta": 74,
        "count_delta_per_hour": 24.666666666666668,
        "count_delta_per_minute": 0.4111111111111111,
        "percentage": 39.03,
        "percentage_delta": 4.079999999999998,
        "percentage_delta_per_hour": 1.3599999999999994,
        "percentage_delta_per_minute": 0.022666666666666658
      },
      "20.00": {
        "count": 799,
        "count_delta": 92,
        "count_delta_per_hour": 46,
        "count_delta_per_minute": 0.7666666666666667,
        "percentage": 44.09492273730684,
        "percentage_delta": 5.064922737306837,
        "percentage_delta_per_hour": 2.5324613686534185,
        "percentage_delta_per_minute": 0.04220768947755697,
        "registered_count": 1812,
        "registered_count_delta": -2,
        "registered_count_delta_per_hour": -0.16666666666666666,
        "registered_count_delta_per_minute": -0.002777777777777778
      }
    }
  },
  "metadata": {
    "analysis": {
      "negative_turnout_registered_count_protocols": 1,
      "negative_turnout_registered_count": 2,
      "protocol_count": 1,
      "exceeded_papers_count": 0,
      "exceeded_papers_steal_winning": 0,
      "exceeded_papers_provide_extra_places": 0,
      "multiple_winners": 0,
      "checksum_valid": 1
    },
    "voters": {
      "initially_registered_count": 1812,
      "registered_count": 1812,
      "walk_by_count": 660,
      "on_home_count": 139,
      "ahead_of_time_count": 0,
      "exceptional_count": 0
    },
    "papers": {
      "received_count": 1500,
      "destroyed_count": 701,
      "stationary_box_count": 657,
      "portable_box_count": 138,
      "valid_count": 782,
      "invalid_count": 13,
      "lost_count": 0,
      "ignored_count": 0,
      "taken_home_count": 4
    }
  },
  "entries": [
    {
      "name": "Всероссийская политическая партия \"ЕДИНАЯ РОССИЯ\"",
      "position": 2,
      "party_id": 5,
      "official_result": {
        "votes_count": 344,
        "place": 1,
        "percentage": 43.27044025157233,
        "valid_percentage": 43.98976982097187,
        "registered_percentage": 18.984547461368653,
        "display_percentage": 43.27,
        "winner": true
      },
      "result_without_other_entry": {
        "1": {
          "percentage": 54.088050314465406,