{
  "commission_name": "УИК №1354",
  "ballot_name": "Выборы депутатов Законодательного Собрания Санкт-Петербурга седьмого созыва",
  "name": "Результаты выборов по одномандатному (многомандатному) округу",
  "protocol_scope": {
    "type": "uik",
    "id": 1354
  },
  "electoral_district": {
    "type": "city",
    "id": 21
  },
  "data_id": 27820001915220,
  "ballot_data_id": 4784010407240,
  "has_koib": false,
  "generated_date": 1632124218000,
  "official_result": {
    "winner": {
      "id": 197,
      "position": 1,
      "percentage": 26.97160883280757,
      "valid_percentage": 27.62520193861066,
      "registered_percentage": 6.993865030674846,
      "supported_by_smart_vote": true
    },
    "turnout": {
      "count": 639,
      "percentage": 26.134969325153374,
      "walk_by_count": 635,
      "walk_by_percentage": 25.971370143149286,
      "on_home_count": 4,
      "on_home_percentage": 0.16359918200409,
      "ahead_of_time_count": 0,
      "ahead_of_time_percentage": 0,
      "valid_count": 619,
      "valid_percentage": 25.316973415132928,
      "invalid_count": 15,
      "invalid_percentage": 0.6134969325153374,
      "taken_home_count": 5,
      "taken_home_percentage": 0.2044989775051125,
      "lost_count": 0,
      "lost_percentage": 0
    },
    "votes_stats": {
      "winning_count": 171,
      "winning_percentage": 26.97160883280757,
      "effective_count": 619,
      "losing_count": 448,
      "losing_percentage": 70.66246056782335,
      "other_count": 15,
      "other_percentage": 2.365930599369085,
      "by_place": {
        "#1": {
          "count": 171,
          "percentage": 26.97160883280757,
          "supported_by_smart_vote": true
        },
        "#2": {
          "count": 119,
          "percentage": 18.769716088328074
        },
        "#3": {
          "count": 98,
          "percentage": 15.457413249211358
        },
        "#4": {
          "count": 72,
          "percentage": 11.35646687697161
        },
        "#5": {
          "count": 59,
          "percentage": 9.305993690851736
        },
        "#6": {
          "count": 57,
          "percentage": 8.990536277602523
        },
        "#7": {
          "count": 43,
          "percentage": 6.782334384858044
        }
      }
    }
  },
  "turnout_protocols": {
    "17.09.2021": {
      "15.00": {
        "count": 69,
        "count_delta": 69,
        "count_delta_per_hour": 9.857142857142858,
        "count_delta_per_minute": 0.16428571428571428,
        "percentage": 2.89,
        "percentage_delta": 2.89,
        "percentage_delta_per_hour": 0.41285714285714287,
        "percentage_delta_per_minute": 0.006880952380952381,
        "registered_count": 2388,
        "registered_count_delta": 2388,
        "registered_count_delta_per_hour": 341.14285714285717,
        "registered_count_delta_per_minute": 5.685714285714286
      },
      "20.00": {
        "count": 131,
        "count_delta": 62,
        "count_delta_per_hour": 12.4,
        "count_delta_per_minute": 0.20666666666666667,
        "percentage": 5.49,
        "percentage_delta": 2.6,
        "percentage_delta_per_hour": 0.52,
        "percentage_delta_per_minute": 0.008666666666666666,
        "registered_count": 2386,
        "registered_count_delta": -2,
        "registered_count_delta_per_hour": -0.4,
        "registered_count_delta_per_minute": -0.006666666666666667
      }
    },
    "18.09.2021": {
      "15.00": {
        "count": 173,
        "count_delta": 42,
        "count_delta_per_hour": 6,
        "count_delta_per_minute": 0.1,
        "percentage": 7.25,
        "percentage_delta": 1.7599999999999998,
        "percentage_delta_per_hour": 0.2514285714285714,
        "percentage_delta_per_minute": 0.00419047619047619,
        "registered_count": 2386,
        "registered_count_delta": 0,
        "registered_count_delta_per_hour": 0,
        "registered_count_delta_per_minute": 0
      },
      "20.00": {
        "count": 320,
        "count_delta": 147,
        "count_delta_per_hour": 29.4,
        "count_delta_per_minute": 0.49,
        "percentage": 13.42,
        "percentage_delta": 6.17,
        "percentage_delta_per_hour": 1.234,
        "percentage_delta_per_minute": 0.020566666666666667,
        "registered_count": 2385,
        "registered_count_delta": -1,
        "registered_count_delta_per_hour": -0.2,
        "registered_count_delta_per_minute": -0.0033333333333333335
      }
    },
    "19.09.2021": {
      "10.00": {
        "count": 333,
        "count_delta": 13,
        "count_delta_per_hour": 6.5,
        "count_delta_per_minute": 0.10833333333333334,
        "percentage": 13.63,
        "percentage_delta": 0.21000000000000085,
        "percentage_delta_per_hour": 0.10500000000000043,
        "percentage_delta_per_minute": 0.0017500000000000072
      },
      "12.00": {
        "count": 408,
        "count_delta": 75,
        "count_delta_per_hour": 37.5,
        "count_delta_per_minute": 0.625,
        "percentage": 16.69,
        "percentage_delta": 3.0600000000000005,
        "percentage_delta_per_hour": 1.5300000000000002,
        "percentage_delta_per_minute": 0.025500000000000005
      },
      "15.00": {
        "count": 418,
        "count_delta": 10,
        "count_delta_per_hour": 3.3333333333333335,
        "count_delta_per_minute": 0.05555555555555555,
        "percentage": 17.11,
        "percentage_delta": 0.41999999999999815,
        "percentage_delta_per_hour": 0.13999999999999937,
        "percentage_delta_per_minute": 0.002333333333333323
      },
      "18.00": {
        "count": 677,
        "count_delta": 259,
        "count_delta_per_hour": 86.33333333333333,
        "count_delta_per_minute": 1.4388888888888889,
        "percentage": 27.67,
        "percentage_delta": 10.560000000000002,
        "percentage_delta_per_hour": 3.520000000000001,
        "percentage_delta_per_minute": 0.05866666666666668
      },
      "20.00": {
        "count": 639,
        "count_delta": -38,
        "count_delta_per_hour": -19,
        "count_delta_per_minute": -0.31666666666666665,
        "percentage": 26.134969325153374,
        "percentage_delta": -1.5350306748466274,
        "percentage_delta_per_hour": -0.7675153374233137,
        "percentage_delta_per_minute": -0.012791922290388561,
        "registered_count": 2445,
        "registered_count_delta": 60,
        "registered_count_delta_per_hour": 5,
        "registered_count_delta_per_minute": 0.08333333333333333
      }
    }
  },
  "metadata": {
    "analysis": {
      "negative_turnout_registered_count_protocols": 1,
      "negative_turnout_registered_count": 1,
      "negative_turnout_percentage_protocols": 1,
      "negative_turnout_percentage": 1.5350306748466274,
      "negative_turnout_count_protocols": 1,
      "negative_turnout_count": 38,
      "protocol_count": 1,
      "exceeded_papers_count": 0,
      "exceeded_papers_steal_winning": 0,
      "checksum_valid": 1
    },
    "voters": {
      "initially_registered_count": 2385,
      "registered_count": 2445,
      "walk_by_count": 635,
      "on_home_count": 4,
      "ahead_of_time_count": 0,
      "exceptional_count": 0,
      "added_count": 60
    },
    "papers": {
      "received_count": 2000,
      "destroyed_count": 1361,
      "stationary_box_count": 630,
      "portable_box_count": 4,
      "valid_count": 619,
      "invalid_count": 15,
      "lost_count": 0,
      "ignored_count": 0,
      "taken_home_count": 5
    }
  },
  "entries": [
    {
      "name": "Галкина Ольга Владимировна",
      "position": 1,
      "candidate_id": 197,
      "supported_by_party_id": 6,
      "supported_by_smart_vote": true,
      "official_result": {
        "votes_count": 171,
        "place": 1,
        "percentage": 26.97160883280757,
        "valid_percentage": 27.62520193861066,
        "registered_percentage": 6.993865030674846,
        "display_percentage": 26.97,
        "winner": true
      },