{
  "commission_name": "УИК №1483",
  "ballot_name": "Выборы депутатов Законодательного Собрания Санкт-Петербурга седьмого созыва",
  "name": "Результаты выборов по единому округу",
  "protocol_scope": {
    "type": "uik",
    "id": 1483
  },
  "electoral_district": {
    "type": "city",
    "id": 0
  },
  "data_id": 27820001915220,
  "ballot_data_id": 478405286299,
  "has_koib": false,
  "generated_date": 1632112494000,
  "official_result": {
    "winner": {
      "id": 5,
      "position": 2,
      "percentage": 60.74918566775245,
      "valid_percentage": 61.96013289036545,
      "registered_percentage": 20.990433314575128
    },
    "turnout": {
      "count": 615,
      "percentage": 34.608891389983114,
      "walk_by_count": 583,
      "walk_by_percentage": 32.80810354530107,
      "on_home_count": 32,
      "on_home_percentage": 1.8007878446820484,
      "ahead_of_time_count": 0,
      "ahead_of_time_percentage": 0,
      "valid_count": 602,
      "valid_percentage": 33.87732132808103,
      "invalid_count": 12,
      "invalid_percentage": 0.6752954417557682,
      "taken_home_count": 1,
      "taken_home_percentage": 0.056274620146314014,
      "lost_count": 0,
      "lost_percentage": 0
    },
    "votes_stats": {
      "winning_count": 373,
      "winning_percentage": 60.74918566775245,
      "effective_count": 602,
      "losing_count": 229,
      "losing_percentage": 37.29641693811075,
      "other_count": 12,
      "other_percentage": 1.9543973941368076,
      "by_place": {
        "#1": {
          "count": 373,
          "percentage": 60.74918566775245
        },
        "#2": {
          "count": 80,
          "percentage": 13.029315960912053
        },
        "#3": {
          "count": 46,
          "percentage": 7.491856677524431
        },
        "#4": {
          "count": 34,
          "percentage": 5.537459283387622
        },
        "#5": {
          "count": 24,
          "percentage": 3.908794788273615
        },
        "#6": {
          "count": 21,
          "percentage": 3.420195439739414
        },
        "#7": {
          "count": 14,
          "percentage": 2.2801302931596092
        },
        "#8": {
          "count": 10,
          "percentage": 1.6286644951140066
        }
      }
    }
  },
  "turnout_protocols": {
    "17.09.2021": {
      "15.00": {
        "count": 166,
        "count_delta": 166,
        "count_delta_per_hour": 23.714285714285715,
        "count_delta_per_minute": 0.3952380952380952,
        "percentage": 9.33,
        "percentage_delta": 9.33,
        "percentage_delta_per_hour": 1.332857142857143,
        "percentage_delta_per_minute": 0.022214285714285714,
        "registered_count": 1779,
        "registered_count_delta": 1779,
        "registered_count_delta_per_hour": 254.14285714285714,
        "registered_count_delta_per_minute": 4.235714285714286
      },
      "20.00": {
        "count": 222,
        "count_delta": 56,
        "count_delta_per_hour": 11.2,
        "count_delta_per_minute": 0.18666666666666668,
        "percentage": 12.47,
        "percentage_delta": 3.1400000000000006,
        "percentage_delta_per_hour": 0.6280000000000001,
        "percentage_delta_per_minute": 0.01046666666666667,
        "registered_count": 1780,
        "registered_count_delta": 1,
        "registered_count_delta_per_hour": 0.2,
        "registered_count_delta_per_minute": 0.0033333333333333335
      }
    },
    "18.09.2021": {
      "15.00": {
        "count": 321,
        "count_delta": 99,
        "count_delta_per_hour": 14.142857142857142,
        "count_delta_per_minute": 0.2357142857142857,
        "percentage": 18.03,
        "percentage_delta": 5.5600000000000005,
        "percentage_delta_per_hour": 0.7942857142857144,
        "percentage_delta_per_minute": 0.01323809523809524,
        "registered_count": 1780,
        "registered_count_delta": 0,
        "registered_count_delta_per_hour": 0,
        "registered_count_delta_per_minute": 0
      },
      "20.00": {
        "count": 330,
        "count_delta": 9,
        "count_delta_per_hour": 1.8,
        "count_delta_per_minute": 0.03,
        "percentage": 18.54,
        "percentage_delta": 0.509999999999998,
        "percentage_delta_per_hour": 0.1019999999999996,
        "percentage_delta_per_minute": 0.0016999999999999934,
        "registered_count": 1780,
        "registered_count_delta": 0,
        "registered_count_delta_per_hour": 0,
        "registered_count_delta_per_minute": 0
      }
    },
    "19.09.2021": {
      "10.00": {
        "count": 343,
        "count_delta": 13,
        "count_delta_per_hour": 6.5,
        "count_delta_per_minute": 0.10833333333333334,
        "percentage": 19.33,
        "percentage_delta": 0.7899999999999991,
        "percentage_delta_per_hour": 0.3949999999999996,
        "percentage_delta_per_minute": 0.0065833333333333265
      },
      "12.00": {
        "count": 348,
        "count_delta": 5,
        "count_delta_per_hour": 2.5,
        "count_delta_per_minute": 0.041666666666666664,
        "percentage": 19.61,
        "percentage_delta": 0.28000000000000114,
        "percentage_delta_per_hour": 0.14000000000000057,
        "percentage_delta_per_minute": 0.0023333333333333426
      },
      "15.00": {
        "count": 426,
        "count_delta": 78,
        "count_delta_per_hour": 26,
        "count_delta_per_minute": 0.43333333333333335,
        "percentage": 23.99,
        "percentage_delta": 4.379999999999999,
        "percentage_delta_per_hour": 1.4599999999999997,
        "percentage_delta_per_minute": 0.02433333333333333
      },
      "18.00": {
        "count": 547,
        "count_delta": 121,
        "count_delta_per_hour": 40.333333333333336,
        "count_delta_per_minute": 0.6722222222222223,
        "percentage": 30.79,
        "percentage_delta": 6.800000000000001,
        "percentage_delta_per_hour": 2.266666666666667,
        "percentage_delta_per_minute": 0.037777777777777785
      },
      "20.00": {
        "count": 615,
        "count_delta": 68,
        "count_delta_per_hour": 34,
        "count_delta_per_minute": 0.5666666666666667,
        "percentage": 34.608891389983114,
        "percentage_delta": 3.818891389983115,
        "percentage_delta_per_hour": 1.9094456949915575,
        "percentage_delta_per_minute": 0.031824094916525957,
        "registered_count": 1777,
        "registered_count_delta": -3,
        "registered_count_delta_per_hour": -0.25,
        "registered_count_delta_per_minute": -0.004166666666666667
      }
    }
  },
  "metadata": {
    "analysis": {
      "negative_turnout_registered_count_protocols": 1,
      "negative_turnout_registered_count": 3,
      "protocol_count": 1,
      "exceeded_papers_count": 0,
      "exceeded_papers_steal_winning": 0,
      "exceeded_papers_provide_extra_places": 0,
      "multiple_winners": 0,
      "checksum_valid": 1
    },
    "voters": {
      "initially_registered_count": 1780,
      "registered_count": 1777,
      "walk_by_count": 583,
      "on_home_count": 32,
      "ahead_of_time_count": 0,
      "exceptional_count": 0,
      "removed_count": 3
    },
    "papers": {
      "received_count": 1400,
      "destroyed_count": 785,
      "stationary_box_count": 582,
      "portable_box_count": 32,
      "valid_count": 602,
      "invalid_count": 12,
      "lost_count": 0,
      "ignored_count": 0,
      "taken_home_count": 1
    }
  },
  "entries": [
    {
      "name": "Всероссийская политическая партия \"ЕДИНАЯ РОССИЯ\"",
      "position": 2,
      "party_id": 5,
      "official_result": {
        "votes_count": 373,
        "place": 1,
        "percentage": 60.74918566775245,
        "valid_percentage": 61.96013289036545,
        "registered_percentage": 20.990433314575128,
        "display_percentage": 60.75,
        "winner": true
      },
      "result_without_other_entry": {
        "1": {
          "percentage": 64.3103448275862,
          "valid_percentage": 65.66901408450704
        },