{
  "commission_name": "УИК №1779",
  "ballot_name": "Выборы депутатов Законодательного Собрания Санкт-Петербурга седьмого созыва",
  "name": "Результаты выборов по одномандатному (многомандатному) округу",
  "protocol_scope": {
    "type": "uik",
    "id": 1779
  },
  "electoral_district": {
    "type": "city",
    "id": 13
  },
  "data_id": 27820001915220,
  "ballot_data_id": 4784014358314,
  "has_koib": false,
  "generated_date": 1632126311000,
  "official_result": {
    "winner": {
      "id": 176,
      "position": 1,
      "percentage": 35.41666666666667,
      "valid_percentage": 38.94878706199461,
      "registered_percentage": 12.235393734123624,
      "supported_by_smart_vote": true
    },
    "turnout": {
      "count": 816,
      "percentage": 34.54699407281964,
      "walk_by_count": 810,
      "walk_by_percentage": 34.292972057578325,
      "on_home_count": 6,
      "on_home_percentage": 0.2540220152413209,
      "ahead_of_time_count": 0,
      "ahead_of_time_percentage": 0,
      "valid_count": 742,
      "valid_percentage": 31.41405588484335,
      "invalid_count": 74,
      "invalid_percentage": 3.132938187976291,
      "taken_home_count": 0,
      "taken_home_percentage": 0,
      "lost_count": 0,
      "lost_percentage": 0
    },
    "votes_stats": {
      "winning_count": 289,
      "winning_percentage": 35.41666666666667,
      "effective_count": 742,
      "losing_count": 453,
      "losing_percentage": 55.51470588235294,
      "other_count": 74,
      "other_percentage": 9.068627450980392,
      "by_place": {
        "#1": {
          "count": 289,
          "percentage": 35.41666666666667,
          "supported_by_smart_vote": true
        },
        "#2": {
          "count": 250,
          "percentage": 30.637254901960787
        },
        "#3": {
          "count": 75,
          "percentage": 9.191176470588236
        },
        "#4": {
          "count": 65,
          "percentage": 7.965686274509803
        },
        "#5": {
          "count": 63,
          "percentage": 7.720588235294118
        }
      }
    }
  },
  "turnout_protocols": {
    "17.09.2021": {
      "15.00": {
        "count": 132,
        "count_delta": 132,
        "count_delta_per_hour": 18.857142857142858,
        "count_delta_per_minute": 0.3142857142857143,
        "percentage": 5.63,
        "percentage_delta": 5.63,
        "percentage_delta_per_hour": 0.8042857142857143,
        "percentage_delta_per_minute": 0.013404761904761904,
        "registered_count": 2345,
        "registered_count_delta": 2345,
        "registered_count_delta_per_hour": 335,
        "registered_count_delta_per_minute": 5.583333333333333
      },
      "20.00": {
        "count": 232,
        "count_delta": 100,
        "count_delta_per_hour": 20,
        "count_delta_per_minute": 0.3333333333333333,
        "percentage": 9.9,
        "percentage_delta": 4.2700000000000005,
        "percentage_delta_per_hour": 0.8540000000000001,
        "percentage_delta_per_minute": 0.014233333333333336,
        "registered_count": 2343,
        "registered_count_delta": -2,
        "registered_count_delta_per_hour": -0.4,
        "registered_count_delta_per_minute": -0.006666666666666667
      }
    },
    "18.09.2021": {
      "15.00": {
        "count": 360,
        "count_delta": 128,
        "count_delta_per_hour": 18.285714285714285,
        "count_delta_per_minute": 0.3047619047619048,
        "percentage": 15.33,
        "percentage_delta": 5.43,
        "percentage_delta_per_hour": 0.7757142857142857,
        "percentage_delta_per_minute": 0.012928571428571428,
        "registered_count": 2348,
        "registered_count_delta": 5,
        "registered_count_delta_per_hour": 0.7142857142857143,
        "registered_count_delta_per_minute": 0.011904761904761904
      },
      "20.00": {
        "count": 425,
        "count_delta": 65,
        "count_delta_per_hour": 13,
        "count_delta_per_minute": 0.21666666666666667,
        "percentage": 18.09,
        "percentage_delta": 2.76,
        "percentage_delta_per_hour": 0.5519999999999999,
        "percentage_delta_per_minute": 0.0092,
        "registered_count": 2349,
        "registered_count_delta": 1,
        "registered_count_delta_per_hour": 0.2,
        "registered_count_delta_per_minute": 0.0033333333333333335
      }
    },
    "19.09.2021": {
      "10.00": {
        "count": 454,
        "count_delta": 29,
        "count_delta_per_hour": 14.5,
        "count_delta_per_minute": 0.24166666666666667,
        "percentage": 19.2,
        "percentage_delta": 1.1099999999999994,
        "percentage_delta_per_hour": 0.5549999999999997,
        "percentage_delta_per_minute": 0.009249999999999996
      },
      "12.00": {
        "count": 498,
        "count_delta": 44,
        "count_delta_per_hour": 22,
        "count_delta_per_minute": 0.36666666666666664,
        "percentage": 21.07,
        "percentage_delta": 1.870000000000001,
        "percentage_delta_per_hour": 0.9350000000000005,
        "percentage_delta_per_minute": 0.015583333333333341
      },
      "15.00": {
        "count": 626,
        "count_delta": 128,
        "count_delta_per_hour": 42.666666666666664,
        "count_delta_per_minute": 0.7111111111111111,
        "percentage": 26.52,
        "percentage_delta": 5.449999999999999,
        "percentage_delta_per_hour": 1.8166666666666664,
        "percentage_delta_per_minute": 0.030277777777777775
      },
      "18.00": {
        "count": 739,
        "count_delta": 113,
        "count_delta_per_hour": 37.666666666666664,
        "count_delta_per_minute": 0.6277777777777778,
        "percentage": 31.29,
        "percentage_delta": 4.77,
        "percentage_delta_per_hour": 1.5899999999999999,
        "percentage_delta_per_minute": 0.0265
      },
      "20.00": {
        "count": 816,
        "count_delta": 77,
        "count_delta_per_hour": 38.5,
        "count_delta_per_minute": 0.6416666666666667,
        "percentage": 34.54699407281964,
        "percentage_delta": 3.2569940728196443,
        "percentage_delta_per_hour": 1.6284970364098221,
        "percentage_delta_per_minute": 0.027141617273497034,
        "registered_count": 2362,
        "registered_count_delta": 13,
        "registered_count_delta_per_hour": 1.0833333333333333,
        "registered_count_delta_per_minute": 0.018055555555555554
      }
    }
  },
  "metadata": {
    "analysis": {
      "negative_turnout_registered_count_protocols": 1,
      "negative_turnout_registered_count": 2,
      "protocol_count": 1,
      "exceeded_papers_count": 0,
      "exceeded_papers_steal_winning": 0,
      "checksum_valid": 1
    },
    "voters": {
      "initially_registered_count": 2343,
      "registered_count": 2362,
      "walk_by_count": 810,
      "on_home_count": 6,
      "ahead_of_time_count": 0,
      "exceptional_count": 0,
      "added_count": 19
    },
    "papers": {
      "received_count": 2000,
      "destroyed_count": 1184,
      "stationary_box_count": 810,
      "portable_box_count": 6,
      "valid_count": 742,
      "invalid_count": 74,
      "lost_count": 0,
      "ignored_count": 0,
      "taken_home_count": 0
    }
  },
  "entries": [
    {
      "name": "Богачев Алексей Михайлович",
      "position": 1,
      "candidate_id": 176,
      "supported_by_party_id": 1,
      "supported_by_smart_vote": true,
      "official_result": {
        "votes_count": 289,
        "place": 1,
        "percentage": 35.41666666666667,
        "valid_percentage": 38.94878706199461,
        "registered_percentage": 12.235393734123624,
        "display_percentage": 35.42,
        "winner": true
      },
      "result_without_other_entry": {
        "177": {
          "percentage": 51.060070671378085,
          "valid_percentage": 58.739837398373986
        },
        "178": {
          "percentage": 38.37981407702523,
          "valid_percentage": 42.56259204712813
        },
        "179": {
          "percentage": 39.00134952766532,