{
  "commission_name": "УИК №469",
  "ballot_name": "Выборы депутатов Законодательного Собрания Санкт-Петербурга седьмого созыва",
  "name": "Результаты выборов по единому округу",
  "protocol_scope": {
    "type": "uik",
    "id": 469
  },
  "electoral_district": {
    "type": "city",
    "id": 0
  },
  "data_id": 27820001915220,
  "ballot_data_id": 4784004434020,
  "has_koib": false,
  "generated_date": 1632131171000,
  "official_result": {
    "winner": {
      "id": 5,
      "position": 2,
      "percentage": 39.35018050541516,
      "valid_percentage": 40.32059186189889,
      "registered_percentage": 13.43467543138866
    },
    "turnout": {
      "count": 843,
      "percentage": 34.63434675431389,
      "walk_by_count": 836,
      "walk_by_percentage": 34.346754313886606,
      "on_home_count": 7,
      "on_home_percentage": 0.2875924404272802,
      "ahead_of_time_count": 0,
      "ahead_of_time_percentage": 0,
      "valid_count": 811,
      "valid_percentage": 33.31963845521775,
      "invalid_count": 20,
      "invalid_percentage": 0.8216926869350863,
      "taken_home_count": 12,
      "taken_home_percentage": 0.4930156121610517,
      "lost_count": 0,
      "lost_percentage": 0
    },
    "votes_stats": {
      "winning_count": 327,
      "winning_percentage": 39.35018050541516,
      "effective_count": 811,
      "losing_count": 484,
      "losing_percentage": 58.24308062575211,
      "other_count": 20,
      "other_percentage": 2.406738868832732,
      "by_place": {
        "#1": {
          "count": 327,
          "percentage": 39.35018050541516
        },
        "#2": {
          "count": 148,
          "percentage": 17.809867629362213
        },
        "#3": {
          "count": 109,
          "percentage": 13.116726835138387
        },
        "#4": {
          "count": 98,
          "percentage": 11.793020457280386
        },
        "#5": {
          "count": 50,
          "percentage": 6.016847172081829
        },
        "#6": {
          "count": 47,
          "percentage": 5.6558363417569195
        },
        "#7": {
          "count": 21,
          "percentage": 2.527075812274368
        },
        "#8": {
          "count": 11,
          "percentage": 1.3237063778580023
        }
      }
    }
  },
  "turnout_protocols": {
    "17.09.2021": {
      "15.00": {
        "count": 137,
        "count_delta": 137,
        "count_delta_per_hour": 19.571428571428573,
        "count_delta_per_minute": 0.3261904761904762,
        "percentage": 5.63,
        "percentage_delta": 5.63,
        "percentage_delta_per_hour": 0.8042857142857143,
        "percentage_delta_per_minute": 0.013404761904761904,
        "registered_count": 2433,
        "registered_count_delta": 2433,
        "registered_count_delta_per_hour": 347.57142857142856,
        "registered_count_delta_per_minute": 5.792857142857143
      },
      "20.00": {
        "count": 235,
        "count_delta": 98,
        "count_delta_per_hour": 19.6,
        "count_delta_per_minute": 0.32666666666666666,
        "percentage": 9.65,
        "percentage_delta": 4.0200000000000005,
        "percentage_delta_per_hour": 0.804,
        "percentage_delta_per_minute": 0.013400000000000002,
        "registered_count": 2435,
        "registered_count_delta": 2,
        "registered_count_delta_per_hour": 0.4,
        "registered_count_delta_per_minute": 0.006666666666666667
      }
    },
    "18.09.2021": {
      "15.00": {
        "count": 385,
        "count_delta": 150,
        "count_delta_per_hour": 21.428571428571427,
        "count_delta_per_minute": 0.35714285714285715,
        "percentage": 15.82,
        "percentage_delta": 6.17,
        "percentage_delta_per_hour": 0.8814285714285715,
        "percentage_delta_per_minute": 0.01469047619047619,
        "registered_count": 2434,
        "registered_count_delta": -1,
        "registered_count_delta_per_hour": -0.14285714285714285,
        "registered_count_delta_per_minute": -0.002380952380952381
      },
      "20.00": {
        "count": 491,
        "count_delta": 106,
        "count_delta_per_hour": 21.2,
        "count_delta_per_minute": 0.35333333333333333,
        "percentage": 20.17,
        "percentage_delta": 4.350000000000001,
        "percentage_delta_per_hour": 0.8700000000000003,
        "percentage_delta_per_minute": 0.014500000000000004,
        "registered_count": 2434,
        "registered_count_delta": 0,
        "registered_count_delta_per_hour": 0,
        "registered_count_delta_per_minute": 0
      }
    },
    "19.09.2021": {
      "10.00": {
        "count": 502,
        "count_delta": 11,
        "count_delta_per_hour": 5.5,
        "count_delta_per_minute": 0.09166666666666666,
        "percentage": 20.62,
        "percentage_delta": 0.4499999999999993,
        "percentage_delta_per_hour": 0.22499999999999964,
        "percentage_delta_per_minute": 0.0037499999999999942
      },
      "12.00": {
        "count": 519,
        "count_delta": 17,
        "count_delta_per_hour": 8.5,
        "count_delta_per_minute": 0.14166666666666666,
        "percentage": 21.32,
        "percentage_delta": 0.6999999999999993,
        "percentage_delta_per_hour": 0.34999999999999964,
        "percentage_delta_per_minute": 0.0058333333333333275
      },
      "15.00": {
        "count": 635,
        "count_delta": 116,
        "count_delta_per_hour": 38.666666666666664,
        "count_delta_per_minute": 0.6444444444444445,
        "percentage": 26.09,
        "percentage_delta": 4.77,
        "percentage_delta_per_hour": 1.5899999999999999,
        "percentage_delta_per_minute": 0.0265
      },
      "18.00": {
        "count": 751,
        "count_delta": 116,
        "count_delta_per_hour": 38.666666666666664,
        "count_delta_per_minute": 0.6444444444444445,
        "percentage": 30.85,
        "percentage_delta": 4.760000000000002,
        "percentage_delta_per_hour": 1.5866666666666671,
        "percentage_delta_per_minute": 0.026444444444444454
      },
      "20.00": {
        "count": 843,
        "count_delta": 92,
        "count_delta_per_hour": 46,
        "count_delta_per_minute": 0.7666666666666667,
        "percentage": 34.63434675431389,
        "percentage_delta": 3.784346754313887,
        "percentage_delta_per_hour": 1.8921733771569436,
        "percentage_delta_per_minute": 0.031536222952615725,
        "registered_count": 2434,
        "registered_count_delta": 0,
        "registered_count_delta_per_hour": 0,
        "registered_count_delta_per_minute": 0
      }
    }
  },
  "metadata": {
    "analysis": {
      "negative_turnout_registered_count_protocols": 1,
      "negative_turnout_registered_count": 1,
      "protocol_count": 1,
      "exceeded_papers_count": 0,
      "exceeded_papers_steal_winning": 0,
      "exceeded_papers_provide_extra_places": 0,
      "multiple_winners": 0,
      "checksum_valid": 1,
      "stuffed_protocol_for_5": 1,
      "stuffed_votes_for_5": 149.5707656612529
    },
    "voters": {
      "initially_registered_count": 2434,
      "registered_count": 2434,
      "walk_by_count": 836,
      "on_home_count": 7,
      "ahead_of_time_count": 0,
      "exceptional_count": 0
    },
    "papers": {
      "received_count": 2500,
      "destroyed_count": 1657,
      "stationary_box_count": 824,
      "portable_box_count": 7,
      "valid_count": 811,
      "invalid_count": 20,
      "lost_count": 0,
      "ignored_count": 0,
      "taken_home_count": 12
    }
  },
  "entries": [
    {
      "name": "Всероссийская политическая партия \"ЕДИНАЯ РОССИЯ\"",
      "position": 2,
      "party_id": 5,
      "official_result": {
        "votes_count": 327,
        "place": 1,
        "percentage": 39.35018050541516,
        "valid_percentage": 40.32059186189889,
        "registered_percentage": 13.43467543138866,
        "display_percentage": 39.35,
        "winner": true
      },
      "result_without_other_entry": {
        "1": {
          "percentage": 47.87701317715959,