{
  "commission_name": "УИК №1064",
  "ballot_name": "Выборы депутатов Законодательного Собрания Санкт-Петербурга седьмого созыва",
  "name": "Результаты выборов по единому округу",
  "protocol_scope": {
    "type": "uik",
    "id": 1064
  },
  "electoral_district": {
    "type": "city",
    "id": 0
  },
  "data_id": 27820001915220,
  "ballot_data_id": 4784008595276,
  "has_koib": true,
  "generated_date": 1632112504000,
  "official_result": {
    "winner": {
      "id": 5,
      "position": 2,
      "percentage": 26.255380200860834,
      "valid_percentage": 26.87224669603524,
      "registered_percentage": 9.172932330827068
    },
    "turnout": {
      "count": 697,
      "percentage": 34.93734335839599,
      "walk_by_count": 683,
      "walk_by_percentage": 34.23558897243108,
      "on_home_count": 14,
      "on_home_percentage": 0.7017543859649122,
      "ahead_of_time_count": 0,
      "ahead_of_time_percentage": 0,
      "valid_count": 681,
      "valid_percentage": 34.13533834586466,
      "invalid_count": 16,
      "invalid_percentage": 0.8020050125313283,
      "taken_home_count": 0,
      "taken_home_percentage": 0,
      "lost_count": 0,
      "lost_percentage": 0
    },
    "votes_stats": {
      "winning_count": 183,
      "winning_percentage": 26.255380200860834,
      "effective_count": 681,
      "losing_count": 498,
      "losing_percentage": 71.44906743185079,
      "other_count": 16,
      "other_percentage": 2.295552367288379,
      "by_place": {
        "#1": {
          "count": 183,
          "percentage": 26.255380200860834
        },
        "#2": {
          "count": 122,
          "percentage": 17.50358680057389
        },
        "#3": {
          "count": 113,
          "percentage": 16.212338593974174
        },
        "#4": {
          "count": 93,
          "percentage": 13.3428981348637
        },
        "#5": {
          "count": 77,
          "percentage": 11.047345767575322
        },
        "#6": {
          "count": 46,
          "percentage": 6.599713055954089
        },
        "#7": {
          "count": 36,
          "percentage": 5.164992826398852
        },
        "#8": {
          "count": 11,
          "percentage": 1.5781922525107603
        }
      }
    }
  },
  "turnout_protocols": {
    "17.09.2021": {
      "15.00": {
        "count": 120,
        "count_delta": 120,
        "count_delta_per_hour": 17.142857142857142,
        "count_delta_per_minute": 0.2857142857142857,
        "percentage": 6.06,
        "percentage_delta": 6.06,
        "percentage_delta_per_hour": 0.8657142857142857,
        "percentage_delta_per_minute": 0.014428571428571428,
        "registered_count": 1980,
        "registered_count_delta": 1980,
        "registered_count_delta_per_hour": 282.85714285714283,
        "registered_count_delta_per_minute": 4.714285714285714
      },
      "20.00": {
        "count": 169,
        "count_delta": 49,
        "count_delta_per_hour": 9.8,
        "count_delta_per_minute": 0.16333333333333333,
        "percentage": 8.54,
        "percentage_delta": 2.4799999999999995,
        "percentage_delta_per_hour": 0.4959999999999999,
        "percentage_delta_per_minute": 0.008266666666666665,
        "registered_count": 1979,
        "registered_count_delta": -1,
        "registered_count_delta_per_hour": -0.2,
        "registered_count_delta_per_minute": -0.0033333333333333335
      }
    },
    "18.09.2021": {
      "15.00": {
        "count": 257,
        "count_delta": 88,
        "count_delta_per_hour": 12.571428571428571,
        "count_delta_per_minute": 0.20952380952380953,
        "percentage": 12.96,
        "percentage_delta": 4.420000000000002,
        "percentage_delta_per_hour": 0.6314285714285717,
        "percentage_delta_per_minute": 0.010523809523809527,
        "registered_count": 1983,
        "registered_count_delta": 4,
        "registered_count_delta_per_hour": 0.5714285714285714,
        "registered_count_delta_per_minute": 0.009523809523809525
      },
      "20.00": {
        "count": 328,
        "count_delta": 71,
        "count_delta_per_hour": 14.2,
        "count_delta_per_minute": 0.23666666666666666,
        "percentage": 16.54,
        "percentage_delta": 3.5799999999999983,
        "percentage_delta_per_hour": 0.7159999999999996,
        "percentage_delta_per_minute": 0.011933333333333327,
        "registered_count": 1983,
        "registered_count_delta": 0,
        "registered_count_delta_per_hour": 0,
        "registered_count_delta_per_minute": 0
      }
    },
    "19.09.2021": {
      "10.00": {
        "count": 336,
        "count_delta": 8,
        "count_delta_per_hour": 4,
        "count_delta_per_minute": 0.06666666666666667,
        "percentage": 16.84,
        "percentage_delta": 0.3000000000000007,
        "percentage_delta_per_hour": 0.15000000000000036,
        "percentage_delta_per_minute": 0.002500000000000006
      },
      "12.00": {
        "count": 367,
        "count_delta": 31,
        "count_delta_per_hour": 15.5,
        "count_delta_per_minute": 0.25833333333333336,
        "percentage": 18.4,
        "percentage_delta": 1.5599999999999987,
        "percentage_delta_per_hour": 0.7799999999999994,
        "percentage_delta_per_minute": 0.012999999999999989
      },
      "15.00": {
        "count": 481,
        "count_delta": 114,
        "count_delta_per_hour": 38,
        "count_delta_per_minute": 0.6333333333333333,
        "percentage": 24.13,
        "percentage_delta": 5.73,
        "percentage_delta_per_hour": 1.9100000000000001,
        "percentage_delta_per_minute": 0.03183333333333334
      },
      "18.00": {
        "count": 613,
        "count_delta": 132,
        "count_delta_per_hour": 44,
        "count_delta_per_minute": 0.7333333333333333,
        "percentage": 30.72,
        "percentage_delta": 6.59,
        "percentage_delta_per_hour": 2.1966666666666668,
        "percentage_delta_per_minute": 0.03661111111111111
      },
      "20.00": {
        "count": 697,
        "count_delta": 84,
        "count_delta_per_hour": 42,
        "count_delta_per_minute": 0.7,
        "percentage": 34.93734335839599,
        "percentage_delta": 4.217343358395993,
        "percentage_delta_per_hour": 2.1086716791979967,
        "percentage_delta_per_minute": 0.03514452798663328,
        "registered_count": 1995,
        "registered_count_delta": 12,
        "registered_count_delta_per_hour": 1,
        "registered_count_delta_per_minute": 0.016666666666666666
      }
    }
  },
  "metadata": {
    "analysis": {
      "negative_turnout_registered_count_protocols": 1,
      "negative_turnout_registered_count": 1,
      "protocol_count": 1,
      "exceeded_papers_count": 0,
      "exceeded_papers_steal_winning": 0,
      "exceeded_papers_provide_extra_places": 0,
      "multiple_winners": 0,
      "checksum_valid": 1,
      "stuffed_protocol_for_7": 1,
      "stuffed_votes_for_7": 53.31261101243339
    },
    "voters": {
      "initially_registered_count": 1980,
      "registered_count": 1995,
      "walk_by_count": 683,
      "on_home_count": 14,
      "ahead_of_time_count": 0,
      "exceptional_count": 0,
      "added_count": 15
    },
    "papers": {
      "received_count": 2000,
      "destroyed_count": 1303,
      "stationary_box_count": 683,
      "portable_box_count": 14,
      "valid_count": 681,
      "invalid_count": 16,
      "lost_count": 0,
      "ignored_count": 0,
      "taken_home_count": 0
    }
  },
  "entries": [
    {
      "name": "Всероссийская политическая партия \"ЕДИНАЯ РОССИЯ\"",
      "position": 2,
      "party_id": 5,
      "official_result": {
        "votes_count": 183,
        "place": 1,
        "percentage": 26.255380200860834,
        "valid_percentage": 26.87224669603524,
        "registered_percentage": 9.172932330827068,
        "display_percentage": 26.26,
        "winner": true
      },
      "result_without_other_entry": {
        "1": {
          "percentage": 31.82608695652174,