{
  "commission_name": "УИК №1803",
  "ballot_name": "Выборы депутатов Законодательного Собрания Санкт-Петербурга седьмого созыва",
  "name": "Результаты выборов по одномандатному (многомандатному) округу",
  "protocol_scope": {
    "type": "uik",
    "id": 1803
  },
  "electoral_district": {
    "type": "city",
    "id": 3
  },
  "data_id": 27820001915220,
  "ballot_data_id": 4784023294351,
  "has_koib": false,
  "generated_date": 1632131783000,
  "official_result": {
    "winner": {
      "id": 120,
      "position": 4,
      "percentage": 38.93805309734513,
      "valid_percentage": 39.14590747330961,
      "registered_percentage": 17.495029821073558
    },
    "turnout": {
      "count": 1230,
      "percentage": 48.9065606361829,
      "walk_by_count": 1224,
      "walk_by_percentage": 48.66799204771372,
      "on_home_count": 6,
      "on_home_percentage": 0.2385685884691849,
      "ahead_of_time_count": 0,
      "ahead_of_time_percentage": 0,
      "valid_count": 1124,
      "valid_percentage": 44.69184890656064,
      "invalid_count": 6,
      "invalid_percentage": 0.2385685884691849,
      "taken_home_count": 100,
      "taken_home_percentage": 3.9761431411530817,
      "lost_count": 0,
      "lost_percentage": 0
    },
    "votes_stats": {
      "winning_count": 440,
      "winning_percentage": 38.93805309734513,
      "effective_count": 1124,
      "losing_count": 684,
      "losing_percentage": 60.53097345132743,
      "other_count": 6,
      "other_percentage": 0.5309734513274336,
      "by_place": {
        "#1": {
          "count": 440,
          "percentage": 38.93805309734513
        },
        "#2": {
          "count": 351,
          "percentage": 31.061946902654867,
          "supported_by_smart_vote": true
        },
        "#3": {
          "count": 173,
          "percentage": 15.309734513274337
        },
        "#4": {
          "count": 85,
          "percentage": 7.52212389380531
        },
        "#5": {
          "count": 75,
          "percentage": 6.637168141592921
        }
      }
    }
  },
  "turnout_protocols": {
    "17.09.2021": {
      "15.00": {
        "count": 178,
        "count_delta": 178,
        "count_delta_per_hour": 25.428571428571427,
        "count_delta_per_minute": 0.4238095238095238,
        "percentage": 7.15,
        "percentage_delta": 7.15,
        "percentage_delta_per_hour": 1.0214285714285716,
        "percentage_delta_per_minute": 0.017023809523809524,
        "registered_count": 2490,
        "registered_count_delta": 2490,
        "registered_count_delta_per_hour": 355.7142857142857,
        "registered_count_delta_per_minute": 5.928571428571429
      },
      "20.00": {
        "count": 244,
        "count_delta": 66,
        "count_delta_per_hour": 13.2,
        "count_delta_per_minute": 0.22,
        "percentage": 9.8,
        "percentage_delta": 2.6500000000000004,
        "percentage_delta_per_hour": 0.53,
        "percentage_delta_per_minute": 0.008833333333333334,
        "registered_count": 2490,
        "registered_count_delta": 0,
        "registered_count_delta_per_hour": 0,
        "registered_count_delta_per_minute": 0
      }
    },
    "18.09.2021": {
      "15.00": {
        "count": 379,
        "count_delta": 135,
        "count_delta_per_hour": 19.285714285714285,
        "count_delta_per_minute": 0.32142857142857145,
        "percentage": 15.22,
        "percentage_delta": 5.42,
        "percentage_delta_per_hour": 0.7742857142857142,
        "percentage_delta_per_minute": 0.012904761904761905,
        "registered_count": 2490,
        "registered_count_delta": 0,
        "registered_count_delta_per_hour": 0,
        "registered_count_delta_per_minute": 0
      },
      "20.00": {
        "count": 446,
        "count_delta": 67,
        "count_delta_per_hour": 13.4,
        "count_delta_per_minute": 0.22333333333333333,
        "percentage": 17.91,
        "percentage_delta": 2.6899999999999995,
        "percentage_delta_per_hour": 0.5379999999999999,
        "percentage_delta_per_minute": 0.008966666666666664,
        "registered_count": 2490,
        "registered_count_delta": 0,
        "registered_count_delta_per_hour": 0,
        "registered_count_delta_per_minute": 0
      }
    },
    "19.09.2021": {
      "10.00": {
        "count": 465,
        "count_delta": 19,
        "count_delta_per_hour": 9.5,
        "count_delta_per_minute": 0.15833333333333333,
        "percentage": 18.47,
        "percentage_delta": 0.5599999999999987,
        "percentage_delta_per_hour": 0.27999999999999936,
        "percentage_delta_per_minute": 0.004666666666666656
      },
      "12.00": {
        "count": 537,
        "count_delta": 72,
        "count_delta_per_hour": 36,
        "count_delta_per_minute": 0.6,
        "percentage": 21.37,
        "percentage_delta": 2.900000000000002,
        "percentage_delta_per_hour": 1.450000000000001,
        "percentage_delta_per_minute": 0.024166666666666684
      },
      "15.00": {
        "count": 568,
        "count_delta": 31,
        "count_delta_per_hour": 10.333333333333334,
        "count_delta_per_minute": 0.17222222222222222,
        "percentage": 22.57,
        "percentage_delta": 1.1999999999999993,
        "percentage_delta_per_hour": 0.39999999999999974,
        "percentage_delta_per_minute": 0.006666666666666663
      },
      "18.00": {
        "count": 761,
        "count_delta": 193,
        "count_delta_per_hour": 64.33333333333333,
        "count_delta_per_minute": 1.0722222222222222,
        "percentage": 30.24,
        "percentage_delta": 7.669999999999998,
        "percentage_delta_per_hour": 2.556666666666666,
        "percentage_delta_per_minute": 0.0426111111111111
      },
      "20.00": {
        "count": 1230,
        "count_delta": 469,
        "count_delta_per_hour": 234.5,
        "count_delta_per_minute": 3.908333333333333,
        "percentage": 48.9065606361829,
        "percentage_delta": 18.666560636182904,
        "percentage_delta_per_hour": 9.333280318091452,
        "percentage_delta_per_minute": 0.15555467196819087,
        "registered_count": 2515,
        "registered_count_delta": 25,
        "registered_count_delta_per_hour": 2.0833333333333335,
        "registered_count_delta_per_minute": 0.034722222222222224
      }
    }
  },
  "metadata": {
    "analysis": {
      "protocol_count": 1,
      "exceeded_papers_count": 0,
      "exceeded_papers_steal_winning": 0,
      "checksum_valid": 1
    },
    "voters": {
      "initially_registered_count": 2490,
      "registered_count": 2515,
      "walk_by_count": 1224,
      "on_home_count": 6,
      "ahead_of_time_count": 0,
      "exceptional_count": 0,
      "added_count": 25
    },
    "papers": {
      "received_count": 2200,
      "destroyed_count": 970,
      "stationary_box_count": 1124,
      "portable_box_count": 6,
      "valid_count": 1124,
      "invalid_count": 6,
      "lost_count": 0,
      "ignored_count": 0,
      "taken_home_count": 100
    }
  },
  "entries": [
    {
      "name": "Лыбанева Марина Вячеславовна",
      "position": 4,
      "candidate_id": 120,
      "supported_by_people": true,
      "official_result": {
        "votes_count": 440,
        "place": 1,
        "percentage": 38.93805309734513,
        "valid_percentage": 39.14590747330961,
        "registered_percentage": 17.495029821073558,
        "display_percentage": 38.94,
        "winner": true
      },
      "result_without_other_entry": {
        "117": {
          "percentage": 56.482670089858786,
          "valid_percentage": 56.92108667529108
        },
        "118": {
          "percentage": 42.10526315789473,
          "valid_percentage": 42.34841193455245
        },
        "119": {
          "percentage": 45.97701149425287,
          "valid_percentage": 46.267087276551
        },
        "121": {
          "percentage": 41.70616113744076,