{
  "commission_name": "УИК №1266",
  "ballot_name": "Выборы депутатов Законодательного Собрания Санкт-Петербурга седьмого созыва",
  "name": "Результаты выборов по одномандатному (многомандатному) округу",
  "protocol_scope": {
    "type": "uik",
    "id": 1266
  },
  "electoral_district": {
    "type": "city",
    "id": 10
  },
  "data_id": 27820001915220,
  "ballot_data_id": 4784009283089,
  "has_koib": false,
  "generated_date": 1632115513000,
  "official_result": {
    "winner": {
      "id": 184,
      "position": 5,
      "percentage": 41.87725631768953,
      "valid_percentage": 43.77358490566038,
      "registered_percentage": 14.852752880921896
    },
    "turnout": {
      "count": 277,
      "percentage": 35.46734955185659,
      "walk_by_count": 251,
      "walk_by_percentage": 32.13828425096031,
      "on_home_count": 26,
      "on_home_percentage": 3.329065300896287,
      "ahead_of_time_count": 0,
      "ahead_of_time_percentage": 0,
      "valid_count": 265,
      "valid_percentage": 33.93085787451985,
      "invalid_count": 12,
      "invalid_percentage": 1.5364916773367476,
      "taken_home_count": 0,
      "taken_home_percentage": 0,
      "lost_count": 0,
      "lost_percentage": 0
    },
    "votes_stats": {
      "winning_count": 116,
      "winning_percentage": 41.87725631768953,
      "effective_count": 265,
      "losing_count": 149,
      "losing_percentage": 53.79061371841155,
      "other_count": 12,
      "other_percentage": 4.332129963898916,
      "by_place": {
        "#1": {
          "count": 116,
          "percentage": 41.87725631768953
        },
        "#2": {
          "count": 47,
          "percentage": 16.967509025270758
        },
        "#3": {
          "count": 40,
          "percentage": 14.440433212996389
        },
        "#4": {
          "count": 30,
          "percentage": 10.830324909747292,
          "supported_by_smart_vote": true
        },
        "#5": {
          "count": 19,
          "percentage": 6.859205776173286
        },
        "#6": {
          "count": 13,
          "percentage": 4.693140794223827
        }
      }
    }
  },
  "turnout_protocols": {
    "17.09.2021": {
      "15.00": {
        "count": 50,
        "count_delta": 50,
        "count_delta_per_hour": 7.142857142857143,
        "count_delta_per_minute": 0.11904761904761904,
        "percentage": 6.42,
        "percentage_delta": 6.42,
        "percentage_delta_per_hour": 0.9171428571428571,
        "percentage_delta_per_minute": 0.015285714285714286,
        "registered_count": 779,
        "registered_count_delta": 779,
        "registered_count_delta_per_hour": 111.28571428571429,
        "registered_count_delta_per_minute": 1.8547619047619048
      },
      "20.00": {
        "count": 66,
        "count_delta": 16,
        "count_delta_per_hour": 3.2,
        "count_delta_per_minute": 0.05333333333333334,
        "percentage": 8.47,
        "percentage_delta": 2.0500000000000007,
        "percentage_delta_per_hour": 0.41000000000000014,
        "percentage_delta_per_minute": 0.006833333333333335,
        "registered_count": 779,
        "registered_count_delta": 0,
        "registered_count_delta_per_hour": 0,
        "registered_count_delta_per_minute": 0
      }
    },
    "18.09.2021": {
      "15.00": {
        "count": 112,
        "count_delta": 46,
        "count_delta_per_hour": 6.571428571428571,
        "count_delta_per_minute": 0.10952380952380952,
        "percentage": 14.38,
        "percentage_delta": 5.91,
        "percentage_delta_per_hour": 0.8442857142857143,
        "percentage_delta_per_minute": 0.014071428571428572,
        "registered_count": 779,
        "registered_count_delta": 0,
        "registered_count_delta_per_hour": 0,
        "registered_count_delta_per_minute": 0
      },
      "20.00": {
        "count": 135,
        "count_delta": 23,
        "count_delta_per_hour": 4.6,
        "count_delta_per_minute": 0.07666666666666666,
        "percentage": 17.33,
        "percentage_delta": 2.9499999999999975,
        "percentage_delta_per_hour": 0.5899999999999995,
        "percentage_delta_per_minute": 0.009833333333333326,
        "registered_count": 779,
        "registered_count_delta": 0,
        "registered_count_delta_per_hour": 0,
        "registered_count_delta_per_minute": 0
      }
    },
    "19.09.2021": {
      "10.00": {
        "count": 146,
        "count_delta": 11,
        "count_delta_per_hour": 5.5,
        "count_delta_per_minute": 0.09166666666666666,
        "percentage": 18.72,
        "percentage_delta": 1.3900000000000006,
        "percentage_delta_per_hour": 0.6950000000000003,
        "percentage_delta_per_minute": 0.011583333333333338
      },
      "12.00": {
        "count": 178,
        "count_delta": 32,
        "count_delta_per_hour": 16,
        "count_delta_per_minute": 0.26666666666666666,
        "percentage": 22.82,
        "percentage_delta": 4.100000000000001,
        "percentage_delta_per_hour": 2.0500000000000007,
        "percentage_delta_per_minute": 0.03416666666666668
      },
      "15.00": {
        "count": 220,
        "count_delta": 42,
        "count_delta_per_hour": 14,
        "count_delta_per_minute": 0.23333333333333334,
        "percentage": 28.17,
        "percentage_delta": 5.350000000000001,
        "percentage_delta_per_hour": 1.7833333333333339,
        "percentage_delta_per_minute": 0.02972222222222223
      },
      "18.00": {
        "count": 239,
        "count_delta": 19,
        "count_delta_per_hour": 6.333333333333333,
        "count_delta_per_minute": 0.10555555555555556,
        "percentage": 30.6,
        "percentage_delta": 2.4299999999999997,
        "percentage_delta_per_hour": 0.8099999999999999,
        "percentage_delta_per_minute": 0.013499999999999998
      },
      "20.00": {
        "count": 277,
        "count_delta": 38,
        "count_delta_per_hour": 19,
        "count_delta_per_minute": 0.31666666666666665,
        "percentage": 35.46734955185659,
        "percentage_delta": 4.8673495518565915,
        "percentage_delta_per_hour": 2.4336747759282957,
        "percentage_delta_per_minute": 0.0405612462654716,
        "registered_count": 781,
        "registered_count_delta": 2,
        "registered_count_delta_per_hour": 0.16666666666666666,
        "registered_count_delta_per_minute": 0.002777777777777778
      }
    }
  },
  "metadata": {
    "analysis": {
      "protocol_count": 1,
      "exceeded_papers_count": 0,
      "exceeded_papers_steal_winning": 0,
      "checksum_valid": 1
    },
    "voters": {
      "initially_registered_count": 779,
      "registered_count": 781,
      "walk_by_count": 251,
      "on_home_count": 26,
      "ahead_of_time_count": 0,
      "exceptional_count": 0,
      "added_count": 2
    },
    "papers": {
      "received_count": 600,
      "destroyed_count": 323,
      "stationary_box_count": 251,
      "portable_box_count": 26,
      "valid_count": 265,
      "invalid_count": 12,
      "lost_count": 0,
      "ignored_count": 0,
      "taken_home_count": 0
    }
  },
  "entries": [
    {
      "name": "Ходосок Александр Владимирович",
      "position": 5,
      "candidate_id": 184,
      "supported_by_party_id": 5,
      "official_result": {
        "votes_count": 116,
        "place": 1,
        "percentage": 41.87725631768953,
        "valid_percentage": 43.77358490566038,
        "registered_percentage": 14.852752880921896,
        "display_percentage": 41.88,
        "winner": true
      },
      "result_without_other_entry": {
        "107": {
          "percentage": 44.96124031007752,
          "valid_percentage": 47.15447154471545
        },
        "116": {
          "percentage": 48.9451476793249,
          "valid_percentage": 51.55555555555556
        },
        "181": {
          "percentage": 50.43478260869565,
          "valid_percentage": 53.21100917431193
        },
        "182": {
          "percentage": 43.93939393939394,