{
  "commission_name": "УИК №1505",
  "ballot_name": "Выборы депутатов Законодательного Собрания Санкт-Петербурга седьмого созыва",
  "name": "Результаты выборов по одномандатному (многомандатному) округу",
  "protocol_scope": {
    "type": "uik",
    "id": 1505
  },
  "electoral_district": {
    "type": "city",
    "id": 9
  },
  "data_id": 27820001915220,
  "ballot_data_id": 478404981915,
  "has_koib": false,
  "generated_date": 1632114927000,
  "official_result": {
    "winner": {
      "id": 71,
      "position": 1,
      "percentage": 56.25899280575539,
      "valid_percentage": 58.70870870870871,
      "registered_percentage": 16.766723842195542
    },
    "turnout": {
      "count": 699,
      "percentage": 29.97427101200686,
      "walk_by_count": 676,
      "walk_by_percentage": 28.987993138936535,
      "on_home_count": 23,
      "on_home_percentage": 0.9862778730703259,
      "ahead_of_time_count": 0,
      "ahead_of_time_percentage": 0,
      "valid_count": 666,
      "valid_percentage": 28.55917667238422,
      "invalid_count": 29,
      "invalid_percentage": 1.2435677530017153,
      "taken_home_count": 4,
      "taken_home_percentage": 0.17152658662092624,
      "lost_count": 0,
      "lost_percentage": 0
    },
    "votes_stats": {
      "winning_count": 391,
      "winning_percentage": 56.25899280575539,
      "effective_count": 666,
      "losing_count": 275,
      "losing_percentage": 39.568345323741006,
      "other_count": 29,
      "other_percentage": 4.172661870503598,
      "by_place": {
        "#1": {
          "count": 391,
          "percentage": 56.25899280575539
        },
        "#2": {
          "count": 116,
          "percentage": 16.69064748201439,
          "supported_by_smart_vote": true
        },
        "#3": {
          "count": 87,
          "percentage": 12.51798561151079
        },
        "#4": {
          "count": 44,
          "percentage": 6.330935251798561
        },
        "#5": {
          "count": 20,
          "percentage": 2.877697841726619
        },
        "#6": {
          "count": 8,
          "percentage": 1.1510791366906474
        }
      }
    }
  },
  "turnout_protocols": {
    "17.09.2021": {
      "15.00": {
        "count": 152,
        "count_delta": 152,
        "count_delta_per_hour": 21.714285714285715,
        "count_delta_per_minute": 0.3619047619047619,
        "percentage": 6.57,
        "percentage_delta": 6.57,
        "percentage_delta_per_hour": 0.9385714285714286,
        "percentage_delta_per_minute": 0.015642857142857142,
        "registered_count": 2314,
        "registered_count_delta": 2314,
        "registered_count_delta_per_hour": 330.57142857142856,
        "registered_count_delta_per_minute": 5.5095238095238095
      },
      "20.00": {
        "count": 239,
        "count_delta": 87,
        "count_delta_per_hour": 17.4,
        "count_delta_per_minute": 0.29,
        "percentage": 10.32,
        "percentage_delta": 3.75,
        "percentage_delta_per_hour": 0.75,
        "percentage_delta_per_minute": 0.0125,
        "registered_count": 2316,
        "registered_count_delta": 2,
        "registered_count_delta_per_hour": 0.4,
        "registered_count_delta_per_minute": 0.006666666666666667
      }
    },
    "18.09.2021": {
      "15.00": {
        "count": 304,
        "count_delta": 65,
        "count_delta_per_hour": 9.285714285714286,
        "count_delta_per_minute": 0.15476190476190477,
        "percentage": 13.11,
        "percentage_delta": 2.789999999999999,
        "percentage_delta_per_hour": 0.39857142857142847,
        "percentage_delta_per_minute": 0.0066428571428571405,
        "registered_count": 2319,
        "registered_count_delta": 3,
        "registered_count_delta_per_hour": 0.42857142857142855,
        "registered_count_delta_per_minute": 0.007142857142857143
      },
      "20.00": {
        "count": 383,
        "count_delta": 79,
        "count_delta_per_hour": 15.8,
        "count_delta_per_minute": 0.2633333333333333,
        "percentage": 16.51,
        "percentage_delta": 3.400000000000002,
        "percentage_delta_per_hour": 0.6800000000000004,
        "percentage_delta_per_minute": 0.011333333333333341,
        "registered_count": 2320,
        "registered_count_delta": 1,
        "registered_count_delta_per_hour": 0.2,
        "registered_count_delta_per_minute": 0.0033333333333333335
      }
    },
    "19.09.2021": {
      "10.00": {
        "count": 396,
        "count_delta": 13,
        "count_delta_per_hour": 6.5,
        "count_delta_per_minute": 0.10833333333333334,
        "percentage": 16.98,
        "percentage_delta": 0.46999999999999886,
        "percentage_delta_per_hour": 0.23499999999999943,
        "percentage_delta_per_minute": 0.003916666666666657
      },
      "12.00": {
        "count": 457,
        "count_delta": 61,
        "count_delta_per_hour": 30.5,
        "count_delta_per_minute": 0.5083333333333333,
        "percentage": 19.6,
        "percentage_delta": 2.620000000000001,
        "percentage_delta_per_hour": 1.3100000000000005,
        "percentage_delta_per_minute": 0.02183333333333334
      },
      "15.00": {
        "count": 558,
        "count_delta": 101,
        "count_delta_per_hour": 33.666666666666664,
        "count_delta_per_minute": 0.5611111111111111,
        "percentage": 23.92,
        "percentage_delta": 4.32,
        "percentage_delta_per_hour": 1.4400000000000002,
        "percentage_delta_per_minute": 0.024
      },
      "18.00": {
        "count": 643,
        "count_delta": 85,
        "count_delta_per_hour": 28.333333333333332,
        "count_delta_per_minute": 0.4722222222222222,
        "percentage": 27.58,
        "percentage_delta": 3.6599999999999966,
        "percentage_delta_per_hour": 1.2199999999999989,
        "percentage_delta_per_minute": 0.020333333333333314
      },
      "20.00": {
        "count": 699,
        "count_delta": 56,
        "count_delta_per_hour": 28,
        "count_delta_per_minute": 0.4666666666666667,
        "percentage": 29.97427101200686,
        "percentage_delta": 2.394271012006861,
        "percentage_delta_per_hour": 1.1971355060034305,
        "percentage_delta_per_minute": 0.019952258433390508,
        "registered_count": 2332,
        "registered_count_delta": 12,
        "registered_count_delta_per_hour": 1,
        "registered_count_delta_per_minute": 0.016666666666666666
      }
    }
  },
  "metadata": {
    "analysis": {
      "protocol_count": 1,
      "exceeded_papers_count": 0,
      "exceeded_papers_steal_winning": 0,
      "checksum_valid": 1
    },
    "voters": {
      "initially_registered_count": 2305,
      "registered_count": 2332,
      "walk_by_count": 676,
      "on_home_count": 23,
      "ahead_of_time_count": 0,
      "exceptional_count": 0,
      "added_count": 27
    },
    "papers": {
      "received_count": 2000,
      "destroyed_count": 1301,
      "stationary_box_count": 672,
      "portable_box_count": 23,
      "valid_count": 666,
      "invalid_count": 29,
      "lost_count": 0,
      "ignored_count": 0,
      "taken_home_count": 4
    }
  },
  "entries": [
    {
      "name": "Высоцкий Игорь Владимирович",
      "position": 1,
      "candidate_id": 71,
      "supported_by_party_id": 5,
      "official_result": {
        "votes_count": 391,
        "place": 1,
        "percentage": 56.25899280575539,
        "valid_percentage": 58.70870870870871,
        "registered_percentage": 16.766723842195542,
        "display_percentage": 56.26,
        "winner": true
      },
      "result_without_other_entry": {
        "65": {
          "percentage": 67.53022452504318,
          "valid_percentage": 71.0909090909091
        },
        "67": {
          "percentage": 57.925925925925924,
          "valid_percentage": 60.526315789473685
        },
        "72": {
          "percentage": 56.91411935953421,
          "valid_percentage": 59.42249240121581
        },