{
  "commission_name": "УИК №1988",
  "ballot_name": "Выборы депутатов Законодательного Собрания Санкт-Петербурга седьмого созыва",
  "name": "Результаты выборов по одномандатному (многомандатному) округу",
  "protocol_scope": {
    "type": "uik",
    "id": 1988
  },
  "electoral_district": {
    "type": "city",
    "id": 24
  },
  "data_id": 27820001915220,
  "ballot_data_id": 4784015408854,
  "has_koib": false,
  "generated_date": 1632126266000,
  "official_result": {
    "winner": {
      "id": 202,
      "position": 1,
      "percentage": 22.026431718061673,
      "valid_percentage": 22.865853658536587,
      "registered_percentage": 9.469696969696969
    },
    "turnout": {
      "count": 685,
      "percentage": 43.244949494949495,
      "walk_by_count": 665,
      "walk_by_percentage": 41.98232323232323,
      "on_home_count": 20,
      "on_home_percentage": 1.2626262626262625,
      "ahead_of_time_count": 0,
      "ahead_of_time_percentage": 0,
      "valid_count": 656,
      "valid_percentage": 41.41414141414141,
      "invalid_count": 25,
      "invalid_percentage": 1.5782828282828283,
      "taken_home_count": 4,
      "taken_home_percentage": 0.25252525252525254,
      "lost_count": 0,
      "lost_percentage": 0
    },
    "votes_stats": {
      "winning_count": 150,
      "winning_percentage": 22.026431718061673,
      "effective_count": 656,
      "losing_count": 506,
      "losing_percentage": 74.30249632892804,
      "other_count": 25,
      "other_percentage": 3.671071953010279,
      "by_place": {
        "#1": {
          "count": 150,
          "percentage": 22.026431718061673
        },
        "#2": {
          "count": 142,
          "percentage": 20.851688693098385
        },
        "#3": {
          "count": 126,
          "percentage": 18.502202643171806,
          "supported_by_smart_vote": true
        },
        "#4": {
          "count": 119,
          "percentage": 17.474302496328928
        },
        "#5": {
          "count": 50,
          "percentage": 7.342143906020558
        },
        "#6": {
          "count": 40,
          "percentage": 5.873715124816446
        },
        "#7": {
          "count": 29,
          "percentage": 4.258443465491924
        }
      }
    }
  },
  "turnout_protocols": {
    "17.09.2021": {
      "15.00": {
        "count": 204,
        "count_delta": 204,
        "count_delta_per_hour": 29.142857142857142,
        "count_delta_per_minute": 0.4857142857142857,
        "percentage": 13.31,
        "percentage_delta": 13.31,
        "percentage_delta_per_hour": 1.9014285714285715,
        "percentage_delta_per_minute": 0.03169047619047619,
        "registered_count": 1533,
        "registered_count_delta": 1533,
        "registered_count_delta_per_hour": 219,
        "registered_count_delta_per_minute": 3.65
      },
      "20.00": {
        "count": 294,
        "count_delta": 90,
        "count_delta_per_hour": 18,
        "count_delta_per_minute": 0.3,
        "percentage": 19.18,
        "percentage_delta": 5.869999999999999,
        "percentage_delta_per_hour": 1.174,
        "percentage_delta_per_minute": 0.019566666666666663,
        "registered_count": 1533,
        "registered_count_delta": 0,
        "registered_count_delta_per_hour": 0,
        "registered_count_delta_per_minute": 0
      }
    },
    "18.09.2021": {
      "15.00": {
        "count": 352,
        "count_delta": 58,
        "count_delta_per_hour": 8.285714285714286,
        "count_delta_per_minute": 0.1380952380952381,
        "percentage": 22.96,
        "percentage_delta": 3.780000000000001,
        "percentage_delta_per_hour": 0.5400000000000001,
        "percentage_delta_per_minute": 0.009000000000000003,
        "registered_count": 1533,
        "registered_count_delta": 0,
        "registered_count_delta_per_hour": 0,
        "registered_count_delta_per_minute": 0
      },
      "20.00": {
        "count": 411,
        "count_delta": 59,
        "count_delta_per_hour": 11.8,
        "count_delta_per_minute": 0.19666666666666666,
        "percentage": 26.81,
        "percentage_delta": 3.849999999999998,
        "percentage_delta_per_hour": 0.7699999999999996,
        "percentage_delta_per_minute": 0.012833333333333327,
        "registered_count": 1533,
        "registered_count_delta": 0,
        "registered_count_delta_per_hour": 0,
        "registered_count_delta_per_minute": 0
      }
    },
    "19.09.2021": {
      "10.00": {
        "count": 460,
        "count_delta": 49,
        "count_delta_per_hour": 24.5,
        "count_delta_per_minute": 0.4083333333333333,
        "percentage": 29.03,
        "percentage_delta": 2.2200000000000024,
        "percentage_delta_per_hour": 1.1100000000000012,
        "percentage_delta_per_minute": 0.01850000000000002
      },
      "12.00": {
        "count": 474,
        "count_delta": 14,
        "count_delta_per_hour": 7,
        "count_delta_per_minute": 0.11666666666666667,
        "percentage": 29.94,
        "percentage_delta": 0.9100000000000001,
        "percentage_delta_per_hour": 0.45500000000000007,
        "percentage_delta_per_minute": 0.007583333333333334
      },
      "15.00": {
        "count": 545,
        "count_delta": 71,
        "count_delta_per_hour": 23.666666666666668,
        "count_delta_per_minute": 0.39444444444444443,
        "percentage": 34.38,
        "percentage_delta": 4.440000000000001,
        "percentage_delta_per_hour": 1.4800000000000004,
        "percentage_delta_per_minute": 0.024666666666666674
      },
      "18.00": {
        "count": 618,
        "count_delta": 73,
        "count_delta_per_hour": 24.333333333333332,
        "count_delta_per_minute": 0.40555555555555556,
        "percentage": 39.01,
        "percentage_delta": 4.6299999999999955,
        "percentage_delta_per_hour": 1.543333333333332,
        "percentage_delta_per_minute": 0.0257222222222222
      },
      "20.00": {
        "count": 685,
        "count_delta": 67,
        "count_delta_per_hour": 33.5,
        "count_delta_per_minute": 0.5583333333333333,
        "percentage": 43.244949494949495,
        "percentage_delta": 4.234949494949497,
        "percentage_delta_per_hour": 2.1174747474747484,
        "percentage_delta_per_minute": 0.035291245791245804,
        "registered_count": 1584,
        "registered_count_delta": 51,
        "registered_count_delta_per_hour": 4.25,
        "registered_count_delta_per_minute": 0.07083333333333333
      }
    }
  },
  "metadata": {
    "analysis": {
      "protocol_count": 1,
      "exceeded_papers_count": 0,
      "exceeded_papers_steal_winning": 0,
      "checksum_valid": 1
    },
    "voters": {
      "initially_registered_count": 1533,
      "registered_count": 1584,
      "walk_by_count": 665,
      "on_home_count": 20,
      "ahead_of_time_count": 0,
      "exceptional_count": 0,
      "added_count": 51
    },
    "papers": {
      "received_count": 1200,
      "destroyed_count": 515,
      "stationary_box_count": 661,
      "portable_box_count": 20,
      "valid_count": 656,
      "invalid_count": 25,
      "lost_count": 0,
      "ignored_count": 0,
      "taken_home_count": 4
    }
  },
  "entries": [
    {
      "name": "Бочков Юрий Павлович",
      "position": 1,
      "candidate_id": 202,
      "supported_by_party_id": 5,
      "official_result": {
        "votes_count": 150,
        "place": 1,
        "percentage": 22.026431718061673,
        "valid_percentage": 22.865853658536587,
        "registered_percentage": 9.469696969696969,
        "display_percentage": 22.03,
        "winner": true
      },
      "result_without_other_entry": {
        "27": {
          "percentage": 26.690391459074732,
          "valid_percentage": 27.932960893854748
        },
        "203": {
          "percentage": 27.027027027027028,
          "valid_percentage": 28.30188679245283
        },
        "204": {
          "percentage": 23.400936037441497,
          "valid_percentage": 24.350649350649352
        },