{
  "commission_name": "УИК №1872",
  "ballot_name": "Выборы депутатов Законодательного Собрания Санкт-Петербурга седьмого созыва",
  "name": "Результаты выборов по единому округу",
  "protocol_scope": {
    "type": "uik",
    "id": 1872
  },
  "electoral_district": {
    "type": "city",
    "id": 0
  },
  "data_id": 27820001915220,
  "ballot_data_id": 4784028395269,
  "has_koib": false,
  "generated_date": 1632123658000,
  "official_result": {
    "winner": {
      "id": 5,
      "position": 2,
      "percentage": 30.74670571010249,
      "valid_percentage": 31.25,
      "registered_percentage": 9.85452839042703
    },
    "turnout": {
      "count": 683,
      "percentage": 32.05068043172219,
      "walk_by_count": 670,
      "walk_by_percentage": 31.44063819802909,
      "on_home_count": 13,
      "on_home_percentage": 0.6100422336931018,
      "ahead_of_time_count": 0,
      "ahead_of_time_percentage": 0,
      "valid_count": 672,
      "valid_percentage": 31.53449084936649,
      "invalid_count": 11,
      "invalid_percentage": 0.5161895823557016,
      "taken_home_count": 0,
      "taken_home_percentage": 0,
      "lost_count": 0,
      "lost_percentage": 0
    },
    "votes_stats": {
      "winning_count": 210,
      "winning_percentage": 30.74670571010249,
      "effective_count": 672,
      "losing_count": 462,
      "losing_percentage": 67.64275256222547,
      "other_count": 11,
      "other_percentage": 1.610541727672035,
      "by_place": {
        "#1": {
          "count": 210,
          "percentage": 30.74670571010249
        },
        "#2": {
          "count": 143,
          "percentage": 20.937042459736457
        },
        "#3": {
          "count": 119,
          "percentage": 17.423133235724745
        },
        "#4": {
          "count": 60,
          "percentage": 8.784773060029282
        },
        "#5": {
          "count": 52,
          "percentage": 7.613469985358712
        },
        "#6": {
          "count": 39,
          "percentage": 5.710102489019034
        },
        "#7": {
          "count": 33,
          "percentage": 4.831625183016105
        },
        "#8": {
          "count": 16,
          "percentage": 2.342606149341142
        }
      }
    }
  },
  "turnout_protocols": {
    "17.09.2021": {
      "15.00": {
        "count": 152,
        "count_delta": 152,
        "count_delta_per_hour": 21.714285714285715,
        "count_delta_per_minute": 0.3619047619047619,
        "percentage": 7.17,
        "percentage_delta": 7.17,
        "percentage_delta_per_hour": 1.0242857142857142,
        "percentage_delta_per_minute": 0.01707142857142857,
        "registered_count": 2120,
        "registered_count_delta": 2120,
        "registered_count_delta_per_hour": 302.85714285714283,
        "registered_count_delta_per_minute": 5.0476190476190474
      },
      "20.00": {
        "count": 230,
        "count_delta": 78,
        "count_delta_per_hour": 15.6,
        "count_delta_per_minute": 0.26,
        "percentage": 10.84,
        "percentage_delta": 3.67,
        "percentage_delta_per_hour": 0.734,
        "percentage_delta_per_minute": 0.012233333333333334,
        "registered_count": 2122,
        "registered_count_delta": 2,
        "registered_count_delta_per_hour": 0.4,
        "registered_count_delta_per_minute": 0.006666666666666667
      }
    },
    "18.09.2021": {
      "15.00": {
        "count": 293,
        "count_delta": 63,
        "count_delta_per_hour": 9,
        "count_delta_per_minute": 0.15,
        "percentage": 13.81,
        "percentage_delta": 2.9700000000000006,
        "percentage_delta_per_hour": 0.4242857142857144,
        "percentage_delta_per_minute": 0.007071428571428573,
        "registered_count": 2122,
        "registered_count_delta": 0,
        "registered_count_delta_per_hour": 0,
        "registered_count_delta_per_minute": 0
      },
      "20.00": {
        "count": 352,
        "count_delta": 59,
        "count_delta_per_hour": 11.8,
        "count_delta_per_minute": 0.19666666666666666,
        "percentage": 16.6,
        "percentage_delta": 2.790000000000001,
        "percentage_delta_per_hour": 0.5580000000000002,
        "percentage_delta_per_minute": 0.009300000000000003,
        "registered_count": 2120,
        "registered_count_delta": -2,
        "registered_count_delta_per_hour": -0.4,
        "registered_count_delta_per_minute": -0.006666666666666667
      }
    },
    "19.09.2021": {
      "10.00": {
        "count": 373,
        "count_delta": 21,
        "count_delta_per_hour": 10.5,
        "count_delta_per_minute": 0.175,
        "percentage": 17.49,
        "percentage_delta": 0.889999999999997,
        "percentage_delta_per_hour": 0.4449999999999985,
        "percentage_delta_per_minute": 0.007416666666666642
      },
      "12.00": {
        "count": 408,
        "count_delta": 35,
        "count_delta_per_hour": 17.5,
        "count_delta_per_minute": 0.2916666666666667,
        "percentage": 19.14,
        "percentage_delta": 1.6500000000000021,
        "percentage_delta_per_hour": 0.8250000000000011,
        "percentage_delta_per_minute": 0.013750000000000017
      },
      "15.00": {
        "count": 510,
        "count_delta": 102,
        "count_delta_per_hour": 34,
        "count_delta_per_minute": 0.5666666666666667,
        "percentage": 23.95,
        "percentage_delta": 4.809999999999999,
        "percentage_delta_per_hour": 1.6033333333333328,
        "percentage_delta_per_minute": 0.026722222222222217
      },
      "18.00": {
        "count": 601,
        "count_delta": 91,
        "count_delta_per_hour": 30.333333333333332,
        "count_delta_per_minute": 0.5055555555555555,
        "percentage": 28.19,
        "percentage_delta": 4.240000000000002,
        "percentage_delta_per_hour": 1.413333333333334,
        "percentage_delta_per_minute": 0.023555555555555566
      },
      "20.00": {
        "count": 683,
        "count_delta": 82,
        "count_delta_per_hour": 41,
        "count_delta_per_minute": 0.6833333333333333,
        "percentage": 32.05068043172219,
        "percentage_delta": 3.8606804317221908,
        "percentage_delta_per_hour": 1.9303402158610954,
        "percentage_delta_per_minute": 0.03217233693101826,
        "registered_count": 2131,
        "registered_count_delta": 11,
        "registered_count_delta_per_hour": 0.9166666666666666,
        "registered_count_delta_per_minute": 0.015277777777777777
      }
    }
  },
  "metadata": {
    "analysis": {
      "negative_turnout_registered_count_protocols": 1,
      "negative_turnout_registered_count": 2,
      "protocol_count": 1,
      "exceeded_papers_count": 0,
      "exceeded_papers_steal_winning": 0,
      "exceeded_papers_provide_extra_places": 0,
      "multiple_winners": 0,
      "checksum_valid": 1
    },
    "voters": {
      "initially_registered_count": 2121,
      "registered_count": 2131,
      "walk_by_count": 670,
      "on_home_count": 13,
      "ahead_of_time_count": 0,
      "exceptional_count": 0,
      "added_count": 10
    },
    "papers": {
      "received_count": 2000,
      "destroyed_count": 1317,
      "stationary_box_count": 670,
      "portable_box_count": 13,
      "valid_count": 672,
      "invalid_count": 11,
      "lost_count": 0,
      "ignored_count": 0,
      "taken_home_count": 0
    }
  },
  "entries": [
    {
      "name": "Всероссийская политическая партия \"ЕДИНАЯ РОССИЯ\"",
      "position": 2,
      "party_id": 5,
      "official_result": {
        "votes_count": 210,
        "place": 1,
        "percentage": 30.74670571010249,
        "valid_percentage": 31.25,
        "registered_percentage": 9.85452839042703,
        "display_percentage": 30.75,
        "winner": true
      },
      "result_without_other_entry": {
        "1": {
          "percentage": 37.234042553191486,
          "valid_percentage": 37.9746835443038
        },
        "3": {
          "percentage": 32.608695652173914,