{
  "commission_name": "УИК №1233",
  "ballot_name": "Выборы депутатов Законодательного Собрания Санкт-Петербурга седьмого созыва",
  "name": "Результаты выборов по одномандатному (многомандатному) округу",
  "protocol_scope": {
    "type": "uik",
    "id": 1233
  },
  "electoral_district": {
    "type": "city",
    "id": 10
  },
  "data_id": 27820001915220,
  "ballot_data_id": 4784021202431,
  "has_koib": true,
  "generated_date": 1632122564000,
  "official_result": {
    "winner": {
      "id": 184,
      "position": 5,
      "percentage": 35.53113553113553,
      "valid_percentage": 37.5,
      "registered_percentage": 23.35473515248796
    },
    "turnout": {
      "count": 1638,
      "percentage": 65.73033707865169,
      "walk_by_count": 1628,
      "walk_by_percentage": 65.32905296950241,
      "on_home_count": 10,
      "on_home_percentage": 0.40128410914927765,
      "ahead_of_time_count": 0,
      "ahead_of_time_percentage": 0,
      "valid_count": 1552,
      "valid_percentage": 62.2792937399679,
      "invalid_count": 86,
      "invalid_percentage": 3.451043338683788,
      "taken_home_count": 0,
      "taken_home_percentage": 0,
      "lost_count": 0,
      "lost_percentage": 0
    },
    "votes_stats": {
      "winning_count": 582,
      "winning_percentage": 35.53113553113553,
      "effective_count": 1552,
      "losing_count": 970,
      "losing_percentage": 59.21855921855922,
      "other_count": 86,
      "other_percentage": 5.25030525030525,
      "by_place": {
        "#1": {
          "count": 582,
          "percentage": 35.53113553113553
        },
        "#2": {
          "count": 293,
          "percentage": 17.887667887667888
        },
        "#3": {
          "count": 255,
          "percentage": 15.567765567765568
        },
        "#4": {
          "count": 173,
          "percentage": 10.561660561660561,
          "supported_by_smart_vote": true
        },
        "#5": {
          "count": 137,
          "percentage": 8.363858363858363
        },
        "#6": {
          "count": 112,
          "percentage": 6.837606837606838
        }
      }
    }
  },
  "turnout_protocols": {
    "17.09.2021": {
      "15.00": {
        "count": 554,
        "count_delta": 554,
        "count_delta_per_hour": 79.14285714285714,
        "count_delta_per_minute": 1.319047619047619,
        "percentage": 22.23,
        "percentage_delta": 22.23,
        "percentage_delta_per_hour": 3.1757142857142857,
        "percentage_delta_per_minute": 0.05292857142857143,
        "registered_count": 2492,
        "registered_count_delta": 2492,
        "registered_count_delta_per_hour": 356,
        "registered_count_delta_per_minute": 5.933333333333334
      },
      "20.00": {
        "count": 1096,
        "count_delta": 542,
        "count_delta_per_hour": 108.4,
        "count_delta_per_minute": 1.8066666666666666,
        "percentage": 43.98,
        "percentage_delta": 21.749999999999996,
        "percentage_delta_per_hour": 4.35,
        "percentage_delta_per_minute": 0.0725,
        "registered_count": 2492,
        "registered_count_delta": 0,
        "registered_count_delta_per_hour": 0,
        "registered_count_delta_per_minute": 0
      }
    },
    "18.09.2021": {
      "15.00": {
        "count": 1243,
        "count_delta": 147,
        "count_delta_per_hour": 21,
        "count_delta_per_minute": 0.35,
        "percentage": 49.88,
        "percentage_delta": 5.900000000000006,
        "percentage_delta_per_hour": 0.8428571428571436,
        "percentage_delta_per_minute": 0.01404761904761906,
        "registered_count": 2492,
        "registered_count_delta": 0,
        "registered_count_delta_per_hour": 0,
        "registered_count_delta_per_minute": 0
      },
      "20.00": {
        "count": 1340,
        "count_delta": 97,
        "count_delta_per_hour": 19.4,
        "count_delta_per_minute": 0.3233333333333333,
        "percentage": 53.77,
        "percentage_delta": 3.8900000000000006,
        "percentage_delta_per_hour": 0.7780000000000001,
        "percentage_delta_per_minute": 0.012966666666666668,
        "registered_count": 2492,
        "registered_count_delta": 0,
        "registered_count_delta_per_hour": 0,
        "registered_count_delta_per_minute": 0
      }
    },
    "19.09.2021": {
      "10.00": {
        "count": 1352,
        "count_delta": 12,
        "count_delta_per_hour": 6,
        "count_delta_per_minute": 0.1,
        "percentage": 54.25,
        "percentage_delta": 0.4799999999999969,
        "percentage_delta_per_hour": 0.23999999999999844,
        "percentage_delta_per_minute": 0.003999999999999974
      },
      "12.00": {
        "count": 1380,
        "count_delta": 28,
        "count_delta_per_hour": 14,
        "count_delta_per_minute": 0.23333333333333334,
        "percentage": 55.38,
        "percentage_delta": 1.1300000000000026,
        "percentage_delta_per_hour": 0.5650000000000013,
        "percentage_delta_per_minute": 0.009416666666666688
      },
      "15.00": {
        "count": 1440,
        "count_delta": 60,
        "count_delta_per_hour": 20,
        "count_delta_per_minute": 0.3333333333333333,
        "percentage": 57.78,
        "percentage_delta": 2.3999999999999986,
        "percentage_delta_per_hour": 0.7999999999999995,
        "percentage_delta_per_minute": 0.013333333333333326
      },
      "18.00": {
        "count": 1500,
        "count_delta": 60,
        "count_delta_per_hour": 20,
        "count_delta_per_minute": 0.3333333333333333,
        "percentage": 60.19,
        "percentage_delta": 2.4099999999999966,
        "percentage_delta_per_hour": 0.8033333333333322,
        "percentage_delta_per_minute": 0.01338888888888887
      },
      "20.00": {
        "count": 1638,
        "count_delta": 138,
        "count_delta_per_hour": 69,
        "count_delta_per_minute": 1.15,
        "percentage": 65.73033707865169,
        "percentage_delta": 5.540337078651689,
        "percentage_delta_per_hour": 2.7701685393258444,
        "percentage_delta_per_minute": 0.04616947565543074,
        "registered_count": 2492,
        "registered_count_delta": 0,
        "registered_count_delta_per_hour": 0,
        "registered_count_delta_per_minute": 0
      }
    }
  },
  "metadata": {
    "analysis": {
      "protocol_count": 1,
      "exceeded_papers_count": 0,
      "exceeded_papers_steal_winning": 0,
      "checksum_valid": 1
    },
    "voters": {
      "initially_registered_count": 2492,
      "registered_count": 2492,
      "walk_by_count": 1628,
      "on_home_count": 10,
      "ahead_of_time_count": 0,
      "exceptional_count": 0
    },
    "papers": {
      "received_count": 2000,
      "destroyed_count": 362,
      "stationary_box_count": 1628,
      "portable_box_count": 10,
      "valid_count": 1552,
      "invalid_count": 86,
      "lost_count": 0,
      "ignored_count": 0,
      "taken_home_count": 0
    }
  },
  "entries": [
    {
      "name": "Ходосок Александр Владимирович",
      "position": 5,
      "candidate_id": 184,
      "supported_by_party_id": 5,
      "official_result": {
        "votes_count": 582,
        "place": 1,
        "percentage": 35.53113553113553,
        "valid_percentage": 37.5,
        "registered_percentage": 23.35473515248796,
        "display_percentage": 35.53,
        "winner": true
      },
      "result_without_other_entry": {
        "107": {
          "percentage": 43.27137546468401,
          "valid_percentage": 46.22716441620334
        },
        "116": {
          "percentage": 38.77415056628914,
          "valid_percentage": 41.130742049469966
        },
        "181": {
          "percentage": 42.0824295010846,
          "valid_percentage": 44.872783346183496
        },
        "182": {
          "percentage": 38.1389252948886,
          "valid_percentage": 40.416666666666664
        },
        "183": {
          "percentage": 39.72696245733788,