{
  "commission_name": "УИК №1530",
  "ballot_name": "Выборы депутатов Законодательного Собрания Санкт-Петербурга седьмого созыва",
  "name": "Результаты выборов по одномандатному (многомандатному) округу",
  "protocol_scope": {
    "type": "uik",
    "id": 1530
  },
  "electoral_district": {
    "type": "city",
    "id": 9
  },
  "data_id": 27820001915220,
  "ballot_data_id": 4784011517200,
  "has_koib": false,
  "generated_date": 1632115690000,
  "official_result": {
    "winner": {
      "id": 71,
      "position": 1,
      "percentage": 57.377049180327866,
      "valid_percentage": 58.87850467289719,
      "registered_percentage": 25.495750708215297
    },
    "turnout": {
      "count": 1099,
      "percentage": 44.47592067988669,
      "walk_by_count": 1087,
      "walk_by_percentage": 43.990287333063534,
      "on_home_count": 12,
      "on_home_percentage": 0.48563334682314846,
      "ahead_of_time_count": 0,
      "ahead_of_time_percentage": 0,
      "valid_count": 1070,
      "valid_percentage": 43.30230675839741,
      "invalid_count": 28,
      "invalid_percentage": 1.13314447592068,
      "taken_home_count": 1,
      "taken_home_percentage": 0.04046944556859571,
      "lost_count": 0,
      "lost_percentage": 0
    },
    "votes_stats": {
      "winning_count": 630,
      "winning_percentage": 57.377049180327866,
      "effective_count": 1070,
      "losing_count": 440,
      "losing_percentage": 40.07285974499089,
      "other_count": 28,
      "other_percentage": 2.5500910746812386,
      "by_place": {
        "#1": {
          "count": 630,
          "percentage": 57.377049180327866
        },
        "#2": {
          "count": 182,
          "percentage": 16.57559198542805,
          "supported_by_smart_vote": true
        },
        "#3": {
          "count": 131,
          "percentage": 11.930783242258652
        },
        "#4": {
          "count": 55,
          "percentage": 5.009107468123862
        },
        "#5": {
          "count": 38,
          "percentage": 3.4608378870673953
        },
        "#6": {
          "count": 34,
          "percentage": 3.096539162112933
        }
      }
    }
  },
  "turnout_protocols": {
    "17.09.2021": {
      "15.00": {
        "count": 221,
        "count_delta": 221,
        "count_delta_per_hour": 31.571428571428573,
        "count_delta_per_minute": 0.5261904761904762,
        "percentage": 8.93,
        "percentage_delta": 8.93,
        "percentage_delta_per_hour": 1.2757142857142856,
        "percentage_delta_per_minute": 0.02126190476190476,
        "registered_count": 2475,
        "registered_count_delta": 2475,
        "registered_count_delta_per_hour": 353.57142857142856,
        "registered_count_delta_per_minute": 5.892857142857143
      },
      "20.00": {
        "count": 477,
        "count_delta": 256,
        "count_delta_per_hour": 51.2,
        "count_delta_per_minute": 0.8533333333333334,
        "percentage": 19.27,
        "percentage_delta": 10.34,
        "percentage_delta_per_hour": 2.068,
        "percentage_delta_per_minute": 0.034466666666666666,
        "registered_count": 2475,
        "registered_count_delta": 0,
        "registered_count_delta_per_hour": 0,
        "registered_count_delta_per_minute": 0
      }
    },
    "18.09.2021": {
      "15.00": {
        "count": 605,
        "count_delta": 128,
        "count_delta_per_hour": 18.285714285714285,
        "count_delta_per_minute": 0.3047619047619048,
        "percentage": 24.44,
        "percentage_delta": 5.170000000000002,
        "percentage_delta_per_hour": 0.7385714285714288,
        "percentage_delta_per_minute": 0.012309523809523814,
        "registered_count": 2475,
        "registered_count_delta": 0,
        "registered_count_delta_per_hour": 0,
        "registered_count_delta_per_minute": 0
      },
      "20.00": {
        "count": 663,
        "count_delta": 58,
        "count_delta_per_hour": 11.6,
        "count_delta_per_minute": 0.19333333333333333,
        "percentage": 26.79,
        "percentage_delta": 2.349999999999998,
        "percentage_delta_per_hour": 0.4699999999999996,
        "percentage_delta_per_minute": 0.007833333333333326,
        "registered_count": 2475,
        "registered_count_delta": 0,
        "registered_count_delta_per_hour": 0,
        "registered_count_delta_per_minute": 0
      }
    },
    "19.09.2021": {
      "10.00": {
        "count": 683,
        "count_delta": 20,
        "count_delta_per_hour": 10,
        "count_delta_per_minute": 0.16666666666666666,
        "percentage": 27.64,
        "percentage_delta": 0.8500000000000014,
        "percentage_delta_per_hour": 0.4250000000000007,
        "percentage_delta_per_minute": 0.007083333333333345
      },
      "12.00": {
        "count": 766,
        "count_delta": 83,
        "count_delta_per_hour": 41.5,
        "count_delta_per_minute": 0.6916666666666667,
        "percentage": 30.99,
        "percentage_delta": 3.349999999999998,
        "percentage_delta_per_hour": 1.674999999999999,
        "percentage_delta_per_minute": 0.02791666666666665
      },
      "15.00": {
        "count": 897,
        "count_delta": 131,
        "count_delta_per_hour": 43.666666666666664,
        "count_delta_per_minute": 0.7277777777777777,
        "percentage": 36.32,
        "percentage_delta": 5.330000000000002,
        "percentage_delta_per_hour": 1.7766666666666673,
        "percentage_delta_per_minute": 0.029611111111111123
      },
      "18.00": {
        "count": 1023,
        "count_delta": 126,
        "count_delta_per_hour": 42,
        "count_delta_per_minute": 0.7,
        "percentage": 41.41,
        "percentage_delta": 5.089999999999996,
        "percentage_delta_per_hour": 1.6966666666666654,
        "percentage_delta_per_minute": 0.028277777777777756
      },
      "20.00": {
        "count": 1099,
        "count_delta": 76,
        "count_delta_per_hour": 38,
        "count_delta_per_minute": 0.6333333333333333,
        "percentage": 44.47592067988669,
        "percentage_delta": 3.0659206798866947,
        "percentage_delta_per_hour": 1.5329603399433473,
        "percentage_delta_per_minute": 0.02554933899905579,
        "registered_count": 2471,
        "registered_count_delta": -4,
        "registered_count_delta_per_hour": -0.3333333333333333,
        "registered_count_delta_per_minute": -0.005555555555555556
      }
    }
  },
  "metadata": {
    "analysis": {
      "negative_turnout_registered_count_protocols": 1,
      "negative_turnout_registered_count": 4,
      "protocol_count": 1,
      "exceeded_papers_count": 0,
      "exceeded_papers_steal_winning": 0,
      "checksum_valid": 1,
      "stuffed_protocol_for_71": 1,
      "stuffed_votes_for_71": 235.97014925373134
    },
    "voters": {
      "initially_registered_count": 2475,
      "registered_count": 2471,
      "walk_by_count": 1087,
      "on_home_count": 12,
      "ahead_of_time_count": 0,
      "exceptional_count": 0,
      "removed_count": 4
    },
    "papers": {
      "received_count": 2000,
      "destroyed_count": 901,
      "stationary_box_count": 1086,
      "portable_box_count": 12,
      "valid_count": 1070,
      "invalid_count": 28,
      "lost_count": 0,
      "ignored_count": 0,
      "taken_home_count": 1
    }
  },
  "entries": [
    {
      "name": "Высоцкий Игорь Владимирович",
      "position": 1,
      "candidate_id": 71,
      "supported_by_party_id": 5,
      "official_result": {
        "votes_count": 630,
        "place": 1,
        "percentage": 57.377049180327866,
        "valid_percentage": 58.87850467289719,
        "registered_percentage": 25.495750708215297,
        "display_percentage": 57.38,
        "winner": true
      },
      "result_without_other_entry": {
        "65": {
          "percentage": 68.77729257641921,
          "valid_percentage": 70.94594594594594
        },
        "67": {
          "percentage": 60.40268456375839,
          "valid_percentage": 62.06896551724138
        },