{
  "commission_name": "УИК №1985",
  "ballot_name": "Выборы депутатов Законодательного Собрания Санкт-Петербурга седьмого созыва",
  "name": "Результаты выборов по одномандатному (многомандатному) округу",
  "protocol_scope": {
    "type": "uik",
    "id": 1985
  },
  "electoral_district": {
    "type": "city",
    "id": 24
  },
  "data_id": 27820001915220,
  "ballot_data_id": 4784015408851,
  "has_koib": false,
  "generated_date": 1632126266000,
  "official_result": {
    "winner": {
      "id": 202,
      "position": 1,
      "percentage": 27.61904761904762,
      "valid_percentage": 28.999999999999996,
      "registered_percentage": 11.58675799086758
    },
    "turnout": {
      "count": 736,
      "percentage": 42.00913242009132,
      "walk_by_count": 702,
      "walk_by_percentage": 40.06849315068493,
      "on_home_count": 34,
      "on_home_percentage": 1.9406392694063925,
      "ahead_of_time_count": 0,
      "ahead_of_time_percentage": 0,
      "valid_count": 700,
      "valid_percentage": 39.95433789954338,
      "invalid_count": 35,
      "invalid_percentage": 1.9977168949771689,
      "taken_home_count": 1,
      "taken_home_percentage": 0.05707762557077625,
      "lost_count": 0,
      "lost_percentage": 0
    },
    "votes_stats": {
      "winning_count": 203,
      "winning_percentage": 27.61904761904762,
      "effective_count": 700,
      "losing_count": 497,
      "losing_percentage": 67.61904761904762,
      "other_count": 35,
      "other_percentage": 4.761904761904762,
      "by_place": {
        "#1": {
          "count": 203,
          "percentage": 27.61904761904762
        },
        "#2": {
          "count": 131,
          "percentage": 17.82312925170068,
          "supported_by_smart_vote": true
        },
        "#3": {
          "count": 121,
          "percentage": 16.462585034013603
        },
        "#4": {
          "count": 115,
          "percentage": 15.646258503401361
        },
        "#5": {
          "count": 57,
          "percentage": 7.755102040816326
        },
        "#6": {
          "count": 41,
          "percentage": 5.578231292517007
        },
        "#7": {
          "count": 32,
          "percentage": 4.353741496598639
        }
      }
    }
  },
  "turnout_protocols": {
    "17.09.2021": {
      "15.00": {
        "count": 170,
        "count_delta": 170,
        "count_delta_per_hour": 24.285714285714285,
        "count_delta_per_minute": 0.40476190476190477,
        "percentage": 10.02,
        "percentage_delta": 10.02,
        "percentage_delta_per_hour": 1.4314285714285713,
        "percentage_delta_per_minute": 0.023857142857142855,
        "registered_count": 1697,
        "registered_count_delta": 1697,
        "registered_count_delta_per_hour": 242.42857142857142,
        "registered_count_delta_per_minute": 4.04047619047619
      },
      "20.00": {
        "count": 293,
        "count_delta": 123,
        "count_delta_per_hour": 24.6,
        "count_delta_per_minute": 0.41,
        "percentage": 17.27,
        "percentage_delta": 7.25,
        "percentage_delta_per_hour": 1.45,
        "percentage_delta_per_minute": 0.024166666666666666,
        "registered_count": 1697,
        "registered_count_delta": 0,
        "registered_count_delta_per_hour": 0,
        "registered_count_delta_per_minute": 0
      }
    },
    "18.09.2021": {
      "15.00": {
        "count": 376,
        "count_delta": 83,
        "count_delta_per_hour": 11.857142857142858,
        "count_delta_per_minute": 0.1976190476190476,
        "percentage": 22.16,
        "percentage_delta": 4.890000000000001,
        "percentage_delta_per_hour": 0.6985714285714286,
        "percentage_delta_per_minute": 0.011642857142857144,
        "registered_count": 1697,
        "registered_count_delta": 0,
        "registered_count_delta_per_hour": 0,
        "registered_count_delta_per_minute": 0
      },
      "20.00": {
        "count": 446,
        "count_delta": 70,
        "count_delta_per_hour": 14,
        "count_delta_per_minute": 0.23333333333333334,
        "percentage": 26.28,
        "percentage_delta": 4.120000000000001,
        "percentage_delta_per_hour": 0.8240000000000002,
        "percentage_delta_per_minute": 0.013733333333333337,
        "registered_count": 1697,
        "registered_count_delta": 0,
        "registered_count_delta_per_hour": 0,
        "registered_count_delta_per_minute": 0
      }
    },
    "19.09.2021": {
      "10.00": {
        "count": 480,
        "count_delta": 34,
        "count_delta_per_hour": 17,
        "count_delta_per_minute": 0.2833333333333333,
        "percentage": 27.4,
        "percentage_delta": 1.1199999999999974,
        "percentage_delta_per_hour": 0.5599999999999987,
        "percentage_delta_per_minute": 0.009333333333333312
      },
      "12.00": {
        "count": 509,
        "count_delta": 29,
        "count_delta_per_hour": 14.5,
        "count_delta_per_minute": 0.24166666666666667,
        "percentage": 29.05,
        "percentage_delta": 1.6500000000000021,
        "percentage_delta_per_hour": 0.8250000000000011,
        "percentage_delta_per_minute": 0.013750000000000017
      },
      "15.00": {
        "count": 613,
        "count_delta": 104,
        "count_delta_per_hour": 34.666666666666664,
        "count_delta_per_minute": 0.5777777777777777,
        "percentage": 35,
        "percentage_delta": 5.949999999999999,
        "percentage_delta_per_hour": 1.9833333333333332,
        "percentage_delta_per_minute": 0.03305555555555555
      },
      "18.00": {
        "count": 705,
        "count_delta": 92,
        "count_delta_per_hour": 30.666666666666668,
        "count_delta_per_minute": 0.5111111111111111,
        "percentage": 40.25,
        "percentage_delta": 5.25,
        "percentage_delta_per_hour": 1.75,
        "percentage_delta_per_minute": 0.029166666666666667
      },
      "20.00": {
        "count": 736,
        "count_delta": 31,
        "count_delta_per_hour": 15.5,
        "count_delta_per_minute": 0.25833333333333336,
        "percentage": 42.00913242009132,
        "percentage_delta": 1.7591324200913192,
        "percentage_delta_per_hour": 0.8795662100456596,
        "percentage_delta_per_minute": 0.014659436834094326,
        "registered_count": 1752,
        "registered_count_delta": 55,
        "registered_count_delta_per_hour": 4.583333333333333,
        "registered_count_delta_per_minute": 0.0763888888888889
      }
    }
  },
  "metadata": {
    "analysis": {
      "protocol_count": 1,
      "exceeded_papers_count": 0,
      "exceeded_papers_steal_winning": 0,
      "checksum_valid": 1
    },
    "voters": {
      "initially_registered_count": 1697,
      "registered_count": 1752,
      "walk_by_count": 702,
      "on_home_count": 34,
      "ahead_of_time_count": 0,
      "exceptional_count": 0,
      "added_count": 55
    },
    "papers": {
      "received_count": 1500,
      "destroyed_count": 764,
      "stationary_box_count": 701,
      "portable_box_count": 34,
      "valid_count": 700,
      "invalid_count": 35,
      "lost_count": 0,
      "ignored_count": 0,
      "taken_home_count": 1
    }
  },
  "entries": [
    {
      "name": "Бочков Юрий Павлович",
      "position": 1,
      "candidate_id": 202,
      "supported_by_party_id": 5,
      "official_result": {
        "votes_count": 203,
        "place": 1,
        "percentage": 27.61904761904762,
        "valid_percentage": 28.999999999999996,
        "registered_percentage": 11.58675799086758,
        "display_percentage": 27.62,
        "winner": true
      },
      "result_without_other_entry": {
        "27": {
          "percentage": 32.74193548387097,
          "valid_percentage": 34.7008547008547
        },
        "203": {
          "percentage": 33.609271523178805,
          "valid_percentage": 35.67662565905096
        },
        "204": {
          "percentage": 29.250720461095103,
          "valid_percentage": 30.804248861911987
        },