{
  "commission_name": "УИК №1896",
  "ballot_name": "Выборы депутатов Законодательного Собрания Санкт-Петербурга седьмого созыва",
  "name": "Результаты выборов по одномандатному (многомандатному) округу",
  "protocol_scope": {
    "type": "uik",
    "id": 1896
  },
  "electoral_district": {
    "type": "city",
    "id": 12
  },
  "data_id": 27820001915220,
  "ballot_data_id": 478405781882,
  "has_koib": false,
  "generated_date": 1632130943000,
  "official_result": {
    "winner": {
      "id": 242,
      "position": 1,
      "percentage": 41.94915254237288,
      "valid_percentage": 42.810810810810814,
      "registered_percentage": 13.009198423127463
    },
    "turnout": {
      "count": 944,
      "percentage": 31.011826544021027,
      "walk_by_count": 940,
      "walk_by_percentage": 30.88042049934297,
      "on_home_count": 4,
      "on_home_percentage": 0.1314060446780552,
      "ahead_of_time_count": 0,
      "ahead_of_time_percentage": 0,
      "valid_count": 925,
      "valid_percentage": 30.387647831800262,
      "invalid_count": 19,
      "invalid_percentage": 0.6241787122207622,
      "taken_home_count": 0,
      "taken_home_percentage": 0,
      "lost_count": 0,
      "lost_percentage": 0
    },
    "votes_stats": {
      "winning_count": 396,
      "winning_percentage": 41.94915254237288,
      "effective_count": 925,
      "losing_count": 529,
      "losing_percentage": 56.03813559322034,
      "other_count": 19,
      "other_percentage": 2.0127118644067794,
      "by_place": {
        "#1": {
          "count": 396,
          "percentage": 41.94915254237288
        },
        "#2": {
          "count": 275,
          "percentage": 29.13135593220339,
          "supported_by_smart_vote": true
        },
        "#3": {
          "count": 102,
          "percentage": 10.805084745762713
        },
        "#4": {
          "count": 56,
          "percentage": 5.932203389830509
        },
        "#5": {
          "count": 51,
          "percentage": 5.402542372881356
        },
        "#6": {
          "count": 45,
          "percentage": 4.766949152542373
        }
      }
    }
  },
  "turnout_protocols": {
    "17.09.2021": {
      "15.00": {
        "count": 123,
        "count_delta": 123,
        "count_delta_per_hour": 17.571428571428573,
        "count_delta_per_minute": 0.29285714285714287,
        "percentage": 4.04,
        "percentage_delta": 4.04,
        "percentage_delta_per_hour": 0.5771428571428572,
        "percentage_delta_per_minute": 0.009619047619047619,
        "registered_count": 3045,
        "registered_count_delta": 3045,
        "registered_count_delta_per_hour": 435,
        "registered_count_delta_per_minute": 7.25
      },
      "20.00": {
        "count": 245,
        "count_delta": 122,
        "count_delta_per_hour": 24.4,
        "count_delta_per_minute": 0.4066666666666667,
        "percentage": 8.05,
        "percentage_delta": 4.010000000000001,
        "percentage_delta_per_hour": 0.8020000000000002,
        "percentage_delta_per_minute": 0.013366666666666669,
        "registered_count": 3043,
        "registered_count_delta": -2,
        "registered_count_delta_per_hour": -0.4,
        "registered_count_delta_per_minute": -0.006666666666666667
      }
    },
    "18.09.2021": {
      "15.00": {
        "count": 337,
        "count_delta": 92,
        "count_delta_per_hour": 13.142857142857142,
        "count_delta_per_minute": 0.21904761904761905,
        "percentage": 11.07,
        "percentage_delta": 3.0199999999999996,
        "percentage_delta_per_hour": 0.4314285714285714,
        "percentage_delta_per_minute": 0.00719047619047619,
        "registered_count": 3044,
        "registered_count_delta": 1,
        "registered_count_delta_per_hour": 0.14285714285714285,
        "registered_count_delta_per_minute": 0.002380952380952381
      },
      "20.00": {
        "count": 437,
        "count_delta": 100,
        "count_delta_per_hour": 20,
        "count_delta_per_minute": 0.3333333333333333,
        "percentage": 14.36,
        "percentage_delta": 3.289999999999999,
        "percentage_delta_per_hour": 0.6579999999999998,
        "percentage_delta_per_minute": 0.010966666666666664,
        "registered_count": 3043,
        "registered_count_delta": -1,
        "registered_count_delta_per_hour": -0.2,
        "registered_count_delta_per_minute": -0.0033333333333333335
      }
    },
    "19.09.2021": {
      "10.00": {
        "count": 455,
        "count_delta": 18,
        "count_delta_per_hour": 9,
        "count_delta_per_minute": 0.15,
        "percentage": 14.95,
        "percentage_delta": 0.5899999999999999,
        "percentage_delta_per_hour": 0.29499999999999993,
        "percentage_delta_per_minute": 0.0049166666666666655
      },
      "12.00": {
        "count": 514,
        "count_delta": 59,
        "count_delta_per_hour": 29.5,
        "count_delta_per_minute": 0.49166666666666664,
        "percentage": 16.89,
        "percentage_delta": 1.9400000000000013,
        "percentage_delta_per_hour": 0.9700000000000006,
        "percentage_delta_per_minute": 0.016166666666666676
      },
      "15.00": {
        "count": 665,
        "count_delta": 151,
        "count_delta_per_hour": 50.333333333333336,
        "count_delta_per_minute": 0.8388888888888889,
        "percentage": 21.85,
        "percentage_delta": 4.960000000000001,
        "percentage_delta_per_hour": 1.6533333333333335,
        "percentage_delta_per_minute": 0.02755555555555556
      },
      "18.00": {
        "count": 814,
        "count_delta": 149,
        "count_delta_per_hour": 49.666666666666664,
        "count_delta_per_minute": 0.8277777777777777,
        "percentage": 26.74,
        "percentage_delta": 4.889999999999997,
        "percentage_delta_per_hour": 1.629999999999999,
        "percentage_delta_per_minute": 0.02716666666666665
      },
      "20.00": {
        "count": 944,
        "count_delta": 130,
        "count_delta_per_hour": 65,
        "count_delta_per_minute": 1.0833333333333333,
        "percentage": 31.011826544021027,
        "percentage_delta": 4.271826544021028,
        "percentage_delta_per_hour": 2.135913272010514,
        "percentage_delta_per_minute": 0.03559855453350857,
        "registered_count": 3044,
        "registered_count_delta": 1,
        "registered_count_delta_per_hour": 0.08333333333333333,
        "registered_count_delta_per_minute": 0.001388888888888889
      }
    }
  },
  "metadata": {
    "analysis": {
      "negative_turnout_registered_count_protocols": 1,
      "negative_turnout_registered_count": 1,
      "protocol_count": 1,
      "exceeded_papers_count": 0,
      "exceeded_papers_steal_winning": 0,
      "checksum_valid": 1
    },
    "voters": {
      "initially_registered_count": 3044,
      "registered_count": 3044,
      "walk_by_count": 940,
      "on_home_count": 4,
      "ahead_of_time_count": 0,
      "exceptional_count": 0
    },
    "papers": {
      "received_count": 3000,
      "destroyed_count": 2056,
      "stationary_box_count": 940,
      "portable_box_count": 4,
      "valid_count": 925,
      "invalid_count": 19,
      "lost_count": 0,
      "ignored_count": 0,
      "taken_home_count": 0
    }
  },
  "entries": [
    {
      "name": "Бондаренко Николай Леонидович",
      "position": 1,
      "candidate_id": 242,
      "supported_by_party_id": 5,
      "official_result": {
        "votes_count": 396,
        "place": 1,
        "percentage": 41.94915254237288,
        "valid_percentage": 42.810810810810814,
        "registered_percentage": 13.009198423127463,
        "display_percentage": 41.95,
        "winner": true
      },
      "result_without_other_entry": {
        "243": {
          "percentage": 44.5945945945946,
          "valid_percentage": 45.56962025316456
        },
        "244": {
          "percentage": 59.19282511210763,
          "valid_percentage": 60.92307692307693
        },