{
  "commission_name": "УИК №305",
  "ballot_name": "Выборы депутатов Законодательного Собрания Санкт-Петербурга седьмого созыва",
  "name": "Результаты выборов по одномандатному (многомандатному) округу",
  "protocol_scope": {
    "type": "uik",
    "id": 305
  },
  "electoral_district": {
    "type": "city",
    "id": 10
  },
  "data_id": 27820001915220,
  "ballot_data_id": 4784018429872,
  "has_koib": false,
  "generated_date": 1632127135000,
  "official_result": {
    "winner": {
      "id": 183,
      "position": 4,
      "percentage": 26.586102719033235,
      "valid_percentage": 27.586206896551722,
      "registered_percentage": 8.357075023741691,
      "supported_by_smart_vote": true
    },
    "turnout": {
      "count": 662,
      "percentage": 31.433998100664766,
      "walk_by_count": 657,
      "walk_by_percentage": 31.196581196581196,
      "on_home_count": 5,
      "on_home_percentage": 0.23741690408357075,
      "ahead_of_time_count": 0,
      "ahead_of_time_percentage": 0,
      "valid_count": 638,
      "valid_percentage": 30.29439696106363,
      "invalid_count": 24,
      "invalid_percentage": 1.1396011396011396,
      "taken_home_count": 0,
      "taken_home_percentage": 0,
      "lost_count": 0,
      "lost_percentage": 0
    },
    "votes_stats": {
      "winning_count": 176,
      "winning_percentage": 26.586102719033235,
      "effective_count": 638,
      "losing_count": 462,
      "losing_percentage": 69.78851963746223,
      "other_count": 24,
      "other_percentage": 3.625377643504532,
      "by_place": {
        "#1": {
          "count": 176,
          "percentage": 26.586102719033235,
          "supported_by_smart_vote": true
        },
        "#2": {
          "count": 140,
          "percentage": 21.148036253776432
        },
        "#3": {
          "count": 119,
          "percentage": 17.97583081570997
        },
        "#4": {
          "count": 102,
          "percentage": 15.407854984894259
        },
        "#5": {
          "count": 60,
          "percentage": 9.06344410876133
        },
        "#6": {
          "count": 41,
          "percentage": 6.193353474320242
        }
      }
    }
  },
  "turnout_protocols": {
    "17.09.2021": {
      "15.00": {
        "count": 81,
        "count_delta": 81,
        "count_delta_per_hour": 11.571428571428571,
        "count_delta_per_minute": 0.19285714285714287,
        "percentage": 3.87,
        "percentage_delta": 3.87,
        "percentage_delta_per_hour": 0.5528571428571428,
        "percentage_delta_per_minute": 0.009214285714285715,
        "registered_count": 2093,
        "registered_count_delta": 2093,
        "registered_count_delta_per_hour": 299,
        "registered_count_delta_per_minute": 4.983333333333333
      },
      "20.00": {
        "count": 157,
        "count_delta": 76,
        "count_delta_per_hour": 15.2,
        "count_delta_per_minute": 0.25333333333333335,
        "percentage": 7.51,
        "percentage_delta": 3.6399999999999997,
        "percentage_delta_per_hour": 0.728,
        "percentage_delta_per_minute": 0.012133333333333333,
        "registered_count": 2091,
        "registered_count_delta": -2,
        "registered_count_delta_per_hour": -0.4,
        "registered_count_delta_per_minute": -0.006666666666666667
      }
    },
    "18.09.2021": {
      "15.00": {
        "count": 242,
        "count_delta": 85,
        "count_delta_per_hour": 12.142857142857142,
        "count_delta_per_minute": 0.20238095238095238,
        "percentage": 11.57,
        "percentage_delta": 4.0600000000000005,
        "percentage_delta_per_hour": 0.5800000000000001,
        "percentage_delta_per_minute": 0.009666666666666667,
        "registered_count": 2092,
        "registered_count_delta": 1,
        "registered_count_delta_per_hour": 0.14285714285714285,
        "registered_count_delta_per_minute": 0.002380952380952381
      },
      "20.00": {
        "count": 304,
        "count_delta": 62,
        "count_delta_per_hour": 12.4,
        "count_delta_per_minute": 0.20666666666666667,
        "percentage": 14.54,
        "percentage_delta": 2.969999999999999,
        "percentage_delta_per_hour": 0.5939999999999998,
        "percentage_delta_per_minute": 0.009899999999999996,
        "registered_count": 2091,
        "registered_count_delta": -1,
        "registered_count_delta_per_hour": -0.2,
        "registered_count_delta_per_minute": -0.0033333333333333335
      }
    },
    "19.09.2021": {
      "10.00": {
        "count": 310,
        "count_delta": 6,
        "count_delta_per_hour": 3,
        "count_delta_per_minute": 0.05,
        "percentage": 14.72,
        "percentage_delta": 0.1800000000000015,
        "percentage_delta_per_hour": 0.09000000000000075,
        "percentage_delta_per_minute": 0.0015000000000000124
      },
      "12.00": {
        "count": 338,
        "count_delta": 28,
        "count_delta_per_hour": 14,
        "count_delta_per_minute": 0.23333333333333334,
        "percentage": 16.05,
        "percentage_delta": 1.33,
        "percentage_delta_per_hour": 0.665,
        "percentage_delta_per_minute": 0.011083333333333334
      },
      "15.00": {
        "count": 454,
        "count_delta": 116,
        "count_delta_per_hour": 38.666666666666664,
        "count_delta_per_minute": 0.6444444444444445,
        "percentage": 21.56,
        "percentage_delta": 5.509999999999998,
        "percentage_delta_per_hour": 1.836666666666666,
        "percentage_delta_per_minute": 0.0306111111111111
      },
      "18.00": {
        "count": 564,
        "count_delta": 110,
        "count_delta_per_hour": 36.666666666666664,
        "count_delta_per_minute": 0.6111111111111112,
        "percentage": 26.78,
        "percentage_delta": 5.220000000000002,
        "percentage_delta_per_hour": 1.7400000000000009,
        "percentage_delta_per_minute": 0.029000000000000012
      },
      "20.00": {
        "count": 662,
        "count_delta": 98,
        "count_delta_per_hour": 49,
        "count_delta_per_minute": 0.8166666666666667,
        "percentage": 31.433998100664766,
        "percentage_delta": 4.653998100664765,
        "percentage_delta_per_hour": 2.3269990503323825,
        "percentage_delta_per_minute": 0.03878331750553971,
        "registered_count": 2106,
        "registered_count_delta": 15,
        "registered_count_delta_per_hour": 1.25,
        "registered_count_delta_per_minute": 0.020833333333333332
      }
    }
  },
  "metadata": {
    "analysis": {
      "negative_turnout_registered_count_protocols": 1,
      "negative_turnout_registered_count": 1,
      "protocol_count": 1,
      "exceeded_papers_count": 0,
      "exceeded_papers_steal_winning": 0,
      "checksum_valid": 1
    },
    "voters": {
      "initially_registered_count": 2091,
      "registered_count": 2106,
      "walk_by_count": 657,
      "on_home_count": 5,
      "ahead_of_time_count": 0,
      "exceptional_count": 0,
      "added_count": 15
    },
    "papers": {
      "received_count": 1500,
      "destroyed_count": 838,
      "stationary_box_count": 657,
      "portable_box_count": 5,
      "valid_count": 638,
      "invalid_count": 24,
      "lost_count": 0,
      "ignored_count": 0,
      "taken_home_count": 0
    }
  },
  "entries": [
    {
      "name": "Кривенченко Анатолий Николаевич",
      "position": 4,
      "candidate_id": 183,
      "supported_by_party_id": 6,
      "supported_by_smart_vote": true,
      "official_result": {
        "votes_count": 176,
        "place": 1,
        "percentage": 26.586102719033235,
        "valid_percentage": 27.586206896551722,
        "registered_percentage": 8.357075023741691,
        "display_percentage": 26.59,
        "winner": true
      },
      "result_without_other_entry": {
        "107": {
          "percentage": 28.34138486312399,
          "valid_percentage": 29.48073701842546
        },
        "116": {
          "percentage": 29.2358803986711,