{
  "commission_name": "УИК №1361",
  "ballot_name": "Выборы депутатов Законодательного Собрания Санкт-Петербурга седьмого созыва",
  "name": "Результаты выборов по единому округу",
  "protocol_scope": {
    "type": "uik",
    "id": 1361
  },
  "electoral_district": {
    "type": "city",
    "id": 0
  },
  "data_id": 27820001915220,
  "ballot_data_id": 478404882084,
  "has_koib": false,
  "generated_date": 1632125586000,
  "official_result": {
    "winner": {
      "id": 1,
      "position": 6,
      "percentage": 25.692963752665243,
      "valid_percentage": 25.969827586206897,
      "registered_percentage": 5.957972805933251
    },
    "turnout": {
      "count": 938,
      "percentage": 23.18912237330037,
      "walk_by_count": 935,
      "walk_by_percentage": 23.11495673671199,
      "on_home_count": 3,
      "on_home_percentage": 0.07416563658838071,
      "ahead_of_time_count": 0,
      "ahead_of_time_percentage": 0,
      "valid_count": 928,
      "valid_percentage": 22.941903584672435,
      "invalid_count": 10,
      "invalid_percentage": 0.2472187886279357,
      "taken_home_count": 0,
      "taken_home_percentage": 0,
      "lost_count": 0,
      "lost_percentage": 0
    },
    "votes_stats": {
      "winning_count": 241,
      "winning_percentage": 25.692963752665243,
      "effective_count": 928,
      "losing_count": 687,
      "losing_percentage": 73.2409381663113,
      "other_count": 10,
      "other_percentage": 1.0660980810234542,
      "by_place": {
        "#3.5": {
          "count": 296,
          "percentage": 31.556503198294244
        },
        "#1": {
          "count": 241,
          "percentage": 25.692963752665243
        },
        "#2": {
          "count": 159,
          "percentage": 16.95095948827292
        },
        "#4": {
          "count": 128,
          "percentage": 13.646055437100213
        },
        "#5": {
          "count": 56,
          "percentage": 5.970149253731343
        },
        "#6": {
          "count": 31,
          "percentage": 3.304904051172708
        },
        "#7": {
          "count": 17,
          "percentage": 1.812366737739872
        }
      }
    }
  },
  "turnout_protocols": {
    "17.09.2021": {
      "15.00": {
        "count": 88,
        "count_delta": 88,
        "count_delta_per_hour": 12.571428571428571,
        "count_delta_per_minute": 0.20952380952380953,
        "percentage": 2.26,
        "percentage_delta": 2.26,
        "percentage_delta_per_hour": 0.32285714285714284,
        "percentage_delta_per_minute": 0.00538095238095238,
        "registered_count": 3894,
        "registered_count_delta": 3894,
        "registered_count_delta_per_hour": 556.2857142857143,
        "registered_count_delta_per_minute": 9.271428571428572
      },
      "20.00": {
        "count": 168,
        "count_delta": 80,
        "count_delta_per_hour": 16,
        "count_delta_per_minute": 0.26666666666666666,
        "percentage": 4.32,
        "percentage_delta": 2.0600000000000005,
        "percentage_delta_per_hour": 0.4120000000000001,
        "percentage_delta_per_minute": 0.0068666666666666685,
        "registered_count": 3889,
        "registered_count_delta": -5,
        "registered_count_delta_per_hour": -1,
        "registered_count_delta_per_minute": -0.016666666666666666
      }
    },
    "18.09.2021": {
      "15.00": {
        "count": 228,
        "count_delta": 60,
        "count_delta_per_hour": 8.571428571428571,
        "count_delta_per_minute": 0.14285714285714285,
        "percentage": 5.86,
        "percentage_delta": 1.54,
        "percentage_delta_per_hour": 0.22,
        "percentage_delta_per_minute": 0.0036666666666666666,
        "registered_count": 3891,
        "registered_count_delta": 2,
        "registered_count_delta_per_hour": 0.2857142857142857,
        "registered_count_delta_per_minute": 0.004761904761904762
      },
      "20.00": {
        "count": 358,
        "count_delta": 130,
        "count_delta_per_hour": 26,
        "count_delta_per_minute": 0.43333333333333335,
        "percentage": 9.19,
        "percentage_delta": 3.329999999999999,
        "percentage_delta_per_hour": 0.6659999999999998,
        "percentage_delta_per_minute": 0.011099999999999997,
        "registered_count": 3896,
        "registered_count_delta": 5,
        "registered_count_delta_per_hour": 1,
        "registered_count_delta_per_minute": 0.016666666666666666
      }
    },
    "19.09.2021": {
      "10.00": {
        "count": 375,
        "count_delta": 17,
        "count_delta_per_hour": 8.5,
        "count_delta_per_minute": 0.14166666666666666,
        "percentage": 9.26,
        "percentage_delta": 0.07000000000000028,
        "percentage_delta_per_hour": 0.03500000000000014,
        "percentage_delta_per_minute": 0.0005833333333333357
      },
      "12.00": {
        "count": 435,
        "count_delta": 60,
        "count_delta_per_hour": 30,
        "count_delta_per_minute": 0.5,
        "percentage": 10.75,
        "percentage_delta": 1.4900000000000002,
        "percentage_delta_per_hour": 0.7450000000000001,
        "percentage_delta_per_minute": 0.012416666666666668
      },
      "15.00": {
        "count": 576,
        "count_delta": 141,
        "count_delta_per_hour": 47,
        "count_delta_per_minute": 0.7833333333333333,
        "percentage": 14.25,
        "percentage_delta": 3.5,
        "percentage_delta_per_hour": 1.1666666666666667,
        "percentage_delta_per_minute": 0.019444444444444445
      },
      "18.00": {
        "count": 773,
        "count_delta": 197,
        "count_delta_per_hour": 65.66666666666667,
        "count_delta_per_minute": 1.0944444444444446,
        "percentage": 19.11,
        "percentage_delta": 4.859999999999999,
        "percentage_delta_per_hour": 1.6199999999999999,
        "percentage_delta_per_minute": 0.026999999999999996
      },
      "20.00": {
        "count": 938,
        "count_delta": 165,
        "count_delta_per_hour": 82.5,
        "count_delta_per_minute": 1.375,
        "percentage": 23.18912237330037,
        "percentage_delta": 4.079122373300372,
        "percentage_delta_per_hour": 2.039561186650186,
        "percentage_delta_per_minute": 0.033992686444169765,
        "registered_count": 4045,
        "registered_count_delta": 149,
        "registered_count_delta_per_hour": 12.416666666666666,
        "registered_count_delta_per_minute": 0.20694444444444443
      }
    }
  },
  "metadata": {
    "analysis": {
      "negative_turnout_registered_count_protocols": 1,
      "negative_turnout_registered_count": 5,
      "protocol_count": 1,
      "exceeded_papers_count": 0,
      "exceeded_papers_steal_winning": 0,
      "exceeded_papers_provide_extra_places": 0,
      "multiple_winners": 0,
      "checksum_valid": 1
    },
    "voters": {
      "initially_registered_count": 3891,
      "registered_count": 4045,
      "walk_by_count": 935,
      "on_home_count": 3,
      "ahead_of_time_count": 0,
      "exceptional_count": 0,
      "added_count": 154
    },
    "papers": {
      "received_count": 3000,
      "destroyed_count": 2062,
      "stationary_box_count": 935,
      "portable_box_count": 3,
      "valid_count": 928,
      "invalid_count": 10,
      "lost_count": 0,
      "ignored_count": 0,
      "taken_home_count": 0
    }
  },
  "entries": [
    {
      "name": "Политическая партия \"КОММУНИСТИЧЕСКАЯ ПАРТИЯ РОССИЙСКОЙ ФЕДЕРАЦИИ\"",
      "position": 6,
      "party_id": 1,
      "official_result": {
        "votes_count": 241,
        "place": 1,
        "percentage": 25.692963752665243,
        "valid_percentage": 25.969827586206897,
        "registered_percentage": 5.957972805933251,
        "display_percentage": 25.69,
        "winner": true
      },
      "result_without_other_entry": {
        "3": {
          "percentage": 27.32426303854875,
          "valid_percentage": 27.63761467889908
        },
        "4": {
          "percentage": 29.75308641975309,