{
  "commission_name": "УИК №890",
  "ballot_name": "Выборы депутатов Законодательного Собрания Санкт-Петербурга седьмого созыва",
  "name": "Результаты выборов по единому округу",
  "protocol_scope": {
    "type": "uik",
    "id": 890
  },
  "electoral_district": {
    "type": "city",
    "id": 0
  },
  "data_id": 27820001915220,
  "ballot_data_id": 478404385343,
  "has_koib": true,
  "generated_date": 1632123550000,
  "official_result": {
    "winner": {
      "id": 5,
      "position": 2,
      "percentage": 36.10619469026549,
      "valid_percentage": 36.88969258589512,
      "registered_percentage": 12.208258527827647
    },
    "turnout": {
      "count": 565,
      "percentage": 33.81208856971873,
      "walk_by_count": 538,
      "walk_by_percentage": 32.19628964691801,
      "on_home_count": 27,
      "on_home_percentage": 1.615798922800718,
      "ahead_of_time_count": 0,
      "ahead_of_time_percentage": 0,
      "valid_count": 553,
      "valid_percentage": 33.09395571514063,
      "invalid_count": 12,
      "invalid_percentage": 0.718132854578097,
      "taken_home_count": 0,
      "taken_home_percentage": 0,
      "lost_count": 0,
      "lost_percentage": 0
    },
    "votes_stats": {
      "winning_count": 204,
      "winning_percentage": 36.10619469026549,
      "effective_count": 553,
      "losing_count": 349,
      "losing_percentage": 61.769911504424776,
      "other_count": 12,
      "other_percentage": 2.1238938053097343,
      "by_place": {
        "#1": {
          "count": 204,
          "percentage": 36.10619469026549
        },
        "#2": {
          "count": 134,
          "percentage": 23.716814159292035
        },
        "#3": {
          "count": 55,
          "percentage": 9.734513274336283
        },
        "#4": {
          "count": 49,
          "percentage": 8.672566371681416
        },
        "#5": {
          "count": 36,
          "percentage": 6.371681415929204
        },
        "#6": {
          "count": 35,
          "percentage": 6.1946902654867255
        },
        "#7": {
          "count": 32,
          "percentage": 5.663716814159292
        },
        "#8": {
          "count": 8,
          "percentage": 1.415929203539823
        }
      }
    }
  },
  "turnout_protocols": {
    "17.09.2021": {
      "15.00": {
        "count": 99,
        "count_delta": 99,
        "count_delta_per_hour": 14.142857142857142,
        "count_delta_per_minute": 0.2357142857142857,
        "percentage": 5.99,
        "percentage_delta": 5.99,
        "percentage_delta_per_hour": 0.8557142857142858,
        "percentage_delta_per_minute": 0.014261904761904762,
        "registered_count": 1653,
        "registered_count_delta": 1653,
        "registered_count_delta_per_hour": 236.14285714285714,
        "registered_count_delta_per_minute": 3.9357142857142855
      },
      "20.00": {
        "count": 147,
        "count_delta": 48,
        "count_delta_per_hour": 9.6,
        "count_delta_per_minute": 0.16,
        "percentage": 8.88,
        "percentage_delta": 2.8900000000000006,
        "percentage_delta_per_hour": 0.5780000000000001,
        "percentage_delta_per_minute": 0.009633333333333336,
        "registered_count": 1655,
        "registered_count_delta": 2,
        "registered_count_delta_per_hour": 0.4,
        "registered_count_delta_per_minute": 0.006666666666666667
      }
    },
    "18.09.2021": {
      "15.00": {
        "count": 239,
        "count_delta": 92,
        "count_delta_per_hour": 13.142857142857142,
        "count_delta_per_minute": 0.21904761904761905,
        "percentage": 14.41,
        "percentage_delta": 5.529999999999999,
        "percentage_delta_per_hour": 0.7899999999999999,
        "percentage_delta_per_minute": 0.013166666666666665,
        "registered_count": 1659,
        "registered_count_delta": 4,
        "registered_count_delta_per_hour": 0.5714285714285714,
        "registered_count_delta_per_minute": 0.009523809523809525
      },
      "20.00": {
        "count": 290,
        "count_delta": 51,
        "count_delta_per_hour": 10.2,
        "count_delta_per_minute": 0.17,
        "percentage": 17.45,
        "percentage_delta": 3.039999999999999,
        "percentage_delta_per_hour": 0.6079999999999999,
        "percentage_delta_per_minute": 0.010133333333333331,
        "registered_count": 1662,
        "registered_count_delta": 3,
        "registered_count_delta_per_hour": 0.6,
        "registered_count_delta_per_minute": 0.01
      }
    },
    "19.09.2021": {
      "10.00": {
        "count": 306,
        "count_delta": 16,
        "count_delta_per_hour": 8,
        "count_delta_per_minute": 0.13333333333333333,
        "percentage": 18.29,
        "percentage_delta": 0.8399999999999999,
        "percentage_delta_per_hour": 0.41999999999999993,
        "percentage_delta_per_minute": 0.006999999999999998
      },
      "12.00": {
        "count": 345,
        "count_delta": 39,
        "count_delta_per_hour": 19.5,
        "count_delta_per_minute": 0.325,
        "percentage": 20.64,
        "percentage_delta": 2.3500000000000014,
        "percentage_delta_per_hour": 1.1750000000000007,
        "percentage_delta_per_minute": 0.019583333333333345
      },
      "15.00": {
        "count": 446,
        "count_delta": 101,
        "count_delta_per_hour": 33.666666666666664,
        "count_delta_per_minute": 0.5611111111111111,
        "percentage": 26.67,
        "percentage_delta": 6.030000000000001,
        "percentage_delta_per_hour": 2.0100000000000002,
        "percentage_delta_per_minute": 0.03350000000000001
      },
      "18.00": {
        "count": 526,
        "count_delta": 80,
        "count_delta_per_hour": 26.666666666666668,
        "count_delta_per_minute": 0.4444444444444444,
        "percentage": 31.46,
        "percentage_delta": 4.789999999999999,
        "percentage_delta_per_hour": 1.5966666666666665,
        "percentage_delta_per_minute": 0.026611111111111106
      },
      "20.00": {
        "count": 565,
        "count_delta": 39,
        "count_delta_per_hour": 19.5,
        "count_delta_per_minute": 0.325,
        "percentage": 33.81208856971873,
        "percentage_delta": 2.352088569718731,
        "percentage_delta_per_hour": 1.1760442848593655,
        "percentage_delta_per_minute": 0.019600738080989426,
        "registered_count": 1671,
        "registered_count_delta": 9,
        "registered_count_delta_per_hour": 0.75,
        "registered_count_delta_per_minute": 0.0125
      }
    }
  },
  "metadata": {
    "analysis": {
      "protocol_count": 1,
      "exceeded_papers_count": 0,
      "exceeded_papers_steal_winning": 0,
      "exceeded_papers_provide_extra_places": 0,
      "multiple_winners": 0,
      "checksum_valid": 1
    },
    "voters": {
      "initially_registered_count": 1650,
      "registered_count": 1671,
      "walk_by_count": 538,
      "on_home_count": 27,
      "ahead_of_time_count": 0,
      "exceptional_count": 0,
      "added_count": 21
    },
    "papers": {
      "received_count": 1500,
      "destroyed_count": 935,
      "stationary_box_count": 538,
      "portable_box_count": 27,
      "valid_count": 553,
      "invalid_count": 12,
      "lost_count": 0,
      "ignored_count": 0,
      "taken_home_count": 0
    }
  },
  "entries": [
    {
      "name": "Всероссийская политическая партия \"ЕДИНАЯ РОССИЯ\"",
      "position": 2,
      "party_id": 5,
      "official_result": {
        "votes_count": 204,
        "place": 1,
        "percentage": 36.10619469026549,
        "valid_percentage": 36.88969258589512,
        "registered_percentage": 12.208258527827647,
        "display_percentage": 36.11,
        "winner": true
      },
      "result_without_other_entry": {
        "1": {
          "percentage": 47.33178654292343,
          "valid_percentage": 48.6873508353222
        },
        "3": {
          "percentage": 39.53488372093023,
          "valid_percentage": 40.476190476190474
        },