{
  "commission_name": "УИК №1395",
  "ballot_name": "Выборы депутатов Законодательного Собрания Санкт-Петербурга седьмого созыва",
  "name": "Результаты выборов по единому округу",
  "protocol_scope": {
    "type": "uik",
    "id": 1395
  },
  "electoral_district": {
    "type": "city",
    "id": 0
  },
  "data_id": 27820001915220,
  "ballot_data_id": 4784027343397,
  "has_koib": false,
  "generated_date": 1632124737000,
  "official_result": {
    "winner": {
      "id": 5,
      "position": 2,
      "percentage": 25.64102564102564,
      "valid_percentage": 26.442307692307693,
      "registered_percentage": 8.481110254433307
    },
    "turnout": {
      "count": 429,
      "percentage": 33.0763299922899,
      "walk_by_count": 418,
      "walk_by_percentage": 32.22821896684657,
      "on_home_count": 11,
      "on_home_percentage": 0.8481110254433308,
      "ahead_of_time_count": 0,
      "ahead_of_time_percentage": 0,
      "valid_count": 416,
      "valid_percentage": 32.07401696222051,
      "invalid_count": 13,
      "invalid_percentage": 1.002313030069391,
      "taken_home_count": 0,
      "taken_home_percentage": 0,
      "lost_count": 0,
      "lost_percentage": 0
    },
    "votes_stats": {
      "winning_count": 110,
      "winning_percentage": 25.64102564102564,
      "effective_count": 416,
      "losing_count": 306,
      "losing_percentage": 71.32867132867133,
      "other_count": 13,
      "other_percentage": 3.0303030303030303,
      "by_place": {
        "#1": {
          "count": 110,
          "percentage": 25.64102564102564
        },
        "#2": {
          "count": 91,
          "percentage": 21.21212121212121
        },
        "#3": {
          "count": 75,
          "percentage": 17.482517482517483
        },
        "#4": {
          "count": 45,
          "percentage": 10.48951048951049
        },
        "#5": {
          "count": 41,
          "percentage": 9.557109557109557
        },
        "#6": {
          "count": 29,
          "percentage": 6.75990675990676
        },
        "#7": {
          "count": 17,
          "percentage": 3.9627039627039626
        },
        "#8": {
          "count": 8,
          "percentage": 1.8648018648018647
        }
      }
    }
  },
  "turnout_protocols": {
    "17.09.2021": {
      "15.00": {
        "count": 101,
        "count_delta": 101,
        "count_delta_per_hour": 14.428571428571429,
        "count_delta_per_minute": 0.24047619047619048,
        "percentage": 7.84,
        "percentage_delta": 7.84,
        "percentage_delta_per_hour": 1.1199999999999999,
        "percentage_delta_per_minute": 0.018666666666666665,
        "registered_count": 1288,
        "registered_count_delta": 1288,
        "registered_count_delta_per_hour": 184,
        "registered_count_delta_per_minute": 3.066666666666667
      },
      "20.00": {
        "count": 125,
        "count_delta": 24,
        "count_delta_per_hour": 4.8,
        "count_delta_per_minute": 0.08,
        "percentage": 9.7,
        "percentage_delta": 1.8599999999999994,
        "percentage_delta_per_hour": 0.3719999999999999,
        "percentage_delta_per_minute": 0.006199999999999998,
        "registered_count": 1289,
        "registered_count_delta": 1,
        "registered_count_delta_per_hour": 0.2,
        "registered_count_delta_per_minute": 0.0033333333333333335
      }
    },
    "18.09.2021": {
      "15.00": {
        "count": 173,
        "count_delta": 48,
        "count_delta_per_hour": 6.857142857142857,
        "count_delta_per_minute": 0.11428571428571428,
        "percentage": 13.41,
        "percentage_delta": 3.710000000000001,
        "percentage_delta_per_hour": 0.5300000000000001,
        "percentage_delta_per_minute": 0.008833333333333335,
        "registered_count": 1290,
        "registered_count_delta": 1,
        "registered_count_delta_per_hour": 0.14285714285714285,
        "registered_count_delta_per_minute": 0.002380952380952381
      },
      "20.00": {
        "count": 203,
        "count_delta": 30,
        "count_delta_per_hour": 6,
        "count_delta_per_minute": 0.1,
        "percentage": 15.72,
        "percentage_delta": 2.3100000000000005,
        "percentage_delta_per_hour": 0.4620000000000001,
        "percentage_delta_per_minute": 0.007700000000000002,
        "registered_count": 1291,
        "registered_count_delta": 1,
        "registered_count_delta_per_hour": 0.2,
        "registered_count_delta_per_minute": 0.0033333333333333335
      }
    },
    "19.09.2021": {
      "10.00": {
        "count": 209,
        "count_delta": 6,
        "count_delta_per_hour": 3,
        "count_delta_per_minute": 0.05,
        "percentage": 16.12,
        "percentage_delta": 0.40000000000000036,
        "percentage_delta_per_hour": 0.20000000000000018,
        "percentage_delta_per_minute": 0.003333333333333336
      },
      "12.00": {
        "count": 249,
        "count_delta": 40,
        "count_delta_per_hour": 20,
        "count_delta_per_minute": 0.3333333333333333,
        "percentage": 19.21,
        "percentage_delta": 3.09,
        "percentage_delta_per_hour": 1.545,
        "percentage_delta_per_minute": 0.02575
      },
      "15.00": {
        "count": 293,
        "count_delta": 44,
        "count_delta_per_hour": 14.666666666666666,
        "count_delta_per_minute": 0.24444444444444444,
        "percentage": 22.62,
        "percentage_delta": 3.41,
        "percentage_delta_per_hour": 1.1366666666666667,
        "percentage_delta_per_minute": 0.018944444444444444
      },
      "18.00": {
        "count": 380,
        "count_delta": 87,
        "count_delta_per_hour": 29,
        "count_delta_per_minute": 0.48333333333333334,
        "percentage": 29.3,
        "percentage_delta": 6.68,
        "percentage_delta_per_hour": 2.2266666666666666,
        "percentage_delta_per_minute": 0.03711111111111111
      },
      "20.00": {
        "count": 429,
        "count_delta": 49,
        "count_delta_per_hour": 24.5,
        "count_delta_per_minute": 0.4083333333333333,
        "percentage": 33.0763299922899,
        "percentage_delta": 3.7763299922898987,
        "percentage_delta_per_hour": 1.8881649961449494,
        "percentage_delta_per_minute": 0.031469416602415826,
        "registered_count": 1297,
        "registered_count_delta": 6,
        "registered_count_delta_per_hour": 0.5,
        "registered_count_delta_per_minute": 0.008333333333333333
      }
    }
  },
  "metadata": {
    "analysis": {
      "protocol_count": 1,
      "exceeded_papers_count": 0,
      "exceeded_papers_steal_winning": 0,
      "exceeded_papers_provide_extra_places": 0,
      "multiple_winners": 0,
      "checksum_valid": 1
    },
    "voters": {
      "initially_registered_count": 1288,
      "registered_count": 1297,
      "walk_by_count": 418,
      "on_home_count": 11,
      "ahead_of_time_count": 0,
      "exceptional_count": 0,
      "added_count": 9
    },
    "papers": {
      "received_count": 1200,
      "destroyed_count": 771,
      "stationary_box_count": 418,
      "portable_box_count": 11,
      "valid_count": 416,
      "invalid_count": 13,
      "lost_count": 0,
      "ignored_count": 0,
      "taken_home_count": 0
    }
  },
  "entries": [
    {
      "name": "Всероссийская политическая партия \"ЕДИНАЯ РОССИЯ\"",
      "position": 2,
      "party_id": 5,
      "official_result": {
        "votes_count": 110,
        "place": 1,
        "percentage": 25.64102564102564,
        "valid_percentage": 26.442307692307693,
        "registered_percentage": 8.481110254433307,
        "display_percentage": 25.64,
        "winner": true
      },
      "result_without_other_entry": {
        "1": {
          "percentage": 31.07344632768362,
          "valid_percentage": 32.25806451612903
        },
        "3": {
          "percentage": 26.699029126213592,
          "valid_percentage": 27.56892230576441
        },
        "4": {
          "percentage": 28.350515463917525,