{
  "commission_name": "УИК №812",
  "ballot_name": "Выборы депутатов Законодательного Собрания Санкт-Петербурга седьмого созыва",
  "name": "Результаты выборов по единому округу",
  "protocol_scope": {
    "type": "uik",
    "id": 812
  },
  "electoral_district": {
    "type": "city",
    "id": 0
  },
  "data_id": 27820001915220,
  "ballot_data_id": 4784020563800,
  "has_koib": false,
  "generated_date": 1632128692000,
  "official_result": {
    "winner": {
      "id": 5,
      "position": 2,
      "percentage": 31.472081218274113,
      "valid_percentage": 32.20779220779221,
      "registered_percentage": 11.524163568773234
    },
    "turnout": {
      "count": 788,
      "percentage": 36.61710037174721,
      "walk_by_count": 778,
      "walk_by_percentage": 36.152416356877325,
      "on_home_count": 10,
      "on_home_percentage": 0.4646840148698885,
      "ahead_of_time_count": 0,
      "ahead_of_time_percentage": 0,
      "valid_count": 770,
      "valid_percentage": 35.78066914498142,
      "invalid_count": 18,
      "invalid_percentage": 0.8364312267657992,
      "taken_home_count": 0,
      "taken_home_percentage": 0,
      "lost_count": 0,
      "lost_percentage": 0
    },
    "votes_stats": {
      "winning_count": 248,
      "winning_percentage": 31.472081218274113,
      "effective_count": 770,
      "losing_count": 522,
      "losing_percentage": 66.24365482233503,
      "other_count": 18,
      "other_percentage": 2.284263959390863,
      "by_place": {
        "#1": {
          "count": 248,
          "percentage": 31.472081218274113
        },
        "#2": {
          "count": 133,
          "percentage": 16.878172588832488
        },
        "#3": {
          "count": 127,
          "percentage": 16.116751269035532
        },
        "#4": {
          "count": 94,
          "percentage": 11.928934010152284
        },
        "#5": {
          "count": 76,
          "percentage": 9.644670050761421
        },
        "#6": {
          "count": 49,
          "percentage": 6.218274111675127
        },
        "#7": {
          "count": 26,
          "percentage": 3.2994923857868024
        },
        "#8": {
          "count": 17,
          "percentage": 2.1573604060913705
        }
      }
    }
  },
  "turnout_protocols": {
    "17.09.2021": {
      "15.00": {
        "count": 116,
        "count_delta": 116,
        "count_delta_per_hour": 16.571428571428573,
        "count_delta_per_minute": 0.2761904761904762,
        "percentage": 5.52,
        "percentage_delta": 5.52,
        "percentage_delta_per_hour": 0.7885714285714285,
        "percentage_delta_per_minute": 0.013142857142857142,
        "registered_count": 2101,
        "registered_count_delta": 2101,
        "registered_count_delta_per_hour": 300.14285714285717,
        "registered_count_delta_per_minute": 5.002380952380952
      },
      "20.00": {
        "count": 208,
        "count_delta": 92,
        "count_delta_per_hour": 18.4,
        "count_delta_per_minute": 0.30666666666666664,
        "percentage": 9.9,
        "percentage_delta": 4.380000000000001,
        "percentage_delta_per_hour": 0.8760000000000001,
        "percentage_delta_per_minute": 0.014600000000000002,
        "registered_count": 2101,
        "registered_count_delta": 0,
        "registered_count_delta_per_hour": 0,
        "registered_count_delta_per_minute": 0
      }
    },
    "18.09.2021": {
      "15.00": {
        "count": 317,
        "count_delta": 109,
        "count_delta_per_hour": 15.571428571428571,
        "count_delta_per_minute": 0.25952380952380955,
        "percentage": 15.08,
        "percentage_delta": 5.18,
        "percentage_delta_per_hour": 0.74,
        "percentage_delta_per_minute": 0.012333333333333333,
        "registered_count": 2102,
        "registered_count_delta": 1,
        "registered_count_delta_per_hour": 0.14285714285714285,
        "registered_count_delta_per_minute": 0.002380952380952381
      },
      "20.00": {
        "count": 390,
        "count_delta": 73,
        "count_delta_per_hour": 14.6,
        "count_delta_per_minute": 0.24333333333333335,
        "percentage": 18.55,
        "percentage_delta": 3.4700000000000006,
        "percentage_delta_per_hour": 0.6940000000000002,
        "percentage_delta_per_minute": 0.01156666666666667,
        "registered_count": 2102,
        "registered_count_delta": 0,
        "registered_count_delta_per_hour": 0,
        "registered_count_delta_per_minute": 0
      }
    },
    "19.09.2021": {
      "10.00": {
        "count": 426,
        "count_delta": 36,
        "count_delta_per_hour": 18,
        "count_delta_per_minute": 0.3,
        "percentage": 19.79,
        "percentage_delta": 1.2399999999999984,
        "percentage_delta_per_hour": 0.6199999999999992,
        "percentage_delta_per_minute": 0.010333333333333321
      },
      "12.00": {
        "count": 474,
        "count_delta": 48,
        "count_delta_per_hour": 24,
        "count_delta_per_minute": 0.4,
        "percentage": 22.03,
        "percentage_delta": 2.240000000000002,
        "percentage_delta_per_hour": 1.120000000000001,
        "percentage_delta_per_minute": 0.018666666666666682
      },
      "15.00": {
        "count": 614,
        "count_delta": 140,
        "count_delta_per_hour": 46.666666666666664,
        "count_delta_per_minute": 0.7777777777777778,
        "percentage": 28.54,
        "percentage_delta": 6.509999999999998,
        "percentage_delta_per_hour": 2.1699999999999995,
        "percentage_delta_per_minute": 0.03616666666666665
      },
      "18.00": {
        "count": 617,
        "count_delta": 3,
        "count_delta_per_hour": 1,
        "count_delta_per_minute": 0.016666666666666666,
        "percentage": 28.69,
        "percentage_delta": 0.15000000000000213,
        "percentage_delta_per_hour": 0.05000000000000071,
        "percentage_delta_per_minute": 0.0008333333333333452
      },
      "20.00": {
        "count": 788,
        "count_delta": 171,
        "count_delta_per_hour": 85.5,
        "count_delta_per_minute": 1.425,
        "percentage": 36.61710037174721,
        "percentage_delta": 7.927100371747212,
        "percentage_delta_per_hour": 3.963550185873606,
        "percentage_delta_per_minute": 0.0660591697645601,
        "registered_count": 2152,
        "registered_count_delta": 50,
        "registered_count_delta_per_hour": 4.166666666666667,
        "registered_count_delta_per_minute": 0.06944444444444445
      }
    }
  },
  "metadata": {
    "analysis": {
      "protocol_count": 1,
      "exceeded_papers_count": 0,
      "exceeded_papers_steal_winning": 0,
      "exceeded_papers_provide_extra_places": 0,
      "multiple_winners": 0,
      "checksum_valid": 1,
      "stuffed_protocol_for_5": 1,
      "stuffed_votes_for_5": 57.91866913123846
    },
    "voters": {
      "initially_registered_count": 2102,
      "registered_count": 2152,
      "walk_by_count": 778,
      "on_home_count": 10,
      "ahead_of_time_count": 0,
      "exceptional_count": 0,
      "added_count": 50
    },
    "papers": {
      "received_count": 1500,
      "destroyed_count": 712,
      "stationary_box_count": 778,
      "portable_box_count": 10,
      "valid_count": 770,
      "invalid_count": 18,
      "lost_count": 0,
      "ignored_count": 0,
      "taken_home_count": 0
    }
  },
  "entries": [
    {
      "name": "Всероссийская политическая партия \"ЕДИНАЯ РОССИЯ\"",
      "position": 2,
      "party_id": 5,
      "official_result": {
        "votes_count": 248,
        "place": 1,
        "percentage": 31.472081218274113,
        "valid_percentage": 32.20779220779221,
        "registered_percentage": 11.524163568773234,
        "display_percentage": 31.47,
        "winner": true
      },
      "result_without_other_entry": {
        "1": {
          "percentage": 37.518910741301056,
          "valid_percentage": 38.56920684292379
        },
        "3": {
          "percentage": 33.55886332882274,