{
  "commission_name": "УИК №360",
  "ballot_name": "Выборы депутатов Законодательного Собрания Санкт-Петербурга седьмого созыва",
  "name": "Результаты выборов по единому округу",
  "protocol_scope": {
    "type": "uik",
    "id": 360
  },
  "electoral_district": {
    "type": "city",
    "id": 0
  },
  "data_id": 27820001915220,
  "ballot_data_id": 4784024397201,
  "has_koib": false,
  "generated_date": 1632112502000,
  "official_result": {
    "winner": {
      "id": 5,
      "position": 2,
      "percentage": 22.982885085574573,
      "valid_percentage": 23.5,
      "registered_percentage": 8.943862987630828
    },
    "turnout": {
      "count": 409,
      "percentage": 38.91531874405329,
      "walk_by_count": 400,
      "walk_by_percentage": 38.05899143672693,
      "on_home_count": 9,
      "on_home_percentage": 0.8563273073263558,
      "ahead_of_time_count": 0,
      "ahead_of_time_percentage": 0,
      "valid_count": 400,
      "valid_percentage": 38.05899143672693,
      "invalid_count": 9,
      "invalid_percentage": 0.8563273073263558,
      "taken_home_count": 0,
      "taken_home_percentage": 0,
      "lost_count": 0,
      "lost_percentage": 0
    },
    "votes_stats": {
      "winning_count": 94,
      "winning_percentage": 22.982885085574573,
      "effective_count": 400,
      "losing_count": 306,
      "losing_percentage": 74.81662591687042,
      "other_count": 9,
      "other_percentage": 2.2004889975550124,
      "by_place": {
        "#1": {
          "count": 94,
          "percentage": 22.982885085574573
        },
        "#2": {
          "count": 90,
          "percentage": 22.00488997555012
        },
        "#3": {
          "count": 72,
          "percentage": 17.6039119804401
        },
        "#4": {
          "count": 60,
          "percentage": 14.66992665036675
        },
        "#5": {
          "count": 26,
          "percentage": 6.356968215158925
        },
        "#6": {
          "count": 24,
          "percentage": 5.8679706601467
        },
        "#7": {
          "count": 18,
          "percentage": 4.400977995110025
        },
        "#8": {
          "count": 16,
          "percentage": 3.9119804400977993
        }
      }
    }
  },
  "turnout_protocols": {
    "17.09.2021": {
      "15.00": {
        "count": 58,
        "count_delta": 58,
        "count_delta_per_hour": 8.285714285714286,
        "count_delta_per_minute": 0.1380952380952381,
        "percentage": 5.58,
        "percentage_delta": 5.58,
        "percentage_delta_per_hour": 0.7971428571428572,
        "percentage_delta_per_minute": 0.013285714285714286,
        "registered_count": 1039,
        "registered_count_delta": 1039,
        "registered_count_delta_per_hour": 148.42857142857142,
        "registered_count_delta_per_minute": 2.473809523809524
      },
      "20.00": {
        "count": 117,
        "count_delta": 59,
        "count_delta_per_hour": 11.8,
        "count_delta_per_minute": 0.19666666666666666,
        "percentage": 11.26,
        "percentage_delta": 5.68,
        "percentage_delta_per_hour": 1.136,
        "percentage_delta_per_minute": 0.018933333333333333,
        "registered_count": 1039,
        "registered_count_delta": 0,
        "registered_count_delta_per_hour": 0,
        "registered_count_delta_per_minute": 0
      }
    },
    "18.09.2021": {
      "15.00": {
        "count": 155,
        "count_delta": 38,
        "count_delta_per_hour": 5.428571428571429,
        "count_delta_per_minute": 0.09047619047619047,
        "percentage": 14.92,
        "percentage_delta": 3.66,
        "percentage_delta_per_hour": 0.5228571428571429,
        "percentage_delta_per_minute": 0.008714285714285714,
        "registered_count": 1039,
        "registered_count_delta": 0,
        "registered_count_delta_per_hour": 0,
        "registered_count_delta_per_minute": 0
      },
      "20.00": {
        "count": 208,
        "count_delta": 53,
        "count_delta_per_hour": 10.6,
        "count_delta_per_minute": 0.17666666666666667,
        "percentage": 20.02,
        "percentage_delta": 5.1,
        "percentage_delta_per_hour": 1.02,
        "percentage_delta_per_minute": 0.016999999999999998,
        "registered_count": 1039,
        "registered_count_delta": 0,
        "registered_count_delta_per_hour": 0,
        "registered_count_delta_per_minute": 0
      }
    },
    "19.09.2021": {
      "10.00": {
        "count": 210,
        "count_delta": 2,
        "count_delta_per_hour": 1,
        "count_delta_per_minute": 0.016666666666666666,
        "percentage": 20.02,
        "percentage_delta": 0,
        "percentage_delta_per_hour": 0,
        "percentage_delta_per_minute": 0
      },
      "12.00": {
        "count": 227,
        "count_delta": 17,
        "count_delta_per_hour": 8.5,
        "count_delta_per_minute": 0.14166666666666666,
        "percentage": 21.56,
        "percentage_delta": 1.5399999999999991,
        "percentage_delta_per_hour": 0.7699999999999996,
        "percentage_delta_per_minute": 0.012833333333333327
      },
      "15.00": {
        "count": 289,
        "count_delta": 62,
        "count_delta_per_hour": 20.666666666666668,
        "count_delta_per_minute": 0.34444444444444444,
        "percentage": 27.53,
        "percentage_delta": 5.970000000000002,
        "percentage_delta_per_hour": 1.9900000000000009,
        "percentage_delta_per_minute": 0.03316666666666668
      },
      "18.00": {
        "count": 343,
        "count_delta": 54,
        "count_delta_per_hour": 18,
        "count_delta_per_minute": 0.3,
        "percentage": 32.63,
        "percentage_delta": 5.100000000000001,
        "percentage_delta_per_hour": 1.7000000000000004,
        "percentage_delta_per_minute": 0.028333333333333342
      },
      "20.00": {
        "count": 409,
        "count_delta": 66,
        "count_delta_per_hour": 33,
        "count_delta_per_minute": 0.55,
        "percentage": 38.91531874405329,
        "percentage_delta": 6.285318744053285,
        "percentage_delta_per_hour": 3.1426593720266425,
        "percentage_delta_per_minute": 0.05237765620044404,
        "registered_count": 1051,
        "registered_count_delta": 12,
        "registered_count_delta_per_hour": 1,
        "registered_count_delta_per_minute": 0.016666666666666666
      }
    }
  },
  "metadata": {
    "analysis": {
      "protocol_count": 1,
      "exceeded_papers_count": 0,
      "exceeded_papers_steal_winning": 0,
      "exceeded_papers_provide_extra_places": 0,
      "multiple_winners": 0,
      "checksum_valid": 1
    },
    "voters": {
      "initially_registered_count": 1039,
      "registered_count": 1051,
      "walk_by_count": 400,
      "on_home_count": 9,
      "ahead_of_time_count": 0,
      "exceptional_count": 0,
      "added_count": 12
    },
    "papers": {
      "received_count": 1000,
      "destroyed_count": 591,
      "stationary_box_count": 400,
      "portable_box_count": 9,
      "valid_count": 400,
      "invalid_count": 9,
      "lost_count": 0,
      "ignored_count": 0,
      "taken_home_count": 0
    }
  },
  "entries": [
    {
      "name": "Всероссийская политическая партия \"ЕДИНАЯ РОССИЯ\"",
      "position": 2,
      "party_id": 5,
      "official_result": {
        "votes_count": 94,
        "place": 1,
        "percentage": 22.982885085574573,
        "valid_percentage": 23.5,
        "registered_percentage": 8.943862987630828,
        "display_percentage": 22.98,
        "winner": true
      },
      "result_without_other_entry": {
        "1": {
          "percentage": 27.89317507418398,
          "valid_percentage": 28.65853658536585
        },
        "3": {
          "percentage": 24.415584415584416,
          "valid_percentage": 25
        },
        "4": {
          "percentage": 24.54308093994778,
          "valid_percentage": 25.13368983957219
        },
        "6": {
          "percentage": 26.93409742120344,