{
  "commission_name": "УИК №306",
  "ballot_name": "Выборы депутатов Законодательного Собрания Санкт-Петербурга седьмого созыва",
  "name": "Результаты выборов по единому округу",
  "protocol_scope": {
    "type": "uik",
    "id": 306
  },
  "electoral_district": {
    "type": "city",
    "id": 0
  },
  "data_id": 27820001915220,
  "ballot_data_id": 4784018429873,
  "has_koib": false,
  "generated_date": 1632131171000,
  "official_result": {
    "winner": {
      "id": 1,
      "position": 6,
      "percentage": 24.466750313676286,
      "valid_percentage": 25.03209242618742,
      "registered_percentage": 6.854130052724078
    },
    "turnout": {
      "count": 798,
      "percentage": 28.04920913884007,
      "walk_by_count": 740,
      "walk_by_percentage": 26.01054481546573,
      "on_home_count": 58,
      "on_home_percentage": 2.038664323374341,
      "ahead_of_time_count": 0,
      "ahead_of_time_percentage": 0,
      "valid_count": 779,
      "valid_percentage": 27.381370826010542,
      "invalid_count": 18,
      "invalid_percentage": 0.632688927943761,
      "taken_home_count": 1,
      "taken_home_percentage": 0.0351493848857645,
      "lost_count": 0,
      "lost_percentage": 0
    },
    "votes_stats": {
      "winning_count": 195,
      "winning_percentage": 24.466750313676286,
      "effective_count": 779,
      "losing_count": 584,
      "losing_percentage": 73.27478042659975,
      "other_count": 18,
      "other_percentage": 2.258469259723965,
      "by_place": {
        "#1": {
          "count": 195,
          "percentage": 24.466750313676286
        },
        "#2": {
          "count": 189,
          "percentage": 23.71392722710163
        },
        "#3": {
          "count": 98,
          "percentage": 12.296110414052698
        },
        "#4": {
          "count": 97,
          "percentage": 12.170639899623588
        },
        "#5": {
          "count": 86,
          "percentage": 10.790464240903388
        },
        "#6": {
          "count": 66,
          "percentage": 8.281053952321205
        },
        "#7": {
          "count": 33,
          "percentage": 4.1405269761606025
        },
        "#8": {
          "count": 15,
          "percentage": 1.8820577164366372
        }
      }
    }
  },
  "turnout_protocols": {
    "17.09.2021": {
      "15.00": {
        "count": 95,
        "count_delta": 95,
        "count_delta_per_hour": 13.571428571428571,
        "count_delta_per_minute": 0.2261904761904762,
        "percentage": 3.33,
        "percentage_delta": 3.33,
        "percentage_delta_per_hour": 0.4757142857142857,
        "percentage_delta_per_minute": 0.007928571428571429,
        "registered_count": 2853,
        "registered_count_delta": 2853,
        "registered_count_delta_per_hour": 407.57142857142856,
        "registered_count_delta_per_minute": 6.792857142857143
      },
      "20.00": {
        "count": 196,
        "count_delta": 101,
        "count_delta_per_hour": 20.2,
        "count_delta_per_minute": 0.33666666666666667,
        "percentage": 6.87,
        "percentage_delta": 3.54,
        "percentage_delta_per_hour": 0.708,
        "percentage_delta_per_minute": 0.0118,
        "registered_count": 2853,
        "registered_count_delta": 0,
        "registered_count_delta_per_hour": 0,
        "registered_count_delta_per_minute": 0
      }
    },
    "18.09.2021": {
      "15.00": {
        "count": 285,
        "count_delta": 89,
        "count_delta_per_hour": 12.714285714285714,
        "count_delta_per_minute": 0.2119047619047619,
        "percentage": 9.98,
        "percentage_delta": 3.1100000000000003,
        "percentage_delta_per_hour": 0.44428571428571434,
        "percentage_delta_per_minute": 0.007404761904761905,
        "registered_count": 2856,
        "registered_count_delta": 3,
        "registered_count_delta_per_hour": 0.42857142857142855,
        "registered_count_delta_per_minute": 0.007142857142857143
      },
      "20.00": {
        "count": 408,
        "count_delta": 123,
        "count_delta_per_hour": 24.6,
        "count_delta_per_minute": 0.41,
        "percentage": 14.29,
        "percentage_delta": 4.309999999999999,
        "percentage_delta_per_hour": 0.8619999999999998,
        "percentage_delta_per_minute": 0.014366666666666663,
        "registered_count": 2855,
        "registered_count_delta": -1,
        "registered_count_delta_per_hour": -0.2,
        "registered_count_delta_per_minute": -0.0033333333333333335
      }
    },
    "19.09.2021": {
      "10.00": {
        "count": 417,
        "count_delta": 9,
        "count_delta_per_hour": 4.5,
        "count_delta_per_minute": 0.075,
        "percentage": 14.64,
        "percentage_delta": 0.3500000000000014,
        "percentage_delta_per_hour": 0.1750000000000007,
        "percentage_delta_per_minute": 0.0029166666666666785
      },
      "12.00": {
        "count": 483,
        "count_delta": 66,
        "count_delta_per_hour": 33,
        "count_delta_per_minute": 0.55,
        "percentage": 16.99,
        "percentage_delta": 2.349999999999998,
        "percentage_delta_per_hour": 1.174999999999999,
        "percentage_delta_per_minute": 0.019583333333333317
      },
      "15.00": {
        "count": 673,
        "count_delta": 190,
        "count_delta_per_hour": 63.333333333333336,
        "count_delta_per_minute": 1.0555555555555556,
        "percentage": 23.64,
        "percentage_delta": 6.650000000000002,
        "percentage_delta_per_hour": 2.2166666666666672,
        "percentage_delta_per_minute": 0.03694444444444445
      },
      "18.00": {
        "count": 749,
        "count_delta": 76,
        "count_delta_per_hour": 25.333333333333332,
        "count_delta_per_minute": 0.4222222222222222,
        "percentage": 26.32,
        "percentage_delta": 2.6799999999999997,
        "percentage_delta_per_hour": 0.8933333333333332,
        "percentage_delta_per_minute": 0.014888888888888887
      },
      "20.00": {
        "count": 798,
        "count_delta": 49,
        "count_delta_per_hour": 24.5,
        "count_delta_per_minute": 0.4083333333333333,
        "percentage": 28.04920913884007,
        "percentage_delta": 1.7292091388400692,
        "percentage_delta_per_hour": 0.8646045694200346,
        "percentage_delta_per_minute": 0.014410076157000577,
        "registered_count": 2845,
        "registered_count_delta": -10,
        "registered_count_delta_per_hour": -0.8333333333333334,
        "registered_count_delta_per_minute": -0.013888888888888888
      }
    }
  },
  "metadata": {
    "analysis": {
      "negative_turnout_registered_count_protocols": 1,
      "negative_turnout_registered_count": 10,
      "protocol_count": 1,
      "exceeded_papers_count": 0,
      "exceeded_papers_steal_winning": 0,
      "exceeded_papers_provide_extra_places": 0,
      "multiple_winners": 0,
      "checksum_valid": 1
    },
    "voters": {
      "initially_registered_count": 2855,
      "registered_count": 2845,
      "walk_by_count": 740,
      "on_home_count": 58,
      "ahead_of_time_count": 0,
      "exceptional_count": 0,
      "removed_count": 10
    },
    "papers": {
      "received_count": 2500,
      "destroyed_count": 1702,
      "stationary_box_count": 739,
      "portable_box_count": 58,
      "valid_count": 779,
      "invalid_count": 18,
      "lost_count": 0,
      "ignored_count": 0,
      "taken_home_count": 1
    }
  },
  "entries": [
    {
      "name": "Политическая партия \"КОММУНИСТИЧЕСКАЯ ПАРТИЯ РОССИЙСКОЙ ФЕДЕРАЦИИ\"",
      "position": 6,
      "party_id": 1,
      "official_result": {
        "votes_count": 195,
        "place": 1,
        "percentage": 24.466750313676286,
        "valid_percentage": 25.03209242618742,
        "registered_percentage": 6.854130052724078,
        "display_percentage": 24.47,
        "winner": true
      },
      "result_without_other_entry": {
        "3": {
          "percentage": 26.67578659370725,