{
  "commission_name": "УИК №366",
  "ballot_name": "Выборы депутатов Законодательного Собрания Санкт-Петербурга седьмого созыва",
  "name": "Результаты выборов по единому округу",
  "protocol_scope": {
    "type": "uik",
    "id": 366
  },
  "electoral_district": {
    "type": "city",
    "id": 0
  },
  "data_id": 27820001915220,
  "ballot_data_id": 4784024397207,
  "has_koib": false,
  "generated_date": 1632127258000,
  "official_result": {
    "winner": {
      "id": 4,
      "position": 1,
      "percentage": 20.727272727272727,
      "valid_percentage": 21.34831460674157,
      "registered_percentage": 9.802235597592434
    },
    "turnout": {
      "count": 550,
      "percentage": 47.2914875322442,
      "walk_by_count": 432,
      "walk_by_percentage": 37.14531384350817,
      "on_home_count": 118,
      "on_home_percentage": 10.146173688736027,
      "ahead_of_time_count": 0,
      "ahead_of_time_percentage": 0,
      "valid_count": 534,
      "valid_percentage": 45.915735167669816,
      "invalid_count": 16,
      "invalid_percentage": 1.3757523645743766,
      "taken_home_count": 0,
      "taken_home_percentage": 0,
      "lost_count": 0,
      "lost_percentage": 0
    },
    "votes_stats": {
      "winning_count": 114,
      "winning_percentage": 20.727272727272727,
      "effective_count": 534,
      "losing_count": 420,
      "losing_percentage": 76.36363636363637,
      "other_count": 16,
      "other_percentage": 2.909090909090909,
      "by_place": {
        "#1": {
          "count": 114,
          "percentage": 20.727272727272727
        },
        "#2": {
          "count": 113,
          "percentage": 20.545454545454543
        },
        "#3": {
          "count": 98,
          "percentage": 17.81818181818182
        },
        "#4": {
          "count": 87,
          "percentage": 15.818181818181817
        },
        "#5": {
          "count": 43,
          "percentage": 7.818181818181818
        },
        "#6": {
          "count": 41,
          "percentage": 7.454545454545454
        },
        "#7": {
          "count": 25,
          "percentage": 4.545454545454546
        },
        "#8": {
          "count": 13,
          "percentage": 2.3636363636363638
        }
      }
    }
  },
  "turnout_protocols": {
    "17.09.2021": {
      "15.00": {
        "count": 70,
        "count_delta": 70,
        "count_delta_per_hour": 10,
        "count_delta_per_minute": 0.16666666666666666,
        "percentage": 6.1,
        "percentage_delta": 6.1,
        "percentage_delta_per_hour": 0.8714285714285713,
        "percentage_delta_per_minute": 0.014523809523809522,
        "registered_count": 1148,
        "registered_count_delta": 1148,
        "registered_count_delta_per_hour": 164,
        "registered_count_delta_per_minute": 2.7333333333333334
      },
      "20.00": {
        "count": 232,
        "count_delta": 162,
        "count_delta_per_hour": 32.4,
        "count_delta_per_minute": 0.54,
        "percentage": 19.91,
        "percentage_delta": 13.81,
        "percentage_delta_per_hour": 2.762,
        "percentage_delta_per_minute": 0.046033333333333336,
        "registered_count": 1165,
        "registered_count_delta": 17,
        "registered_count_delta_per_hour": 3.4,
        "registered_count_delta_per_minute": 0.056666666666666664
      }
    },
    "18.09.2021": {
      "15.00": {
        "count": 284,
        "count_delta": 52,
        "count_delta_per_hour": 7.428571428571429,
        "count_delta_per_minute": 0.12380952380952381,
        "percentage": 24.76,
        "percentage_delta": 4.850000000000001,
        "percentage_delta_per_hour": 0.6928571428571431,
        "percentage_delta_per_minute": 0.011547619047619051,
        "registered_count": 1147,
        "registered_count_delta": -18,
        "registered_count_delta_per_hour": -2.5714285714285716,
        "registered_count_delta_per_minute": -0.04285714285714286
      },
      "20.00": {
        "count": 341,
        "count_delta": 57,
        "count_delta_per_hour": 11.4,
        "count_delta_per_minute": 0.19,
        "percentage": 29.73,
        "percentage_delta": 4.969999999999999,
        "percentage_delta_per_hour": 0.9939999999999998,
        "percentage_delta_per_minute": 0.016566666666666664,
        "registered_count": 1147,
        "registered_count_delta": 0,
        "registered_count_delta_per_hour": 0,
        "registered_count_delta_per_minute": 0
      }
    },
    "19.09.2021": {
      "10.00": {
        "count": 305,
        "count_delta": -36,
        "count_delta_per_hour": -18,
        "count_delta_per_minute": -0.3,
        "percentage": 26.24,
        "percentage_delta": -3.490000000000002,
        "percentage_delta_per_hour": -1.745000000000001,
        "percentage_delta_per_minute": -0.02908333333333335
      },
      "12.00": {
        "count": 352,
        "count_delta": 47,
        "count_delta_per_hour": 23.5,
        "count_delta_per_minute": 0.39166666666666666,
        "percentage": 30.25,
        "percentage_delta": 4.010000000000002,
        "percentage_delta_per_hour": 2.005000000000001,
        "percentage_delta_per_minute": 0.03341666666666668
      },
      "15.00": {
        "count": 420,
        "count_delta": 68,
        "count_delta_per_hour": 22.666666666666668,
        "count_delta_per_minute": 0.37777777777777777,
        "percentage": 36.09,
        "percentage_delta": 5.840000000000003,
        "percentage_delta_per_hour": 1.9466666666666679,
        "percentage_delta_per_minute": 0.03244444444444446
      },
      "18.00": {
        "count": 497,
        "count_delta": 77,
        "count_delta_per_hour": 25.666666666666668,
        "count_delta_per_minute": 0.42777777777777776,
        "percentage": 42.72,
        "percentage_delta": 6.6299999999999955,
        "percentage_delta_per_hour": 2.2099999999999986,
        "percentage_delta_per_minute": 0.03683333333333331
      },
      "20.00": {
        "count": 550,
        "count_delta": 53,
        "count_delta_per_hour": 26.5,
        "count_delta_per_minute": 0.44166666666666665,
        "percentage": 47.2914875322442,
        "percentage_delta": 4.571487532244198,
        "percentage_delta_per_hour": 2.285743766122099,
        "percentage_delta_per_minute": 0.03809572943536832,
        "registered_count": 1163,
        "registered_count_delta": 16,
        "registered_count_delta_per_hour": 1.3333333333333333,
        "registered_count_delta_per_minute": 0.022222222222222223
      }
    }
  },
  "metadata": {
    "analysis": {
      "negative_turnout_registered_count_protocols": 1,
      "negative_turnout_registered_count": 18,
      "negative_turnout_percentage_protocols": 1,
      "negative_turnout_percentage": 3.490000000000002,
      "negative_turnout_count_protocols": 1,
      "negative_turnout_count": 36,
      "protocol_count": 1,
      "exceeded_papers_count": 0,
      "exceeded_papers_steal_winning": 0,
      "exceeded_papers_provide_extra_places": 0,
      "multiple_winners": 0,
      "checksum_valid": 1
    },
    "voters": {
      "initially_registered_count": 1147,
      "registered_count": 1163,
      "walk_by_count": 432,
      "on_home_count": 118,
      "ahead_of_time_count": 0,
      "exceptional_count": 0,
      "added_count": 16
    },
    "papers": {
      "received_count": 999,
      "destroyed_count": 449,
      "stationary_box_count": 432,
      "portable_box_count": 118,
      "valid_count": 534,
      "invalid_count": 16,
      "lost_count": 0,
      "ignored_count": 0,
      "taken_home_count": 0
    }
  },
  "entries": [
    {
      "name": "Политическая партия \"НОВЫЕ ЛЮДИ\"",
      "position": 1,
      "party_id": 4,
      "official_result": {
        "votes_count": 114,
        "place": 1,
        "percentage": 20.727272727272727,
        "valid_percentage": 21.34831460674157,
        "registered_percentage": 9.802235597592434,
        "display_percentage": 20.73,
        "winner": true
      },