{
  "commission_name": "УИК №1177",
  "ballot_name": "Выборы депутатов Законодательного Собрания Санкт-Петербурга седьмого созыва",
  "name": "Результаты выборов по единому округу",
  "protocol_scope": {
    "type": "uik",
    "id": 1177
  },
  "electoral_district": {
    "type": "city",
    "id": 0
  },
  "data_id": 27820001915220,
  "ballot_data_id": 478404682751,
  "has_koib": true,
  "generated_date": 1632112502000,
  "official_result": {
    "winner": {
      "id": 5,
      "position": 2,
      "percentage": 30.666666666666664,
      "valid_percentage": 31.506849315068493,
      "registered_percentage": 10.08140262993112
    },
    "turnout": {
      "count": 525,
      "percentage": 32.87413901064496,
      "walk_by_count": 503,
      "walk_by_percentage": 31.496556042579837,
      "on_home_count": 22,
      "on_home_percentage": 1.3775829680651221,
      "ahead_of_time_count": 0,
      "ahead_of_time_percentage": 0,
      "valid_count": 511,
      "valid_percentage": 31.99749530369443,
      "invalid_count": 14,
      "invalid_percentage": 0.8766437069505322,
      "taken_home_count": 0,
      "taken_home_percentage": 0,
      "lost_count": 0,
      "lost_percentage": 0
    },
    "votes_stats": {
      "winning_count": 161,
      "winning_percentage": 30.666666666666664,
      "effective_count": 511,
      "losing_count": 350,
      "losing_percentage": 66.66666666666666,
      "other_count": 14,
      "other_percentage": 2.666666666666667,
      "by_place": {
        "#1": {
          "count": 161,
          "percentage": 30.666666666666664
        },
        "#2": {
          "count": 102,
          "percentage": 19.428571428571427
        },
        "#3": {
          "count": 97,
          "percentage": 18.476190476190478
        },
        "#4": {
          "count": 46,
          "percentage": 8.761904761904763
        },
        "#5": {
          "count": 41,
          "percentage": 7.809523809523809
        },
        "#6": {
          "count": 32,
          "percentage": 6.095238095238095
        },
        "#7": {
          "count": 22,
          "percentage": 4.190476190476191
        },
        "#8": {
          "count": 10,
          "percentage": 1.9047619047619049
        }
      }
    }
  },
  "turnout_protocols": {
    "17.09.2021": {
      "15.00": {
        "count": 105,
        "count_delta": 105,
        "count_delta_per_hour": 15,
        "count_delta_per_minute": 0.25,
        "percentage": 6.58,
        "percentage_delta": 6.58,
        "percentage_delta_per_hour": 0.9400000000000001,
        "percentage_delta_per_minute": 0.015666666666666666,
        "registered_count": 1596,
        "registered_count_delta": 1596,
        "registered_count_delta_per_hour": 228,
        "registered_count_delta_per_minute": 3.8
      },
      "20.00": {
        "count": 158,
        "count_delta": 53,
        "count_delta_per_hour": 10.6,
        "count_delta_per_minute": 0.17666666666666667,
        "percentage": 9.9,
        "percentage_delta": 3.3200000000000003,
        "percentage_delta_per_hour": 0.664,
        "percentage_delta_per_minute": 0.011066666666666667,
        "registered_count": 1596,
        "registered_count_delta": 0,
        "registered_count_delta_per_hour": 0,
        "registered_count_delta_per_minute": 0
      }
    },
    "18.09.2021": {
      "15.00": {
        "count": 184,
        "count_delta": 26,
        "count_delta_per_hour": 3.7142857142857144,
        "count_delta_per_minute": 0.06190476190476191,
        "percentage": 11.52,
        "percentage_delta": 1.6199999999999992,
        "percentage_delta_per_hour": 0.23142857142857132,
        "percentage_delta_per_minute": 0.0038571428571428554,
        "registered_count": 1597,
        "registered_count_delta": 1,
        "registered_count_delta_per_hour": 0.14285714285714285,
        "registered_count_delta_per_minute": 0.002380952380952381
      },
      "20.00": {
        "count": 274,
        "count_delta": 90,
        "count_delta_per_hour": 18,
        "count_delta_per_minute": 0.3,
        "percentage": 17.2,
        "percentage_delta": 5.68,
        "percentage_delta_per_hour": 1.136,
        "percentage_delta_per_minute": 0.018933333333333333,
        "registered_count": 1593,
        "registered_count_delta": -4,
        "registered_count_delta_per_hour": -0.8,
        "registered_count_delta_per_minute": -0.013333333333333334
      }
    },
    "19.09.2021": {
      "10.00": {
        "count": 294,
        "count_delta": 20,
        "count_delta_per_hour": 10,
        "count_delta_per_minute": 0.16666666666666666,
        "percentage": 18.39,
        "percentage_delta": 1.1900000000000013,
        "percentage_delta_per_hour": 0.5950000000000006,
        "percentage_delta_per_minute": 0.009916666666666678
      },
      "12.00": {
        "count": 328,
        "count_delta": 34,
        "count_delta_per_hour": 17,
        "count_delta_per_minute": 0.2833333333333333,
        "percentage": 20.55,
        "percentage_delta": 2.16,
        "percentage_delta_per_hour": 1.08,
        "percentage_delta_per_minute": 0.018000000000000002
      },
      "15.00": {
        "count": 410,
        "count_delta": 82,
        "count_delta_per_hour": 27.333333333333332,
        "count_delta_per_minute": 0.45555555555555555,
        "percentage": 25.67,
        "percentage_delta": 5.120000000000001,
        "percentage_delta_per_hour": 1.706666666666667,
        "percentage_delta_per_minute": 0.02844444444444445
      },
      "18.00": {
        "count": 483,
        "count_delta": 73,
        "count_delta_per_hour": 24.333333333333332,
        "count_delta_per_minute": 0.40555555555555556,
        "percentage": 30.24,
        "percentage_delta": 4.569999999999997,
        "percentage_delta_per_hour": 1.5233333333333323,
        "percentage_delta_per_minute": 0.02538888888888887
      },
      "20.00": {
        "count": 525,
        "count_delta": 42,
        "count_delta_per_hour": 21,
        "count_delta_per_minute": 0.35,
        "percentage": 32.87413901064496,
        "percentage_delta": 2.6341390106449616,
        "percentage_delta_per_hour": 1.3170695053224808,
        "percentage_delta_per_minute": 0.021951158422041348,
        "registered_count": 1597,
        "registered_count_delta": 4,
        "registered_count_delta_per_hour": 0.3333333333333333,
        "registered_count_delta_per_minute": 0.005555555555555556
      }
    }
  },
  "metadata": {
    "analysis": {
      "negative_turnout_registered_count_protocols": 1,
      "negative_turnout_registered_count": 4,
      "protocol_count": 1,
      "exceeded_papers_count": 0,
      "exceeded_papers_steal_winning": 0,
      "exceeded_papers_provide_extra_places": 0,
      "multiple_winners": 0,
      "checksum_valid": 1
    },
    "voters": {
      "initially_registered_count": 1594,
      "registered_count": 1597,
      "walk_by_count": 503,
      "on_home_count": 22,
      "ahead_of_time_count": 0,
      "exceptional_count": 0,
      "added_count": 3
    },
    "papers": {
      "received_count": 1500,
      "destroyed_count": 975,
      "stationary_box_count": 503,
      "portable_box_count": 22,
      "valid_count": 511,
      "invalid_count": 14,
      "lost_count": 0,
      "ignored_count": 0,
      "taken_home_count": 0
    }
  },
  "entries": [
    {
      "name": "Всероссийская политическая партия \"ЕДИНАЯ РОССИЯ\"",
      "position": 2,
      "party_id": 5,
      "official_result": {
        "votes_count": 161,
        "place": 1,
        "percentage": 30.666666666666664,
        "valid_percentage": 31.506849315068493,
        "registered_percentage": 10.08140262993112,
        "display_percentage": 30.67,
        "winner": true
      },
      "result_without_other_entry": {
        "1": {
          "percentage": 38.061465721040186,
          "valid_percentage": 39.36430317848411
        },
        "3": {
          "percentage": 33.61169102296451,