{
  "commission_name": "УИК №983",
  "ballot_name": "Выборы депутатов Законодательного Собрания Санкт-Петербурга седьмого созыва",
  "name": "Результаты выборов по единому округу",
  "protocol_scope": {
    "type": "uik",
    "id": 983
  },
  "electoral_district": {
    "type": "city",
    "id": 0
  },
  "data_id": 27820001915220,
  "ballot_data_id": 4784025362361,
  "has_koib": false,
  "generated_date": 1632114883000,
  "official_result": {
    "winner": {
      "id": 5,
      "position": 2,
      "percentage": 28.668941979522184,
      "valid_percentage": 28.865979381443296,
      "registered_percentage": 9.14534567229178
    },
    "turnout": {
      "count": 586,
      "percentage": 31.89983669025585,
      "walk_by_count": 566,
      "walk_by_percentage": 30.811105062602067,
      "on_home_count": 20,
      "on_home_percentage": 1.0887316276537833,
      "ahead_of_time_count": 0,
      "ahead_of_time_percentage": 0,
      "valid_count": 582,
      "valid_percentage": 31.682090364725095,
      "invalid_count": 4,
      "invalid_percentage": 0.21774632553075668,
      "taken_home_count": 0,
      "taken_home_percentage": 0,
      "lost_count": 0,
      "lost_percentage": 0
    },
    "votes_stats": {
      "winning_count": 168,
      "winning_percentage": 28.668941979522184,
      "effective_count": 582,
      "losing_count": 414,
      "losing_percentage": 70.64846416382252,
      "other_count": 4,
      "other_percentage": 0.6825938566552902,
      "by_place": {
        "#1": {
          "count": 168,
          "percentage": 28.668941979522184
        },
        "#2": {
          "count": 120,
          "percentage": 20.477815699658702
        },
        "#3": {
          "count": 111,
          "percentage": 18.941979522184297
        },
        "#4": {
          "count": 59,
          "percentage": 10.06825938566553
        },
        "#5": {
          "count": 53,
          "percentage": 9.044368600682594
        },
        "#6": {
          "count": 42,
          "percentage": 7.167235494880546
        },
        "#7": {
          "count": 24,
          "percentage": 4.09556313993174
        },
        "#8": {
          "count": 5,
          "percentage": 0.8532423208191127
        }
      }
    }
  },
  "turnout_protocols": {
    "17.09.2021": {
      "15.00": {
        "count": 102,
        "count_delta": 102,
        "count_delta_per_hour": 14.571428571428571,
        "count_delta_per_minute": 0.24285714285714285,
        "percentage": 5.55,
        "percentage_delta": 5.55,
        "percentage_delta_per_hour": 0.7928571428571428,
        "percentage_delta_per_minute": 0.013214285714285713,
        "registered_count": 1838,
        "registered_count_delta": 1838,
        "registered_count_delta_per_hour": 262.57142857142856,
        "registered_count_delta_per_minute": 4.376190476190477
      },
      "20.00": {
        "count": 196,
        "count_delta": 94,
        "count_delta_per_hour": 18.8,
        "count_delta_per_minute": 0.31333333333333335,
        "percentage": 10.67,
        "percentage_delta": 5.12,
        "percentage_delta_per_hour": 1.024,
        "percentage_delta_per_minute": 0.017066666666666667,
        "registered_count": 1837,
        "registered_count_delta": -1,
        "registered_count_delta_per_hour": -0.2,
        "registered_count_delta_per_minute": -0.0033333333333333335
      }
    },
    "18.09.2021": {
      "15.00": {
        "count": 236,
        "count_delta": 40,
        "count_delta_per_hour": 5.714285714285714,
        "count_delta_per_minute": 0.09523809523809523,
        "percentage": 12.85,
        "percentage_delta": 2.1799999999999997,
        "percentage_delta_per_hour": 0.3114285714285714,
        "percentage_delta_per_minute": 0.00519047619047619,
        "registered_count": 1837,
        "registered_count_delta": 0,
        "registered_count_delta_per_hour": 0,
        "registered_count_delta_per_minute": 0
      },
      "20.00": {
        "count": 293,
        "count_delta": 57,
        "count_delta_per_hour": 11.4,
        "count_delta_per_minute": 0.19,
        "percentage": 15.95,
        "percentage_delta": 3.0999999999999996,
        "percentage_delta_per_hour": 0.6199999999999999,
        "percentage_delta_per_minute": 0.010333333333333332,
        "registered_count": 1837,
        "registered_count_delta": 0,
        "registered_count_delta_per_hour": 0,
        "registered_count_delta_per_minute": 0
      }
    },
    "19.09.2021": {
      "10.00": {
        "count": 295,
        "count_delta": 2,
        "count_delta_per_hour": 1,
        "count_delta_per_minute": 0.016666666666666666,
        "percentage": 16.06,
        "percentage_delta": 0.10999999999999943,
        "percentage_delta_per_hour": 0.054999999999999716,
        "percentage_delta_per_minute": 0.0009166666666666619
      },
      "12.00": {
        "count": 305,
        "count_delta": 10,
        "count_delta_per_hour": 5,
        "count_delta_per_minute": 0.08333333333333333,
        "percentage": 16.6,
        "percentage_delta": 0.5400000000000027,
        "percentage_delta_per_hour": 0.27000000000000135,
        "percentage_delta_per_minute": 0.004500000000000022
      },
      "15.00": {
        "count": 434,
        "count_delta": 129,
        "count_delta_per_hour": 43,
        "count_delta_per_minute": 0.7166666666666667,
        "percentage": 23.63,
        "percentage_delta": 7.029999999999998,
        "percentage_delta_per_hour": 2.3433333333333324,
        "percentage_delta_per_minute": 0.039055555555555545
      },
      "18.00": {
        "count": 504,
        "count_delta": 70,
        "count_delta_per_hour": 23.333333333333332,
        "count_delta_per_minute": 0.3888888888888889,
        "percentage": 27.44,
        "percentage_delta": 3.8100000000000023,
        "percentage_delta_per_hour": 1.2700000000000007,
        "percentage_delta_per_minute": 0.02116666666666668
      },
      "20.00": {
        "count": 586,
        "count_delta": 82,
        "count_delta_per_hour": 41,
        "count_delta_per_minute": 0.6833333333333333,
        "percentage": 31.89983669025585,
        "percentage_delta": 4.459836690255848,
        "percentage_delta_per_hour": 2.229918345127924,
        "percentage_delta_per_minute": 0.03716530575213207,
        "registered_count": 1837,
        "registered_count_delta": 0,
        "registered_count_delta_per_hour": 0,
        "registered_count_delta_per_minute": 0
      }
    }
  },
  "metadata": {
    "analysis": {
      "negative_turnout_registered_count_protocols": 1,
      "negative_turnout_registered_count": 1,
      "protocol_count": 1,
      "exceeded_papers_count": 0,
      "exceeded_papers_steal_winning": 0,
      "exceeded_papers_provide_extra_places": 0,
      "multiple_winners": 0,
      "checksum_valid": 1
    },
    "voters": {
      "initially_registered_count": 1837,
      "registered_count": 1837,
      "walk_by_count": 566,
      "on_home_count": 20,
      "ahead_of_time_count": 0,
      "exceptional_count": 0
    },
    "papers": {
      "received_count": 1500,
      "destroyed_count": 914,
      "stationary_box_count": 566,
      "portable_box_count": 20,
      "valid_count": 582,
      "invalid_count": 4,
      "lost_count": 0,
      "ignored_count": 0,
      "taken_home_count": 0
    }
  },
  "entries": [
    {
      "name": "Всероссийская политическая партия \"ЕДИНАЯ РОССИЯ\"",
      "position": 2,
      "party_id": 5,
      "official_result": {
        "votes_count": 168,
        "place": 1,
        "percentage": 28.668941979522184,
        "valid_percentage": 28.865979381443296,
        "registered_percentage": 9.14534567229178,
        "display_percentage": 28.67,
        "winner": true
      },
      "result_without_other_entry": {
        "1": {
          "percentage": 36.05150214592275,
          "valid_percentage": 36.36363636363637
        },
        "3": {
          "percentage": 30.88235294117647,