{
  "commission_name": "УИК №528",
  "ballot_name": "Выборы депутатов Законодательного Собрания Санкт-Петербурга седьмого созыва",
  "name": "Результаты выборов по одномандатному (многомандатному) округу",
  "protocol_scope": {
    "type": "uik",
    "id": 528
  },
  "electoral_district": {
    "type": "city",
    "id": 7
  },
  "data_id": 27820001915220,
  "ballot_data_id": 4784019338383,
  "has_koib": false,
  "generated_date": 1632112482000,
  "official_result": {
    "winner": {
      "id": 51,
      "position": 3,
      "percentage": 26.666666666666668,
      "valid_percentage": 27.89115646258503,
      "registered_percentage": 9.376786735277301
    },
    "turnout": {
      "count": 616,
      "percentage": 35.22012578616352,
      "walk_by_count": 595,
      "walk_by_percentage": 34.01943967981704,
      "on_home_count": 21,
      "on_home_percentage": 1.2006861063464835,
      "ahead_of_time_count": 0,
      "ahead_of_time_percentage": 0,
      "valid_count": 588,
      "valid_percentage": 33.61921097770154,
      "invalid_count": 27,
      "invalid_percentage": 1.5437392795883362,
      "taken_home_count": 1,
      "taken_home_percentage": 0.05717552887364208,
      "lost_count": 0,
      "lost_percentage": 0
    },
    "votes_stats": {
      "winning_count": 164,
      "winning_percentage": 26.666666666666668,
      "effective_count": 588,
      "losing_count": 424,
      "losing_percentage": 68.9430894308943,
      "other_count": 27,
      "other_percentage": 4.390243902439024,
      "by_place": {
        "#1": {
          "count": 164,
          "percentage": 26.666666666666668
        },
        "#2": {
          "count": 162,
          "percentage": 26.34146341463415,
          "supported_by_smart_vote": true
        },
        "#3": {
          "count": 75,
          "percentage": 12.195121951219512
        },
        "#4": {
          "count": 72,
          "percentage": 11.707317073170733
        },
        "#5": {
          "count": 58,
          "percentage": 9.43089430894309
        },
        "#6": {
          "count": 35,
          "percentage": 5.691056910569105
        },
        "#7": {
          "count": 22,
          "percentage": 3.577235772357724
        }
      }
    }
  },
  "turnout_protocols": {
    "17.09.2021": {
      "15.00": {
        "count": 110,
        "count_delta": 110,
        "count_delta_per_hour": 15.714285714285714,
        "count_delta_per_minute": 0.2619047619047619,
        "percentage": 6.3,
        "percentage_delta": 6.3,
        "percentage_delta_per_hour": 0.9,
        "percentage_delta_per_minute": 0.015,
        "registered_count": 1746,
        "registered_count_delta": 1746,
        "registered_count_delta_per_hour": 249.42857142857142,
        "registered_count_delta_per_minute": 4.1571428571428575
      },
      "20.00": {
        "count": 158,
        "count_delta": 48,
        "count_delta_per_hour": 9.6,
        "count_delta_per_minute": 0.16,
        "percentage": 9.04,
        "percentage_delta": 2.7399999999999993,
        "percentage_delta_per_hour": 0.5479999999999998,
        "percentage_delta_per_minute": 0.009133333333333332,
        "registered_count": 1748,
        "registered_count_delta": 2,
        "registered_count_delta_per_hour": 0.4,
        "registered_count_delta_per_minute": 0.006666666666666667
      }
    },
    "18.09.2021": {
      "15.00": {
        "count": 286,
        "count_delta": 128,
        "count_delta_per_hour": 18.285714285714285,
        "count_delta_per_minute": 0.3047619047619048,
        "percentage": 16.36,
        "percentage_delta": 7.32,
        "percentage_delta_per_hour": 1.0457142857142858,
        "percentage_delta_per_minute": 0.01742857142857143,
        "registered_count": 1748,
        "registered_count_delta": 0,
        "registered_count_delta_per_hour": 0,
        "registered_count_delta_per_minute": 0
      },
      "20.00": {
        "count": 333,
        "count_delta": 47,
        "count_delta_per_hour": 9.4,
        "count_delta_per_minute": 0.15666666666666668,
        "percentage": 19.05,
        "percentage_delta": 2.6900000000000013,
        "percentage_delta_per_hour": 0.5380000000000003,
        "percentage_delta_per_minute": 0.008966666666666671,
        "registered_count": 1748,
        "registered_count_delta": 0,
        "registered_count_delta_per_hour": 0,
        "registered_count_delta_per_minute": 0
      }
    },
    "19.09.2021": {
      "10.00": {
        "count": 343,
        "count_delta": 10,
        "count_delta_per_hour": 5,
        "count_delta_per_minute": 0.08333333333333333,
        "percentage": 19.62,
        "percentage_delta": 0.5700000000000003,
        "percentage_delta_per_hour": 0.28500000000000014,
        "percentage_delta_per_minute": 0.0047500000000000025
      },
      "12.00": {
        "count": 360,
        "count_delta": 17,
        "count_delta_per_hour": 8.5,
        "count_delta_per_minute": 0.14166666666666666,
        "percentage": 20.59,
        "percentage_delta": 0.9699999999999989,
        "percentage_delta_per_hour": 0.48499999999999943,
        "percentage_delta_per_minute": 0.008083333333333324
      },
      "15.00": {
        "count": 491,
        "count_delta": 131,
        "count_delta_per_hour": 43.666666666666664,
        "count_delta_per_minute": 0.7277777777777777,
        "percentage": 28.09,
        "percentage_delta": 7.5,
        "percentage_delta_per_hour": 2.5,
        "percentage_delta_per_minute": 0.041666666666666664
      },
      "18.00": {
        "count": 492,
        "count_delta": 1,
        "count_delta_per_hour": 0.3333333333333333,
        "count_delta_per_minute": 0.005555555555555556,
        "percentage": 28.13,
        "percentage_delta": 0.03999999999999915,
        "percentage_delta_per_hour": 0.01333333333333305,
        "percentage_delta_per_minute": 0.0002222222222222175
      },
      "20.00": {
        "count": 616,
        "count_delta": 124,
        "count_delta_per_hour": 62,
        "count_delta_per_minute": 1.0333333333333334,
        "percentage": 35.22012578616352,
        "percentage_delta": 7.090125786163522,
        "percentage_delta_per_hour": 3.545062893081761,
        "percentage_delta_per_minute": 0.05908438155136268,
        "registered_count": 1749,
        "registered_count_delta": 1,
        "registered_count_delta_per_hour": 0.08333333333333333,
        "registered_count_delta_per_minute": 0.001388888888888889
      }
    }
  },
  "metadata": {
    "analysis": {
      "protocol_count": 1,
      "exceeded_papers_count": 0,
      "exceeded_papers_steal_winning": 0,
      "checksum_valid": 1
    },
    "voters": {
      "initially_registered_count": 1746,
      "registered_count": 1749,
      "walk_by_count": 595,
      "on_home_count": 21,
      "ahead_of_time_count": 0,
      "exceptional_count": 0,
      "added_count": 3
    },
    "papers": {
      "received_count": 1500,
      "destroyed_count": 884,
      "stationary_box_count": 594,
      "portable_box_count": 21,
      "valid_count": 588,
      "invalid_count": 27,
      "lost_count": 0,
      "ignored_count": 0,
      "taken_home_count": 1
    }
  },
  "entries": [
    {
      "name": "Рахова Елена Алексеевна",
      "position": 3,
      "candidate_id": 51,
      "supported_by_party_id": 5,
      "official_result": {
        "votes_count": 164,
        "place": 1,
        "percentage": 26.666666666666668,
        "valid_percentage": 27.89115646258503,
        "registered_percentage": 9.376786735277301,
        "display_percentage": 26.67,
        "winner": true
      },
      "result_without_other_entry": {
        "53": {
          "percentage": 29.443447037701976,
          "valid_percentage": 30.943396226415093
        },
        "55": {
          "percentage": 30.37037037037037,
          "valid_percentage": 31.968810916179336
        },
        "56": {
          "percentage": 28.27586206896552,
          "valid_percentage": 29.65641952983725
        },