{
  "commission_name": "УИК №1310",
  "ballot_name": "Выборы депутатов Законодательного Собрания Санкт-Петербурга седьмого созыва",
  "name": "Результаты выборов по единому округу",
  "protocol_scope": {
    "type": "uik",
    "id": 1310
  },
  "electoral_district": {
    "type": "city",
    "id": 0
  },
  "data_id": 27820001915220,
  "ballot_data_id": 4784010407225,
  "has_koib": false,
  "generated_date": 1632124218000,
  "official_result": {
    "winner": {
      "id": 5,
      "position": 2,
      "percentage": 24.702380952380953,
      "valid_percentage": 25.304878048780488,
      "registered_percentage": 6.509803921568627
    },
    "turnout": {
      "count": 338,
      "percentage": 26.509803921568626,
      "walk_by_count": 328,
      "walk_by_percentage": 25.725490196078432,
      "on_home_count": 10,
      "on_home_percentage": 0.7843137254901961,
      "ahead_of_time_count": 0,
      "ahead_of_time_percentage": 0,
      "valid_count": 328,
      "valid_percentage": 25.725490196078432,
      "invalid_count": 8,
      "invalid_percentage": 0.6274509803921569,
      "taken_home_count": 2,
      "taken_home_percentage": 0.1568627450980392,
      "lost_count": 0,
      "lost_percentage": 0
    },
    "votes_stats": {
      "winning_count": 83,
      "winning_percentage": 24.702380952380953,
      "effective_count": 328,
      "losing_count": 245,
      "losing_percentage": 72.91666666666666,
      "other_count": 8,
      "other_percentage": 2.380952380952381,
      "by_place": {
        "#1": {
          "count": 83,
          "percentage": 24.702380952380953
        },
        "#2": {
          "count": 73,
          "percentage": 21.726190476190478
        },
        "#3": {
          "count": 53,
          "percentage": 15.773809523809524
        },
        "#4": {
          "count": 39,
          "percentage": 11.607142857142858
        },
        "#5": {
          "count": 35,
          "percentage": 10.416666666666668
        },
        "#6": {
          "count": 24,
          "percentage": 7.142857142857142
        },
        "#7": {
          "count": 14,
          "percentage": 4.166666666666666
        },
        "#8": {
          "count": 7,
          "percentage": 2.083333333333333
        }
      }
    }
  },
  "turnout_protocols": {
    "17.09.2021": {
      "15.00": {
        "count": 43,
        "count_delta": 43,
        "count_delta_per_hour": 6.142857142857143,
        "count_delta_per_minute": 0.10238095238095238,
        "percentage": 3.39,
        "percentage_delta": 3.39,
        "percentage_delta_per_hour": 0.4842857142857143,
        "percentage_delta_per_minute": 0.008071428571428571,
        "registered_count": 1268,
        "registered_count_delta": 1268,
        "registered_count_delta_per_hour": 181.14285714285714,
        "registered_count_delta_per_minute": 3.019047619047619
      },
      "20.00": {
        "count": 73,
        "count_delta": 30,
        "count_delta_per_hour": 6,
        "count_delta_per_minute": 0.1,
        "percentage": 5.75,
        "percentage_delta": 2.36,
        "percentage_delta_per_hour": 0.472,
        "percentage_delta_per_minute": 0.007866666666666666,
        "registered_count": 1270,
        "registered_count_delta": 2,
        "registered_count_delta_per_hour": 0.4,
        "registered_count_delta_per_minute": 0.006666666666666667
      }
    },
    "18.09.2021": {
      "15.00": {
        "count": 105,
        "count_delta": 32,
        "count_delta_per_hour": 4.571428571428571,
        "count_delta_per_minute": 0.0761904761904762,
        "percentage": 8.27,
        "percentage_delta": 2.5199999999999996,
        "percentage_delta_per_hour": 0.35999999999999993,
        "percentage_delta_per_minute": 0.005999999999999999,
        "registered_count": 1270,
        "registered_count_delta": 0,
        "registered_count_delta_per_hour": 0,
        "registered_count_delta_per_minute": 0
      },
      "20.00": {
        "count": 146,
        "count_delta": 41,
        "count_delta_per_hour": 8.2,
        "count_delta_per_minute": 0.13666666666666666,
        "percentage": 11.51,
        "percentage_delta": 3.24,
        "percentage_delta_per_hour": 0.648,
        "percentage_delta_per_minute": 0.0108,
        "registered_count": 1268,
        "registered_count_delta": -2,
        "registered_count_delta_per_hour": -0.4,
        "registered_count_delta_per_minute": -0.006666666666666667
      }
    },
    "19.09.2021": {
      "10.00": {
        "count": 151,
        "count_delta": 5,
        "count_delta_per_hour": 2.5,
        "count_delta_per_minute": 0.041666666666666664,
        "percentage": 11.82,
        "percentage_delta": 0.3100000000000005,
        "percentage_delta_per_hour": 0.15500000000000025,
        "percentage_delta_per_minute": 0.0025833333333333377
      },
      "12.00": {
        "count": 167,
        "count_delta": 16,
        "count_delta_per_hour": 8,
        "count_delta_per_minute": 0.13333333333333333,
        "percentage": 13.08,
        "percentage_delta": 1.2599999999999998,
        "percentage_delta_per_hour": 0.6299999999999999,
        "percentage_delta_per_minute": 0.010499999999999999
      },
      "15.00": {
        "count": 176,
        "count_delta": 9,
        "count_delta_per_hour": 3,
        "count_delta_per_minute": 0.05,
        "percentage": 13.79,
        "percentage_delta": 0.7099999999999991,
        "percentage_delta_per_hour": 0.23666666666666636,
        "percentage_delta_per_minute": 0.00394444444444444
      },
      "18.00": {
        "count": 302,
        "count_delta": 126,
        "count_delta_per_hour": 42,
        "count_delta_per_minute": 0.7,
        "percentage": 23.72,
        "percentage_delta": 9.93,
        "percentage_delta_per_hour": 3.31,
        "percentage_delta_per_minute": 0.05516666666666666
      },
      "20.00": {
        "count": 338,
        "count_delta": 36,
        "count_delta_per_hour": 18,
        "count_delta_per_minute": 0.3,
        "percentage": 26.509803921568626,
        "percentage_delta": 2.7898039215686268,
        "percentage_delta_per_hour": 1.3949019607843134,
        "percentage_delta_per_minute": 0.02324836601307189,
        "registered_count": 1275,
        "registered_count_delta": 7,
        "registered_count_delta_per_hour": 0.5833333333333334,
        "registered_count_delta_per_minute": 0.009722222222222222
      }
    }
  },
  "metadata": {
    "analysis": {
      "negative_turnout_registered_count_protocols": 1,
      "negative_turnout_registered_count": 2,
      "protocol_count": 1,
      "exceeded_papers_count": 0,
      "exceeded_papers_steal_winning": 0,
      "exceeded_papers_provide_extra_places": 0,
      "multiple_winners": 0,
      "checksum_valid": 1
    },
    "voters": {
      "initially_registered_count": 1269,
      "registered_count": 1275,
      "walk_by_count": 328,
      "on_home_count": 10,
      "ahead_of_time_count": 0,
      "exceptional_count": 0,
      "added_count": 6
    },
    "papers": {
      "received_count": 1100,
      "destroyed_count": 762,
      "stationary_box_count": 326,
      "portable_box_count": 10,
      "valid_count": 328,
      "invalid_count": 8,
      "lost_count": 0,
      "ignored_count": 0,
      "taken_home_count": 2
    }
  },
  "entries": [
    {
      "name": "Всероссийская политическая партия \"ЕДИНАЯ РОССИЯ\"",
      "position": 2,
      "party_id": 5,
      "official_result": {
        "votes_count": 83,
        "place": 1,
        "percentage": 24.702380952380953,
        "valid_percentage": 25.304878048780488,
        "registered_percentage": 6.509803921568627,
        "display_percentage": 24.7,
        "winner": true
      },
      "result_without_other_entry": {
        "1": {
          "percentage": 31.55893536121673,
          "valid_percentage": 32.549019607843135
        },
        "3": {
          "percentage": 26.602564102564102,
          "valid_percentage": 27.302631578947366
        },