{
  "commission_name": "УИК №1432",
  "ballot_name": "Выборы депутатов Законодательного Собрания Санкт-Петербурга седьмого созыва",
  "name": "Результаты выборов по одномандатному (многомандатному) округу",
  "protocol_scope": {
    "type": "uik",
    "id": 1432
  },
  "electoral_district": {
    "type": "city",
    "id": 23
  },
  "data_id": 27820001915220,
  "ballot_data_id": 478405182839,
  "has_koib": false,
  "generated_date": 1632127135000,
  "official_result": {
    "winner": {
      "id": 232,
      "position": 1,
      "percentage": 37.53387533875339,
      "valid_percentage": 39.12429378531073,
      "registered_percentage": 12.907735321528424
    },
    "turnout": {
      "count": 738,
      "percentage": 34.38956197576887,
      "walk_by_count": 725,
      "walk_by_percentage": 33.78378378378378,
      "on_home_count": 13,
      "on_home_percentage": 0.6057781919850885,
      "ahead_of_time_count": 0,
      "ahead_of_time_percentage": 0,
      "valid_count": 708,
      "valid_percentage": 32.99161230195713,
      "invalid_count": 30,
      "invalid_percentage": 1.3979496738117427,
      "taken_home_count": 0,
      "taken_home_percentage": 0,
      "lost_count": 0,
      "lost_percentage": 0
    },
    "votes_stats": {
      "winning_count": 277,
      "winning_percentage": 37.53387533875339,
      "effective_count": 708,
      "losing_count": 431,
      "losing_percentage": 58.40108401084011,
      "other_count": 30,
      "other_percentage": 4.0650406504065035,
      "by_place": {
        "#1": {
          "count": 277,
          "percentage": 37.53387533875339
        },
        "#2": {
          "count": 100,
          "percentage": 13.550135501355012
        },
        "#3": {
          "count": 95,
          "percentage": 12.872628726287264,
          "supported_by_smart_vote": true
        },
        "#4": {
          "count": 83,
          "percentage": 11.246612466124661
        },
        "#5": {
          "count": 71,
          "percentage": 9.620596205962059
        },
        "#6": {
          "count": 45,
          "percentage": 6.097560975609756
        },
        "#7": {
          "count": 37,
          "percentage": 5.013550135501355
        }
      }
    }
  },
  "turnout_protocols": {
    "17.09.2021": {
      "15.00": {
        "count": 335,
        "count_delta": 335,
        "count_delta_per_hour": 47.857142857142854,
        "count_delta_per_minute": 0.7976190476190477,
        "percentage": 15.82,
        "percentage_delta": 15.82,
        "percentage_delta_per_hour": 2.2600000000000002,
        "percentage_delta_per_minute": 0.03766666666666667,
        "registered_count": 2118,
        "registered_count_delta": 2118,
        "registered_count_delta_per_hour": 302.57142857142856,
        "registered_count_delta_per_minute": 5.042857142857143
      },
      "20.00": {
        "count": 335,
        "count_delta": 0,
        "count_delta_per_hour": 0,
        "count_delta_per_minute": 0,
        "percentage": 15.82,
        "percentage_delta": 0,
        "percentage_delta_per_hour": 0,
        "percentage_delta_per_minute": 0,
        "registered_count": 2118,
        "registered_count_delta": 0,
        "registered_count_delta_per_hour": 0,
        "registered_count_delta_per_minute": 0
      }
    },
    "18.09.2021": {
      "15.00": {
        "count": 448,
        "count_delta": 113,
        "count_delta_per_hour": 16.142857142857142,
        "count_delta_per_minute": 0.26904761904761904,
        "percentage": 21.15,
        "percentage_delta": 5.329999999999998,
        "percentage_delta_per_hour": 0.7614285714285712,
        "percentage_delta_per_minute": 0.012690476190476186,
        "registered_count": 2118,
        "registered_count_delta": 0,
        "registered_count_delta_per_hour": 0,
        "registered_count_delta_per_minute": 0
      },
      "20.00": {
        "count": 498,
        "count_delta": 50,
        "count_delta_per_hour": 10,
        "count_delta_per_minute": 0.16666666666666666,
        "percentage": 23.51,
        "percentage_delta": 2.360000000000003,
        "percentage_delta_per_hour": 0.4720000000000006,
        "percentage_delta_per_minute": 0.007866666666666676,
        "registered_count": 2118,
        "registered_count_delta": 0,
        "registered_count_delta_per_hour": 0,
        "registered_count_delta_per_minute": 0
      }
    },
    "19.09.2021": {
      "10.00": {
        "count": 556,
        "count_delta": 58,
        "count_delta_per_hour": 29,
        "count_delta_per_minute": 0.48333333333333334,
        "percentage": 25.92,
        "percentage_delta": 2.41,
        "percentage_delta_per_hour": 1.205,
        "percentage_delta_per_minute": 0.020083333333333335
      },
      "12.00": {
        "count": 571,
        "count_delta": 15,
        "count_delta_per_hour": 7.5,
        "count_delta_per_minute": 0.125,
        "percentage": 26.63,
        "percentage_delta": 0.7099999999999973,
        "percentage_delta_per_hour": 0.35499999999999865,
        "percentage_delta_per_minute": 0.005916666666666644
      },
      "15.00": {
        "count": 634,
        "count_delta": 63,
        "count_delta_per_hour": 21,
        "count_delta_per_minute": 0.35,
        "percentage": 29.56,
        "percentage_delta": 2.9299999999999997,
        "percentage_delta_per_hour": 0.9766666666666666,
        "percentage_delta_per_minute": 0.016277777777777776
      },
      "18.00": {
        "count": 716,
        "count_delta": 82,
        "count_delta_per_hour": 27.333333333333332,
        "count_delta_per_minute": 0.45555555555555555,
        "percentage": 33.38,
        "percentage_delta": 3.820000000000004,
        "percentage_delta_per_hour": 1.2733333333333345,
        "percentage_delta_per_minute": 0.021222222222222243
      },
      "20.00": {
        "count": 738,
        "count_delta": 22,
        "count_delta_per_hour": 11,
        "count_delta_per_minute": 0.18333333333333332,
        "percentage": 34.38956197576887,
        "percentage_delta": 1.009561975768868,
        "percentage_delta_per_hour": 0.504780987884434,
        "percentage_delta_per_minute": 0.008413016464740568,
        "registered_count": 2146,
        "registered_count_delta": 28,
        "registered_count_delta_per_hour": 2.3333333333333335,
        "registered_count_delta_per_minute": 0.03888888888888889
      }
    }
  },
  "metadata": {
    "analysis": {
      "protocol_count": 1,
      "exceeded_papers_count": 0,
      "exceeded_papers_steal_winning": 0,
      "checksum_valid": 1
    },
    "voters": {
      "initially_registered_count": 2118,
      "registered_count": 2146,
      "walk_by_count": 725,
      "on_home_count": 13,
      "ahead_of_time_count": 0,
      "exceptional_count": 0,
      "added_count": 28
    },
    "papers": {
      "received_count": 2000,
      "destroyed_count": 1262,
      "stationary_box_count": 725,
      "portable_box_count": 13,
      "valid_count": 708,
      "invalid_count": 30,
      "lost_count": 0,
      "ignored_count": 0,
      "taken_home_count": 0
    }
  },
  "entries": [
    {
      "name": "Авдеев Юрий Васильевич",
      "position": 1,
      "candidate_id": 232,
      "supported_by_party_id": 5,
      "official_result": {
        "votes_count": 277,
        "place": 1,
        "percentage": 37.53387533875339,
        "valid_percentage": 39.12429378531073,
        "registered_percentage": 12.907735321528424,
        "display_percentage": 37.53,
        "winner": true
      },
      "result_without_other_entry": {
        "61": {
          "percentage": 43.07931570762053,
          "valid_percentage": 45.18760195758564
        },
        "64": {
          "percentage": 42.29007633587786,
          "valid_percentage": 44.32
        },
        "233": {
          "percentage": 39.51497860199715,
          "valid_percentage": 41.28166915052161
        },
        "234": {
          "percentage": 39.97113997113997,