{
  "commission_name": "УИК №1108",
  "ballot_name": "Выборы депутатов Законодательного Собрания Санкт-Петербурга седьмого созыва",
  "name": "Результаты выборов по единому округу",
  "protocol_scope": {
    "type": "uik",
    "id": 1108
  },
  "electoral_district": {
    "type": "city",
    "id": 0
  },
  "data_id": 27820001915220,
  "ballot_data_id": 478404785343,
  "has_koib": false,
  "generated_date": 1632123552000,
  "official_result": {
    "winner": {
      "id": 5,
      "position": 2,
      "percentage": 29.792429792429793,
      "valid_percentage": 30.808080808080806,
      "registered_percentage": 10.61792863359443
    },
    "turnout": {
      "count": 819,
      "percentage": 35.639686684073105,
      "walk_by_count": 799,
      "walk_by_percentage": 34.76936466492602,
      "on_home_count": 20,
      "on_home_percentage": 0.8703220191470844,
      "ahead_of_time_count": 0,
      "ahead_of_time_percentage": 0,
      "valid_count": 792,
      "valid_percentage": 34.46475195822455,
      "invalid_count": 27,
      "invalid_percentage": 1.1749347258485638,
      "taken_home_count": 0,
      "taken_home_percentage": 0,
      "lost_count": 0,
      "lost_percentage": 0
    },
    "votes_stats": {
      "winning_count": 244,
      "winning_percentage": 29.792429792429793,
      "effective_count": 792,
      "losing_count": 548,
      "losing_percentage": 66.9108669108669,
      "other_count": 27,
      "other_percentage": 3.296703296703297,
      "by_place": {
        "#1": {
          "count": 244,
          "percentage": 29.792429792429793
        },
        "#2": {
          "count": 155,
          "percentage": 18.925518925518926
        },
        "#3": {
          "count": 150,
          "percentage": 18.315018315018314
        },
        "#4": {
          "count": 86,
          "percentage": 10.5006105006105
        },
        "#5": {
          "count": 64,
          "percentage": 7.814407814407814
        },
        "#6": {
          "count": 58,
          "percentage": 7.0818070818070815
        },
        "#7": {
          "count": 21,
          "percentage": 2.564102564102564
        },
        "#8": {
          "count": 14,
          "percentage": 1.7094017094017095
        }
      }
    }
  },
  "turnout_protocols": {
    "17.09.2021": {
      "15.00": {
        "count": 115,
        "count_delta": 115,
        "count_delta_per_hour": 16.428571428571427,
        "count_delta_per_minute": 0.27380952380952384,
        "percentage": 5.03,
        "percentage_delta": 5.03,
        "percentage_delta_per_hour": 0.7185714285714286,
        "percentage_delta_per_minute": 0.011976190476190477,
        "registered_count": 2286,
        "registered_count_delta": 2286,
        "registered_count_delta_per_hour": 326.57142857142856,
        "registered_count_delta_per_minute": 5.442857142857143
      },
      "20.00": {
        "count": 153,
        "count_delta": 38,
        "count_delta_per_hour": 7.6,
        "count_delta_per_minute": 0.12666666666666668,
        "percentage": 6.69,
        "percentage_delta": 1.6600000000000001,
        "percentage_delta_per_hour": 0.332,
        "percentage_delta_per_minute": 0.005533333333333334,
        "registered_count": 2287,
        "registered_count_delta": 1,
        "registered_count_delta_per_hour": 0.2,
        "registered_count_delta_per_minute": 0.0033333333333333335
      }
    },
    "18.09.2021": {
      "15.00": {
        "count": 308,
        "count_delta": 155,
        "count_delta_per_hour": 22.142857142857142,
        "count_delta_per_minute": 0.36904761904761907,
        "percentage": 13.47,
        "percentage_delta": 6.78,
        "percentage_delta_per_hour": 0.9685714285714286,
        "percentage_delta_per_minute": 0.016142857142857143,
        "registered_count": 2287,
        "registered_count_delta": 0,
        "registered_count_delta_per_hour": 0,
        "registered_count_delta_per_minute": 0
      },
      "20.00": {
        "count": 391,
        "count_delta": 83,
        "count_delta_per_hour": 16.6,
        "count_delta_per_minute": 0.27666666666666667,
        "percentage": 17.1,
        "percentage_delta": 3.630000000000001,
        "percentage_delta_per_hour": 0.7260000000000002,
        "percentage_delta_per_minute": 0.012100000000000003,
        "registered_count": 2287,
        "registered_count_delta": 0,
        "registered_count_delta_per_hour": 0,
        "registered_count_delta_per_minute": 0
      }
    },
    "19.09.2021": {
      "10.00": {
        "count": 423,
        "count_delta": 32,
        "count_delta_per_hour": 16,
        "count_delta_per_minute": 0.26666666666666666,
        "percentage": 18.41,
        "percentage_delta": 1.3099999999999987,
        "percentage_delta_per_hour": 0.6549999999999994,
        "percentage_delta_per_minute": 0.010916666666666656
      },
      "12.00": {
        "count": 488,
        "count_delta": 65,
        "count_delta_per_hour": 32.5,
        "count_delta_per_minute": 0.5416666666666666,
        "percentage": 21.23,
        "percentage_delta": 2.8200000000000003,
        "percentage_delta_per_hour": 1.4100000000000001,
        "percentage_delta_per_minute": 0.023500000000000004
      },
      "15.00": {
        "count": 607,
        "count_delta": 119,
        "count_delta_per_hour": 39.666666666666664,
        "count_delta_per_minute": 0.6611111111111111,
        "percentage": 26.41,
        "percentage_delta": 5.18,
        "percentage_delta_per_hour": 1.7266666666666666,
        "percentage_delta_per_minute": 0.028777777777777777
      },
      "18.00": {
        "count": 723,
        "count_delta": 116,
        "count_delta_per_hour": 38.666666666666664,
        "count_delta_per_minute": 0.6444444444444445,
        "percentage": 31.48,
        "percentage_delta": 5.07,
        "percentage_delta_per_hour": 1.6900000000000002,
        "percentage_delta_per_minute": 0.02816666666666667
      },
      "20.00": {
        "count": 819,
        "count_delta": 96,
        "count_delta_per_hour": 48,
        "count_delta_per_minute": 0.8,
        "percentage": 35.639686684073105,
        "percentage_delta": 4.159686684073105,
        "percentage_delta_per_hour": 2.0798433420365523,
        "percentage_delta_per_minute": 0.0346640557006092,
        "registered_count": 2298,
        "registered_count_delta": 11,
        "registered_count_delta_per_hour": 0.9166666666666666,
        "registered_count_delta_per_minute": 0.015277777777777777
      }
    }
  },
  "metadata": {
    "analysis": {
      "protocol_count": 1,
      "exceeded_papers_count": 0,
      "exceeded_papers_steal_winning": 0,
      "exceeded_papers_provide_extra_places": 0,
      "multiple_winners": 0,
      "checksum_valid": 1
    },
    "voters": {
      "initially_registered_count": 2286,
      "registered_count": 2298,
      "walk_by_count": 799,
      "on_home_count": 20,
      "ahead_of_time_count": 0,
      "exceptional_count": 0,
      "added_count": 12
    },
    "papers": {
      "received_count": 2000,
      "destroyed_count": 1181,
      "stationary_box_count": 799,
      "portable_box_count": 20,
      "valid_count": 792,
      "invalid_count": 27,
      "lost_count": 0,
      "ignored_count": 0,
      "taken_home_count": 0
    }
  },
  "entries": [
    {
      "name": "Всероссийская политическая партия \"ЕДИНАЯ РОССИЯ\"",
      "position": 2,
      "party_id": 5,
      "official_result": {
        "votes_count": 244,
        "place": 1,
        "percentage": 29.792429792429793,
        "valid_percentage": 30.808080808080806,
        "registered_percentage": 10.61792863359443,
        "display_percentage": 29.79,
        "winner": true
      },
      "result_without_other_entry": {
        "1": {
          "percentage": 36.74698795180723,
          "valid_percentage": 38.30455259026688
        },
        "3": {
          "percentage": 32.06307490144547,
          "valid_percentage": 33.2425068119891
        },