{
  "commission_name": "УИК №1818",
  "ballot_name": "Выборы депутатов Законодательного Собрания Санкт-Петербурга седьмого созыва",
  "name": "Результаты выборов по единому округу",
  "protocol_scope": {
    "type": "uik",
    "id": 1818
  },
  "electoral_district": {
    "type": "city",
    "id": 0
  },
  "data_id": 27820001915220,
  "ballot_data_id": 478405883695,
  "has_koib": false,
  "generated_date": 1632132744000,
  "official_result": {
    "winner": {
      "id": 5,
      "position": 2,
      "percentage": 31.77470775770457,
      "valid_percentage": 32.25458468176915,
      "registered_percentage": 20.634920634920633
    },
    "turnout": {
      "count": 941,
      "percentage": 64.94133885438234,
      "walk_by_count": 935,
      "walk_by_percentage": 64.52726017943408,
      "on_home_count": 6,
      "on_home_percentage": 0.4140786749482402,
      "ahead_of_time_count": 0,
      "ahead_of_time_percentage": 0,
      "valid_count": 927,
      "valid_percentage": 63.975155279503106,
      "invalid_count": 14,
      "invalid_percentage": 0.966183574879227,
      "taken_home_count": 0,
      "taken_home_percentage": 0,
      "lost_count": 0,
      "lost_percentage": 0
    },
    "votes_stats": {
      "winning_count": 299,
      "winning_percentage": 31.77470775770457,
      "effective_count": 927,
      "losing_count": 628,
      "losing_percentage": 66.7375132837407,
      "other_count": 14,
      "other_percentage": 1.487778958554729,
      "by_place": {
        "#1": {
          "count": 299,
          "percentage": 31.77470775770457
        },
        "#2": {
          "count": 173,
          "percentage": 18.38469713071201
        },
        "#3": {
          "count": 138,
          "percentage": 14.665249734325187
        },
        "#4": {
          "count": 89,
          "percentage": 9.458023379383635
        },
        "#5": {
          "count": 82,
          "percentage": 8.71413390010627
        },
        "#7": {
          "count": 76,
          "percentage": 8.076514346439957
        },
        "#6": {
          "count": 70,
          "percentage": 7.438894792773645
        }
      }
    }
  },
  "turnout_protocols": {
    "17.09.2021": {
      "15.00": {
        "count": 94,
        "count_delta": 94,
        "count_delta_per_hour": 13.428571428571429,
        "count_delta_per_minute": 0.22380952380952382,
        "percentage": 6.42,
        "percentage_delta": 6.42,
        "percentage_delta_per_hour": 0.9171428571428571,
        "percentage_delta_per_minute": 0.015285714285714286,
        "registered_count": 1464,
        "registered_count_delta": 1464,
        "registered_count_delta_per_hour": 209.14285714285714,
        "registered_count_delta_per_minute": 3.4857142857142858
      },
      "20.00": {
        "count": 170,
        "count_delta": 76,
        "count_delta_per_hour": 15.2,
        "count_delta_per_minute": 0.25333333333333335,
        "percentage": 11.6,
        "percentage_delta": 5.18,
        "percentage_delta_per_hour": 1.036,
        "percentage_delta_per_minute": 0.017266666666666666,
        "registered_count": 1466,
        "registered_count_delta": 2,
        "registered_count_delta_per_hour": 0.4,
        "registered_count_delta_per_minute": 0.006666666666666667
      }
    },
    "18.09.2021": {
      "15.00": {
        "count": 242,
        "count_delta": 72,
        "count_delta_per_hour": 10.285714285714286,
        "count_delta_per_minute": 0.17142857142857143,
        "percentage": 16.52,
        "percentage_delta": 4.92,
        "percentage_delta_per_hour": 0.7028571428571428,
        "percentage_delta_per_minute": 0.011714285714285714,
        "registered_count": 1465,
        "registered_count_delta": -1,
        "registered_count_delta_per_hour": -0.14285714285714285,
        "registered_count_delta_per_minute": -0.002380952380952381
      },
      "20.00": {
        "count": 302,
        "count_delta": 60,
        "count_delta_per_hour": 12,
        "count_delta_per_minute": 0.2,
        "percentage": 20.61,
        "percentage_delta": 4.09,
        "percentage_delta_per_hour": 0.818,
        "percentage_delta_per_minute": 0.013633333333333332,
        "registered_count": 1465,
        "registered_count_delta": 0,
        "registered_count_delta_per_hour": 0,
        "registered_count_delta_per_minute": 0
      }
    },
    "19.09.2021": {
      "10.00": {
        "count": 304,
        "count_delta": 2,
        "count_delta_per_hour": 1,
        "count_delta_per_minute": 0.016666666666666666,
        "percentage": 20.96,
        "percentage_delta": 0.3500000000000014,
        "percentage_delta_per_hour": 0.1750000000000007,
        "percentage_delta_per_minute": 0.0029166666666666785
      },
      "12.00": {
        "count": 324,
        "count_delta": 20,
        "count_delta_per_hour": 10,
        "count_delta_per_minute": 0.16666666666666666,
        "percentage": 22.39,
        "percentage_delta": 1.4299999999999997,
        "percentage_delta_per_hour": 0.7149999999999999,
        "percentage_delta_per_minute": 0.011916666666666664
      },
      "15.00": {
        "count": 395,
        "count_delta": 71,
        "count_delta_per_hour": 23.666666666666668,
        "count_delta_per_minute": 0.39444444444444443,
        "percentage": 27.24,
        "percentage_delta": 4.849999999999998,
        "percentage_delta_per_hour": 1.616666666666666,
        "percentage_delta_per_minute": 0.026944444444444434
      },
      "18.00": {
        "count": 518,
        "count_delta": 123,
        "count_delta_per_hour": 41,
        "count_delta_per_minute": 0.6833333333333333,
        "percentage": 35.77,
        "percentage_delta": 8.530000000000005,
        "percentage_delta_per_hour": 2.843333333333335,
        "percentage_delta_per_minute": 0.04738888888888892
      },
      "20.00": {
        "count": 941,
        "count_delta": 423,
        "count_delta_per_hour": 211.5,
        "count_delta_per_minute": 3.525,
        "percentage": 64.94133885438234,
        "percentage_delta": 29.171338854382334,
        "percentage_delta_per_hour": 14.585669427191167,
        "percentage_delta_per_minute": 0.24309449045318612,
        "registered_count": 1449,
        "registered_count_delta": -16,
        "registered_count_delta_per_hour": -1.3333333333333333,
        "registered_count_delta_per_minute": -0.022222222222222223
      }
    }
  },
  "metadata": {
    "analysis": {
      "negative_turnout_registered_count_protocols": 1,
      "negative_turnout_registered_count": 16,
      "protocol_count": 1,
      "exceeded_papers_count": 0,
      "exceeded_papers_steal_winning": 0,
      "exceeded_papers_provide_extra_places": 0,
      "multiple_winners": 0,
      "checksum_valid": 1
    },
    "voters": {
      "initially_registered_count": 1465,
      "registered_count": 1449,
      "walk_by_count": 935,
      "on_home_count": 6,
      "ahead_of_time_count": 0,
      "exceptional_count": 0,
      "removed_count": 16
    },
    "papers": {
      "received_count": 1200,
      "destroyed_count": 259,
      "stationary_box_count": 935,
      "portable_box_count": 6,
      "valid_count": 927,
      "invalid_count": 14,
      "lost_count": 0,
      "ignored_count": 0,
      "taken_home_count": 0
    }
  },
  "entries": [
    {
      "name": "Всероссийская политическая партия \"ЕДИНАЯ РОССИЯ\"",
      "position": 2,
      "party_id": 5,
      "official_result": {
        "votes_count": 299,
        "place": 1,
        "percentage": 31.77470775770457,
        "valid_percentage": 32.25458468176915,
        "registered_percentage": 20.634920634920633,
        "display_percentage": 31.77,
        "winner": true
      },
      "result_without_other_entry": {
        "1": {
          "percentage": 38.93229166666667,
          "valid_percentage": 39.6551724137931
        },
        "3": {
          "percentage": 34.807916181606515,
          "valid_percentage": 35.38461538461539
        },