{
  "commission_name": "УИК №2359",
  "ballot_name": "Выборы депутатов Законодательного Собрания Санкт-Петербурга седьмого созыва",
  "name": "Результаты выборов по единому округу",
  "protocol_scope": {
    "type": "uik",
    "id": 2359
  },
  "electoral_district": {
    "type": "city",
    "id": 0
  },
  "data_id": 27820001915220,
  "ballot_data_id": 478405286306,
  "has_koib": false,
  "generated_date": 1632126944000,
  "official_result": {
    "winner": {
      "id": 5,
      "position": 2,
      "percentage": 21.188630490956072,
      "valid_percentage": 21.522309711286088,
      "registered_percentage": 8.114794656110837
    },
    "turnout": {
      "count": 775,
      "percentage": 38.34735279564572,
      "walk_by_count": 769,
      "walk_by_percentage": 38.05047006432459,
      "on_home_count": 6,
      "on_home_percentage": 0.29688273132112813,
      "ahead_of_time_count": 0,
      "ahead_of_time_percentage": 0,
      "valid_count": 762,
      "valid_percentage": 37.704106877783275,
      "invalid_count": 12,
      "invalid_percentage": 0.5937654626422563,
      "taken_home_count": 1,
      "taken_home_percentage": 0.04948045522018803,
      "lost_count": 0,
      "lost_percentage": 0
    },
    "votes_stats": {
      "winning_count": 164,
      "winning_percentage": 21.188630490956072,
      "effective_count": 762,
      "losing_count": 598,
      "losing_percentage": 77.2609819121447,
      "other_count": 12,
      "other_percentage": 1.550387596899225,
      "by_place": {
        "#1": {
          "count": 164,
          "percentage": 21.188630490956072
        },
        "#2": {
          "count": 149,
          "percentage": 19.25064599483204
        },
        "#3": {
          "count": 135,
          "percentage": 17.441860465116278
        },
        "#4": {
          "count": 128,
          "percentage": 16.5374677002584
        },
        "#5": {
          "count": 85,
          "percentage": 10.981912144702841
        },
        "#6": {
          "count": 57,
          "percentage": 7.3643410852713185
        },
        "#7": {
          "count": 28,
          "percentage": 3.6175710594315245
        },
        "#8": {
          "count": 16,
          "percentage": 2.0671834625323
        }
      }
    }
  },
  "turnout_protocols": {
    "17.09.2021": {
      "15.00": {
        "count": 156,
        "count_delta": 156,
        "count_delta_per_hour": 22.285714285714285,
        "count_delta_per_minute": 0.37142857142857144,
        "percentage": 8.32,
        "percentage_delta": 8.32,
        "percentage_delta_per_hour": 1.1885714285714286,
        "percentage_delta_per_minute": 0.01980952380952381,
        "registered_count": 1875,
        "registered_count_delta": 1875,
        "registered_count_delta_per_hour": 267.85714285714283,
        "registered_count_delta_per_minute": 4.464285714285714
      },
      "20.00": {
        "count": 169,
        "count_delta": 13,
        "count_delta_per_hour": 2.6,
        "count_delta_per_minute": 0.043333333333333335,
        "percentage": 9.02,
        "percentage_delta": 0.6999999999999993,
        "percentage_delta_per_hour": 0.13999999999999985,
        "percentage_delta_per_minute": 0.002333333333333331,
        "registered_count": 1874,
        "registered_count_delta": -1,
        "registered_count_delta_per_hour": -0.2,
        "registered_count_delta_per_minute": -0.0033333333333333335
      }
    },
    "18.09.2021": {
      "15.00": {
        "count": 251,
        "count_delta": 82,
        "count_delta_per_hour": 11.714285714285714,
        "count_delta_per_minute": 0.19523809523809524,
        "percentage": 13.39,
        "percentage_delta": 4.370000000000001,
        "percentage_delta_per_hour": 0.6242857142857144,
        "percentage_delta_per_minute": 0.010404761904761908,
        "registered_count": 1875,
        "registered_count_delta": 1,
        "registered_count_delta_per_hour": 0.14285714285714285,
        "registered_count_delta_per_minute": 0.002380952380952381
      },
      "20.00": {
        "count": 324,
        "count_delta": 73,
        "count_delta_per_hour": 14.6,
        "count_delta_per_minute": 0.24333333333333335,
        "percentage": 17.29,
        "percentage_delta": 3.8999999999999986,
        "percentage_delta_per_hour": 0.7799999999999997,
        "percentage_delta_per_minute": 0.012999999999999996,
        "registered_count": 1874,
        "registered_count_delta": -1,
        "registered_count_delta_per_hour": -0.2,
        "registered_count_delta_per_minute": -0.0033333333333333335
      }
    },
    "19.09.2021": {
      "10.00": {
        "count": 382,
        "count_delta": 58,
        "count_delta_per_hour": 29,
        "count_delta_per_minute": 0.48333333333333334,
        "percentage": 18.89,
        "percentage_delta": 1.6000000000000014,
        "percentage_delta_per_hour": 0.8000000000000007,
        "percentage_delta_per_minute": 0.013333333333333345
      },
      "12.00": {
        "count": 394,
        "count_delta": 12,
        "count_delta_per_hour": 6,
        "count_delta_per_minute": 0.1,
        "percentage": 19.48,
        "percentage_delta": 0.5899999999999999,
        "percentage_delta_per_hour": 0.29499999999999993,
        "percentage_delta_per_minute": 0.0049166666666666655
      },
      "15.00": {
        "count": 496,
        "count_delta": 102,
        "count_delta_per_hour": 34,
        "count_delta_per_minute": 0.5666666666666667,
        "percentage": 24.56,
        "percentage_delta": 5.079999999999998,
        "percentage_delta_per_hour": 1.6933333333333327,
        "percentage_delta_per_minute": 0.02822222222222221
      },
      "18.00": {
        "count": 496,
        "count_delta": 0,
        "count_delta_per_hour": 0,
        "count_delta_per_minute": 0,
        "percentage": 24.56,
        "percentage_delta": 0,
        "percentage_delta_per_hour": 0,
        "percentage_delta_per_minute": 0
      },
      "20.00": {
        "count": 775,
        "count_delta": 279,
        "count_delta_per_hour": 139.5,
        "count_delta_per_minute": 2.325,
        "percentage": 38.34735279564572,
        "percentage_delta": 13.78735279564572,
        "percentage_delta_per_hour": 6.89367639782286,
        "percentage_delta_per_minute": 0.11489460663038101,
        "registered_count": 2021,
        "registered_count_delta": 147,
        "registered_count_delta_per_hour": 12.25,
        "registered_count_delta_per_minute": 0.20416666666666666
      }
    }
  },
  "metadata": {
    "analysis": {
      "negative_turnout_registered_count_protocols": 1,
      "negative_turnout_registered_count": 1,
      "protocol_count": 1,
      "exceeded_papers_count": 0,
      "exceeded_papers_steal_winning": 0,
      "exceeded_papers_provide_extra_places": 0,
      "multiple_winners": 0,
      "checksum_valid": 1
    },
    "voters": {
      "initially_registered_count": 1874,
      "registered_count": 2021,
      "walk_by_count": 769,
      "on_home_count": 6,
      "ahead_of_time_count": 0,
      "exceptional_count": 0,
      "added_count": 147
    },
    "papers": {
      "received_count": 1400,
      "destroyed_count": 625,
      "stationary_box_count": 768,
      "portable_box_count": 6,
      "valid_count": 762,
      "invalid_count": 12,
      "lost_count": 0,
      "ignored_count": 0,
      "taken_home_count": 1
    }
  },
  "entries": [
    {
      "name": "Всероссийская политическая партия \"ЕДИНАЯ РОССИЯ\"",
      "position": 2,
      "party_id": 5,
      "official_result": {
        "votes_count": 164,
        "place": 1,
        "percentage": 21.188630490956072,
        "valid_percentage": 21.522309711286088,
        "registered_percentage": 8.114794656110837,
        "display_percentage": 21.19,
        "winner": true
      },
      "result_without_other_entry": {
        "1": {
          "percentage": 26.240000000000002,
          "valid_percentage": 26.753670473083197
        },