{
  "commission_name": "УИК №1018",
  "ballot_name": "Выборы депутатов Законодательного Собрания Санкт-Петербурга седьмого созыва",
  "name": "Результаты выборов по единому округу",
  "protocol_scope": {
    "type": "uik",
    "id": 1018
  },
  "electoral_district": {
    "type": "city",
    "id": 0
  },
  "data_id": 27820001915220,
  "ballot_data_id": 4784025362396,
  "has_koib": false,
  "generated_date": 1632121789000,
  "official_result": {
    "winner": {
      "id": 5,
      "position": 2,
      "percentage": 44.38964241676942,
      "valid_percentage": 45.80152671755725,
      "registered_percentage": 16.67438628994905
    },
    "turnout": {
      "count": 813,
      "percentage": 37.65632237146827,
      "walk_by_count": 712,
      "walk_by_percentage": 32.97823066234368,
      "on_home_count": 101,
      "on_home_percentage": 4.678091709124595,
      "ahead_of_time_count": 0,
      "ahead_of_time_percentage": 0,
      "valid_count": 786,
      "valid_percentage": 36.4057433997221,
      "invalid_count": 25,
      "invalid_percentage": 1.1579434923575729,
      "taken_home_count": 2,
      "taken_home_percentage": 0.09263547938860583,
      "lost_count": 0,
      "lost_percentage": 0
    },
    "votes_stats": {
      "winning_count": 360,
      "winning_percentage": 44.38964241676942,
      "effective_count": 786,
      "losing_count": 426,
      "losing_percentage": 52.527743526510484,
      "other_count": 25,
      "other_percentage": 3.082614056720099,
      "by_place": {
        "#1": {
          "count": 360,
          "percentage": 44.38964241676942
        },
        "#2": {
          "count": 137,
          "percentage": 16.892725030826142
        },
        "#3": {
          "count": 109,
          "percentage": 13.440197287299629
        },
        "#4": {
          "count": 69,
          "percentage": 8.508014796547473
        },
        "#5": {
          "count": 44,
          "percentage": 5.425400739827373
        },
        "#6": {
          "count": 41,
          "percentage": 5.055487053020962
        },
        "#7": {
          "count": 15,
          "percentage": 1.8495684340320593
        },
        "#8": {
          "count": 11,
          "percentage": 1.3563501849568433
        }
      }
    }
  },
  "turnout_protocols": {
    "17.09.2021": {
      "15.00": {
        "count": 157,
        "count_delta": 157,
        "count_delta_per_hour": 22.428571428571427,
        "count_delta_per_minute": 0.3738095238095238,
        "percentage": 7.28,
        "percentage_delta": 7.28,
        "percentage_delta_per_hour": 1.04,
        "percentage_delta_per_minute": 0.017333333333333333,
        "registered_count": 2157,
        "registered_count_delta": 2157,
        "registered_count_delta_per_hour": 308.14285714285717,
        "registered_count_delta_per_minute": 5.135714285714286
      },
      "20.00": {
        "count": 200,
        "count_delta": 43,
        "count_delta_per_hour": 8.6,
        "count_delta_per_minute": 0.14333333333333334,
        "percentage": 9.28,
        "percentage_delta": 1.9999999999999991,
        "percentage_delta_per_hour": 0.3999999999999998,
        "percentage_delta_per_minute": 0.006666666666666664,
        "registered_count": 2155,
        "registered_count_delta": -2,
        "registered_count_delta_per_hour": -0.4,
        "registered_count_delta_per_minute": -0.006666666666666667
      }
    },
    "18.09.2021": {
      "15.00": {
        "count": 249,
        "count_delta": 49,
        "count_delta_per_hour": 7,
        "count_delta_per_minute": 0.11666666666666667,
        "percentage": 11.55,
        "percentage_delta": 2.2700000000000014,
        "percentage_delta_per_hour": 0.32428571428571445,
        "percentage_delta_per_minute": 0.005404761904761908,
        "registered_count": 2156,
        "registered_count_delta": 1,
        "registered_count_delta_per_hour": 0.14285714285714285,
        "registered_count_delta_per_minute": 0.002380952380952381
      },
      "20.00": {
        "count": 454,
        "count_delta": 205,
        "count_delta_per_hour": 41,
        "count_delta_per_minute": 0.6833333333333333,
        "percentage": 21.06,
        "percentage_delta": 9.509999999999998,
        "percentage_delta_per_hour": 1.9019999999999997,
        "percentage_delta_per_minute": 0.03169999999999999,
        "registered_count": 2156,
        "registered_count_delta": 0,
        "registered_count_delta_per_hour": 0,
        "registered_count_delta_per_minute": 0
      }
    },
    "19.09.2021": {
      "10.00": {
        "count": 405,
        "count_delta": -49,
        "count_delta_per_hour": -24.5,
        "count_delta_per_minute": -0.4083333333333333,
        "percentage": 18.78,
        "percentage_delta": -2.2799999999999976,
        "percentage_delta_per_hour": -1.1399999999999988,
        "percentage_delta_per_minute": -0.01899999999999998
      },
      "12.00": {
        "count": 528,
        "count_delta": 123,
        "count_delta_per_hour": 61.5,
        "count_delta_per_minute": 1.025,
        "percentage": 24.44,
        "percentage_delta": 5.66,
        "percentage_delta_per_hour": 2.83,
        "percentage_delta_per_minute": 0.04716666666666667
      },
      "15.00": {
        "count": 626,
        "count_delta": 98,
        "count_delta_per_hour": 32.666666666666664,
        "count_delta_per_minute": 0.5444444444444444,
        "percentage": 28.99,
        "percentage_delta": 4.549999999999997,
        "percentage_delta_per_hour": 1.5166666666666657,
        "percentage_delta_per_minute": 0.025277777777777764
      },
      "18.00": {
        "count": 746,
        "count_delta": 120,
        "count_delta_per_hour": 40,
        "count_delta_per_minute": 0.6666666666666666,
        "percentage": 34.55,
        "percentage_delta": 5.559999999999999,
        "percentage_delta_per_hour": 1.8533333333333328,
        "percentage_delta_per_minute": 0.030888888888888882
      },
      "20.00": {
        "count": 813,
        "count_delta": 67,
        "count_delta_per_hour": 33.5,
        "count_delta_per_minute": 0.5583333333333333,
        "percentage": 37.65632237146827,
        "percentage_delta": 3.1063223714682735,
        "percentage_delta_per_hour": 1.5531611857341368,
        "percentage_delta_per_minute": 0.02588601976223561,
        "registered_count": 2159,
        "registered_count_delta": 3,
        "registered_count_delta_per_hour": 0.25,
        "registered_count_delta_per_minute": 0.004166666666666667
      }
    }
  },
  "metadata": {
    "analysis": {
      "negative_turnout_registered_count_protocols": 1,
      "negative_turnout_registered_count": 2,
      "negative_turnout_percentage_protocols": 1,
      "negative_turnout_percentage": 2.2799999999999976,
      "negative_turnout_count_protocols": 1,
      "negative_turnout_count": 49,
      "protocol_count": 1,
      "exceeded_papers_count": 0,
      "exceeded_papers_steal_winning": 0,
      "exceeded_papers_provide_extra_places": 0,
      "multiple_winners": 0,
      "checksum_valid": 1,
      "stuffed_protocol_for_5": 1,
      "stuffed_votes_for_5": 81.46153846153845
    },
    "voters": {
      "initially_registered_count": 2156,
      "registered_count": 2159,
      "walk_by_count": 712,
      "on_home_count": 101,
      "ahead_of_time_count": 0,
      "exceptional_count": 0,
      "added_count": 3
    },
    "papers": {
      "received_count": 2000,
      "destroyed_count": 1187,
      "stationary_box_count": 710,
      "portable_box_count": 101,
      "valid_count": 786,
      "invalid_count": 25,
      "lost_count": 0,
      "ignored_count": 0,
      "taken_home_count": 2
    }
  },
  "entries": [
    {
      "name": "Всероссийская политическая партия \"ЕДИНАЯ РОССИЯ\"",
      "position": 2,
      "party_id": 5,
      "official_result": {
        "votes_count": 360,
        "place": 1,
        "percentage": 44.38964241676942,
        "valid_percentage": 45.80152671755725,