{
  "commission_name": "УИК №593",
  "ballot_name": "Выборы депутатов Законодательного Собрания Санкт-Петербурга седьмого созыва",
  "name": "Результаты выборов по единому округу",
  "protocol_scope": {
    "type": "uik",
    "id": 593
  },
  "electoral_district": {
    "type": "city",
    "id": 0
  },
  "data_id": 27820001915220,
  "ballot_data_id": 478404190411,
  "has_koib": true,
  "generated_date": 1632113024000,
  "official_result": {
    "winner": {
      "id": 5,
      "position": 2,
      "percentage": 22.55639097744361,
      "valid_percentage": 22.95918367346939,
      "registered_percentage": 7.819287576020852
    },
    "turnout": {
      "count": 800,
      "percentage": 34.75238922675934,
      "walk_by_count": 789,
      "walk_by_percentage": 34.2745438748914,
      "on_home_count": 11,
      "on_home_percentage": 0.47784535186794097,
      "ahead_of_time_count": 0,
      "ahead_of_time_percentage": 0,
      "valid_count": 784,
      "valid_percentage": 34.05734144222416,
      "invalid_count": 14,
      "invalid_percentage": 0.6081668114682884,
      "taken_home_count": 2,
      "taken_home_percentage": 0.08688097306689835,
      "lost_count": 0,
      "lost_percentage": 0
    },
    "votes_stats": {
      "winning_count": 180,
      "winning_percentage": 22.55639097744361,
      "effective_count": 784,
      "losing_count": 604,
      "losing_percentage": 75.6892230576441,
      "other_count": 14,
      "other_percentage": 1.7543859649122806,
      "by_place": {
        "#1": {
          "count": 180,
          "percentage": 22.55639097744361
        },
        "#2": {
          "count": 172,
          "percentage": 21.553884711779446
        },
        "#3": {
          "count": 162,
          "percentage": 20.30075187969925
        },
        "#4": {
          "count": 105,
          "percentage": 13.157894736842104
        },
        "#5": {
          "count": 67,
          "percentage": 8.395989974937343
        },
        "#6": {
          "count": 46,
          "percentage": 5.764411027568922
        },
        "#7": {
          "count": 35,
          "percentage": 4.385964912280701
        },
        "#8": {
          "count": 17,
          "percentage": 2.1303258145363406
        }
      }
    }
  },
  "turnout_protocols": {
    "17.09.2021": {
      "15.00": {
        "count": 166,
        "count_delta": 166,
        "count_delta_per_hour": 23.714285714285715,
        "count_delta_per_minute": 0.3952380952380952,
        "percentage": 7.3,
        "percentage_delta": 7.3,
        "percentage_delta_per_hour": 1.042857142857143,
        "percentage_delta_per_minute": 0.01738095238095238,
        "registered_count": 2274,
        "registered_count_delta": 2274,
        "registered_count_delta_per_hour": 324.85714285714283,
        "registered_count_delta_per_minute": 5.414285714285715
      },
      "20.00": {
        "count": 213,
        "count_delta": 47,
        "count_delta_per_hour": 9.4,
        "count_delta_per_minute": 0.15666666666666668,
        "percentage": 9.35,
        "percentage_delta": 2.05,
        "percentage_delta_per_hour": 0.41,
        "percentage_delta_per_minute": 0.006833333333333333,
        "registered_count": 2278,
        "registered_count_delta": 4,
        "registered_count_delta_per_hour": 0.8,
        "registered_count_delta_per_minute": 0.013333333333333334
      }
    },
    "18.09.2021": {
      "15.00": {
        "count": 293,
        "count_delta": 80,
        "count_delta_per_hour": 11.428571428571429,
        "count_delta_per_minute": 0.19047619047619047,
        "percentage": 12.83,
        "percentage_delta": 3.4800000000000004,
        "percentage_delta_per_hour": 0.4971428571428572,
        "percentage_delta_per_minute": 0.008285714285714287,
        "registered_count": 2284,
        "registered_count_delta": 6,
        "registered_count_delta_per_hour": 0.8571428571428571,
        "registered_count_delta_per_minute": 0.014285714285714285
      },
      "20.00": {
        "count": 390,
        "count_delta": 97,
        "count_delta_per_hour": 19.4,
        "count_delta_per_minute": 0.3233333333333333,
        "percentage": 17.05,
        "percentage_delta": 4.220000000000001,
        "percentage_delta_per_hour": 0.8440000000000001,
        "percentage_delta_per_minute": 0.014066666666666668,
        "registered_count": 2287,
        "registered_count_delta": 3,
        "registered_count_delta_per_hour": 0.6,
        "registered_count_delta_per_minute": 0.01
      }
    },
    "19.09.2021": {
      "10.00": {
        "count": 398,
        "count_delta": 8,
        "count_delta_per_hour": 4,
        "count_delta_per_minute": 0.06666666666666667,
        "percentage": 17.27,
        "percentage_delta": 0.21999999999999886,
        "percentage_delta_per_hour": 0.10999999999999943,
        "percentage_delta_per_minute": 0.0018333333333333238
      },
      "12.00": {
        "count": 432,
        "count_delta": 34,
        "count_delta_per_hour": 17,
        "count_delta_per_minute": 0.2833333333333333,
        "percentage": 18.77,
        "percentage_delta": 1.5,
        "percentage_delta_per_hour": 0.75,
        "percentage_delta_per_minute": 0.0125
      },
      "15.00": {
        "count": 561,
        "count_delta": 129,
        "count_delta_per_hour": 43,
        "count_delta_per_minute": 0.7166666666666667,
        "percentage": 24.39,
        "percentage_delta": 5.620000000000001,
        "percentage_delta_per_hour": 1.8733333333333337,
        "percentage_delta_per_minute": 0.031222222222222228
      },
      "18.00": {
        "count": 689,
        "count_delta": 128,
        "count_delta_per_hour": 42.666666666666664,
        "count_delta_per_minute": 0.7111111111111111,
        "percentage": 29.94,
        "percentage_delta": 5.550000000000001,
        "percentage_delta_per_hour": 1.8500000000000003,
        "percentage_delta_per_minute": 0.030833333333333338
      },
      "20.00": {
        "count": 800,
        "count_delta": 111,
        "count_delta_per_hour": 55.5,
        "count_delta_per_minute": 0.925,
        "percentage": 34.75238922675934,
        "percentage_delta": 4.81238922675934,
        "percentage_delta_per_hour": 2.40619461337967,
        "percentage_delta_per_minute": 0.040103243556327835,
        "registered_count": 2302,
        "registered_count_delta": 15,
        "registered_count_delta_per_hour": 1.25,
        "registered_count_delta_per_minute": 0.020833333333333332
      }
    }
  },
  "metadata": {
    "analysis": {
      "protocol_count": 1,
      "exceeded_papers_count": 0,
      "exceeded_papers_steal_winning": 0,
      "exceeded_papers_provide_extra_places": 0,
      "multiple_winners": 0,
      "checksum_valid": 1
    },
    "voters": {
      "initially_registered_count": 2268,
      "registered_count": 2302,
      "walk_by_count": 789,
      "on_home_count": 11,
      "ahead_of_time_count": 0,
      "exceptional_count": 0,
      "added_count": 34
    },
    "papers": {
      "received_count": 2000,
      "destroyed_count": 1200,
      "stationary_box_count": 787,
      "portable_box_count": 11,
      "valid_count": 784,
      "invalid_count": 14,
      "lost_count": 0,
      "ignored_count": 0,
      "taken_home_count": 2
    }
  },
  "entries": [
    {
      "name": "Всероссийская политическая партия \"ЕДИНАЯ РОССИЯ\"",
      "position": 2,
      "party_id": 5,
      "official_result": {
        "votes_count": 180,
        "place": 1,
        "percentage": 22.55639097744361,
        "valid_percentage": 22.95918367346939,
        "registered_percentage": 7.819287576020852,
        "display_percentage": 22.56,
        "winner": true
      },
      "result_without_other_entry": {
        "1": {
          "percentage": 28.30188679245283,
          "valid_percentage": 28.938906752411576
        },
        "3": {
          "percentage": 23.93617021276596,
          "valid_percentage": 24.390243902439025
        },