{
  "commission_name": "УИК №798",
  "ballot_name": "Выборы депутатов Законодательного Собрания Санкт-Петербурга седьмого созыва",
  "name": "Результаты выборов по одномандатному (многомандатному) округу",
  "protocol_scope": {
    "type": "uik",
    "id": 798
  },
  "electoral_district": {
    "type": "city",
    "id": 17
  },
  "data_id": 27820001915220,
  "ballot_data_id": 4784020563786,
  "has_koib": false,
  "generated_date": 1632126266000,
  "official_result": {
    "winner": {
      "id": 44,
      "position": 7,
      "percentage": 36.67180277349769,
      "valid_percentage": 38.51132686084142,
      "registered_percentage": 11.923847695390782
    },
    "turnout": {
      "count": 649,
      "percentage": 32.51503006012024,
      "walk_by_count": 645,
      "walk_by_percentage": 32.31462925851704,
      "on_home_count": 4,
      "on_home_percentage": 0.2004008016032064,
      "ahead_of_time_count": 0,
      "ahead_of_time_percentage": 0,
      "valid_count": 618,
      "valid_percentage": 30.961923847695388,
      "invalid_count": 31,
      "invalid_percentage": 1.5531062124248496,
      "taken_home_count": 0,
      "taken_home_percentage": 0,
      "lost_count": 0,
      "lost_percentage": 0
    },
    "votes_stats": {
      "winning_count": 238,
      "winning_percentage": 36.67180277349769,
      "effective_count": 618,
      "losing_count": 380,
      "losing_percentage": 58.55161787365177,
      "other_count": 31,
      "other_percentage": 4.776579352850539,
      "by_place": {
        "#1": {
          "count": 238,
          "percentage": 36.67180277349769
        },
        "#2": {
          "count": 127,
          "percentage": 19.568567026194145,
          "supported_by_smart_vote": true
        },
        "#3": {
          "count": 94,
          "percentage": 14.48382126348228
        },
        "#4": {
          "count": 75,
          "percentage": 11.556240369799692
        },
        "#5.5": {
          "count": 62,
          "percentage": 9.553158705701078
        },
        "#6": {
          "count": 22,
          "percentage": 3.389830508474576
        }
      }
    }
  },
  "turnout_protocols": {
    "17.09.2021": {
      "15.00": {
        "count": 114,
        "count_delta": 114,
        "count_delta_per_hour": 16.285714285714285,
        "count_delta_per_minute": 0.2714285714285714,
        "percentage": 5.75,
        "percentage_delta": 5.75,
        "percentage_delta_per_hour": 0.8214285714285714,
        "percentage_delta_per_minute": 0.01369047619047619,
        "registered_count": 1983,
        "registered_count_delta": 1983,
        "registered_count_delta_per_hour": 283.2857142857143,
        "registered_count_delta_per_minute": 4.7214285714285715
      },
      "20.00": {
        "count": 196,
        "count_delta": 82,
        "count_delta_per_hour": 16.4,
        "count_delta_per_minute": 0.2733333333333333,
        "percentage": 9.88,
        "percentage_delta": 4.130000000000001,
        "percentage_delta_per_hour": 0.8260000000000002,
        "percentage_delta_per_minute": 0.01376666666666667,
        "registered_count": 1984,
        "registered_count_delta": 1,
        "registered_count_delta_per_hour": 0.2,
        "registered_count_delta_per_minute": 0.0033333333333333335
      }
    },
    "18.09.2021": {
      "15.00": {
        "count": 274,
        "count_delta": 78,
        "count_delta_per_hour": 11.142857142857142,
        "count_delta_per_minute": 0.18571428571428572,
        "percentage": 13.82,
        "percentage_delta": 3.9399999999999995,
        "percentage_delta_per_hour": 0.5628571428571428,
        "percentage_delta_per_minute": 0.00938095238095238,
        "registered_count": 1983,
        "registered_count_delta": -1,
        "registered_count_delta_per_hour": -0.14285714285714285,
        "registered_count_delta_per_minute": -0.002380952380952381
      },
      "20.00": {
        "count": 338,
        "count_delta": 64,
        "count_delta_per_hour": 12.8,
        "count_delta_per_minute": 0.21333333333333335,
        "percentage": 17.04,
        "percentage_delta": 3.219999999999999,
        "percentage_delta_per_hour": 0.6439999999999998,
        "percentage_delta_per_minute": 0.010733333333333329,
        "registered_count": 1984,
        "registered_count_delta": 1,
        "registered_count_delta_per_hour": 0.2,
        "registered_count_delta_per_minute": 0.0033333333333333335
      }
    },
    "19.09.2021": {
      "10.00": {
        "count": 381,
        "count_delta": 43,
        "count_delta_per_hour": 21.5,
        "count_delta_per_minute": 0.35833333333333334,
        "percentage": 19.11,
        "percentage_delta": 2.0700000000000003,
        "percentage_delta_per_hour": 1.0350000000000001,
        "percentage_delta_per_minute": 0.01725
      },
      "12.00": {
        "count": 442,
        "count_delta": 61,
        "count_delta_per_hour": 30.5,
        "count_delta_per_minute": 0.5083333333333333,
        "percentage": 22.14,
        "percentage_delta": 3.030000000000001,
        "percentage_delta_per_hour": 1.5150000000000006,
        "percentage_delta_per_minute": 0.02525000000000001
      },
      "15.00": {
        "count": 544,
        "count_delta": 102,
        "count_delta_per_hour": 34,
        "count_delta_per_minute": 0.5666666666666667,
        "percentage": 27.23,
        "percentage_delta": 5.09,
        "percentage_delta_per_hour": 1.6966666666666665,
        "percentage_delta_per_minute": 0.028277777777777777
      },
      "18.00": {
        "count": 549,
        "count_delta": 5,
        "count_delta_per_hour": 1.6666666666666667,
        "count_delta_per_minute": 0.027777777777777776,
        "percentage": 27.48,
        "percentage_delta": 0.25,
        "percentage_delta_per_hour": 0.08333333333333333,
        "percentage_delta_per_minute": 0.001388888888888889
      },
      "20.00": {
        "count": 649,
        "count_delta": 100,
        "count_delta_per_hour": 50,
        "count_delta_per_minute": 0.8333333333333334,
        "percentage": 32.51503006012024,
        "percentage_delta": 5.0350300601202385,
        "percentage_delta_per_hour": 2.5175150300601192,
        "percentage_delta_per_minute": 0.041958583834335324,
        "registered_count": 1996,
        "registered_count_delta": 12,
        "registered_count_delta_per_hour": 1,
        "registered_count_delta_per_minute": 0.016666666666666666
      }
    }
  },
  "metadata": {
    "analysis": {
      "negative_turnout_registered_count_protocols": 1,
      "negative_turnout_registered_count": 1,
      "protocol_count": 1,
      "exceeded_papers_count": 0,
      "exceeded_papers_steal_winning": 0,
      "checksum_valid": 1
    },
    "voters": {
      "initially_registered_count": 1983,
      "registered_count": 1996,
      "walk_by_count": 645,
      "on_home_count": 4,
      "ahead_of_time_count": 0,
      "exceptional_count": 0,
      "added_count": 13
    },
    "papers": {
      "received_count": 1500,
      "destroyed_count": 851,
      "stationary_box_count": 645,
      "portable_box_count": 4,
      "valid_count": 618,
      "invalid_count": 31,
      "lost_count": 0,
      "ignored_count": 0,
      "taken_home_count": 0
    }
  },
  "entries": [
    {
      "name": "Четырбок Денис Александрович",
      "position": 7,
      "candidate_id": 44,
      "supported_by_party_id": 5,
      "official_result": {
        "votes_count": 238,
        "place": 1,
        "percentage": 36.67180277349769,
        "valid_percentage": 38.51132686084142,
        "registered_percentage": 11.923847695390782,
        "display_percentage": 36.67,
        "winner": true
      },
      "result_without_other_entry": {
        "38": {
          "percentage": 38.51132686084142,
          "valid_percentage": 40.54514480408859
        },
        "39": {
          "percentage": 42.88288288288288,
          "valid_percentage": 45.41984732824427
        },