{
  "commission_name": "УИК №905",
  "ballot_name": "Выборы депутатов Законодательного Собрания Санкт-Петербурга седьмого созыва",
  "name": "Результаты выборов по единому округу",
  "protocol_scope": {
    "type": "uik",
    "id": 905
  },
  "electoral_district": {
    "type": "city",
    "id": 0
  },
  "data_id": 27820001915220,
  "ballot_data_id": 4784007523938,
  "has_koib": false,
  "generated_date": 1632112489000,
  "official_result": {
    "winner": {
      "id": 5,
      "position": 2,
      "percentage": 35.197685631629696,
      "valid_percentage": 35.714285714285715,
      "registered_percentage": 11.755233494363928
    },
    "turnout": {
      "count": 1037,
      "percentage": 33.39774557165862,
      "walk_by_count": 878,
      "walk_by_percentage": 28.276972624798713,
      "on_home_count": 159,
      "on_home_percentage": 5.120772946859904,
      "ahead_of_time_count": 0,
      "ahead_of_time_percentage": 0,
      "valid_count": 1022,
      "valid_percentage": 32.914653784219,
      "invalid_count": 15,
      "invalid_percentage": 0.4830917874396135,
      "taken_home_count": 0,
      "taken_home_percentage": 0,
      "lost_count": 0,
      "lost_percentage": 0
    },
    "votes_stats": {
      "winning_count": 365,
      "winning_percentage": 35.197685631629696,
      "effective_count": 1022,
      "losing_count": 657,
      "losing_percentage": 63.35583413693347,
      "other_count": 15,
      "other_percentage": 1.446480231436837,
      "by_place": {
        "#1": {
          "count": 365,
          "percentage": 35.197685631629696
        },
        "#2": {
          "count": 183,
          "percentage": 17.647058823529413
        },
        "#3": {
          "count": 171,
          "percentage": 16.48987463837994
        },
        "#4": {
          "count": 112,
          "percentage": 10.800385728061716
        },
        "#5": {
          "count": 85,
          "percentage": 8.19672131147541
        },
        "#6": {
          "count": 72,
          "percentage": 6.943105110896817
        },
        "#7": {
          "count": 21,
          "percentage": 2.0250723240115716
        },
        "#8": {
          "count": 13,
          "percentage": 1.253616200578592
        }
      }
    }
  },
  "turnout_protocols": {
    "17.09.2021": {
      "15.00": {
        "count": 130,
        "count_delta": 130,
        "count_delta_per_hour": 18.571428571428573,
        "count_delta_per_minute": 0.30952380952380953,
        "percentage": 4.21,
        "percentage_delta": 4.21,
        "percentage_delta_per_hour": 0.6014285714285714,
        "percentage_delta_per_minute": 0.010023809523809523,
        "registered_count": 3088,
        "registered_count_delta": 3088,
        "registered_count_delta_per_hour": 441.14285714285717,
        "registered_count_delta_per_minute": 7.352380952380952
      },
      "20.00": {
        "count": 383,
        "count_delta": 253,
        "count_delta_per_hour": 50.6,
        "count_delta_per_minute": 0.8433333333333334,
        "percentage": 12.41,
        "percentage_delta": 8.2,
        "percentage_delta_per_hour": 1.64,
        "percentage_delta_per_minute": 0.02733333333333333,
        "registered_count": 3086,
        "registered_count_delta": -2,
        "registered_count_delta_per_hour": -0.4,
        "registered_count_delta_per_minute": -0.006666666666666667
      }
    },
    "18.09.2021": {
      "15.00": {
        "count": 495,
        "count_delta": 112,
        "count_delta_per_hour": 16,
        "count_delta_per_minute": 0.26666666666666666,
        "percentage": 16.03,
        "percentage_delta": 3.620000000000001,
        "percentage_delta_per_hour": 0.5171428571428572,
        "percentage_delta_per_minute": 0.008619047619047622,
        "registered_count": 3088,
        "registered_count_delta": 2,
        "registered_count_delta_per_hour": 0.2857142857142857,
        "registered_count_delta_per_minute": 0.004761904761904762
      },
      "20.00": {
        "count": 682,
        "count_delta": 187,
        "count_delta_per_hour": 37.4,
        "count_delta_per_minute": 0.6233333333333333,
        "percentage": 22.09,
        "percentage_delta": 6.059999999999999,
        "percentage_delta_per_hour": 1.2119999999999997,
        "percentage_delta_per_minute": 0.020199999999999996,
        "registered_count": 3087,
        "registered_count_delta": -1,
        "registered_count_delta_per_hour": -0.2,
        "registered_count_delta_per_minute": -0.0033333333333333335
      }
    },
    "19.09.2021": {
      "10.00": {
        "count": 686,
        "count_delta": 4,
        "count_delta_per_hour": 2,
        "count_delta_per_minute": 0.03333333333333333,
        "percentage": 22.09,
        "percentage_delta": 0,
        "percentage_delta_per_hour": 0,
        "percentage_delta_per_minute": 0
      },
      "12.00": {
        "count": 686,
        "count_delta": 0,
        "count_delta_per_hour": 0,
        "count_delta_per_minute": 0,
        "percentage": 22.09,
        "percentage_delta": 0,
        "percentage_delta_per_hour": 0,
        "percentage_delta_per_minute": 0
      },
      "15.00": {
        "count": 791,
        "count_delta": 105,
        "count_delta_per_hour": 35,
        "count_delta_per_minute": 0.5833333333333334,
        "percentage": 25.49,
        "percentage_delta": 3.3999999999999986,
        "percentage_delta_per_hour": 1.1333333333333329,
        "percentage_delta_per_minute": 0.018888888888888882
      },
      "18.00": {
        "count": 936,
        "count_delta": 145,
        "count_delta_per_hour": 48.333333333333336,
        "count_delta_per_minute": 0.8055555555555556,
        "percentage": 30.16,
        "percentage_delta": 4.670000000000002,
        "percentage_delta_per_hour": 1.5566666666666673,
        "percentage_delta_per_minute": 0.025944444444444454
      },
      "20.00": {
        "count": 1037,
        "count_delta": 101,
        "count_delta_per_hour": 50.5,
        "count_delta_per_minute": 0.8416666666666667,
        "percentage": 33.39774557165862,
        "percentage_delta": 3.2377455716586176,
        "percentage_delta_per_hour": 1.6188727858293088,
        "percentage_delta_per_minute": 0.026981213097155145,
        "registered_count": 3105,
        "registered_count_delta": 18,
        "registered_count_delta_per_hour": 1.5,
        "registered_count_delta_per_minute": 0.025
      }
    }
  },
  "metadata": {
    "analysis": {
      "negative_turnout_registered_count_protocols": 1,
      "negative_turnout_registered_count": 1,
      "protocol_count": 1,
      "exceeded_papers_count": 0,
      "exceeded_papers_steal_winning": 0,
      "exceeded_papers_provide_extra_places": 0,
      "multiple_winners": 0,
      "checksum_valid": 1
    },
    "voters": {
      "initially_registered_count": 3087,
      "registered_count": 3105,
      "walk_by_count": 878,
      "on_home_count": 159,
      "ahead_of_time_count": 0,
      "exceptional_count": 0,
      "added_count": 18
    },
    "papers": {
      "received_count": 2500,
      "destroyed_count": 1463,
      "stationary_box_count": 878,
      "portable_box_count": 159,
      "valid_count": 1022,
      "invalid_count": 15,
      "lost_count": 0,
      "ignored_count": 0,
      "taken_home_count": 0
    }
  },
  "entries": [
    {
      "name": "Всероссийская политическая партия \"ЕДИНАЯ РОССИЯ\"",
      "position": 2,
      "party_id": 5,
      "official_result": {
        "votes_count": 365,
        "place": 1,
        "percentage": 35.197685631629696,
        "valid_percentage": 35.714285714285715,
        "registered_percentage": 11.755233494363928,
        "display_percentage": 35.2,
        "winner": true
      },
      "result_without_other_entry": {
        "1": {
          "percentage": 42.147806004618936,
          "valid_percentage": 42.890716803760284
        },
        "3": {
          "percentage": 37.82383419689119,