{
  "commission_name": "УИК №2130",
  "ballot_name": "Выборы депутатов Законодательного Собрания Санкт-Петербурга седьмого созыва",
  "name": "Результаты выборов по одномандатному (многомандатному) округу",
  "protocol_scope": {
    "type": "uik",
    "id": 2130
  },
  "electoral_district": {
    "type": "city",
    "id": 22
  },
  "data_id": 27820001915220,
  "ballot_data_id": 4784029471294,
  "has_koib": false,
  "generated_date": 1632121789000,
  "official_result": {
    "winner": {
      "id": 212,
      "position": 2,
      "percentage": 62.40458015267175,
      "valid_percentage": 63.49514563106796,
      "registered_percentage": 19.067055393586006
    },
    "turnout": {
      "count": 524,
      "percentage": 30.553935860058306,
      "walk_by_count": 519,
      "walk_by_percentage": 30.262390670553934,
      "on_home_count": 5,
      "on_home_percentage": 0.2915451895043732,
      "ahead_of_time_count": 0,
      "ahead_of_time_percentage": 0,
      "valid_count": 515,
      "valid_percentage": 30.029154518950435,
      "invalid_count": 9,
      "invalid_percentage": 0.5247813411078718,
      "taken_home_count": 0,
      "taken_home_percentage": 0,
      "lost_count": 0,
      "lost_percentage": 0
    },
    "votes_stats": {
      "winning_count": 327,
      "winning_percentage": 62.40458015267175,
      "effective_count": 515,
      "losing_count": 188,
      "losing_percentage": 35.87786259541985,
      "other_count": 9,
      "other_percentage": 1.717557251908397,
      "by_place": {
        "#1": {
          "count": 327,
          "percentage": 62.40458015267175
        },
        "#2": {
          "count": 73,
          "percentage": 13.931297709923665,
          "supported_by_smart_vote": true
        },
        "#3": {
          "count": 49,
          "percentage": 9.351145038167939
        },
        "#4": {
          "count": 28,
          "percentage": 5.343511450381679
        },
        "#5": {
          "count": 22,
          "percentage": 4.198473282442748
        },
        "#6": {
          "count": 16,
          "percentage": 3.0534351145038165
        }
      }
    }
  },
  "turnout_protocols": {
    "17.09.2021": {
      "15.00": {
        "count": 80,
        "count_delta": 80,
        "count_delta_per_hour": 11.428571428571429,
        "count_delta_per_minute": 0.19047619047619047,
        "percentage": 4.68,
        "percentage_delta": 4.68,
        "percentage_delta_per_hour": 0.6685714285714285,
        "percentage_delta_per_minute": 0.011142857142857142,
        "registered_count": 1709,
        "registered_count_delta": 1709,
        "registered_count_delta_per_hour": 244.14285714285714,
        "registered_count_delta_per_minute": 4.069047619047619
      },
      "20.00": {
        "count": 113,
        "count_delta": 33,
        "count_delta_per_hour": 6.6,
        "count_delta_per_minute": 0.11,
        "percentage": 6.61,
        "percentage_delta": 1.9300000000000006,
        "percentage_delta_per_hour": 0.3860000000000001,
        "percentage_delta_per_minute": 0.006433333333333335,
        "registered_count": 1710,
        "registered_count_delta": 1,
        "registered_count_delta_per_hour": 0.2,
        "registered_count_delta_per_minute": 0.0033333333333333335
      }
    },
    "18.09.2021": {
      "15.00": {
        "count": 203,
        "count_delta": 90,
        "count_delta_per_hour": 12.857142857142858,
        "count_delta_per_minute": 0.21428571428571427,
        "percentage": 11.87,
        "percentage_delta": 5.259999999999999,
        "percentage_delta_per_hour": 0.7514285714285712,
        "percentage_delta_per_minute": 0.01252380952380952,
        "registered_count": 1710,
        "registered_count_delta": 0,
        "registered_count_delta_per_hour": 0,
        "registered_count_delta_per_minute": 0
      },
      "20.00": {
        "count": 257,
        "count_delta": 54,
        "count_delta_per_hour": 10.8,
        "count_delta_per_minute": 0.18,
        "percentage": 15,
        "percentage_delta": 3.130000000000001,
        "percentage_delta_per_hour": 0.6260000000000001,
        "percentage_delta_per_minute": 0.010433333333333336,
        "registered_count": 1713,
        "registered_count_delta": 3,
        "registered_count_delta_per_hour": 0.6,
        "registered_count_delta_per_minute": 0.01
      }
    },
    "19.09.2021": {
      "10.00": {
        "count": 257,
        "count_delta": 0,
        "count_delta_per_hour": 0,
        "count_delta_per_minute": 0,
        "percentage": 15,
        "percentage_delta": 0,
        "percentage_delta_per_hour": 0,
        "percentage_delta_per_minute": 0
      },
      "12.00": {
        "count": 288,
        "count_delta": 31,
        "count_delta_per_hour": 15.5,
        "count_delta_per_minute": 0.25833333333333336,
        "percentage": 16.81,
        "percentage_delta": 1.8099999999999987,
        "percentage_delta_per_hour": 0.9049999999999994,
        "percentage_delta_per_minute": 0.015083333333333322
      },
      "15.00": {
        "count": 360,
        "count_delta": 72,
        "count_delta_per_hour": 24,
        "count_delta_per_minute": 0.4,
        "percentage": 21.02,
        "percentage_delta": 4.210000000000001,
        "percentage_delta_per_hour": 1.4033333333333335,
        "percentage_delta_per_minute": 0.023388888888888893
      },
      "18.00": {
        "count": 435,
        "count_delta": 75,
        "count_delta_per_hour": 25,
        "count_delta_per_minute": 0.4166666666666667,
        "percentage": 25.39,
        "percentage_delta": 4.370000000000001,
        "percentage_delta_per_hour": 1.456666666666667,
        "percentage_delta_per_minute": 0.024277777777777784
      },
      "20.00": {
        "count": 524,
        "count_delta": 89,
        "count_delta_per_hour": 44.5,
        "count_delta_per_minute": 0.7416666666666667,
        "percentage": 30.553935860058306,
        "percentage_delta": 5.163935860058306,
        "percentage_delta_per_hour": 2.581967930029153,
        "percentage_delta_per_minute": 0.04303279883381921,
        "registered_count": 1715,
        "registered_count_delta": 2,
        "registered_count_delta_per_hour": 0.16666666666666666,
        "registered_count_delta_per_minute": 0.002777777777777778
      }
    }
  },
  "metadata": {
    "analysis": {
      "protocol_count": 1,
      "exceeded_papers_count": 0,
      "exceeded_papers_steal_winning": 0,
      "checksum_valid": 1
    },
    "voters": {
      "initially_registered_count": 1708,
      "registered_count": 1715,
      "walk_by_count": 519,
      "on_home_count": 5,
      "ahead_of_time_count": 0,
      "exceptional_count": 0,
      "added_count": 7
    },
    "papers": {
      "received_count": 1300,
      "destroyed_count": 776,
      "stationary_box_count": 519,
      "portable_box_count": 5,
      "valid_count": 515,
      "invalid_count": 9,
      "lost_count": 0,
      "ignored_count": 0,
      "taken_home_count": 0
    }
  },
  "entries": [
    {
      "name": "Егорова Любовь Ивановна",
      "position": 2,
      "candidate_id": 212,
      "supported_by_party_id": 5,
      "official_result": {
        "votes_count": 327,
        "place": 1,
        "percentage": 62.40458015267175,
        "valid_percentage": 63.49514563106796,
        "registered_percentage": 19.067055393586006,
        "display_percentage": 62.4,
        "winner": true
      },
      "result_without_other_entry": {
        "248": {
          "percentage": 68.84210526315789,
          "valid_percentage": 70.17167381974248
        },
        "249": {
          "percentage": 65.92741935483872,
          "valid_percentage": 67.14579055441479
        },
        "250": {
          "percentage": 65.13944223107569,
          "valid_percentage": 66.32860040567951
        },
        "251": {
          "percentage": 64.37007874015748,
          "valid_percentage": 65.53106212424849
        },
        "252": {
          "percentage": 72.50554323725056,