{
  "commission_name": "УИК №1626",
  "ballot_name": "Выборы депутатов Законодательного Собрания Санкт-Петербурга седьмого созыва",
  "name": "Результаты выборов по единому округу",
  "protocol_scope": {
    "type": "uik",
    "id": 1626
  },
  "electoral_district": {
    "type": "city",
    "id": 0
  },
  "data_id": 27820001915220,
  "ballot_data_id": 478405483871,
  "has_koib": false,
  "generated_date": 1632120934000,
  "official_result": {
    "winner": {
      "id": 5,
      "position": 2,
      "percentage": 37.55980861244019,
      "valid_percentage": 39.15211970074813,
      "registered_percentage": 16.405433646812956
    },
    "turnout": {
      "count": 418,
      "percentage": 43.67816091954023,
      "walk_by_count": 410,
      "walk_by_percentage": 42.84221525600836,
      "on_home_count": 8,
      "on_home_percentage": 0.8359456635318705,
      "ahead_of_time_count": 0,
      "ahead_of_time_percentage": 0,
      "valid_count": 401,
      "valid_percentage": 41.901776384535005,
      "invalid_count": 17,
      "invalid_percentage": 1.7763845350052248,
      "taken_home_count": 0,
      "taken_home_percentage": 0,
      "lost_count": 0,
      "lost_percentage": 0
    },
    "votes_stats": {
      "winning_count": 157,
      "winning_percentage": 37.55980861244019,
      "effective_count": 401,
      "losing_count": 244,
      "losing_percentage": 58.3732057416268,
      "other_count": 17,
      "other_percentage": 4.0669856459330145,
      "by_place": {
        "#1": {
          "count": 157,
          "percentage": 37.55980861244019
        },
        "#2": {
          "count": 90,
          "percentage": 21.5311004784689
        },
        "#3": {
          "count": 53,
          "percentage": 12.679425837320574
        },
        "#4": {
          "count": 50,
          "percentage": 11.961722488038278
        },
        "#6.5": {
          "count": 28,
          "percentage": 6.698564593301436
        },
        "#5": {
          "count": 19,
          "percentage": 4.545454545454546
        },
        "#7": {
          "count": 4,
          "percentage": 0.9569377990430622
        }
      }
    }
  },
  "turnout_protocols": {
    "17.09.2021": {
      "15.00": {
        "count": 64,
        "count_delta": 64,
        "count_delta_per_hour": 9.142857142857142,
        "count_delta_per_minute": 0.1523809523809524,
        "percentage": 6.69,
        "percentage_delta": 6.69,
        "percentage_delta_per_hour": 0.9557142857142857,
        "percentage_delta_per_minute": 0.01592857142857143,
        "registered_count": 957,
        "registered_count_delta": 957,
        "registered_count_delta_per_hour": 136.71428571428572,
        "registered_count_delta_per_minute": 2.2785714285714285
      },
      "20.00": {
        "count": 89,
        "count_delta": 25,
        "count_delta_per_hour": 5,
        "count_delta_per_minute": 0.08333333333333333,
        "percentage": 9.31,
        "percentage_delta": 2.62,
        "percentage_delta_per_hour": 0.524,
        "percentage_delta_per_minute": 0.008733333333333334,
        "registered_count": 956,
        "registered_count_delta": -1,
        "registered_count_delta_per_hour": -0.2,
        "registered_count_delta_per_minute": -0.0033333333333333335
      }
    },
    "18.09.2021": {
      "15.00": {
        "count": 124,
        "count_delta": 35,
        "count_delta_per_hour": 5,
        "count_delta_per_minute": 0.08333333333333333,
        "percentage": 12.97,
        "percentage_delta": 3.66,
        "percentage_delta_per_hour": 0.5228571428571429,
        "percentage_delta_per_minute": 0.008714285714285714,
        "registered_count": 956,
        "registered_count_delta": 0,
        "registered_count_delta_per_hour": 0,
        "registered_count_delta_per_minute": 0
      },
      "20.00": {
        "count": 255,
        "count_delta": 131,
        "count_delta_per_hour": 26.2,
        "count_delta_per_minute": 0.43666666666666665,
        "percentage": 26.67,
        "percentage_delta": 13.700000000000001,
        "percentage_delta_per_hour": 2.74,
        "percentage_delta_per_minute": 0.04566666666666667,
        "registered_count": 956,
        "registered_count_delta": 0,
        "registered_count_delta_per_hour": 0,
        "registered_count_delta_per_minute": 0
      }
    },
    "19.09.2021": {
      "10.00": {
        "count": 255,
        "count_delta": 0,
        "count_delta_per_hour": 0,
        "count_delta_per_minute": 0,
        "percentage": 26.67,
        "percentage_delta": 0,
        "percentage_delta_per_hour": 0,
        "percentage_delta_per_minute": 0
      },
      "12.00": {
        "count": 262,
        "count_delta": 7,
        "count_delta_per_hour": 3.5,
        "count_delta_per_minute": 0.058333333333333334,
        "percentage": 27.41,
        "percentage_delta": 0.7399999999999984,
        "percentage_delta_per_hour": 0.3699999999999992,
        "percentage_delta_per_minute": 0.006166666666666654
      },
      "15.00": {
        "count": 300,
        "count_delta": 38,
        "count_delta_per_hour": 12.666666666666666,
        "count_delta_per_minute": 0.2111111111111111,
        "percentage": 31.38,
        "percentage_delta": 3.969999999999999,
        "percentage_delta_per_hour": 1.323333333333333,
        "percentage_delta_per_minute": 0.02205555555555555
      },
      "18.00": {
        "count": 306,
        "count_delta": 6,
        "count_delta_per_hour": 2,
        "count_delta_per_minute": 0.03333333333333333,
        "percentage": 32.01,
        "percentage_delta": 0.629999999999999,
        "percentage_delta_per_hour": 0.20999999999999966,
        "percentage_delta_per_minute": 0.0034999999999999944
      },
      "20.00": {
        "count": 418,
        "count_delta": 112,
        "count_delta_per_hour": 56,
        "count_delta_per_minute": 0.9333333333333333,
        "percentage": 43.67816091954023,
        "percentage_delta": 11.668160919540234,
        "percentage_delta_per_hour": 5.834080459770117,
        "percentage_delta_per_minute": 0.09723467432950196,
        "registered_count": 957,
        "registered_count_delta": 1,
        "registered_count_delta_per_hour": 0.08333333333333333,
        "registered_count_delta_per_minute": 0.001388888888888889
      }
    }
  },
  "metadata": {
    "analysis": {
      "negative_turnout_registered_count_protocols": 1,
      "negative_turnout_registered_count": 1,
      "protocol_count": 1,
      "exceeded_papers_count": 0,
      "exceeded_papers_steal_winning": 0,
      "exceeded_papers_provide_extra_places": 0,
      "multiple_winners": 0,
      "checksum_valid": 1
    },
    "voters": {
      "initially_registered_count": 956,
      "registered_count": 957,
      "walk_by_count": 410,
      "on_home_count": 8,
      "ahead_of_time_count": 0,
      "exceptional_count": 0,
      "added_count": 1
    },
    "papers": {
      "received_count": 800,
      "destroyed_count": 382,
      "stationary_box_count": 410,
      "portable_box_count": 8,
      "valid_count": 401,
      "invalid_count": 17,
      "lost_count": 0,
      "ignored_count": 0,
      "taken_home_count": 0
    }
  },
  "entries": [
    {
      "name": "Всероссийская политическая партия \"ЕДИНАЯ РОССИЯ\"",
      "position": 2,
      "party_id": 5,
      "official_result": {
        "votes_count": 157,
        "place": 1,
        "percentage": 37.55980861244019,
        "valid_percentage": 39.15211970074813,
        "registered_percentage": 16.405433646812956,
        "display_percentage": 37.56,
        "winner": true
      },
      "result_without_other_entry": {
        "1": {
          "percentage": 43.013698630136986,
          "valid_percentage": 45.11494252873563
        },
        "3": {
          "percentage": 38.86138613861386,
          "valid_percentage": 40.56847545219638
        },
        "4": {
          "percentage": 39.34837092731829,
          "valid_percentage": 41.09947643979058
        },