{
  "commission_name": "УИК №2199",
  "ballot_name": "Выборы депутатов Законодательного Собрания Санкт-Петербурга седьмого созыва",
  "name": "Результаты выборов по единому округу",
  "protocol_scope": {
    "type": "uik",
    "id": 2199
  },
  "electoral_district": {
    "type": "city",
    "id": 0
  },
  "data_id": 27820001915220,
  "ballot_data_id": 4784017303947,
  "has_koib": false,
  "generated_date": 1632128359000,
  "official_result": {
    "winner": {
      "id": 7,
      "position": 3,
      "percentage": 28.27586206896552,
      "valid_percentage": 28.92416225749559,
      "registered_percentage": 9.540430482838861
    },
    "turnout": {
      "count": 580,
      "percentage": 33.740546829552066,
      "walk_by_count": 569,
      "walk_by_percentage": 33.10063990692263,
      "on_home_count": 11,
      "on_home_percentage": 0.6399069226294357,
      "ahead_of_time_count": 0,
      "ahead_of_time_percentage": 0,
      "valid_count": 567,
      "valid_percentage": 32.98429319371728,
      "invalid_count": 13,
      "invalid_percentage": 0.7562536358347877,
      "taken_home_count": 0,
      "taken_home_percentage": 0,
      "lost_count": 0,
      "lost_percentage": 0
    },
    "votes_stats": {
      "winning_count": 164,
      "winning_percentage": 28.27586206896552,
      "effective_count": 567,
      "losing_count": 403,
      "losing_percentage": 69.48275862068965,
      "other_count": 13,
      "other_percentage": 2.2413793103448274,
      "by_place": {
        "#1": {
          "count": 164,
          "percentage": 28.27586206896552
        },
        "#2": {
          "count": 133,
          "percentage": 22.93103448275862
        },
        "#3": {
          "count": 80,
          "percentage": 13.793103448275861
        },
        "#4": {
          "count": 79,
          "percentage": 13.620689655172413
        },
        "#5": {
          "count": 41,
          "percentage": 7.06896551724138
        },
        "#6": {
          "count": 33,
          "percentage": 5.689655172413794
        },
        "#7": {
          "count": 31,
          "percentage": 5.344827586206897
        },
        "#8": {
          "count": 6,
          "percentage": 1.0344827586206897
        }
      }
    }
  },
  "turnout_protocols": {
    "17.09.2021": {
      "15.00": {
        "count": 74,
        "count_delta": 74,
        "count_delta_per_hour": 10.571428571428571,
        "count_delta_per_minute": 0.1761904761904762,
        "percentage": 4.34,
        "percentage_delta": 4.34,
        "percentage_delta_per_hour": 0.62,
        "percentage_delta_per_minute": 0.010333333333333333,
        "registered_count": 1705,
        "registered_count_delta": 1705,
        "registered_count_delta_per_hour": 243.57142857142858,
        "registered_count_delta_per_minute": 4.059523809523809
      },
      "20.00": {
        "count": 166,
        "count_delta": 92,
        "count_delta_per_hour": 18.4,
        "count_delta_per_minute": 0.30666666666666664,
        "percentage": 9.74,
        "percentage_delta": 5.4,
        "percentage_delta_per_hour": 1.08,
        "percentage_delta_per_minute": 0.018000000000000002,
        "registered_count": 1704,
        "registered_count_delta": -1,
        "registered_count_delta_per_hour": -0.2,
        "registered_count_delta_per_minute": -0.0033333333333333335
      }
    },
    "18.09.2021": {
      "15.00": {
        "count": 218,
        "count_delta": 52,
        "count_delta_per_hour": 7.428571428571429,
        "count_delta_per_minute": 0.12380952380952381,
        "percentage": 12.79,
        "percentage_delta": 3.049999999999999,
        "percentage_delta_per_hour": 0.43571428571428555,
        "percentage_delta_per_minute": 0.007261904761904759,
        "registered_count": 1704,
        "registered_count_delta": 0,
        "registered_count_delta_per_hour": 0,
        "registered_count_delta_per_minute": 0
      },
      "20.00": {
        "count": 273,
        "count_delta": 55,
        "count_delta_per_hour": 11,
        "count_delta_per_minute": 0.18333333333333332,
        "percentage": 16.01,
        "percentage_delta": 3.2200000000000024,
        "percentage_delta_per_hour": 0.6440000000000005,
        "percentage_delta_per_minute": 0.010733333333333341,
        "registered_count": 1705,
        "registered_count_delta": 1,
        "registered_count_delta_per_hour": 0.2,
        "registered_count_delta_per_minute": 0.0033333333333333335
      }
    },
    "19.09.2021": {
      "10.00": {
        "count": 296,
        "count_delta": 23,
        "count_delta_per_hour": 11.5,
        "count_delta_per_minute": 0.19166666666666668,
        "percentage": 17.24,
        "percentage_delta": 1.2299999999999969,
        "percentage_delta_per_hour": 0.6149999999999984,
        "percentage_delta_per_minute": 0.010249999999999974
      },
      "12.00": {
        "count": 330,
        "count_delta": 34,
        "count_delta_per_hour": 17,
        "count_delta_per_minute": 0.2833333333333333,
        "percentage": 19.18,
        "percentage_delta": 1.9400000000000013,
        "percentage_delta_per_hour": 0.9700000000000006,
        "percentage_delta_per_minute": 0.016166666666666676
      },
      "15.00": {
        "count": 422,
        "count_delta": 92,
        "count_delta_per_hour": 30.666666666666668,
        "count_delta_per_minute": 0.5111111111111111,
        "percentage": 24.57,
        "percentage_delta": 5.390000000000001,
        "percentage_delta_per_hour": 1.7966666666666669,
        "percentage_delta_per_minute": 0.029944444444444447
      },
      "18.00": {
        "count": 508,
        "count_delta": 86,
        "count_delta_per_hour": 28.666666666666668,
        "count_delta_per_minute": 0.4777777777777778,
        "percentage": 29.55,
        "percentage_delta": 4.98,
        "percentage_delta_per_hour": 1.6600000000000001,
        "percentage_delta_per_minute": 0.02766666666666667
      },
      "20.00": {
        "count": 580,
        "count_delta": 72,
        "count_delta_per_hour": 36,
        "count_delta_per_minute": 0.6,
        "percentage": 33.740546829552066,
        "percentage_delta": 4.190546829552066,
        "percentage_delta_per_hour": 2.095273414776033,
        "percentage_delta_per_minute": 0.03492122357960055,
        "registered_count": 1719,
        "registered_count_delta": 14,
        "registered_count_delta_per_hour": 1.1666666666666667,
        "registered_count_delta_per_minute": 0.019444444444444445
      }
    }
  },
  "metadata": {
    "analysis": {
      "negative_turnout_registered_count_protocols": 1,
      "negative_turnout_registered_count": 1,
      "protocol_count": 1,
      "exceeded_papers_count": 0,
      "exceeded_papers_steal_winning": 0,
      "exceeded_papers_provide_extra_places": 0,
      "multiple_winners": 0,
      "checksum_valid": 1
    },
    "voters": {
      "initially_registered_count": 1705,
      "registered_count": 1719,
      "walk_by_count": 569,
      "on_home_count": 11,
      "ahead_of_time_count": 0,
      "exceptional_count": 0,
      "added_count": 14
    },
    "papers": {
      "received_count": 1500,
      "destroyed_count": 920,
      "stationary_box_count": 569,
      "portable_box_count": 11,
      "valid_count": 567,
      "invalid_count": 13,
      "lost_count": 0,
      "ignored_count": 0,
      "taken_home_count": 0
    }
  },
  "entries": [
    {
      "name": "Политическая партия \"Российская объединенная демократическая партия \"ЯБЛОКО\"",
      "position": 3,
      "party_id": 7,
      "official_result": {
        "votes_count": 164,
        "place": 1,
        "percentage": 28.27586206896552,
        "valid_percentage": 28.92416225749559,
        "registered_percentage": 9.540430482838861,
        "display_percentage": 28.28,
        "winner": true
      },
      "result_without_other_entry": {
        "1": {
          "percentage": 32.734530938123754,
          "valid_percentage": 33.60655737704918
        },