{
  "commission_name": "УИК №2083",
  "ballot_name": "Выборы депутатов Законодательного Собрания Санкт-Петербурга седьмого созыва",
  "name": "Результаты выборов по одномандатному (многомандатному) округу",
  "protocol_scope": {
    "type": "uik",
    "id": 2083
  },
  "electoral_district": {
    "type": "city",
    "id": 21
  },
  "data_id": 27820001915220,
  "ballot_data_id": 478406181686,
  "has_koib": false,
  "generated_date": 1632128256000,
  "official_result": {
    "winner": {
      "id": 197,
      "position": 1,
      "percentage": 20.066889632107024,
      "valid_percentage": 20.65404475043029,
      "registered_percentage": 6.5323897659227,
      "supported_by_smart_vote": true
    },
    "turnout": {
      "count": 598,
      "percentage": 32.55307566684812,
      "walk_by_count": 587,
      "walk_by_percentage": 31.954273271638538,
      "on_home_count": 11,
      "on_home_percentage": 0.5988023952095809,
      "ahead_of_time_count": 0,
      "ahead_of_time_percentage": 0,
      "valid_count": 581,
      "valid_percentage": 31.627653783342407,
      "invalid_count": 17,
      "invalid_percentage": 0.9254218835057159,
      "taken_home_count": 0,
      "taken_home_percentage": 0,
      "lost_count": 0,
      "lost_percentage": 0
    },
    "votes_stats": {
      "winning_count": 120,
      "winning_percentage": 20.066889632107024,
      "effective_count": 581,
      "losing_count": 461,
      "losing_percentage": 77.09030100334448,
      "other_count": 17,
      "other_percentage": 2.842809364548495,
      "by_place": {
        "#1": {
          "count": 120,
          "percentage": 20.066889632107024,
          "supported_by_smart_vote": true
        },
        "#2": {
          "count": 106,
          "percentage": 17.725752508361204
        },
        "#3": {
          "count": 96,
          "percentage": 16.05351170568562
        },
        "#4": {
          "count": 82,
          "percentage": 13.712374581939798
        },
        "#5": {
          "count": 73,
          "percentage": 12.207357859531772
        },
        "#6": {
          "count": 61,
          "percentage": 10.200668896321071
        },
        "#7": {
          "count": 43,
          "percentage": 7.190635451505016
        }
      }
    }
  },
  "turnout_protocols": {
    "17.09.2021": {
      "15.00": {
        "count": 113,
        "count_delta": 113,
        "count_delta_per_hour": 16.142857142857142,
        "count_delta_per_minute": 0.26904761904761904,
        "percentage": 6.17,
        "percentage_delta": 6.17,
        "percentage_delta_per_hour": 0.8814285714285715,
        "percentage_delta_per_minute": 0.01469047619047619,
        "registered_count": 1831,
        "registered_count_delta": 1831,
        "registered_count_delta_per_hour": 261.57142857142856,
        "registered_count_delta_per_minute": 4.359523809523809
      },
      "20.00": {
        "count": 181,
        "count_delta": 68,
        "count_delta_per_hour": 13.6,
        "count_delta_per_minute": 0.22666666666666666,
        "percentage": 9.89,
        "percentage_delta": 3.7200000000000006,
        "percentage_delta_per_hour": 0.7440000000000001,
        "percentage_delta_per_minute": 0.012400000000000001,
        "registered_count": 1830,
        "registered_count_delta": -1,
        "registered_count_delta_per_hour": -0.2,
        "registered_count_delta_per_minute": -0.0033333333333333335
      }
    },
    "18.09.2021": {
      "15.00": {
        "count": 273,
        "count_delta": 92,
        "count_delta_per_hour": 13.142857142857142,
        "count_delta_per_minute": 0.21904761904761905,
        "percentage": 14.91,
        "percentage_delta": 5.02,
        "percentage_delta_per_hour": 0.7171428571428571,
        "percentage_delta_per_minute": 0.011952380952380952,
        "registered_count": 1831,
        "registered_count_delta": 1,
        "registered_count_delta_per_hour": 0.14285714285714285,
        "registered_count_delta_per_minute": 0.002380952380952381
      },
      "20.00": {
        "count": 321,
        "count_delta": 48,
        "count_delta_per_hour": 9.6,
        "count_delta_per_minute": 0.16,
        "percentage": 17.5,
        "percentage_delta": 2.59,
        "percentage_delta_per_hour": 0.518,
        "percentage_delta_per_minute": 0.008633333333333333,
        "registered_count": 1834,
        "registered_count_delta": 3,
        "registered_count_delta_per_hour": 0.6,
        "registered_count_delta_per_minute": 0.01
      }
    },
    "19.09.2021": {
      "10.00": {
        "count": 325,
        "count_delta": 4,
        "count_delta_per_hour": 2,
        "count_delta_per_minute": 0.03333333333333333,
        "percentage": 17.67,
        "percentage_delta": 0.1700000000000017,
        "percentage_delta_per_hour": 0.08500000000000085,
        "percentage_delta_per_minute": 0.0014166666666666809
      },
      "12.00": {
        "count": 357,
        "count_delta": 32,
        "count_delta_per_hour": 16,
        "count_delta_per_minute": 0.26666666666666666,
        "percentage": 19.41,
        "percentage_delta": 1.7399999999999984,
        "percentage_delta_per_hour": 0.8699999999999992,
        "percentage_delta_per_minute": 0.014499999999999987
      },
      "15.00": {
        "count": 494,
        "count_delta": 137,
        "count_delta_per_hour": 45.666666666666664,
        "count_delta_per_minute": 0.7611111111111111,
        "percentage": 26.88,
        "percentage_delta": 7.469999999999999,
        "percentage_delta_per_hour": 2.4899999999999998,
        "percentage_delta_per_minute": 0.041499999999999995
      },
      "18.00": {
        "count": 515,
        "count_delta": 21,
        "count_delta_per_hour": 7,
        "count_delta_per_minute": 0.11666666666666667,
        "percentage": 28.03,
        "percentage_delta": 1.1500000000000021,
        "percentage_delta_per_hour": 0.383333333333334,
        "percentage_delta_per_minute": 0.0063888888888889005
      },
      "20.00": {
        "count": 598,
        "count_delta": 83,
        "count_delta_per_hour": 41.5,
        "count_delta_per_minute": 0.6916666666666667,
        "percentage": 32.55307566684812,
        "percentage_delta": 4.523075666848122,
        "percentage_delta_per_hour": 2.261537833424061,
        "percentage_delta_per_minute": 0.03769229722373435,
        "registered_count": 1837,
        "registered_count_delta": 3,
        "registered_count_delta_per_hour": 0.25,
        "registered_count_delta_per_minute": 0.004166666666666667
      }
    }
  },
  "metadata": {
    "analysis": {
      "negative_turnout_registered_count_protocols": 1,
      "negative_turnout_registered_count": 1,
      "protocol_count": 1,
      "exceeded_papers_count": 0,
      "exceeded_papers_steal_winning": 0,
      "checksum_valid": 1
    },
    "voters": {
      "initially_registered_count": 1831,
      "registered_count": 1837,
      "walk_by_count": 587,
      "on_home_count": 11,
      "ahead_of_time_count": 0,
      "exceptional_count": 0,
      "added_count": 6
    },
    "papers": {
      "received_count": 1500,
      "destroyed_count": 902,
      "stationary_box_count": 587,
      "portable_box_count": 11,
      "valid_count": 581,
      "invalid_count": 17,
      "lost_count": 0,
      "ignored_count": 0,
      "taken_home_count": 0
    }
  },
  "entries": [
    {
      "name": "Галкина Ольга Владимировна",
      "position": 1,
      "candidate_id": 197,
      "supported_by_party_id": 6,
      "supported_by_smart_vote": true,
      "official_result": {
        "votes_count": 120,
        "place": 1,
        "percentage": 20.066889632107024,
        "valid_percentage": 20.65404475043029,
        "registered_percentage": 6.5323897659227,
        "display_percentage": 20.07,
        "winner": true
      },
      "result_without_other_entry": {
        "4": {
          "percentage": 23.904382470119522,
          "valid_percentage": 24.742268041237114
        },