{
  "commission_name": "УИК №1956",
  "ballot_name": "Выборы депутатов Законодательного Собрания Санкт-Петербурга седьмого созыва",
  "name": "Результаты выборов по одномандатному (многомандатному) округу",
  "protocol_scope": {
    "type": "uik",
    "id": 1956
  },
  "electoral_district": {
    "type": "city",
    "id": 24
  },
  "data_id": 27820001915220,
  "ballot_data_id": 4784015408822,
  "has_koib": false,
  "generated_date": 1632123160000,
  "official_result": {
    "winner": {
      "id": 202,
      "position": 1,
      "percentage": 24.299065420560748,
      "valid_percentage": 25.145067698259187,
      "registered_percentage": 9.44081336238199
    },
    "turnout": {
      "count": 536,
      "percentage": 38.925199709513436,
      "walk_by_count": 526,
      "walk_by_percentage": 38.198983297022515,
      "on_home_count": 10,
      "on_home_percentage": 0.7262164124909223,
      "ahead_of_time_count": 0,
      "ahead_of_time_percentage": 0,
      "valid_count": 517,
      "valid_percentage": 37.54538852578068,
      "invalid_count": 18,
      "invalid_percentage": 1.3071895424836601,
      "taken_home_count": 1,
      "taken_home_percentage": 0.07262164124909223,
      "lost_count": 0,
      "lost_percentage": 0
    },
    "votes_stats": {
      "winning_count": 130,
      "winning_percentage": 24.299065420560748,
      "effective_count": 517,
      "losing_count": 387,
      "losing_percentage": 72.33644859813084,
      "other_count": 18,
      "other_percentage": 3.364485981308411,
      "by_place": {
        "#1": {
          "count": 130,
          "percentage": 24.299065420560748
        },
        "#2": {
          "count": 108,
          "percentage": 20.186915887850468,
          "supported_by_smart_vote": true
        },
        "#3": {
          "count": 90,
          "percentage": 16.822429906542055
        },
        "#4": {
          "count": 88,
          "percentage": 16.448598130841123
        },
        "#6": {
          "count": 60,
          "percentage": 11.214953271028037
        },
        "#5": {
          "count": 41,
          "percentage": 7.663551401869159
        }
      }
    }
  },
  "turnout_protocols": {
    "17.09.2021": {
      "15.00": {
        "count": 146,
        "count_delta": 146,
        "count_delta_per_hour": 20.857142857142858,
        "count_delta_per_minute": 0.3476190476190476,
        "percentage": 11.12,
        "percentage_delta": 11.12,
        "percentage_delta_per_hour": 1.5885714285714285,
        "percentage_delta_per_minute": 0.026476190476190473,
        "registered_count": 1313,
        "registered_count_delta": 1313,
        "registered_count_delta_per_hour": 187.57142857142858,
        "registered_count_delta_per_minute": 3.126190476190476
      },
      "20.00": {
        "count": 193,
        "count_delta": 47,
        "count_delta_per_hour": 9.4,
        "count_delta_per_minute": 0.15666666666666668,
        "percentage": 14.7,
        "percentage_delta": 3.58,
        "percentage_delta_per_hour": 0.716,
        "percentage_delta_per_minute": 0.011933333333333334,
        "registered_count": 1313,
        "registered_count_delta": 0,
        "registered_count_delta_per_hour": 0,
        "registered_count_delta_per_minute": 0
      }
    },
    "18.09.2021": {
      "15.00": {
        "count": 258,
        "count_delta": 65,
        "count_delta_per_hour": 9.285714285714286,
        "count_delta_per_minute": 0.15476190476190477,
        "percentage": 19.65,
        "percentage_delta": 4.949999999999999,
        "percentage_delta_per_hour": 0.7071428571428571,
        "percentage_delta_per_minute": 0.011785714285714285,
        "registered_count": 1313,
        "registered_count_delta": 0,
        "registered_count_delta_per_hour": 0,
        "registered_count_delta_per_minute": 0
      },
      "20.00": {
        "count": 279,
        "count_delta": 21,
        "count_delta_per_hour": 4.2,
        "count_delta_per_minute": 0.07,
        "percentage": 21.25,
        "percentage_delta": 1.6000000000000014,
        "percentage_delta_per_hour": 0.3200000000000003,
        "percentage_delta_per_minute": 0.005333333333333338,
        "registered_count": 1313,
        "registered_count_delta": 0,
        "registered_count_delta_per_hour": 0,
        "registered_count_delta_per_minute": 0
      }
    },
    "19.09.2021": {
      "10.00": {
        "count": 300,
        "count_delta": 21,
        "count_delta_per_hour": 10.5,
        "count_delta_per_minute": 0.175,
        "percentage": 21.78,
        "percentage_delta": 0.5300000000000011,
        "percentage_delta_per_hour": 0.26500000000000057,
        "percentage_delta_per_minute": 0.004416666666666676
      },
      "12.00": {
        "count": 316,
        "count_delta": 16,
        "count_delta_per_hour": 8,
        "count_delta_per_minute": 0.13333333333333333,
        "percentage": 22.92,
        "percentage_delta": 1.1400000000000006,
        "percentage_delta_per_hour": 0.5700000000000003,
        "percentage_delta_per_minute": 0.009500000000000005
      },
      "15.00": {
        "count": 403,
        "count_delta": 87,
        "count_delta_per_hour": 29,
        "count_delta_per_minute": 0.48333333333333334,
        "percentage": 29.25,
        "percentage_delta": 6.329999999999998,
        "percentage_delta_per_hour": 2.1099999999999994,
        "percentage_delta_per_minute": 0.03516666666666666
      },
      "18.00": {
        "count": 480,
        "count_delta": 77,
        "count_delta_per_hour": 25.666666666666668,
        "count_delta_per_minute": 0.42777777777777776,
        "percentage": 34.88,
        "percentage_delta": 5.630000000000003,
        "percentage_delta_per_hour": 1.8766666666666676,
        "percentage_delta_per_minute": 0.03127777777777779
      },
      "20.00": {
        "count": 536,
        "count_delta": 56,
        "count_delta_per_hour": 28,
        "count_delta_per_minute": 0.4666666666666667,
        "percentage": 38.925199709513436,
        "percentage_delta": 4.045199709513433,
        "percentage_delta_per_hour": 2.0225998547567166,
        "percentage_delta_per_minute": 0.03370999757927861,
        "registered_count": 1377,
        "registered_count_delta": 64,
        "registered_count_delta_per_hour": 5.333333333333333,
        "registered_count_delta_per_minute": 0.08888888888888889
      }
    }
  },
  "metadata": {
    "analysis": {
      "protocol_count": 1,
      "exceeded_papers_count": 0,
      "exceeded_papers_steal_winning": 0,
      "checksum_valid": 1
    },
    "voters": {
      "initially_registered_count": 1313,
      "registered_count": 1377,
      "walk_by_count": 526,
      "on_home_count": 10,
      "ahead_of_time_count": 0,
      "exceptional_count": 0,
      "added_count": 64
    },
    "papers": {
      "received_count": 1000,
      "destroyed_count": 464,
      "stationary_box_count": 525,
      "portable_box_count": 10,
      "valid_count": 517,
      "invalid_count": 18,
      "lost_count": 0,
      "ignored_count": 0,
      "taken_home_count": 1
    }
  },
  "entries": [
    {
      "name": "Бочков Юрий Павлович",
      "position": 1,
      "candidate_id": 202,
      "supported_by_party_id": 5,
      "official_result": {
        "votes_count": 130,
        "place": 1,
        "percentage": 24.299065420560748,
        "valid_percentage": 25.145067698259187,
        "registered_percentage": 9.44081336238199,
        "display_percentage": 24.3,
        "winner": true
      },
      "result_without_other_entry": {
        "27": {
          "percentage": 29.213483146067414,
          "valid_percentage": 30.44496487119438
        },
        "203": {
          "percentage": 30.44496487119438,
          "valid_percentage": 31.784841075794624
        },
        "204": {
          "percentage": 25.742574257425744,
          "valid_percentage": 26.69404517453799
        },
        "205": {
          "percentage": 29.082774049217004,