{
  "commission_name": "УИК №1182",
  "ballot_name": "Выборы депутатов Законодательного Собрания Санкт-Петербурга седьмого созыва",
  "name": "Результаты выборов по единому округу",
  "protocol_scope": {
    "type": "uik",
    "id": 1182
  },
  "electoral_district": {
    "type": "city",
    "id": 0
  },
  "data_id": 27820001915220,
  "ballot_data_id": 4784026409798,
  "has_koib": true,
  "generated_date": 1632118502000,
  "official_result": {
    "winner": {
      "id": 5,
      "position": 2,
      "percentage": 31.070496083550914,
      "valid_percentage": 31.733333333333334,
      "registered_percentage": 11.258278145695364
    },
    "turnout": {
      "count": 766,
      "percentage": 36.23462630085147,
      "walk_by_count": 749,
      "walk_by_percentage": 35.430463576158935,
      "on_home_count": 17,
      "on_home_percentage": 0.804162724692526,
      "ahead_of_time_count": 0,
      "ahead_of_time_percentage": 0,
      "valid_count": 750,
      "valid_percentage": 35.47776726584674,
      "invalid_count": 16,
      "invalid_percentage": 0.7568590350047304,
      "taken_home_count": 0,
      "taken_home_percentage": 0,
      "lost_count": 0,
      "lost_percentage": 0
    },
    "votes_stats": {
      "winning_count": 238,
      "winning_percentage": 31.070496083550914,
      "effective_count": 750,
      "losing_count": 512,
      "losing_percentage": 66.84073107049609,
      "other_count": 16,
      "other_percentage": 2.088772845953003,
      "by_place": {
        "#1": {
          "count": 238,
          "percentage": 31.070496083550914
        },
        "#2": {
          "count": 175,
          "percentage": 22.845953002610965
        },
        "#4.5": {
          "count": 140,
          "percentage": 18.27676240208877
        },
        "#3": {
          "count": 127,
          "percentage": 16.57963446475196
        },
        "#5": {
          "count": 27,
          "percentage": 3.524804177545692
        },
        "#6": {
          "count": 23,
          "percentage": 3.0026109660574414
        },
        "#7": {
          "count": 20,
          "percentage": 2.610966057441253
        }
      }
    }
  },
  "turnout_protocols": {
    "17.09.2021": {
      "15.00": {
        "count": 104,
        "count_delta": 104,
        "count_delta_per_hour": 14.857142857142858,
        "count_delta_per_minute": 0.24761904761904763,
        "percentage": 4.94,
        "percentage_delta": 4.94,
        "percentage_delta_per_hour": 0.7057142857142857,
        "percentage_delta_per_minute": 0.011761904761904763,
        "registered_count": 2105,
        "registered_count_delta": 2105,
        "registered_count_delta_per_hour": 300.7142857142857,
        "registered_count_delta_per_minute": 5.011904761904762
      },
      "20.00": {
        "count": 192,
        "count_delta": 88,
        "count_delta_per_hour": 17.6,
        "count_delta_per_minute": 0.29333333333333333,
        "percentage": 9.12,
        "percentage_delta": 4.179999999999999,
        "percentage_delta_per_hour": 0.8359999999999997,
        "percentage_delta_per_minute": 0.013933333333333329,
        "registered_count": 2105,
        "registered_count_delta": 0,
        "registered_count_delta_per_hour": 0,
        "registered_count_delta_per_minute": 0
      }
    },
    "18.09.2021": {
      "15.00": {
        "count": 302,
        "count_delta": 110,
        "count_delta_per_hour": 15.714285714285714,
        "count_delta_per_minute": 0.2619047619047619,
        "percentage": 14.34,
        "percentage_delta": 5.220000000000001,
        "percentage_delta_per_hour": 0.7457142857142858,
        "percentage_delta_per_minute": 0.01242857142857143,
        "registered_count": 2106,
        "registered_count_delta": 1,
        "registered_count_delta_per_hour": 0.14285714285714285,
        "registered_count_delta_per_minute": 0.002380952380952381
      },
      "20.00": {
        "count": 404,
        "count_delta": 102,
        "count_delta_per_hour": 20.4,
        "count_delta_per_minute": 0.34,
        "percentage": 19.18,
        "percentage_delta": 4.84,
        "percentage_delta_per_hour": 0.968,
        "percentage_delta_per_minute": 0.016133333333333333,
        "registered_count": 2106,
        "registered_count_delta": 0,
        "registered_count_delta_per_hour": 0,
        "registered_count_delta_per_minute": 0
      }
    },
    "19.09.2021": {
      "10.00": {
        "count": 416,
        "count_delta": 12,
        "count_delta_per_hour": 6,
        "count_delta_per_minute": 0.1,
        "percentage": 19.66,
        "percentage_delta": 0.4800000000000004,
        "percentage_delta_per_hour": 0.2400000000000002,
        "percentage_delta_per_minute": 0.0040000000000000036
      },
      "12.00": {
        "count": 479,
        "count_delta": 63,
        "count_delta_per_hour": 31.5,
        "count_delta_per_minute": 0.525,
        "percentage": 22.65,
        "percentage_delta": 2.9899999999999984,
        "percentage_delta_per_hour": 1.4949999999999992,
        "percentage_delta_per_minute": 0.024916666666666653
      },
      "15.00": {
        "count": 604,
        "count_delta": 125,
        "count_delta_per_hour": 41.666666666666664,
        "count_delta_per_minute": 0.6944444444444444,
        "percentage": 28.58,
        "percentage_delta": 5.93,
        "percentage_delta_per_hour": 1.9766666666666666,
        "percentage_delta_per_minute": 0.03294444444444444
      },
      "18.00": {
        "count": 690,
        "count_delta": 86,
        "count_delta_per_hour": 28.666666666666668,
        "count_delta_per_minute": 0.4777777777777778,
        "percentage": 32.62,
        "percentage_delta": 4.039999999999999,
        "percentage_delta_per_hour": 1.3466666666666665,
        "percentage_delta_per_minute": 0.02244444444444444
      },
      "20.00": {
        "count": 766,
        "count_delta": 76,
        "count_delta_per_hour": 38,
        "count_delta_per_minute": 0.6333333333333333,
        "percentage": 36.23462630085147,
        "percentage_delta": 3.6146263008514694,
        "percentage_delta_per_hour": 1.8073131504257347,
        "percentage_delta_per_minute": 0.03012188584042891,
        "registered_count": 2114,
        "registered_count_delta": 8,
        "registered_count_delta_per_hour": 0.6666666666666666,
        "registered_count_delta_per_minute": 0.011111111111111112
      }
    }
  },
  "metadata": {
    "analysis": {
      "protocol_count": 1,
      "exceeded_papers_count": 0,
      "exceeded_papers_steal_winning": 0,
      "exceeded_papers_provide_extra_places": 0,
      "multiple_winners": 0,
      "checksum_valid": 1,
      "stuffed_protocol_for_6": 1,
      "stuffed_votes_for_6": 66.4655870445344
    },
    "voters": {
      "initially_registered_count": 2106,
      "registered_count": 2114,
      "walk_by_count": 749,
      "on_home_count": 17,
      "ahead_of_time_count": 0,
      "exceptional_count": 0,
      "added_count": 8
    },
    "papers": {
      "received_count": 1500,
      "destroyed_count": 734,
      "stationary_box_count": 749,
      "portable_box_count": 17,
      "valid_count": 750,
      "invalid_count": 16,
      "lost_count": 0,
      "ignored_count": 0,
      "taken_home_count": 0
    }
  },
  "entries": [
    {
      "name": "Всероссийская политическая партия \"ЕДИНАЯ РОССИЯ\"",
      "position": 2,
      "party_id": 5,
      "official_result": {
        "votes_count": 238,
        "place": 1,
        "percentage": 31.070496083550914,
        "valid_percentage": 31.733333333333334,
        "registered_percentage": 11.258278145695364,
        "display_percentage": 31.07,
        "winner": true
      },
      "result_without_other_entry": {
        "1": {
          "percentage": 40.27072758037225,
          "valid_percentage": 41.391304347826086
        },
        "3": {
          "percentage": 34.195402298850574,
          "valid_percentage": 35
        },