{
  "commission_name": "УИК №1784",
  "ballot_name": "Выборы депутатов Законодательного Собрания Санкт-Петербурга седьмого созыва",
  "name": "Результаты выборов по одномандатному (многомандатному) округу",
  "protocol_scope": {
    "type": "uik",
    "id": 1784
  },
  "electoral_district": {
    "type": "city",
    "id": 13
  },
  "data_id": 27820001915220,
  "ballot_data_id": 4784014358319,
  "has_koib": false,
  "generated_date": 1632119696000,
  "official_result": {
    "winner": {
      "id": 176,
      "position": 1,
      "percentage": 29.153605015673982,
      "valid_percentage": 32.40418118466899,
      "registered_percentage": 9.657320872274143,
      "supported_by_smart_vote": true
    },
    "turnout": {
      "count": 643,
      "percentage": 33.3852544132918,
      "walk_by_count": 638,
      "walk_by_percentage": 33.12564901349948,
      "on_home_count": 5,
      "on_home_percentage": 0.25960539979231567,
      "ahead_of_time_count": 0,
      "ahead_of_time_percentage": 0,
      "valid_count": 574,
      "valid_percentage": 29.80269989615784,
      "invalid_count": 64,
      "invalid_percentage": 3.322949117341641,
      "taken_home_count": 5,
      "taken_home_percentage": 0.25960539979231567,
      "lost_count": 0,
      "lost_percentage": 0
    },
    "votes_stats": {
      "winning_count": 186,
      "winning_percentage": 29.153605015673982,
      "effective_count": 574,
      "losing_count": 388,
      "losing_percentage": 60.81504702194357,
      "other_count": 64,
      "other_percentage": 10.031347962382444,
      "by_place": {
        "#1": {
          "count": 186,
          "percentage": 29.153605015673982,
          "supported_by_smart_vote": true
        },
        "#2": {
          "count": 182,
          "percentage": 28.526645768025077
        },
        "#3": {
          "count": 89,
          "percentage": 13.94984326018809
        },
        "#4": {
          "count": 64,
          "percentage": 10.031347962382444
        },
        "#5": {
          "count": 53,
          "percentage": 8.307210031347962
        }
      }
    }
  },
  "turnout_protocols": {
    "17.09.2021": {
      "15.00": {
        "count": 107,
        "count_delta": 107,
        "count_delta_per_hour": 15.285714285714286,
        "count_delta_per_minute": 0.25476190476190474,
        "percentage": 5.59,
        "percentage_delta": 5.59,
        "percentage_delta_per_hour": 0.7985714285714286,
        "percentage_delta_per_minute": 0.01330952380952381,
        "registered_count": 1914,
        "registered_count_delta": 1914,
        "registered_count_delta_per_hour": 273.42857142857144,
        "registered_count_delta_per_minute": 4.557142857142857
      },
      "20.00": {
        "count": 167,
        "count_delta": 60,
        "count_delta_per_hour": 12,
        "count_delta_per_minute": 0.2,
        "percentage": 8.73,
        "percentage_delta": 3.1400000000000006,
        "percentage_delta_per_hour": 0.6280000000000001,
        "percentage_delta_per_minute": 0.01046666666666667,
        "registered_count": 1913,
        "registered_count_delta": -1,
        "registered_count_delta_per_hour": -0.2,
        "registered_count_delta_per_minute": -0.0033333333333333335
      }
    },
    "18.09.2021": {
      "15.00": {
        "count": 274,
        "count_delta": 107,
        "count_delta_per_hour": 15.285714285714286,
        "count_delta_per_minute": 0.25476190476190474,
        "percentage": 14.27,
        "percentage_delta": 5.539999999999999,
        "percentage_delta_per_hour": 0.7914285714285713,
        "percentage_delta_per_minute": 0.013190476190476188,
        "registered_count": 1920,
        "registered_count_delta": 7,
        "registered_count_delta_per_hour": 1,
        "registered_count_delta_per_minute": 0.016666666666666666
      },
      "20.00": {
        "count": 296,
        "count_delta": 22,
        "count_delta_per_hour": 4.4,
        "count_delta_per_minute": 0.07333333333333333,
        "percentage": 15.42,
        "percentage_delta": 1.1500000000000004,
        "percentage_delta_per_hour": 0.23000000000000007,
        "percentage_delta_per_minute": 0.0038333333333333344,
        "registered_count": 1920,
        "registered_count_delta": 0,
        "registered_count_delta_per_hour": 0,
        "registered_count_delta_per_minute": 0
      }
    },
    "19.09.2021": {
      "10.00": {
        "count": 312,
        "count_delta": 16,
        "count_delta_per_hour": 8,
        "count_delta_per_minute": 0.13333333333333333,
        "percentage": 16.2,
        "percentage_delta": 0.7799999999999994,
        "percentage_delta_per_hour": 0.3899999999999997,
        "percentage_delta_per_minute": 0.0064999999999999945
      },
      "12.00": {
        "count": 370,
        "count_delta": 58,
        "count_delta_per_hour": 29,
        "count_delta_per_minute": 0.48333333333333334,
        "percentage": 19.22,
        "percentage_delta": 3.0199999999999996,
        "percentage_delta_per_hour": 1.5099999999999998,
        "percentage_delta_per_minute": 0.025166666666666664
      },
      "15.00": {
        "count": 459,
        "count_delta": 89,
        "count_delta_per_hour": 29.666666666666668,
        "count_delta_per_minute": 0.49444444444444446,
        "percentage": 23.85,
        "percentage_delta": 4.630000000000003,
        "percentage_delta_per_hour": 1.5433333333333341,
        "percentage_delta_per_minute": 0.025722222222222237
      },
      "18.00": {
        "count": 559,
        "count_delta": 100,
        "count_delta_per_hour": 33.333333333333336,
        "count_delta_per_minute": 0.5555555555555556,
        "percentage": 29.01,
        "percentage_delta": 5.16,
        "percentage_delta_per_hour": 1.72,
        "percentage_delta_per_minute": 0.028666666666666667
      },
      "20.00": {
        "count": 643,
        "count_delta": 84,
        "count_delta_per_hour": 42,
        "count_delta_per_minute": 0.7,
        "percentage": 33.3852544132918,
        "percentage_delta": 4.375254413291795,
        "percentage_delta_per_hour": 2.1876272066458977,
        "percentage_delta_per_minute": 0.0364604534440983,
        "registered_count": 1926,
        "registered_count_delta": 6,
        "registered_count_delta_per_hour": 0.5,
        "registered_count_delta_per_minute": 0.008333333333333333
      }
    }
  },
  "metadata": {
    "analysis": {
      "negative_turnout_registered_count_protocols": 1,
      "negative_turnout_registered_count": 1,
      "protocol_count": 1,
      "exceeded_papers_count": 0,
      "exceeded_papers_steal_winning": 0,
      "checksum_valid": 1
    },
    "voters": {
      "initially_registered_count": 1914,
      "registered_count": 1926,
      "walk_by_count": 638,
      "on_home_count": 5,
      "ahead_of_time_count": 0,
      "exceptional_count": 0,
      "added_count": 12
    },
    "papers": {
      "received_count": 1500,
      "destroyed_count": 857,
      "stationary_box_count": 633,
      "portable_box_count": 5,
      "valid_count": 574,
      "invalid_count": 64,
      "lost_count": 0,
      "ignored_count": 0,
      "taken_home_count": 5
    }
  },
  "entries": [
    {
      "name": "Богачев Алексей Михайлович",
      "position": 1,
      "candidate_id": 176,
      "supported_by_party_id": 1,
      "supported_by_smart_vote": true,
      "official_result": {
        "votes_count": 186,
        "place": 1,
        "percentage": 29.153605015673982,
        "valid_percentage": 32.40418118466899,
        "registered_percentage": 9.657320872274143,
        "display_percentage": 29.15,
        "winner": true
      },
      "result_without_other_entry": {
        "177": {
          "percentage": 32.40418118466899,
          "valid_percentage": 36.470588235294116
        },
        "178": {
          "percentage": 40.78947368421053,
          "valid_percentage": 47.44897959183674
        },
        "179": {
          "percentage": 33.87978142076503,