{
  "commission_name": "УИК №1071",
  "ballot_name": "Выборы депутатов Законодательного Собрания Санкт-Петербурга седьмого созыва",
  "name": "Результаты выборов по единому округу",
  "protocol_scope": {
    "type": "uik",
    "id": 1071
  },
  "electoral_district": {
    "type": "city",
    "id": 0
  },
  "data_id": 27820001915220,
  "ballot_data_id": 4784008595320,
  "has_koib": true,
  "generated_date": 1632112480000,
  "official_result": {
    "winner": {
      "id": 5,
      "position": 2,
      "percentage": 25.513196480938415,
      "valid_percentage": 26.32375189107413,
      "registered_percentage": 7.73677189862161
    },
    "turnout": {
      "count": 711,
      "percentage": 31.6140506891952,
      "walk_by_count": 703,
      "walk_by_percentage": 31.25833703868386,
      "on_home_count": 8,
      "on_home_percentage": 0.35571365051133835,
      "ahead_of_time_count": 0,
      "ahead_of_time_percentage": 0,
      "valid_count": 661,
      "valid_percentage": 29.390840373499334,
      "invalid_count": 21,
      "invalid_percentage": 0.9337483325922632,
      "taken_home_count": 29,
      "taken_home_percentage": 1.2894619831036016,
      "lost_count": 0,
      "lost_percentage": 0
    },
    "votes_stats": {
      "winning_count": 174,
      "winning_percentage": 25.513196480938415,
      "effective_count": 661,
      "losing_count": 487,
      "losing_percentage": 71.40762463343108,
      "other_count": 21,
      "other_percentage": 3.0791788856304985,
      "by_place": {
        "#1": {
          "count": 174,
          "percentage": 25.513196480938415
        },
        "#2": {
          "count": 134,
          "percentage": 19.64809384164223
        },
        "#3": {
          "count": 111,
          "percentage": 16.27565982404692
        },
        "#4": {
          "count": 86,
          "percentage": 12.609970674486803
        },
        "#5": {
          "count": 57,
          "percentage": 8.357771260997067
        },
        "#6": {
          "count": 54,
          "percentage": 7.9178885630498534
        },
        "#7": {
          "count": 27,
          "percentage": 3.9589442815249267
        },
        "#8": {
          "count": 18,
          "percentage": 2.6392961876832843
        }
      }
    }
  },
  "turnout_protocols": {
    "17.09.2021": {
      "15.00": {
        "count": 95,
        "count_delta": 95,
        "count_delta_per_hour": 13.571428571428571,
        "count_delta_per_minute": 0.2261904761904762,
        "percentage": 4.28,
        "percentage_delta": 4.28,
        "percentage_delta_per_hour": 0.6114285714285714,
        "percentage_delta_per_minute": 0.01019047619047619,
        "registered_count": 2220,
        "registered_count_delta": 2220,
        "registered_count_delta_per_hour": 317.14285714285717,
        "registered_count_delta_per_minute": 5.285714285714286
      },
      "20.00": {
        "count": 160,
        "count_delta": 65,
        "count_delta_per_hour": 13,
        "count_delta_per_minute": 0.21666666666666667,
        "percentage": 7.21,
        "percentage_delta": 2.9299999999999997,
        "percentage_delta_per_hour": 0.586,
        "percentage_delta_per_minute": 0.009766666666666667,
        "registered_count": 2219,
        "registered_count_delta": -1,
        "registered_count_delta_per_hour": -0.2,
        "registered_count_delta_per_minute": -0.0033333333333333335
      }
    },
    "18.09.2021": {
      "15.00": {
        "count": 250,
        "count_delta": 90,
        "count_delta_per_hour": 12.857142857142858,
        "count_delta_per_minute": 0.21428571428571427,
        "percentage": 11.23,
        "percentage_delta": 4.0200000000000005,
        "percentage_delta_per_hour": 0.5742857142857144,
        "percentage_delta_per_minute": 0.009571428571428573,
        "registered_count": 2226,
        "registered_count_delta": 7,
        "registered_count_delta_per_hour": 1,
        "registered_count_delta_per_minute": 0.016666666666666666
      },
      "20.00": {
        "count": 324,
        "count_delta": 74,
        "count_delta_per_hour": 14.8,
        "count_delta_per_minute": 0.24666666666666667,
        "percentage": 14.55,
        "percentage_delta": 3.3200000000000003,
        "percentage_delta_per_hour": 0.664,
        "percentage_delta_per_minute": 0.011066666666666667,
        "registered_count": 2227,
        "registered_count_delta": 1,
        "registered_count_delta_per_hour": 0.2,
        "registered_count_delta_per_minute": 0.0033333333333333335
      }
    },
    "19.09.2021": {
      "10.00": {
        "count": 341,
        "count_delta": 17,
        "count_delta_per_hour": 8.5,
        "count_delta_per_minute": 0.14166666666666666,
        "percentage": 15.17,
        "percentage_delta": 0.6199999999999992,
        "percentage_delta_per_hour": 0.3099999999999996,
        "percentage_delta_per_minute": 0.0051666666666666606
      },
      "12.00": {
        "count": 362,
        "count_delta": 21,
        "count_delta_per_hour": 10.5,
        "count_delta_per_minute": 0.175,
        "percentage": 16.11,
        "percentage_delta": 0.9399999999999995,
        "percentage_delta_per_hour": 0.46999999999999975,
        "percentage_delta_per_minute": 0.00783333333333333
      },
      "15.00": {
        "count": 475,
        "count_delta": 113,
        "count_delta_per_hour": 37.666666666666664,
        "count_delta_per_minute": 0.6277777777777778,
        "percentage": 21.12,
        "percentage_delta": 5.010000000000002,
        "percentage_delta_per_hour": 1.6700000000000006,
        "percentage_delta_per_minute": 0.027833333333333342
      },
      "18.00": {
        "count": 609,
        "count_delta": 134,
        "count_delta_per_hour": 44.666666666666664,
        "count_delta_per_minute": 0.7444444444444445,
        "percentage": 27.07,
        "percentage_delta": 5.949999999999999,
        "percentage_delta_per_hour": 1.9833333333333332,
        "percentage_delta_per_minute": 0.03305555555555555
      },
      "20.00": {
        "count": 711,
        "count_delta": 102,
        "count_delta_per_hour": 51,
        "count_delta_per_minute": 0.85,
        "percentage": 31.6140506891952,
        "percentage_delta": 4.544050689195199,
        "percentage_delta_per_hour": 2.2720253445975995,
        "percentage_delta_per_minute": 0.037867089076626656,
        "registered_count": 2249,
        "registered_count_delta": 22,
        "registered_count_delta_per_hour": 1.8333333333333333,
        "registered_count_delta_per_minute": 0.030555555555555555
      }
    }
  },
  "metadata": {
    "analysis": {
      "negative_turnout_registered_count_protocols": 1,
      "negative_turnout_registered_count": 1,
      "protocol_count": 1,
      "exceeded_papers_count": 0,
      "exceeded_papers_steal_winning": 0,
      "exceeded_papers_provide_extra_places": 0,
      "multiple_winners": 0,
      "checksum_valid": 1
    },
    "voters": {
      "initially_registered_count": 2218,
      "registered_count": 2249,
      "walk_by_count": 703,
      "on_home_count": 8,
      "ahead_of_time_count": 0,
      "exceptional_count": 0,
      "added_count": 31
    },
    "papers": {
      "received_count": 2000,
      "destroyed_count": 1289,
      "stationary_box_count": 674,
      "portable_box_count": 8,
      "valid_count": 661,
      "invalid_count": 21,
      "lost_count": 0,
      "ignored_count": 0,
      "taken_home_count": 29
    }
  },
  "entries": [
    {
      "name": "Всероссийская политическая партия \"ЕДИНАЯ РОССИЯ\"",
      "position": 2,
      "party_id": 5,
      "official_result": {
        "votes_count": 174,
        "place": 1,
        "percentage": 25.513196480938415,
        "valid_percentage": 26.32375189107413,
        "registered_percentage": 7.73677189862161,
        "display_percentage": 25.51,
        "winner": true
      },
      "result_without_other_entry": {
        "1": {
          "percentage": 31.751824817518248,