{
  "commission_name": "УИК №794",
  "ballot_name": "Выборы депутатов Законодательного Собрания Санкт-Петербурга седьмого созыва",
  "name": "Результаты выборов по одномандатному (многомандатному) округу",
  "protocol_scope": {
    "type": "uik",
    "id": 794
  },
  "electoral_district": {
    "type": "city",
    "id": 17
  },
  "data_id": 27820001915220,
  "ballot_data_id": 4784020563782,
  "has_koib": false,
  "generated_date": 1632124737000,
  "official_result": {
    "winner": {
      "id": 44,
      "position": 7,
      "percentage": 43.09484193011647,
      "valid_percentage": 44.96527777777778,
      "registered_percentage": 14.534231200897867
    },
    "turnout": {
      "count": 607,
      "percentage": 34.06285072951739,
      "walk_by_count": 598,
      "walk_by_percentage": 33.557800224466895,
      "on_home_count": 9,
      "on_home_percentage": 0.5050505050505051,
      "ahead_of_time_count": 0,
      "ahead_of_time_percentage": 0,
      "valid_count": 576,
      "valid_percentage": 32.323232323232325,
      "invalid_count": 25,
      "invalid_percentage": 1.4029180695847363,
      "taken_home_count": 6,
      "taken_home_percentage": 0.33670033670033667,
      "lost_count": 0,
      "lost_percentage": 0
    },
    "votes_stats": {
      "winning_count": 259,
      "winning_percentage": 43.09484193011647,
      "effective_count": 576,
      "losing_count": 317,
      "losing_percentage": 52.74542429284526,
      "other_count": 25,
      "other_percentage": 4.159733777038269,
      "by_place": {
        "#1": {
          "count": 259,
          "percentage": 43.09484193011647
        },
        "#2": {
          "count": 127,
          "percentage": 21.13144758735441,
          "supported_by_smart_vote": true
        },
        "#3": {
          "count": 86,
          "percentage": 14.309484193011649
        },
        "#4": {
          "count": 61,
          "percentage": 10.149750415973378
        },
        "#5": {
          "count": 28,
          "percentage": 4.658901830282862
        },
        "#6": {
          "count": 8,
          "percentage": 1.3311148086522462
        },
        "#7": {
          "count": 7,
          "percentage": 1.1647254575707155
        }
      }
    }
  },
  "turnout_protocols": {
    "17.09.2021": {
      "15.00": {
        "count": 84,
        "count_delta": 84,
        "count_delta_per_hour": 12,
        "count_delta_per_minute": 0.2,
        "percentage": 4.71,
        "percentage_delta": 4.71,
        "percentage_delta_per_hour": 0.6728571428571428,
        "percentage_delta_per_minute": 0.011214285714285715,
        "registered_count": 1783,
        "registered_count_delta": 1783,
        "registered_count_delta_per_hour": 254.71428571428572,
        "registered_count_delta_per_minute": 4.245238095238095
      },
      "20.00": {
        "count": 169,
        "count_delta": 85,
        "count_delta_per_hour": 17,
        "count_delta_per_minute": 0.2833333333333333,
        "percentage": 9.48,
        "percentage_delta": 4.7700000000000005,
        "percentage_delta_per_hour": 0.9540000000000001,
        "percentage_delta_per_minute": 0.0159,
        "registered_count": 1783,
        "registered_count_delta": 0,
        "registered_count_delta_per_hour": 0,
        "registered_count_delta_per_minute": 0
      }
    },
    "18.09.2021": {
      "15.00": {
        "count": 280,
        "count_delta": 111,
        "count_delta_per_hour": 15.857142857142858,
        "count_delta_per_minute": 0.2642857142857143,
        "percentage": 15.71,
        "percentage_delta": 6.23,
        "percentage_delta_per_hour": 0.89,
        "percentage_delta_per_minute": 0.014833333333333334,
        "registered_count": 1782,
        "registered_count_delta": -1,
        "registered_count_delta_per_hour": -0.14285714285714285,
        "registered_count_delta_per_minute": -0.002380952380952381
      },
      "20.00": {
        "count": 314,
        "count_delta": 34,
        "count_delta_per_hour": 6.8,
        "count_delta_per_minute": 0.11333333333333333,
        "percentage": 17.62,
        "percentage_delta": 1.9100000000000001,
        "percentage_delta_per_hour": 0.382,
        "percentage_delta_per_minute": 0.006366666666666667,
        "registered_count": 1782,
        "registered_count_delta": 0,
        "registered_count_delta_per_hour": 0,
        "registered_count_delta_per_minute": 0
      }
    },
    "19.09.2021": {
      "10.00": {
        "count": 328,
        "count_delta": 14,
        "count_delta_per_hour": 7,
        "count_delta_per_minute": 0.11666666666666667,
        "percentage": 18.41,
        "percentage_delta": 0.7899999999999991,
        "percentage_delta_per_hour": 0.3949999999999996,
        "percentage_delta_per_minute": 0.0065833333333333265
      },
      "12.00": {
        "count": 374,
        "count_delta": 46,
        "count_delta_per_hour": 23,
        "count_delta_per_minute": 0.38333333333333336,
        "percentage": 20.99,
        "percentage_delta": 2.5799999999999983,
        "percentage_delta_per_hour": 1.2899999999999991,
        "percentage_delta_per_minute": 0.021499999999999984
      },
      "15.00": {
        "count": 452,
        "count_delta": 78,
        "count_delta_per_hour": 26,
        "count_delta_per_minute": 0.43333333333333335,
        "percentage": 25.36,
        "percentage_delta": 4.370000000000001,
        "percentage_delta_per_hour": 1.456666666666667,
        "percentage_delta_per_minute": 0.024277777777777784
      },
      "18.00": {
        "count": 455,
        "count_delta": 3,
        "count_delta_per_hour": 1,
        "count_delta_per_minute": 0.016666666666666666,
        "percentage": 25.53,
        "percentage_delta": 0.1700000000000017,
        "percentage_delta_per_hour": 0.05666666666666723,
        "percentage_delta_per_minute": 0.0009444444444444539
      },
      "20.00": {
        "count": 607,
        "count_delta": 152,
        "count_delta_per_hour": 76,
        "count_delta_per_minute": 1.2666666666666666,
        "percentage": 34.06285072951739,
        "percentage_delta": 8.532850729517392,
        "percentage_delta_per_hour": 4.266425364758696,
        "percentage_delta_per_minute": 0.07110708941264493,
        "registered_count": 1782,
        "registered_count_delta": 0,
        "registered_count_delta_per_hour": 0,
        "registered_count_delta_per_minute": 0
      }
    }
  },
  "metadata": {
    "analysis": {
      "negative_turnout_registered_count_protocols": 1,
      "negative_turnout_registered_count": 1,
      "protocol_count": 1,
      "exceeded_papers_count": 0,
      "exceeded_papers_steal_winning": 0,
      "checksum_valid": 1
    },
    "voters": {
      "initially_registered_count": 1782,
      "registered_count": 1782,
      "walk_by_count": 598,
      "on_home_count": 9,
      "ahead_of_time_count": 0,
      "exceptional_count": 0
    },
    "papers": {
      "received_count": 1500,
      "destroyed_count": 893,
      "stationary_box_count": 592,
      "portable_box_count": 9,
      "valid_count": 576,
      "invalid_count": 25,
      "lost_count": 0,
      "ignored_count": 0,
      "taken_home_count": 6
    }
  },
  "entries": [
    {
      "name": "Четырбок Денис Александрович",
      "position": 7,
      "candidate_id": 44,
      "supported_by_party_id": 5,
      "official_result": {
        "votes_count": 259,
        "place": 1,
        "percentage": 43.09484193011647,
        "valid_percentage": 44.96527777777778,
        "registered_percentage": 14.534231200897867,
        "display_percentage": 43.09,
        "winner": true
      },
      "result_without_other_entry": {
        "38": {
          "percentage": 43.676222596964585,
          "valid_percentage": 45.598591549295776
        },
        "39": {
          "percentage": 47.96296296296296,
          "valid_percentage": 50.29126213592233
        },
        "40": {
          "percentage": 54.641350210970465,