{
  "commission_name": "УИК №1093",
  "ballot_name": "Выборы депутатов Законодательного Собрания Санкт-Петербурга седьмого созыва",
  "name": "Результаты выборов по одномандатному (многомандатному) округу",
  "protocol_scope": {
    "type": "uik",
    "id": 1093
  },
  "electoral_district": {
    "type": "city",
    "id": 18
  },
  "data_id": 27820001915220,
  "ballot_data_id": 478404682712,
  "has_koib": false,
  "generated_date": 1632127566000,
  "official_result": {
    "winner": {
      "id": 96,
      "position": 4,
      "percentage": 28.326745718050066,
      "valid_percentage": 29.573590096286107,
      "registered_percentage": 8.804258804258804
    },
    "turnout": {
      "count": 759,
      "percentage": 31.08108108108108,
      "walk_by_count": 750,
      "walk_by_percentage": 30.71253071253071,
      "on_home_count": 9,
      "on_home_percentage": 0.36855036855036855,
      "ahead_of_time_count": 0,
      "ahead_of_time_percentage": 0,
      "valid_count": 727,
      "valid_percentage": 29.77067977067977,
      "invalid_count": 32,
      "invalid_percentage": 1.3104013104013106,
      "taken_home_count": 0,
      "taken_home_percentage": 0,
      "lost_count": 0,
      "lost_percentage": 0
    },
    "votes_stats": {
      "winning_count": 215,
      "winning_percentage": 28.326745718050066,
      "effective_count": 727,
      "losing_count": 512,
      "losing_percentage": 67.45718050065877,
      "other_count": 32,
      "other_percentage": 4.216073781291173,
      "by_place": {
        "#1": {
          "count": 215,
          "percentage": 28.326745718050066
        },
        "#2": {
          "count": 211,
          "percentage": 27.79973649538867,
          "supported_by_smart_vote": true
        },
        "#3": {
          "count": 156,
          "percentage": 20.55335968379447
        },
        "#4": {
          "count": 54,
          "percentage": 7.114624505928854
        },
        "#5": {
          "count": 37,
          "percentage": 4.874835309617918
        },
        "#6": {
          "count": 30,
          "percentage": 3.9525691699604746
        },
        "#7": {
          "count": 24,
          "percentage": 3.1620553359683794
        }
      }
    }
  },
  "turnout_protocols": {
    "17.09.2021": {
      "15.00": {
        "count": 151,
        "count_delta": 151,
        "count_delta_per_hour": 21.571428571428573,
        "count_delta_per_minute": 0.3595238095238095,
        "percentage": 6.22,
        "percentage_delta": 6.22,
        "percentage_delta_per_hour": 0.8885714285714286,
        "percentage_delta_per_minute": 0.014809523809523809,
        "registered_count": 2428,
        "registered_count_delta": 2428,
        "registered_count_delta_per_hour": 346.85714285714283,
        "registered_count_delta_per_minute": 5.780952380952381
      },
      "20.00": {
        "count": 259,
        "count_delta": 108,
        "count_delta_per_hour": 21.6,
        "count_delta_per_minute": 0.36,
        "percentage": 10.67,
        "percentage_delta": 4.45,
        "percentage_delta_per_hour": 0.89,
        "percentage_delta_per_minute": 0.014833333333333334,
        "registered_count": 2427,
        "registered_count_delta": -1,
        "registered_count_delta_per_hour": -0.2,
        "registered_count_delta_per_minute": -0.0033333333333333335
      }
    },
    "18.09.2021": {
      "15.00": {
        "count": 393,
        "count_delta": 134,
        "count_delta_per_hour": 19.142857142857142,
        "count_delta_per_minute": 0.319047619047619,
        "percentage": 16.19,
        "percentage_delta": 5.520000000000001,
        "percentage_delta_per_hour": 0.7885714285714288,
        "percentage_delta_per_minute": 0.013142857142857145,
        "registered_count": 2427,
        "registered_count_delta": 0,
        "registered_count_delta_per_hour": 0,
        "registered_count_delta_per_minute": 0
      },
      "20.00": {
        "count": 413,
        "count_delta": 20,
        "count_delta_per_hour": 4,
        "count_delta_per_minute": 0.06666666666666667,
        "percentage": 17.02,
        "percentage_delta": 0.8299999999999983,
        "percentage_delta_per_hour": 0.16599999999999965,
        "percentage_delta_per_minute": 0.0027666666666666608,
        "registered_count": 2427,
        "registered_count_delta": 0,
        "registered_count_delta_per_hour": 0,
        "registered_count_delta_per_minute": 0
      }
    },
    "19.09.2021": {
      "10.00": {
        "count": 427,
        "count_delta": 14,
        "count_delta_per_hour": 7,
        "count_delta_per_minute": 0.11666666666666667,
        "percentage": 17.47,
        "percentage_delta": 0.4499999999999993,
        "percentage_delta_per_hour": 0.22499999999999964,
        "percentage_delta_per_minute": 0.0037499999999999942
      },
      "12.00": {
        "count": 505,
        "count_delta": 78,
        "count_delta_per_hour": 39,
        "count_delta_per_minute": 0.65,
        "percentage": 20.66,
        "percentage_delta": 3.1900000000000013,
        "percentage_delta_per_hour": 1.5950000000000006,
        "percentage_delta_per_minute": 0.026583333333333344
      },
      "15.00": {
        "count": 560,
        "count_delta": 55,
        "count_delta_per_hour": 18.333333333333332,
        "count_delta_per_minute": 0.3055555555555556,
        "percentage": 22.95,
        "percentage_delta": 2.289999999999999,
        "percentage_delta_per_hour": 0.7633333333333331,
        "percentage_delta_per_minute": 0.012722222222222218
      },
      "18.00": {
        "count": 743,
        "count_delta": 183,
        "count_delta_per_hour": 61,
        "count_delta_per_minute": 1.0166666666666666,
        "percentage": 30.41,
        "percentage_delta": 7.460000000000001,
        "percentage_delta_per_hour": 2.486666666666667,
        "percentage_delta_per_minute": 0.04144444444444445
      },
      "20.00": {
        "count": 759,
        "count_delta": 16,
        "count_delta_per_hour": 8,
        "count_delta_per_minute": 0.13333333333333333,
        "percentage": 31.08108108108108,
        "percentage_delta": 0.6710810810810806,
        "percentage_delta_per_hour": 0.3355405405405403,
        "percentage_delta_per_minute": 0.005592342342342338,
        "registered_count": 2442,
        "registered_count_delta": 15,
        "registered_count_delta_per_hour": 1.25,
        "registered_count_delta_per_minute": 0.020833333333333332
      }
    }
  },
  "metadata": {
    "analysis": {
      "negative_turnout_registered_count_protocols": 1,
      "negative_turnout_registered_count": 1,
      "protocol_count": 1,
      "exceeded_papers_count": 0,
      "exceeded_papers_steal_winning": 0,
      "checksum_valid": 1
    },
    "voters": {
      "initially_registered_count": 2427,
      "registered_count": 2442,
      "walk_by_count": 750,
      "on_home_count": 9,
      "ahead_of_time_count": 0,
      "exceptional_count": 0,
      "added_count": 15
    },
    "papers": {
      "received_count": 2000,
      "destroyed_count": 1241,
      "stationary_box_count": 750,
      "portable_box_count": 9,
      "valid_count": 727,
      "invalid_count": 32,
      "lost_count": 0,
      "ignored_count": 0,
      "taken_home_count": 0
    }
  },
  "entries": [
    {
      "name": "Далматов Алексей Анатольевич",
      "position": 4,
      "candidate_id": 96,
      "supported_by_party_id": 5,
      "official_result": {
        "votes_count": 215,
        "place": 1,
        "percentage": 28.326745718050066,
        "valid_percentage": 29.573590096286107,
        "registered_percentage": 8.804258804258804,
        "display_percentage": 28.33,
        "winner": true
      },
      "result_without_other_entry": {
        "75": {
          "percentage": 30.49645390070922,
          "valid_percentage": 31.946508172362552
        },
        "80": {
          "percentage": 29.778393351800553,
          "valid_percentage": 31.15942028985507
        },