{
  "commission_name": "УИК №270",
  "ballot_name": "Выборы депутатов Законодательного Собрания Санкт-Петербурга седьмого созыва",
  "name": "Результаты выборов по единому округу",
  "protocol_scope": {
    "type": "uik",
    "id": 270
  },
  "electoral_district": {
    "type": "city",
    "id": 0
  },
  "data_id": 27820001915220,
  "ballot_data_id": 4784035124122,
  "has_koib": false,
  "generated_date": 1632130127000,
  "official_result": {
    "winner": {
      "id": 5,
      "position": 2,
      "percentage": 30.112359550561795,
      "valid_percentage": 30.982658959537574,
      "registered_percentage": 11.074380165289256
    },
    "turnout": {
      "count": 890,
      "percentage": 36.77685950413223,
      "walk_by_count": 805,
      "walk_by_percentage": 33.264462809917354,
      "on_home_count": 85,
      "on_home_percentage": 3.512396694214876,
      "ahead_of_time_count": 0,
      "ahead_of_time_percentage": 0,
      "valid_count": 865,
      "valid_percentage": 35.74380165289256,
      "invalid_count": 25,
      "invalid_percentage": 1.0330578512396695,
      "taken_home_count": 0,
      "taken_home_percentage": 0,
      "lost_count": 0,
      "lost_percentage": 0
    },
    "votes_stats": {
      "winning_count": 268,
      "winning_percentage": 30.112359550561795,
      "effective_count": 865,
      "losing_count": 597,
      "losing_percentage": 67.07865168539325,
      "other_count": 25,
      "other_percentage": 2.8089887640449436,
      "by_place": {
        "#1": {
          "count": 268,
          "percentage": 30.112359550561795
        },
        "#2": {
          "count": 169,
          "percentage": 18.98876404494382
        },
        "#3": {
          "count": 93,
          "percentage": 10.44943820224719
        },
        "#4": {
          "count": 92,
          "percentage": 10.337078651685392
        },
        "#5": {
          "count": 90,
          "percentage": 10.112359550561797
        },
        "#6": {
          "count": 70,
          "percentage": 7.865168539325842
        },
        "#7": {
          "count": 61,
          "percentage": 6.853932584269663
        },
        "#8": {
          "count": 22,
          "percentage": 2.4719101123595504
        }
      }
    }
  },
  "turnout_protocols": {
    "17.09.2021": {
      "15.00": {
        "count": 163,
        "count_delta": 163,
        "count_delta_per_hour": 23.285714285714285,
        "count_delta_per_minute": 0.3880952380952381,
        "percentage": 6.83,
        "percentage_delta": 6.83,
        "percentage_delta_per_hour": 0.9757142857142858,
        "percentage_delta_per_minute": 0.016261904761904762,
        "registered_count": 2387,
        "registered_count_delta": 2387,
        "registered_count_delta_per_hour": 341,
        "registered_count_delta_per_minute": 5.683333333333334
      },
      "20.00": {
        "count": 349,
        "count_delta": 186,
        "count_delta_per_hour": 37.2,
        "count_delta_per_minute": 0.62,
        "percentage": 14.63,
        "percentage_delta": 7.800000000000001,
        "percentage_delta_per_hour": 1.56,
        "percentage_delta_per_minute": 0.026000000000000002,
        "registered_count": 2386,
        "registered_count_delta": -1,
        "registered_count_delta_per_hour": -0.2,
        "registered_count_delta_per_minute": -0.0033333333333333335
      }
    },
    "18.09.2021": {
      "15.00": {
        "count": 547,
        "count_delta": 198,
        "count_delta_per_hour": 28.285714285714285,
        "count_delta_per_minute": 0.4714285714285714,
        "percentage": 22.94,
        "percentage_delta": 8.31,
        "percentage_delta_per_hour": 1.1871428571428573,
        "percentage_delta_per_minute": 0.01978571428571429,
        "registered_count": 2384,
        "registered_count_delta": -2,
        "registered_count_delta_per_hour": -0.2857142857142857,
        "registered_count_delta_per_minute": -0.004761904761904762
      },
      "20.00": {
        "count": 590,
        "count_delta": 43,
        "count_delta_per_hour": 8.6,
        "count_delta_per_minute": 0.14333333333333334,
        "percentage": 24.74,
        "percentage_delta": 1.7999999999999972,
        "percentage_delta_per_hour": 0.35999999999999943,
        "percentage_delta_per_minute": 0.005999999999999991,
        "registered_count": 2385,
        "registered_count_delta": 1,
        "registered_count_delta_per_hour": 0.2,
        "registered_count_delta_per_minute": 0.0033333333333333335
      }
    },
    "19.09.2021": {
      "10.00": {
        "count": 608,
        "count_delta": 18,
        "count_delta_per_hour": 9,
        "count_delta_per_minute": 0.15,
        "percentage": 25.12,
        "percentage_delta": 0.38000000000000256,
        "percentage_delta_per_hour": 0.19000000000000128,
        "percentage_delta_per_minute": 0.003166666666666688
      },
      "12.00": {
        "count": 653,
        "count_delta": 45,
        "count_delta_per_hour": 22.5,
        "count_delta_per_minute": 0.375,
        "percentage": 27,
        "percentage_delta": 1.879999999999999,
        "percentage_delta_per_hour": 0.9399999999999995,
        "percentage_delta_per_minute": 0.01566666666666666
      },
      "15.00": {
        "count": 763,
        "count_delta": 110,
        "count_delta_per_hour": 36.666666666666664,
        "count_delta_per_minute": 0.6111111111111112,
        "percentage": 31.53,
        "percentage_delta": 4.530000000000001,
        "percentage_delta_per_hour": 1.5100000000000005,
        "percentage_delta_per_minute": 0.025166666666666674
      },
      "18.00": {
        "count": 878,
        "count_delta": 115,
        "count_delta_per_hour": 38.333333333333336,
        "count_delta_per_minute": 0.6388888888888888,
        "percentage": 36.27,
        "percentage_delta": 4.740000000000002,
        "percentage_delta_per_hour": 1.5800000000000007,
        "percentage_delta_per_minute": 0.026333333333333344
      },
      "20.00": {
        "count": 890,
        "count_delta": 12,
        "count_delta_per_hour": 6,
        "count_delta_per_minute": 0.1,
        "percentage": 36.77685950413223,
        "percentage_delta": 0.5068595041322297,
        "percentage_delta_per_hour": 0.25342975206611484,
        "percentage_delta_per_minute": 0.004223829201101914,
        "registered_count": 2420,
        "registered_count_delta": 35,
        "registered_count_delta_per_hour": 2.9166666666666665,
        "registered_count_delta_per_minute": 0.04861111111111111
      }
    }
  },
  "metadata": {
    "analysis": {
      "negative_turnout_registered_count_protocols": 1,
      "negative_turnout_registered_count": 2,
      "protocol_count": 1,
      "exceeded_papers_count": 0,
      "exceeded_papers_steal_winning": 0,
      "exceeded_papers_provide_extra_places": 0,
      "multiple_winners": 0,
      "checksum_valid": 1
    },
    "voters": {
      "initially_registered_count": 2385,
      "registered_count": 2420,
      "walk_by_count": 805,
      "on_home_count": 85,
      "ahead_of_time_count": 0,
      "exceptional_count": 0,
      "added_count": 35
    },
    "papers": {
      "received_count": 2000,
      "destroyed_count": 1110,
      "stationary_box_count": 805,
      "portable_box_count": 85,
      "valid_count": 865,
      "invalid_count": 25,
      "lost_count": 0,
      "ignored_count": 0,
      "taken_home_count": 0
    }
  },
  "entries": [
    {
      "name": "Всероссийская политическая партия \"ЕДИНАЯ РОССИЯ\"",
      "position": 2,
      "party_id": 5,
      "official_result": {
        "votes_count": 268,
        "place": 1,
        "percentage": 30.112359550561795,
        "valid_percentage": 30.982658959537574,
        "registered_percentage": 11.074380165289256,
        "display_percentage": 30.11,
        "winner": true
      },
      "result_without_other_entry": {
        "1": {
          "percentage": 37.17059639389736,
          "valid_percentage": 38.50574712643678
        },