{
  "commission_name": "УИК №1460",
  "ballot_name": "Выборы депутатов Законодательного Собрания Санкт-Петербурга седьмого созыва",
  "name": "Результаты выборов по одномандатному (многомандатному) округу",
  "protocol_scope": {
    "type": "uik",
    "id": 1460
  },
  "electoral_district": {
    "type": "city",
    "id": 9
  },
  "data_id": 27820001915220,
  "ballot_data_id": 478405082291,
  "has_koib": false,
  "generated_date": 1632119379000,
  "official_result": {
    "winner": {
      "id": 71,
      "position": 1,
      "percentage": 35.40268456375839,
      "valid_percentage": 37.08260105448154,
      "registered_percentage": 11.386940097139773
    },
    "turnout": {
      "count": 596,
      "percentage": 32.16405828386401,
      "walk_by_count": 575,
      "walk_by_percentage": 31.0307609282245,
      "on_home_count": 21,
      "on_home_percentage": 1.1332973556395036,
      "ahead_of_time_count": 0,
      "ahead_of_time_percentage": 0,
      "valid_count": 569,
      "valid_percentage": 30.706961683756074,
      "invalid_count": 27,
      "invalid_percentage": 1.457096600107933,
      "taken_home_count": 0,
      "taken_home_percentage": 0,
      "lost_count": 0,
      "lost_percentage": 0
    },
    "votes_stats": {
      "winning_count": 211,
      "winning_percentage": 35.40268456375839,
      "effective_count": 569,
      "losing_count": 358,
      "losing_percentage": 60.06711409395973,
      "other_count": 27,
      "other_percentage": 4.530201342281879,
      "by_place": {
        "#1": {
          "count": 211,
          "percentage": 35.40268456375839
        },
        "#2": {
          "count": 161,
          "percentage": 27.01342281879195,
          "supported_by_smart_vote": true
        },
        "#3": {
          "count": 86,
          "percentage": 14.429530201342283
        },
        "#4": {
          "count": 45,
          "percentage": 7.550335570469799
        },
        "#5": {
          "count": 38,
          "percentage": 6.375838926174497
        },
        "#6": {
          "count": 28,
          "percentage": 4.697986577181208
        }
      }
    }
  },
  "turnout_protocols": {
    "17.09.2021": {
      "15.00": {
        "count": 108,
        "count_delta": 108,
        "count_delta_per_hour": 15.428571428571429,
        "count_delta_per_minute": 0.2571428571428571,
        "percentage": 5.83,
        "percentage_delta": 5.83,
        "percentage_delta_per_hour": 0.8328571428571429,
        "percentage_delta_per_minute": 0.013880952380952381,
        "registered_count": 1852,
        "registered_count_delta": 1852,
        "registered_count_delta_per_hour": 264.57142857142856,
        "registered_count_delta_per_minute": 4.40952380952381
      },
      "20.00": {
        "count": 247,
        "count_delta": 139,
        "count_delta_per_hour": 27.8,
        "count_delta_per_minute": 0.4633333333333333,
        "percentage": 13.33,
        "percentage_delta": 7.5,
        "percentage_delta_per_hour": 1.5,
        "percentage_delta_per_minute": 0.025,
        "registered_count": 1853,
        "registered_count_delta": 1,
        "registered_count_delta_per_hour": 0.2,
        "registered_count_delta_per_minute": 0.0033333333333333335
      }
    },
    "18.09.2021": {
      "15.00": {
        "count": 337,
        "count_delta": 90,
        "count_delta_per_hour": 12.857142857142858,
        "count_delta_per_minute": 0.21428571428571427,
        "percentage": 18.19,
        "percentage_delta": 4.860000000000001,
        "percentage_delta_per_hour": 0.6942857142857145,
        "percentage_delta_per_minute": 0.011571428571428575,
        "registered_count": 1853,
        "registered_count_delta": 0,
        "registered_count_delta_per_hour": 0,
        "registered_count_delta_per_minute": 0
      },
      "20.00": {
        "count": 357,
        "count_delta": 20,
        "count_delta_per_hour": 4,
        "count_delta_per_minute": 0.06666666666666667,
        "percentage": 19.27,
        "percentage_delta": 1.0799999999999983,
        "percentage_delta_per_hour": 0.21599999999999966,
        "percentage_delta_per_minute": 0.0035999999999999943,
        "registered_count": 1853,
        "registered_count_delta": 0,
        "registered_count_delta_per_hour": 0,
        "registered_count_delta_per_minute": 0
      }
    },
    "19.09.2021": {
      "10.00": {
        "count": 371,
        "count_delta": 14,
        "count_delta_per_hour": 7,
        "count_delta_per_minute": 0.11666666666666667,
        "percentage": 20.02,
        "percentage_delta": 0.75,
        "percentage_delta_per_hour": 0.375,
        "percentage_delta_per_minute": 0.00625
      },
      "12.00": {
        "count": 377,
        "count_delta": 6,
        "count_delta_per_hour": 3,
        "count_delta_per_minute": 0.05,
        "percentage": 20.33,
        "percentage_delta": 0.3099999999999987,
        "percentage_delta_per_hour": 0.15499999999999936,
        "percentage_delta_per_minute": 0.0025833333333333225
      },
      "15.00": {
        "count": 377,
        "count_delta": 0,
        "count_delta_per_hour": 0,
        "count_delta_per_minute": 0,
        "percentage": 20.33,
        "percentage_delta": 0,
        "percentage_delta_per_hour": 0,
        "percentage_delta_per_minute": 0
      },
      "18.00": {
        "count": 523,
        "count_delta": 146,
        "count_delta_per_hour": 48.666666666666664,
        "count_delta_per_minute": 0.8111111111111111,
        "percentage": 28.21,
        "percentage_delta": 7.880000000000003,
        "percentage_delta_per_hour": 2.6266666666666674,
        "percentage_delta_per_minute": 0.04377777777777779
      },
      "20.00": {
        "count": 596,
        "count_delta": 73,
        "count_delta_per_hour": 36.5,
        "count_delta_per_minute": 0.6083333333333333,
        "percentage": 32.16405828386401,
        "percentage_delta": 3.9540582838640077,
        "percentage_delta_per_hour": 1.9770291419320039,
        "percentage_delta_per_minute": 0.03295048569886673,
        "registered_count": 1853,
        "registered_count_delta": 0,
        "registered_count_delta_per_hour": 0,
        "registered_count_delta_per_minute": 0
      }
    }
  },
  "metadata": {
    "analysis": {
      "protocol_count": 1,
      "exceeded_papers_count": 0,
      "exceeded_papers_steal_winning": 0,
      "checksum_valid": 1
    },
    "voters": {
      "initially_registered_count": 1853,
      "registered_count": 1853,
      "walk_by_count": 575,
      "on_home_count": 21,
      "ahead_of_time_count": 0,
      "exceptional_count": 0
    },
    "papers": {
      "received_count": 1500,
      "destroyed_count": 904,
      "stationary_box_count": 575,
      "portable_box_count": 21,
      "valid_count": 569,
      "invalid_count": 27,
      "lost_count": 0,
      "ignored_count": 0,
      "taken_home_count": 0
    }
  },
  "entries": [
    {
      "name": "Высоцкий Игорь Владимирович",
      "position": 1,
      "candidate_id": 71,
      "supported_by_party_id": 5,
      "official_result": {
        "votes_count": 211,
        "place": 1,
        "percentage": 35.40268456375839,
        "valid_percentage": 37.08260105448154,
        "registered_percentage": 11.386940097139773,
        "display_percentage": 35.4,
        "winner": true
      },
      "result_without_other_entry": {
        "65": {
          "percentage": 48.50574712643678,
          "valid_percentage": 51.71568627450981
        },
        "67": {
          "percentage": 37.147887323943664,
          "valid_percentage": 39.00184842883549
        },
        "72": {
          "percentage": 37.81362007168459,
          "valid_percentage": 39.73634651600753
        },
        "73": {
          "percentage": 38.294010889292196,
          "valid_percentage": 40.26717557251908
        },
        "74": {
          "percentage": 41.37254901960784,