{
  "commission_name": "УИК №2168",
  "ballot_name": "Выборы депутатов Законодательного Собрания Санкт-Петербурга седьмого созыва",
  "name": "Результаты выборов по единому округу",
  "protocol_scope": {
    "type": "uik",
    "id": 2168
  },
  "electoral_district": {
    "type": "city",
    "id": 0
  },
  "data_id": 27820001915220,
  "ballot_data_id": 478406388592,
  "has_koib": false,
  "generated_date": 1632112491000,
  "official_result": {
    "winner": {
      "id": 3,
      "position": 4,
      "percentage": 39.338235294117645,
      "valid_percentage": 39.70315398886827,
      "registered_percentage": 13.024954351795495
    },
    "turnout": {
      "count": 548,
      "percentage": 33.35362142422398,
      "walk_by_count": 544,
      "walk_by_percentage": 33.11016433353621,
      "on_home_count": 4,
      "on_home_percentage": 0.24345709068776628,
      "ahead_of_time_count": 0,
      "ahead_of_time_percentage": 0,
      "valid_count": 539,
      "valid_percentage": 32.805842970176506,
      "invalid_count": 5,
      "invalid_percentage": 0.30432136335970783,
      "taken_home_count": 4,
      "taken_home_percentage": 0.24345709068776628,
      "lost_count": 0,
      "lost_percentage": 0
    },
    "votes_stats": {
      "winning_count": 214,
      "winning_percentage": 39.338235294117645,
      "effective_count": 539,
      "losing_count": 325,
      "losing_percentage": 59.74264705882353,
      "other_count": 5,
      "other_percentage": 0.9191176470588236,
      "by_place": {
        "#1": {
          "count": 214,
          "percentage": 39.338235294117645
        },
        "#2": {
          "count": 131,
          "percentage": 24.080882352941178
        },
        "#3": {
          "count": 59,
          "percentage": 10.845588235294118
        },
        "#4": {
          "count": 45,
          "percentage": 8.272058823529411
        },
        "#5": {
          "count": 29,
          "percentage": 5.330882352941177
        },
        "#6": {
          "count": 25,
          "percentage": 4.595588235294118
        },
        "#7": {
          "count": 24,
          "percentage": 4.411764705882353
        },
        "#8": {
          "count": 12,
          "percentage": 2.2058823529411766
        }
      }
    }
  },
  "turnout_protocols": {
    "17.09.2021": {
      "15.00": {
        "count": 94,
        "count_delta": 94,
        "count_delta_per_hour": 13.428571428571429,
        "count_delta_per_minute": 0.22380952380952382,
        "percentage": 5.73,
        "percentage_delta": 5.73,
        "percentage_delta_per_hour": 0.8185714285714286,
        "percentage_delta_per_minute": 0.013642857142857144,
        "registered_count": 1640,
        "registered_count_delta": 1640,
        "registered_count_delta_per_hour": 234.28571428571428,
        "registered_count_delta_per_minute": 3.9047619047619047
      },
      "20.00": {
        "count": 145,
        "count_delta": 51,
        "count_delta_per_hour": 10.2,
        "count_delta_per_minute": 0.17,
        "percentage": 8.83,
        "percentage_delta": 3.0999999999999996,
        "percentage_delta_per_hour": 0.6199999999999999,
        "percentage_delta_per_minute": 0.010333333333333332,
        "registered_count": 1642,
        "registered_count_delta": 2,
        "registered_count_delta_per_hour": 0.4,
        "registered_count_delta_per_minute": 0.006666666666666667
      }
    },
    "18.09.2021": {
      "15.00": {
        "count": 202,
        "count_delta": 57,
        "count_delta_per_hour": 8.142857142857142,
        "count_delta_per_minute": 0.1357142857142857,
        "percentage": 12.29,
        "percentage_delta": 3.459999999999999,
        "percentage_delta_per_hour": 0.49428571428571416,
        "percentage_delta_per_minute": 0.008238095238095235,
        "registered_count": 1644,
        "registered_count_delta": 2,
        "registered_count_delta_per_hour": 0.2857142857142857,
        "registered_count_delta_per_minute": 0.004761904761904762
      },
      "20.00": {
        "count": 269,
        "count_delta": 67,
        "count_delta_per_hour": 13.4,
        "count_delta_per_minute": 0.22333333333333333,
        "percentage": 16.37,
        "percentage_delta": 4.080000000000002,
        "percentage_delta_per_hour": 0.8160000000000004,
        "percentage_delta_per_minute": 0.013600000000000006,
        "registered_count": 1643,
        "registered_count_delta": -1,
        "registered_count_delta_per_hour": -0.2,
        "registered_count_delta_per_minute": -0.0033333333333333335
      }
    },
    "19.09.2021": {
      "10.00": {
        "count": 271,
        "count_delta": 2,
        "count_delta_per_hour": 1,
        "count_delta_per_minute": 0.016666666666666666,
        "percentage": 16.49,
        "percentage_delta": 0.11999999999999744,
        "percentage_delta_per_hour": 0.05999999999999872,
        "percentage_delta_per_minute": 0.0009999999999999788
      },
      "12.00": {
        "count": 299,
        "count_delta": 28,
        "count_delta_per_hour": 14,
        "count_delta_per_minute": 0.23333333333333334,
        "percentage": 18.2,
        "percentage_delta": 1.7100000000000009,
        "percentage_delta_per_hour": 0.8550000000000004,
        "percentage_delta_per_minute": 0.014250000000000007
      },
      "15.00": {
        "count": 382,
        "count_delta": 83,
        "count_delta_per_hour": 27.666666666666668,
        "count_delta_per_minute": 0.46111111111111114,
        "percentage": 23.25,
        "percentage_delta": 5.050000000000001,
        "percentage_delta_per_hour": 1.6833333333333336,
        "percentage_delta_per_minute": 0.02805555555555556
      },
      "18.00": {
        "count": 441,
        "count_delta": 59,
        "count_delta_per_hour": 19.666666666666668,
        "count_delta_per_minute": 0.3277777777777778,
        "percentage": 26.84,
        "percentage_delta": 3.59,
        "percentage_delta_per_hour": 1.1966666666666665,
        "percentage_delta_per_minute": 0.019944444444444445
      },
      "20.00": {
        "count": 548,
        "count_delta": 107,
        "count_delta_per_hour": 53.5,
        "count_delta_per_minute": 0.8916666666666667,
        "percentage": 33.35362142422398,
        "percentage_delta": 6.513621424223981,
        "percentage_delta_per_hour": 3.2568107121119905,
        "percentage_delta_per_minute": 0.05428017853519984,
        "registered_count": 1643,
        "registered_count_delta": 0,
        "registered_count_delta_per_hour": 0,
        "registered_count_delta_per_minute": 0
      }
    }
  },
  "metadata": {
    "analysis": {
      "negative_turnout_registered_count_protocols": 1,
      "negative_turnout_registered_count": 1,
      "protocol_count": 1,
      "exceeded_papers_count": 0,
      "exceeded_papers_steal_winning": 0,
      "exceeded_papers_provide_extra_places": 0,
      "multiple_winners": 0,
      "checksum_valid": 1
    },
    "voters": {
      "initially_registered_count": 1641,
      "registered_count": 1643,
      "walk_by_count": 544,
      "on_home_count": 4,
      "ahead_of_time_count": 0,
      "exceptional_count": 0,
      "added_count": 2
    },
    "papers": {
      "received_count": 1500,
      "destroyed_count": 952,
      "stationary_box_count": 540,
      "portable_box_count": 4,
      "valid_count": 539,
      "invalid_count": 5,
      "lost_count": 0,
      "ignored_count": 0,
      "taken_home_count": 4
    }
  },
  "entries": [
    {
      "name": "Политическая партия ЛДПР – Либерально-демократическая партия России",
      "position": 4,
      "party_id": 3,
      "official_result": {
        "votes_count": 214,
        "place": 1,
        "percentage": 39.338235294117645,
        "valid_percentage": 39.70315398886827,
        "registered_percentage": 13.024954351795495,
        "display_percentage": 39.34,
        "winner": true
      },
      "result_without_other_entry": {
        "1": {
          "percentage": 51.81598062953995,