{
  "commission_name": "УИК №1914",
  "ballot_name": "Выборы депутатов Законодательного Собрания Санкт-Петербурга седьмого созыва",
  "name": "Результаты выборов по единому округу",
  "protocol_scope": {
    "type": "uik",
    "id": 1914
  },
  "electoral_district": {
    "type": "city",
    "id": 0
  },
  "data_id": 27820001915220,
  "ballot_data_id": 478405781894,
  "has_koib": false,
  "generated_date": 1632127259000,
  "official_result": {
    "winner": {
      "id": 5,
      "position": 2,
      "percentage": 30.056497175141246,
      "valid_percentage": 30.680507497116494,
      "registered_percentage": 9.783008458992276
    },
    "turnout": {
      "count": 885,
      "percentage": 32.54873115115851,
      "walk_by_count": 871,
      "walk_by_percentage": 32.03383596910629,
      "on_home_count": 14,
      "on_home_percentage": 0.5148951820522251,
      "ahead_of_time_count": 0,
      "ahead_of_time_percentage": 0,
      "valid_count": 867,
      "valid_percentage": 31.886723059948512,
      "invalid_count": 18,
      "invalid_percentage": 0.6620080912100037,
      "taken_home_count": 0,
      "taken_home_percentage": 0,
      "lost_count": 0,
      "lost_percentage": 0
    },
    "votes_stats": {
      "winning_count": 266,
      "winning_percentage": 30.056497175141246,
      "effective_count": 867,
      "losing_count": 601,
      "losing_percentage": 67.909604519774,
      "other_count": 18,
      "other_percentage": 2.0338983050847457,
      "by_place": {
        "#1": {
          "count": 266,
          "percentage": 30.056497175141246
        },
        "#2": {
          "count": 205,
          "percentage": 23.163841807909606
        },
        "#3": {
          "count": 175,
          "percentage": 19.774011299435028
        },
        "#4": {
          "count": 65,
          "percentage": 7.344632768361582
        },
        "#5": {
          "count": 62,
          "percentage": 7.005649717514125
        },
        "#6": {
          "count": 53,
          "percentage": 5.988700564971752
        },
        "#7": {
          "count": 25,
          "percentage": 2.824858757062147
        },
        "#8": {
          "count": 16,
          "percentage": 1.807909604519774
        }
      }
    }
  },
  "turnout_protocols": {
    "17.09.2021": {
      "15.00": {
        "count": 159,
        "count_delta": 159,
        "count_delta_per_hour": 22.714285714285715,
        "count_delta_per_minute": 0.37857142857142856,
        "percentage": 5.84,
        "percentage_delta": 5.84,
        "percentage_delta_per_hour": 0.8342857142857143,
        "percentage_delta_per_minute": 0.013904761904761904,
        "registered_count": 2723,
        "registered_count_delta": 2723,
        "registered_count_delta_per_hour": 389,
        "registered_count_delta_per_minute": 6.483333333333333
      },
      "20.00": {
        "count": 257,
        "count_delta": 98,
        "count_delta_per_hour": 19.6,
        "count_delta_per_minute": 0.32666666666666666,
        "percentage": 9.45,
        "percentage_delta": 3.6099999999999994,
        "percentage_delta_per_hour": 0.7219999999999999,
        "percentage_delta_per_minute": 0.012033333333333332,
        "registered_count": 2720,
        "registered_count_delta": -3,
        "registered_count_delta_per_hour": -0.6,
        "registered_count_delta_per_minute": -0.01
      }
    },
    "18.09.2021": {
      "15.00": {
        "count": 374,
        "count_delta": 117,
        "count_delta_per_hour": 16.714285714285715,
        "count_delta_per_minute": 0.2785714285714286,
        "percentage": 13.74,
        "percentage_delta": 4.290000000000001,
        "percentage_delta_per_hour": 0.612857142857143,
        "percentage_delta_per_minute": 0.010214285714285716,
        "registered_count": 2722,
        "registered_count_delta": 2,
        "registered_count_delta_per_hour": 0.2857142857142857,
        "registered_count_delta_per_minute": 0.004761904761904762
      },
      "20.00": {
        "count": 458,
        "count_delta": 84,
        "count_delta_per_hour": 16.8,
        "count_delta_per_minute": 0.28,
        "percentage": 16.83,
        "percentage_delta": 3.089999999999998,
        "percentage_delta_per_hour": 0.6179999999999997,
        "percentage_delta_per_minute": 0.010299999999999993,
        "registered_count": 2721,
        "registered_count_delta": -1,
        "registered_count_delta_per_hour": -0.2,
        "registered_count_delta_per_minute": -0.0033333333333333335
      }
    },
    "19.09.2021": {
      "10.00": {
        "count": 468,
        "count_delta": 10,
        "count_delta_per_hour": 5,
        "count_delta_per_minute": 0.08333333333333333,
        "percentage": 17.2,
        "percentage_delta": 0.370000000000001,
        "percentage_delta_per_hour": 0.1850000000000005,
        "percentage_delta_per_minute": 0.0030833333333333416
      },
      "12.00": {
        "count": 524,
        "count_delta": 56,
        "count_delta_per_hour": 28,
        "count_delta_per_minute": 0.4666666666666667,
        "percentage": 19.29,
        "percentage_delta": 2.09,
        "percentage_delta_per_hour": 1.045,
        "percentage_delta_per_minute": 0.017416666666666667
      },
      "15.00": {
        "count": 671,
        "count_delta": 147,
        "count_delta_per_hour": 49,
        "count_delta_per_minute": 0.8166666666666667,
        "percentage": 24.66,
        "percentage_delta": 5.370000000000001,
        "percentage_delta_per_hour": 1.7900000000000003,
        "percentage_delta_per_minute": 0.02983333333333334
      },
      "18.00": {
        "count": 799,
        "count_delta": 128,
        "count_delta_per_hour": 42.666666666666664,
        "count_delta_per_minute": 0.7111111111111111,
        "percentage": 29.4,
        "percentage_delta": 4.739999999999998,
        "percentage_delta_per_hour": 1.5799999999999994,
        "percentage_delta_per_minute": 0.026333333333333323
      },
      "20.00": {
        "count": 885,
        "count_delta": 86,
        "count_delta_per_hour": 43,
        "count_delta_per_minute": 0.7166666666666667,
        "percentage": 32.54873115115851,
        "percentage_delta": 3.1487311511585148,
        "percentage_delta_per_hour": 1.5743655755792574,
        "percentage_delta_per_minute": 0.02623942625965429,
        "registered_count": 2719,
        "registered_count_delta": -2,
        "registered_count_delta_per_hour": -0.16666666666666666,
        "registered_count_delta_per_minute": -0.002777777777777778
      }
    }
  },
  "metadata": {
    "analysis": {
      "negative_turnout_registered_count_protocols": 1,
      "negative_turnout_registered_count": 2,
      "protocol_count": 1,
      "exceeded_papers_count": 0,
      "exceeded_papers_steal_winning": 0,
      "exceeded_papers_provide_extra_places": 0,
      "multiple_winners": 0,
      "checksum_valid": 1
    },
    "voters": {
      "initially_registered_count": 2721,
      "registered_count": 2719,
      "walk_by_count": 871,
      "on_home_count": 14,
      "ahead_of_time_count": 0,
      "exceptional_count": 0,
      "removed_count": 2
    },
    "papers": {
      "received_count": 2600,
      "destroyed_count": 1715,
      "stationary_box_count": 871,
      "portable_box_count": 14,
      "valid_count": 867,
      "invalid_count": 18,
      "lost_count": 0,
      "ignored_count": 0,
      "taken_home_count": 0
    }
  },
  "entries": [
    {
      "name": "Всероссийская политическая партия \"ЕДИНАЯ РОССИЯ\"",
      "position": 2,
      "party_id": 5,
      "official_result": {
        "votes_count": 266,
        "place": 1,
        "percentage": 30.056497175141246,
        "valid_percentage": 30.680507497116494,
        "registered_percentage": 9.783008458992276,
        "display_percentage": 30.06,
        "winner": true
      },
      "result_without_other_entry": {
        "1": {
          "percentage": 37.46478873239437,
          "valid_percentage": 38.4393063583815
        },