{
  "commission_name": "УИК №2098",
  "ballot_name": "Выборы депутатов Законодательного Собрания Санкт-Петербурга седьмого созыва",
  "name": "Результаты выборов по единому округу",
  "protocol_scope": {
    "type": "uik",
    "id": 2098
  },
  "electoral_district": {
    "type": "city",
    "id": 0
  },
  "data_id": 27820001915220,
  "ballot_data_id": 478406181701,
  "has_koib": false,
  "generated_date": 1632131296000,
  "official_result": {
    "winner": {
      "id": 5,
      "position": 2,
      "percentage": 28.330522765598655,
      "valid_percentage": 29.015544041450774,
      "registered_percentage": 8.931419457735247
    },
    "turnout": {
      "count": 595,
      "percentage": 31.632110579479,
      "walk_by_count": 589,
      "walk_by_percentage": 31.313131313131315,
      "on_home_count": 6,
      "on_home_percentage": 0.3189792663476874,
      "ahead_of_time_count": 0,
      "ahead_of_time_percentage": 0,
      "valid_count": 579,
      "valid_percentage": 30.78149920255183,
      "invalid_count": 14,
      "invalid_percentage": 0.7442849548112705,
      "taken_home_count": 2,
      "taken_home_percentage": 0.10632642211589581,
      "lost_count": 0,
      "lost_percentage": 0
    },
    "votes_stats": {
      "winning_count": 168,
      "winning_percentage": 28.330522765598655,
      "effective_count": 579,
      "losing_count": 411,
      "losing_percentage": 69.30860033726813,
      "other_count": 14,
      "other_percentage": 2.360876897133221,
      "by_place": {
        "#1": {
          "count": 168,
          "percentage": 28.330522765598655
        },
        "#2": {
          "count": 119,
          "percentage": 20.06745362563238
        },
        "#3": {
          "count": 79,
          "percentage": 13.322091062394604
        },
        "#4": {
          "count": 57,
          "percentage": 9.612141652613827
        },
        "#5": {
          "count": 51,
          "percentage": 8.600337268128163
        },
        "#6": {
          "count": 49,
          "percentage": 8.263069139966273
        },
        "#7": {
          "count": 47,
          "percentage": 7.925801011804384
        },
        "#8": {
          "count": 9,
          "percentage": 1.5177065767284992
        }
      }
    }
  },
  "turnout_protocols": {
    "17.09.2021": {
      "15.00": {
        "count": 138,
        "count_delta": 138,
        "count_delta_per_hour": 19.714285714285715,
        "count_delta_per_minute": 0.32857142857142857,
        "percentage": 7.33,
        "percentage_delta": 7.33,
        "percentage_delta_per_hour": 1.0471428571428572,
        "percentage_delta_per_minute": 0.017452380952380952,
        "registered_count": 1883,
        "registered_count_delta": 1883,
        "registered_count_delta_per_hour": 269,
        "registered_count_delta_per_minute": 4.483333333333333
      },
      "20.00": {
        "count": 200,
        "count_delta": 62,
        "count_delta_per_hour": 12.4,
        "count_delta_per_minute": 0.20666666666666667,
        "percentage": 10.63,
        "percentage_delta": 3.3000000000000007,
        "percentage_delta_per_hour": 0.6600000000000001,
        "percentage_delta_per_minute": 0.011000000000000003,
        "registered_count": 1881,
        "registered_count_delta": -2,
        "registered_count_delta_per_hour": -0.4,
        "registered_count_delta_per_minute": -0.006666666666666667
      }
    },
    "18.09.2021": {
      "15.00": {
        "count": 282,
        "count_delta": 82,
        "count_delta_per_hour": 11.714285714285714,
        "count_delta_per_minute": 0.19523809523809524,
        "percentage": 14.98,
        "percentage_delta": 4.35,
        "percentage_delta_per_hour": 0.6214285714285713,
        "percentage_delta_per_minute": 0.010357142857142856,
        "registered_count": 1883,
        "registered_count_delta": 2,
        "registered_count_delta_per_hour": 0.2857142857142857,
        "registered_count_delta_per_minute": 0.004761904761904762
      },
      "20.00": {
        "count": 324,
        "count_delta": 42,
        "count_delta_per_hour": 8.4,
        "count_delta_per_minute": 0.14,
        "percentage": 17.22,
        "percentage_delta": 2.2399999999999984,
        "percentage_delta_per_hour": 0.4479999999999997,
        "percentage_delta_per_minute": 0.007466666666666661,
        "registered_count": 1882,
        "registered_count_delta": -1,
        "registered_count_delta_per_hour": -0.2,
        "registered_count_delta_per_minute": -0.0033333333333333335
      }
    },
    "19.09.2021": {
      "10.00": {
        "count": 331,
        "count_delta": 7,
        "count_delta_per_hour": 3.5,
        "count_delta_per_minute": 0.058333333333333334,
        "percentage": 17.59,
        "percentage_delta": 0.370000000000001,
        "percentage_delta_per_hour": 0.1850000000000005,
        "percentage_delta_per_minute": 0.0030833333333333416
      },
      "12.00": {
        "count": 342,
        "count_delta": 11,
        "count_delta_per_hour": 5.5,
        "count_delta_per_minute": 0.09166666666666666,
        "percentage": 18.17,
        "percentage_delta": 0.5800000000000018,
        "percentage_delta_per_hour": 0.2900000000000009,
        "percentage_delta_per_minute": 0.004833333333333348
      },
      "15.00": {
        "count": 445,
        "count_delta": 103,
        "count_delta_per_hour": 34.333333333333336,
        "count_delta_per_minute": 0.5722222222222222,
        "percentage": 23.65,
        "percentage_delta": 5.479999999999997,
        "percentage_delta_per_hour": 1.8266666666666656,
        "percentage_delta_per_minute": 0.030444444444444427
      },
      "18.00": {
        "count": 518,
        "count_delta": 73,
        "count_delta_per_hour": 24.333333333333332,
        "count_delta_per_minute": 0.40555555555555556,
        "percentage": 27.52,
        "percentage_delta": 3.870000000000001,
        "percentage_delta_per_hour": 1.2900000000000003,
        "percentage_delta_per_minute": 0.021500000000000005
      },
      "20.00": {
        "count": 595,
        "count_delta": 77,
        "count_delta_per_hour": 38.5,
        "count_delta_per_minute": 0.6416666666666667,
        "percentage": 31.632110579479,
        "percentage_delta": 4.112110579479001,
        "percentage_delta_per_hour": 2.0560552897395006,
        "percentage_delta_per_minute": 0.03426758816232501,
        "registered_count": 1881,
        "registered_count_delta": -1,
        "registered_count_delta_per_hour": -0.08333333333333333,
        "registered_count_delta_per_minute": -0.001388888888888889
      }
    }
  },
  "metadata": {
    "analysis": {
      "negative_turnout_registered_count_protocols": 1,
      "negative_turnout_registered_count": 1,
      "protocol_count": 1,
      "exceeded_papers_count": 0,
      "exceeded_papers_steal_winning": 0,
      "exceeded_papers_provide_extra_places": 0,
      "multiple_winners": 0,
      "checksum_valid": 1
    },
    "voters": {
      "initially_registered_count": 1882,
      "registered_count": 1881,
      "walk_by_count": 589,
      "on_home_count": 6,
      "ahead_of_time_count": 0,
      "exceptional_count": 0,
      "removed_count": 1
    },
    "papers": {
      "received_count": 1500,
      "destroyed_count": 905,
      "stationary_box_count": 587,
      "portable_box_count": 6,
      "valid_count": 579,
      "invalid_count": 14,
      "lost_count": 0,
      "ignored_count": 0,
      "taken_home_count": 2
    }
  },
  "entries": [
    {
      "name": "Всероссийская политическая партия \"ЕДИНАЯ РОССИЯ\"",
      "position": 2,
      "party_id": 5,
      "official_result": {
        "votes_count": 168,
        "place": 1,
        "percentage": 28.330522765598655,
        "valid_percentage": 29.015544041450774,
        "registered_percentage": 8.931419457735247,
        "display_percentage": 28.33,
        "winner": true
      },