{
  "commission_name": "УИК №1658",
  "ballot_name": "Выборы депутатов Законодательного Собрания Санкт-Петербурга седьмого созыва",
  "name": "Результаты выборов по единому округу",
  "protocol_scope": {
    "type": "uik",
    "id": 1658
  },
  "electoral_district": {
    "type": "city",
    "id": 0
  },
  "data_id": 27820001915220,
  "ballot_data_id": 4784012321677,
  "has_koib": false,
  "generated_date": 1632133463000,
  "official_result": {
    "winner": {
      "id": 5,
      "position": 2,
      "percentage": 34.44302176696543,
      "valid_percentage": 35.53500660501982,
      "registered_percentage": 10.921640276086073
    },
    "turnout": {
      "count": 797,
      "percentage": 32.35891189606171,
      "walk_by_count": 788,
      "walk_by_percentage": 31.993503857084853,
      "on_home_count": 9,
      "on_home_percentage": 0.3654080389768575,
      "ahead_of_time_count": 0,
      "ahead_of_time_percentage": 0,
      "valid_count": 757,
      "valid_percentage": 30.734876167275683,
      "invalid_count": 24,
      "invalid_percentage": 0.9744214372716199,
      "taken_home_count": 16,
      "taken_home_percentage": 0.6496142915144133,
      "lost_count": 0,
      "lost_percentage": 0
    },
    "votes_stats": {
      "winning_count": 269,
      "winning_percentage": 34.44302176696543,
      "effective_count": 757,
      "losing_count": 488,
      "losing_percentage": 62.483994878361074,
      "other_count": 24,
      "other_percentage": 3.0729833546734953,
      "by_place": {
        "#1": {
          "count": 269,
          "percentage": 34.44302176696543
        },
        "#2": {
          "count": 147,
          "percentage": 18.82202304737516
        },
        "#3": {
          "count": 110,
          "percentage": 14.084507042253522
        },
        "#4": {
          "count": 89,
          "percentage": 11.395646606914212
        },
        "#5": {
          "count": 66,
          "percentage": 8.450704225352112
        },
        "#6": {
          "count": 42,
          "percentage": 5.377720870678617
        },
        "#7": {
          "count": 18,
          "percentage": 2.3047375160051216
        },
        "#8": {
          "count": 16,
          "percentage": 2.0486555697823303
        }
      }
    }
  },
  "turnout_protocols": {
    "17.09.2021": {
      "15.00": {
        "count": 42,
        "count_delta": 42,
        "count_delta_per_hour": 6,
        "count_delta_per_minute": 0.1,
        "percentage": 1.71,
        "percentage_delta": 1.71,
        "percentage_delta_per_hour": 0.24428571428571427,
        "percentage_delta_per_minute": 0.004071428571428571,
        "registered_count": 2456,
        "registered_count_delta": 2456,
        "registered_count_delta_per_hour": 350.85714285714283,
        "registered_count_delta_per_minute": 5.847619047619047
      },
      "20.00": {
        "count": 270,
        "count_delta": 228,
        "count_delta_per_hour": 45.6,
        "count_delta_per_minute": 0.76,
        "percentage": 10.98,
        "percentage_delta": 9.27,
        "percentage_delta_per_hour": 1.8539999999999999,
        "percentage_delta_per_minute": 0.030899999999999997,
        "registered_count": 2459,
        "registered_count_delta": 3,
        "registered_count_delta_per_hour": 0.6,
        "registered_count_delta_per_minute": 0.01
      }
    },
    "18.09.2021": {
      "15.00": {
        "count": 341,
        "count_delta": 71,
        "count_delta_per_hour": 10.142857142857142,
        "count_delta_per_minute": 0.16904761904761906,
        "percentage": 13.87,
        "percentage_delta": 2.889999999999999,
        "percentage_delta_per_hour": 0.4128571428571427,
        "percentage_delta_per_minute": 0.006880952380952378,
        "registered_count": 2459,
        "registered_count_delta": 0,
        "registered_count_delta_per_hour": 0,
        "registered_count_delta_per_minute": 0
      },
      "20.00": {
        "count": 416,
        "count_delta": 75,
        "count_delta_per_hour": 15,
        "count_delta_per_minute": 0.25,
        "percentage": 16.92,
        "percentage_delta": 3.0500000000000025,
        "percentage_delta_per_hour": 0.6100000000000005,
        "percentage_delta_per_minute": 0.010166666666666675,
        "registered_count": 2459,
        "registered_count_delta": 0,
        "registered_count_delta_per_hour": 0,
        "registered_count_delta_per_minute": 0
      }
    },
    "19.09.2021": {
      "10.00": {
        "count": 418,
        "count_delta": 2,
        "count_delta_per_hour": 1,
        "count_delta_per_minute": 0.016666666666666666,
        "percentage": 16.96,
        "percentage_delta": 0.03999999999999915,
        "percentage_delta_per_hour": 0.019999999999999574,
        "percentage_delta_per_minute": 0.0003333333333333262
      },
      "12.00": {
        "count": 474,
        "count_delta": 56,
        "count_delta_per_hour": 28,
        "count_delta_per_minute": 0.4666666666666667,
        "percentage": 19.24,
        "percentage_delta": 2.2799999999999976,
        "percentage_delta_per_hour": 1.1399999999999988,
        "percentage_delta_per_minute": 0.01899999999999998
      },
      "15.00": {
        "count": 515,
        "count_delta": 41,
        "count_delta_per_hour": 13.666666666666666,
        "count_delta_per_minute": 0.22777777777777777,
        "percentage": 20.9,
        "percentage_delta": 1.6600000000000001,
        "percentage_delta_per_hour": 0.5533333333333333,
        "percentage_delta_per_minute": 0.009222222222222224
      },
      "18.00": {
        "count": 702,
        "count_delta": 187,
        "count_delta_per_hour": 62.333333333333336,
        "count_delta_per_minute": 1.038888888888889,
        "percentage": 28.51,
        "percentage_delta": 7.610000000000003,
        "percentage_delta_per_hour": 2.5366666666666675,
        "percentage_delta_per_minute": 0.042277777777777796
      },
      "20.00": {
        "count": 797,
        "count_delta": 95,
        "count_delta_per_hour": 47.5,
        "count_delta_per_minute": 0.7916666666666666,
        "percentage": 32.35891189606171,
        "percentage_delta": 3.8489118960617112,
        "percentage_delta_per_hour": 1.9244559480308556,
        "percentage_delta_per_minute": 0.032074265800514264,
        "registered_count": 2463,
        "registered_count_delta": 4,
        "registered_count_delta_per_hour": 0.3333333333333333,
        "registered_count_delta_per_minute": 0.005555555555555556
      }
    }
  },
  "metadata": {
    "analysis": {
      "protocol_count": 1,
      "exceeded_papers_count": 0,
      "exceeded_papers_steal_winning": 0,
      "exceeded_papers_provide_extra_places": 0,
      "multiple_winners": 0,
      "checksum_valid": 1
    },
    "voters": {
      "initially_registered_count": 2454,
      "registered_count": 2463,
      "walk_by_count": 788,
      "on_home_count": 9,
      "ahead_of_time_count": 0,
      "exceptional_count": 0,
      "added_count": 9
    },
    "papers": {
      "received_count": 2100,
      "destroyed_count": 1303,
      "stationary_box_count": 772,
      "portable_box_count": 9,
      "valid_count": 757,
      "invalid_count": 24,
      "lost_count": 0,
      "ignored_count": 0,
      "taken_home_count": 16
    }
  },
  "entries": [
    {
      "name": "Всероссийская политическая партия \"ЕДИНАЯ РОССИЯ\"",
      "position": 2,
      "party_id": 5,
      "official_result": {
        "votes_count": 269,
        "place": 1,
        "percentage": 34.44302176696543,
        "valid_percentage": 35.53500660501982,
        "registered_percentage": 10.921640276086073,
        "display_percentage": 34.44,
        "winner": true
      },
      "result_without_other_entry": {
        "1": {
          "percentage": 40.08941877794337,
          "valid_percentage": 41.57650695517774
        },
        "3": {
          "percentage": 36.40054127198917,
          "valid_percentage": 37.62237762237762
        },