{
  "commission_name": "УИК №993",
  "ballot_name": "Выборы депутатов Законодательного Собрания Санкт-Петербурга седьмого созыва",
  "name": "Результаты выборов по единому округу",
  "protocol_scope": {
    "type": "uik",
    "id": 993
  },
  "electoral_district": {
    "type": "city",
    "id": 0
  },
  "data_id": 27820001915220,
  "ballot_data_id": 4784025362371,
  "has_koib": false,
  "generated_date": 1632127567000,
  "official_result": {
    "winner": {
      "id": 5,
      "position": 2,
      "percentage": 38.742138364779876,
      "valid_percentage": 39.23566878980892,
      "registered_percentage": 14.232902033271719
    },
    "turnout": {
      "count": 795,
      "percentage": 36.737523105360445,
      "walk_by_count": 744,
      "walk_by_percentage": 34.380776340110906,
      "on_home_count": 51,
      "on_home_percentage": 2.3567467652495377,
      "ahead_of_time_count": 0,
      "ahead_of_time_percentage": 0,
      "valid_count": 785,
      "valid_percentage": 36.275415896487985,
      "invalid_count": 10,
      "invalid_percentage": 0.46210720887245843,
      "taken_home_count": 0,
      "taken_home_percentage": 0,
      "lost_count": 0,
      "lost_percentage": 0
    },
    "votes_stats": {
      "winning_count": 308,
      "winning_percentage": 38.742138364779876,
      "effective_count": 785,
      "losing_count": 477,
      "losing_percentage": 60,
      "other_count": 10,
      "other_percentage": 1.257861635220126,
      "by_place": {
        "#1": {
          "count": 308,
          "percentage": 38.742138364779876
        },
        "#2": {
          "count": 145,
          "percentage": 18.238993710691823
        },
        "#3": {
          "count": 132,
          "percentage": 16.60377358490566
        },
        "#4": {
          "count": 63,
          "percentage": 7.9245283018867925
        },
        "#5": {
          "count": 54,
          "percentage": 6.7924528301886795
        },
        "#6": {
          "count": 47,
          "percentage": 5.911949685534592
        },
        "#7": {
          "count": 20,
          "percentage": 2.515723270440252
        },
        "#8": {
          "count": 16,
          "percentage": 2.0125786163522013
        }
      }
    }
  },
  "turnout_protocols": {
    "17.09.2021": {
      "15.00": {
        "count": 95,
        "count_delta": 95,
        "count_delta_per_hour": 13.571428571428571,
        "count_delta_per_minute": 0.2261904761904762,
        "percentage": 4.4,
        "percentage_delta": 4.4,
        "percentage_delta_per_hour": 0.6285714285714287,
        "percentage_delta_per_minute": 0.010476190476190477,
        "registered_count": 2159,
        "registered_count_delta": 2159,
        "registered_count_delta_per_hour": 308.42857142857144,
        "registered_count_delta_per_minute": 5.140476190476191
      },
      "20.00": {
        "count": 229,
        "count_delta": 134,
        "count_delta_per_hour": 26.8,
        "count_delta_per_minute": 0.44666666666666666,
        "percentage": 10.6,
        "percentage_delta": 6.199999999999999,
        "percentage_delta_per_hour": 1.2399999999999998,
        "percentage_delta_per_minute": 0.020666666666666663,
        "registered_count": 2160,
        "registered_count_delta": 1,
        "registered_count_delta_per_hour": 0.2,
        "registered_count_delta_per_minute": 0.0033333333333333335
      }
    },
    "18.09.2021": {
      "15.00": {
        "count": 258,
        "count_delta": 29,
        "count_delta_per_hour": 4.142857142857143,
        "count_delta_per_minute": 0.06904761904761905,
        "percentage": 11.94,
        "percentage_delta": 1.3399999999999999,
        "percentage_delta_per_hour": 0.19142857142857142,
        "percentage_delta_per_minute": 0.00319047619047619,
        "registered_count": 2161,
        "registered_count_delta": 1,
        "registered_count_delta_per_hour": 0.14285714285714285,
        "registered_count_delta_per_minute": 0.002380952380952381
      },
      "20.00": {
        "count": 438,
        "count_delta": 180,
        "count_delta_per_hour": 36,
        "count_delta_per_minute": 0.6,
        "percentage": 20.28,
        "percentage_delta": 8.340000000000002,
        "percentage_delta_per_hour": 1.6680000000000004,
        "percentage_delta_per_minute": 0.027800000000000005,
        "registered_count": 2160,
        "registered_count_delta": -1,
        "registered_count_delta_per_hour": -0.2,
        "registered_count_delta_per_minute": -0.0033333333333333335
      }
    },
    "19.09.2021": {
      "10.00": {
        "count": 449,
        "count_delta": 11,
        "count_delta_per_hour": 5.5,
        "count_delta_per_minute": 0.09166666666666666,
        "percentage": 20.74,
        "percentage_delta": 0.4599999999999973,
        "percentage_delta_per_hour": 0.22999999999999865,
        "percentage_delta_per_minute": 0.003833333333333311
      },
      "12.00": {
        "count": 459,
        "count_delta": 10,
        "count_delta_per_hour": 5,
        "count_delta_per_minute": 0.08333333333333333,
        "percentage": 21.2,
        "percentage_delta": 0.46000000000000085,
        "percentage_delta_per_hour": 0.23000000000000043,
        "percentage_delta_per_minute": 0.0038333333333333405
      },
      "15.00": {
        "count": 565,
        "count_delta": 106,
        "count_delta_per_hour": 35.333333333333336,
        "count_delta_per_minute": 0.5888888888888889,
        "percentage": 26.11,
        "percentage_delta": 4.91,
        "percentage_delta_per_hour": 1.6366666666666667,
        "percentage_delta_per_minute": 0.02727777777777778
      },
      "18.00": {
        "count": 680,
        "count_delta": 115,
        "count_delta_per_hour": 38.333333333333336,
        "count_delta_per_minute": 0.6388888888888888,
        "percentage": 31.44,
        "percentage_delta": 5.330000000000002,
        "percentage_delta_per_hour": 1.7766666666666673,
        "percentage_delta_per_minute": 0.029611111111111123
      },
      "20.00": {
        "count": 795,
        "count_delta": 115,
        "count_delta_per_hour": 57.5,
        "count_delta_per_minute": 0.9583333333333334,
        "percentage": 36.737523105360445,
        "percentage_delta": 5.297523105360444,
        "percentage_delta_per_hour": 2.648761552680222,
        "percentage_delta_per_minute": 0.044146025878003696,
        "registered_count": 2164,
        "registered_count_delta": 4,
        "registered_count_delta_per_hour": 0.3333333333333333,
        "registered_count_delta_per_minute": 0.005555555555555556
      }
    }
  },
  "metadata": {
    "analysis": {
      "negative_turnout_registered_count_protocols": 1,
      "negative_turnout_registered_count": 1,
      "protocol_count": 1,
      "exceeded_papers_count": 0,
      "exceeded_papers_steal_winning": 0,
      "exceeded_papers_provide_extra_places": 0,
      "multiple_winners": 0,
      "checksum_valid": 1,
      "stuffed_protocol_for_5": 1,
      "stuffed_votes_for_5": 115.81488203266787
    },
    "voters": {
      "initially_registered_count": 2160,
      "registered_count": 2164,
      "walk_by_count": 744,
      "on_home_count": 51,
      "ahead_of_time_count": 0,
      "exceptional_count": 0,
      "added_count": 4
    },
    "papers": {
      "received_count": 2000,
      "destroyed_count": 1205,
      "stationary_box_count": 744,
      "portable_box_count": 51,
      "valid_count": 785,
      "invalid_count": 10,
      "lost_count": 0,
      "ignored_count": 0,
      "taken_home_count": 0
    }
  },
  "entries": [
    {
      "name": "Всероссийская политическая партия \"ЕДИНАЯ РОССИЯ\"",
      "position": 2,
      "party_id": 5,
      "official_result": {
        "votes_count": 308,
        "place": 1,
        "percentage": 38.742138364779876,
        "valid_percentage": 39.23566878980892,
        "registered_percentage": 14.232902033271719,
        "display_percentage": 38.74,
        "winner": true
      },