{
  "commission_name": "УИК №912",
  "ballot_name": "Выборы депутатов Законодательного Собрания Санкт-Петербурга седьмого созыва",
  "name": "Результаты выборов по единому округу",
  "protocol_scope": {
    "type": "uik",
    "id": 912
  },
  "electoral_district": {
    "type": "city",
    "id": 0
  },
  "data_id": 27820001915220,
  "ballot_data_id": 4784007523945,
  "has_koib": false,
  "generated_date": 1632119008000,
  "official_result": {
    "winner": {
      "id": 5,
      "position": 2,
      "percentage": 29.35323383084577,
      "valid_percentage": 30.050933786078097,
      "registered_percentage": 10.417892878163626
    },
    "turnout": {
      "count": 603,
      "percentage": 35.491465567981166,
      "walk_by_count": 584,
      "walk_by_percentage": 34.37316068275456,
      "on_home_count": 19,
      "on_home_percentage": 1.1183048852266038,
      "ahead_of_time_count": 0,
      "ahead_of_time_percentage": 0,
      "valid_count": 589,
      "valid_percentage": 34.66745144202472,
      "invalid_count": 14,
      "invalid_percentage": 0.824014125956445,
      "taken_home_count": 0,
      "taken_home_percentage": 0,
      "lost_count": 0,
      "lost_percentage": 0
    },
    "votes_stats": {
      "winning_count": 177,
      "winning_percentage": 29.35323383084577,
      "effective_count": 589,
      "losing_count": 412,
      "losing_percentage": 68.32504145936981,
      "other_count": 14,
      "other_percentage": 2.321724709784411,
      "by_place": {
        "#1": {
          "count": 177,
          "percentage": 29.35323383084577
        },
        "#2": {
          "count": 127,
          "percentage": 21.06135986733002
        },
        "#3": {
          "count": 94,
          "percentage": 15.58872305140962
        },
        "#4": {
          "count": 61,
          "percentage": 10.11608623548922
        },
        "#5": {
          "count": 47,
          "percentage": 7.79436152570481
        },
        "#6": {
          "count": 42,
          "percentage": 6.965174129353234
        },
        "#7": {
          "count": 31,
          "percentage": 5.140961857379768
        },
        "#8": {
          "count": 10,
          "percentage": 1.658374792703151
        }
      }
    }
  },
  "turnout_protocols": {
    "17.09.2021": {
      "15.00": {
        "count": 113,
        "count_delta": 113,
        "count_delta_per_hour": 16.142857142857142,
        "count_delta_per_minute": 0.26904761904761904,
        "percentage": 6.66,
        "percentage_delta": 6.66,
        "percentage_delta_per_hour": 0.9514285714285714,
        "percentage_delta_per_minute": 0.015857142857142858,
        "registered_count": 1697,
        "registered_count_delta": 1697,
        "registered_count_delta_per_hour": 242.42857142857142,
        "registered_count_delta_per_minute": 4.04047619047619
      },
      "20.00": {
        "count": 183,
        "count_delta": 70,
        "count_delta_per_hour": 14,
        "count_delta_per_minute": 0.23333333333333334,
        "percentage": 10.79,
        "percentage_delta": 4.129999999999999,
        "percentage_delta_per_hour": 0.8259999999999998,
        "percentage_delta_per_minute": 0.013766666666666663,
        "registered_count": 1696,
        "registered_count_delta": -1,
        "registered_count_delta_per_hour": -0.2,
        "registered_count_delta_per_minute": -0.0033333333333333335
      }
    },
    "18.09.2021": {
      "15.00": {
        "count": 265,
        "count_delta": 82,
        "count_delta_per_hour": 11.714285714285714,
        "count_delta_per_minute": 0.19523809523809524,
        "percentage": 15.63,
        "percentage_delta": 4.840000000000002,
        "percentage_delta_per_hour": 0.6914285714285716,
        "percentage_delta_per_minute": 0.011523809523809528,
        "registered_count": 1695,
        "registered_count_delta": -1,
        "registered_count_delta_per_hour": -0.14285714285714285,
        "registered_count_delta_per_minute": -0.002380952380952381
      },
      "20.00": {
        "count": 310,
        "count_delta": 45,
        "count_delta_per_hour": 9,
        "count_delta_per_minute": 0.15,
        "percentage": 18.28,
        "percentage_delta": 2.6500000000000004,
        "percentage_delta_per_hour": 0.53,
        "percentage_delta_per_minute": 0.008833333333333334,
        "registered_count": 1696,
        "registered_count_delta": 1,
        "registered_count_delta_per_hour": 0.2,
        "registered_count_delta_per_minute": 0.0033333333333333335
      }
    },
    "19.09.2021": {
      "10.00": {
        "count": 332,
        "count_delta": 22,
        "count_delta_per_hour": 11,
        "count_delta_per_minute": 0.18333333333333332,
        "percentage": 19.52,
        "percentage_delta": 1.2399999999999984,
        "percentage_delta_per_hour": 0.6199999999999992,
        "percentage_delta_per_minute": 0.010333333333333321
      },
      "12.00": {
        "count": 371,
        "count_delta": 39,
        "count_delta_per_hour": 19.5,
        "count_delta_per_minute": 0.325,
        "percentage": 21.82,
        "percentage_delta": 2.3000000000000007,
        "percentage_delta_per_hour": 1.1500000000000004,
        "percentage_delta_per_minute": 0.019166666666666672
      },
      "15.00": {
        "count": 453,
        "count_delta": 82,
        "count_delta_per_hour": 27.333333333333332,
        "count_delta_per_minute": 0.45555555555555555,
        "percentage": 26.65,
        "percentage_delta": 4.829999999999998,
        "percentage_delta_per_hour": 1.6099999999999994,
        "percentage_delta_per_minute": 0.026833333333333324
      },
      "18.00": {
        "count": 537,
        "count_delta": 84,
        "count_delta_per_hour": 28,
        "count_delta_per_minute": 0.4666666666666667,
        "percentage": 31.6,
        "percentage_delta": 4.950000000000003,
        "percentage_delta_per_hour": 1.650000000000001,
        "percentage_delta_per_minute": 0.027500000000000017
      },
      "20.00": {
        "count": 603,
        "count_delta": 66,
        "count_delta_per_hour": 33,
        "count_delta_per_minute": 0.55,
        "percentage": 35.491465567981166,
        "percentage_delta": 3.8914655679811645,
        "percentage_delta_per_hour": 1.9457327839905822,
        "percentage_delta_per_minute": 0.03242887973317637,
        "registered_count": 1699,
        "registered_count_delta": 3,
        "registered_count_delta_per_hour": 0.25,
        "registered_count_delta_per_minute": 0.004166666666666667
      }
    }
  },
  "metadata": {
    "analysis": {
      "negative_turnout_registered_count_protocols": 1,
      "negative_turnout_registered_count": 1,
      "protocol_count": 1,
      "exceeded_papers_count": 0,
      "exceeded_papers_steal_winning": 0,
      "exceeded_papers_provide_extra_places": 0,
      "multiple_winners": 0,
      "checksum_valid": 1
    },
    "voters": {
      "initially_registered_count": 1696,
      "registered_count": 1699,
      "walk_by_count": 584,
      "on_home_count": 19,
      "ahead_of_time_count": 0,
      "exceptional_count": 0,
      "added_count": 3
    },
    "papers": {
      "received_count": 1500,
      "destroyed_count": 897,
      "stationary_box_count": 584,
      "portable_box_count": 19,
      "valid_count": 589,
      "invalid_count": 14,
      "lost_count": 0,
      "ignored_count": 0,
      "taken_home_count": 0
    }
  },
  "entries": [
    {
      "name": "Всероссийская политическая партия \"ЕДИНАЯ РОССИЯ\"",
      "position": 2,
      "party_id": 5,
      "official_result": {
        "votes_count": 177,
        "place": 1,
        "percentage": 29.35323383084577,
        "valid_percentage": 30.050933786078097,
        "registered_percentage": 10.417892878163626,
        "display_percentage": 29.35,
        "winner": true
      },
      "result_without_other_entry": {
        "1": {
          "percentage": 34.77406679764244,
          "valid_percentage": 35.75757575757576
        },