{
  "commission_name": "УИК №370",
  "ballot_name": "Выборы депутатов Законодательного Собрания Санкт-Петербурга седьмого созыва",
  "name": "Результаты выборов по одномандатному (многомандатному) округу",
  "protocol_scope": {
    "type": "uik",
    "id": 370
  },
  "electoral_district": {
    "type": "city",
    "id": 5
  },
  "data_id": 27820001915220,
  "ballot_data_id": 4784024397211,
  "has_koib": false,
  "generated_date": 1632127258000,
  "official_result": {
    "winner": {
      "id": 158,
      "position": 1,
      "percentage": 23.42786683107275,
      "valid_percentage": 24.61139896373057,
      "registered_percentage": 8.581752484191508,
      "supported_by_smart_vote": true
    },
    "turnout": {
      "count": 812,
      "percentage": 36.67570009033423,
      "walk_by_count": 794,
      "walk_by_percentage": 35.86269196025293,
      "on_home_count": 18,
      "on_home_percentage": 0.8130081300813009,
      "ahead_of_time_count": 0,
      "ahead_of_time_percentage": 0,
      "valid_count": 772,
      "valid_percentage": 34.869015356820235,
      "invalid_count": 39,
      "invalid_percentage": 1.7615176151761516,
      "taken_home_count": 1,
      "taken_home_percentage": 0.045167118337850046,
      "lost_count": 0,
      "lost_percentage": 0
    },
    "votes_stats": {
      "winning_count": 190,
      "winning_percentage": 23.42786683107275,
      "effective_count": 772,
      "losing_count": 582,
      "losing_percentage": 71.7632552404439,
      "other_count": 39,
      "other_percentage": 4.808877928483354,
      "by_place": {
        "#1": {
          "count": 190,
          "percentage": 23.42786683107275,
          "supported_by_smart_vote": true
        },
        "#2": {
          "count": 180,
          "percentage": 22.19482120838471
        },
        "#3": {
          "count": 138,
          "percentage": 17.016029593094945
        },
        "#4": {
          "count": 85,
          "percentage": 10.480887792848335
        },
        "#5": {
          "count": 82,
          "percentage": 10.110974106041924
        },
        "#6": {
          "count": 71,
          "percentage": 8.75462392108508
        },
        "#7": {
          "count": 26,
          "percentage": 3.2059186189889024
        }
      }
    }
  },
  "turnout_protocols": {
    "17.09.2021": {
      "15.00": {
        "count": 120,
        "count_delta": 120,
        "count_delta_per_hour": 17.142857142857142,
        "count_delta_per_minute": 0.2857142857142857,
        "percentage": 5.58,
        "percentage_delta": 5.58,
        "percentage_delta_per_hour": 0.7971428571428572,
        "percentage_delta_per_minute": 0.013285714285714286,
        "registered_count": 2151,
        "registered_count_delta": 2151,
        "registered_count_delta_per_hour": 307.2857142857143,
        "registered_count_delta_per_minute": 5.121428571428571
      },
      "20.00": {
        "count": 225,
        "count_delta": 105,
        "count_delta_per_hour": 21,
        "count_delta_per_minute": 0.35,
        "percentage": 10.47,
        "percentage_delta": 4.890000000000001,
        "percentage_delta_per_hour": 0.9780000000000001,
        "percentage_delta_per_minute": 0.016300000000000002,
        "registered_count": 2149,
        "registered_count_delta": -2,
        "registered_count_delta_per_hour": -0.4,
        "registered_count_delta_per_minute": -0.006666666666666667
      }
    },
    "18.09.2021": {
      "15.00": {
        "count": 319,
        "count_delta": 94,
        "count_delta_per_hour": 13.428571428571429,
        "count_delta_per_minute": 0.22380952380952382,
        "percentage": 14.84,
        "percentage_delta": 4.369999999999999,
        "percentage_delta_per_hour": 0.6242857142857142,
        "percentage_delta_per_minute": 0.010404761904761903,
        "registered_count": 2150,
        "registered_count_delta": 1,
        "registered_count_delta_per_hour": 0.14285714285714285,
        "registered_count_delta_per_minute": 0.002380952380952381
      },
      "20.00": {
        "count": 416,
        "count_delta": 97,
        "count_delta_per_hour": 19.4,
        "count_delta_per_minute": 0.3233333333333333,
        "percentage": 19.36,
        "percentage_delta": 4.52,
        "percentage_delta_per_hour": 0.9039999999999999,
        "percentage_delta_per_minute": 0.015066666666666666,
        "registered_count": 2149,
        "registered_count_delta": -1,
        "registered_count_delta_per_hour": -0.2,
        "registered_count_delta_per_minute": -0.0033333333333333335
      }
    },
    "19.09.2021": {
      "10.00": {
        "count": 430,
        "count_delta": 14,
        "count_delta_per_hour": 7,
        "count_delta_per_minute": 0.11666666666666667,
        "percentage": 19.4,
        "percentage_delta": 0.03999999999999915,
        "percentage_delta_per_hour": 0.019999999999999574,
        "percentage_delta_per_minute": 0.0003333333333333262
      },
      "12.00": {
        "count": 459,
        "count_delta": 29,
        "count_delta_per_hour": 14.5,
        "count_delta_per_minute": 0.24166666666666667,
        "percentage": 20.71,
        "percentage_delta": 1.3100000000000023,
        "percentage_delta_per_hour": 0.6550000000000011,
        "percentage_delta_per_minute": 0.010916666666666686
      },
      "15.00": {
        "count": 579,
        "count_delta": 120,
        "count_delta_per_hour": 40,
        "count_delta_per_minute": 0.6666666666666666,
        "percentage": 26.15,
        "percentage_delta": 5.439999999999998,
        "percentage_delta_per_hour": 1.8133333333333326,
        "percentage_delta_per_minute": 0.03022222222222221
      },
      "18.00": {
        "count": 713,
        "count_delta": 134,
        "count_delta_per_hour": 44.666666666666664,
        "count_delta_per_minute": 0.7444444444444445,
        "percentage": 32.2,
        "percentage_delta": 6.050000000000004,
        "percentage_delta_per_hour": 2.016666666666668,
        "percentage_delta_per_minute": 0.03361111111111113
      },
      "20.00": {
        "count": 812,
        "count_delta": 99,
        "count_delta_per_hour": 49.5,
        "count_delta_per_minute": 0.825,
        "percentage": 36.67570009033423,
        "percentage_delta": 4.475700090334229,
        "percentage_delta_per_hour": 2.2378500451671144,
        "percentage_delta_per_minute": 0.03729750075278524,
        "registered_count": 2214,
        "registered_count_delta": 65,
        "registered_count_delta_per_hour": 5.416666666666667,
        "registered_count_delta_per_minute": 0.09027777777777778
      }
    }
  },
  "metadata": {
    "analysis": {
      "negative_turnout_registered_count_protocols": 1,
      "negative_turnout_registered_count": 1,
      "protocol_count": 1,
      "exceeded_papers_count": 0,
      "exceeded_papers_steal_winning": 0,
      "checksum_valid": 1
    },
    "voters": {
      "initially_registered_count": 2149,
      "registered_count": 2214,
      "walk_by_count": 794,
      "on_home_count": 18,
      "ahead_of_time_count": 0,
      "exceptional_count": 0,
      "added_count": 65
    },
    "papers": {
      "received_count": 2000,
      "destroyed_count": 1188,
      "stationary_box_count": 793,
      "portable_box_count": 18,
      "valid_count": 772,
      "invalid_count": 39,
      "lost_count": 0,
      "ignored_count": 0,
      "taken_home_count": 1
    }
  },
  "entries": [
    {
      "name": "Багров Юрий Дмитриевич",
      "position": 1,
      "candidate_id": 158,
      "supported_by_party_id": 7,
      "supported_by_smart_vote": true,
      "official_result": {
        "votes_count": 190,
        "place": 1,
        "percentage": 23.42786683107275,
        "valid_percentage": 24.61139896373057,
        "registered_percentage": 8.581752484191508,
        "display_percentage": 23.43,
        "winner": true
      },
      "result_without_other_entry": {
        "146": {
          "percentage": 30.11093502377179,