{
  "commission_name": "УИК №2238",
  "ballot_name": "Выборы депутатов Законодательного Собрания Санкт-Петербурга седьмого созыва",
  "name": "Результаты выборов по единому округу",
  "protocol_scope": {
    "type": "uik",
    "id": 2238
  },
  "electoral_district": {
    "type": "city",
    "id": 0
  },
  "data_id": 27820001915220,
  "ballot_data_id": 4784030295480,
  "has_koib": false,
  "generated_date": 1632131783000,
  "official_result": {
    "winner": {
      "id": 5,
      "position": 2,
      "percentage": 25.948406676783005,
      "valid_percentage": 26.106870229007633,
      "registered_percentage": 8.796296296296296
    },
    "turnout": {
      "count": 661,
      "percentage": 34.00205761316872,
      "walk_by_count": 653,
      "walk_by_percentage": 33.59053497942387,
      "on_home_count": 8,
      "on_home_percentage": 0.411522633744856,
      "ahead_of_time_count": 0,
      "ahead_of_time_percentage": 0,
      "valid_count": 655,
      "valid_percentage": 33.69341563786008,
      "invalid_count": 4,
      "invalid_percentage": 0.205761316872428,
      "taken_home_count": 2,
      "taken_home_percentage": 0.102880658436214,
      "lost_count": 0,
      "lost_percentage": 0
    },
    "votes_stats": {
      "winning_count": 171,
      "winning_percentage": 25.948406676783005,
      "effective_count": 655,
      "losing_count": 484,
      "losing_percentage": 73.44461305007587,
      "other_count": 4,
      "other_percentage": 0.6069802731411229,
      "by_place": {
        "#1": {
          "count": 171,
          "percentage": 25.948406676783005
        },
        "#2": {
          "count": 139,
          "percentage": 21.09256449165402
        },
        "#3": {
          "count": 118,
          "percentage": 17.905918057663126
        },
        "#4": {
          "count": 89,
          "percentage": 13.505311077389983
        },
        "#5": {
          "count": 61,
          "percentage": 9.256449165402124
        },
        "#6": {
          "count": 39,
          "percentage": 5.918057663125948
        },
        "#7": {
          "count": 20,
          "percentage": 3.0349013657056148
        },
        "#8": {
          "count": 18,
          "percentage": 2.731411229135053
        }
      }
    }
  },
  "turnout_protocols": {
    "17.09.2021": {
      "15.00": {
        "count": 122,
        "count_delta": 122,
        "count_delta_per_hour": 17.428571428571427,
        "count_delta_per_minute": 0.2904761904761905,
        "percentage": 6.33,
        "percentage_delta": 6.33,
        "percentage_delta_per_hour": 0.9042857142857142,
        "percentage_delta_per_minute": 0.015071428571428572,
        "registered_count": 1927,
        "registered_count_delta": 1927,
        "registered_count_delta_per_hour": 275.2857142857143,
        "registered_count_delta_per_minute": 4.588095238095238
      },
      "20.00": {
        "count": 221,
        "count_delta": 99,
        "count_delta_per_hour": 19.8,
        "count_delta_per_minute": 0.33,
        "percentage": 11.47,
        "percentage_delta": 5.140000000000001,
        "percentage_delta_per_hour": 1.028,
        "percentage_delta_per_minute": 0.017133333333333334,
        "registered_count": 1927,
        "registered_count_delta": 0,
        "registered_count_delta_per_hour": 0,
        "registered_count_delta_per_minute": 0
      }
    },
    "18.09.2021": {
      "15.00": {
        "count": 300,
        "count_delta": 79,
        "count_delta_per_hour": 11.285714285714286,
        "count_delta_per_minute": 0.1880952380952381,
        "percentage": 15.57,
        "percentage_delta": 4.1,
        "percentage_delta_per_hour": 0.5857142857142856,
        "percentage_delta_per_minute": 0.009761904761904762,
        "registered_count": 1927,
        "registered_count_delta": 0,
        "registered_count_delta_per_hour": 0,
        "registered_count_delta_per_minute": 0
      },
      "20.00": {
        "count": 364,
        "count_delta": 64,
        "count_delta_per_hour": 12.8,
        "count_delta_per_minute": 0.21333333333333335,
        "percentage": 18.89,
        "percentage_delta": 3.3200000000000003,
        "percentage_delta_per_hour": 0.664,
        "percentage_delta_per_minute": 0.011066666666666667,
        "registered_count": 1927,
        "registered_count_delta": 0,
        "registered_count_delta_per_hour": 0,
        "registered_count_delta_per_minute": 0
      }
    },
    "19.09.2021": {
      "10.00": {
        "count": 377,
        "count_delta": 13,
        "count_delta_per_hour": 6.5,
        "count_delta_per_minute": 0.10833333333333334,
        "percentage": 19.41,
        "percentage_delta": 0.5199999999999996,
        "percentage_delta_per_hour": 0.2599999999999998,
        "percentage_delta_per_minute": 0.00433333333333333
      },
      "12.00": {
        "count": 398,
        "count_delta": 21,
        "count_delta_per_hour": 10.5,
        "count_delta_per_minute": 0.175,
        "percentage": 20.45,
        "percentage_delta": 1.0399999999999991,
        "percentage_delta_per_hour": 0.5199999999999996,
        "percentage_delta_per_minute": 0.00866666666666666
      },
      "15.00": {
        "count": 487,
        "count_delta": 89,
        "count_delta_per_hour": 29.666666666666668,
        "count_delta_per_minute": 0.49444444444444446,
        "percentage": 25.06,
        "percentage_delta": 4.609999999999999,
        "percentage_delta_per_hour": 1.5366666666666664,
        "percentage_delta_per_minute": 0.02561111111111111
      },
      "18.00": {
        "count": 590,
        "count_delta": 103,
        "count_delta_per_hour": 34.333333333333336,
        "count_delta_per_minute": 0.5722222222222222,
        "percentage": 30.36,
        "percentage_delta": 5.300000000000001,
        "percentage_delta_per_hour": 1.7666666666666668,
        "percentage_delta_per_minute": 0.029444444444444447
      },
      "20.00": {
        "count": 661,
        "count_delta": 71,
        "count_delta_per_hour": 35.5,
        "count_delta_per_minute": 0.5916666666666667,
        "percentage": 34.00205761316872,
        "percentage_delta": 3.642057613168724,
        "percentage_delta_per_hour": 1.821028806584362,
        "percentage_delta_per_minute": 0.030350480109739366,
        "registered_count": 1944,
        "registered_count_delta": 17,
        "registered_count_delta_per_hour": 1.4166666666666667,
        "registered_count_delta_per_minute": 0.02361111111111111
      }
    }
  },
  "metadata": {
    "analysis": {
      "protocol_count": 1,
      "exceeded_papers_count": 0,
      "exceeded_papers_steal_winning": 0,
      "exceeded_papers_provide_extra_places": 0,
      "multiple_winners": 0,
      "checksum_valid": 1
    },
    "voters": {
      "initially_registered_count": 1927,
      "registered_count": 1944,
      "walk_by_count": 653,
      "on_home_count": 8,
      "ahead_of_time_count": 0,
      "exceptional_count": 0,
      "added_count": 17
    },
    "papers": {
      "received_count": 1500,
      "destroyed_count": 839,
      "stationary_box_count": 651,
      "portable_box_count": 8,
      "valid_count": 655,
      "invalid_count": 4,
      "lost_count": 0,
      "ignored_count": 0,
      "taken_home_count": 2
    }
  },
  "entries": [
    {
      "name": "Всероссийская политическая партия \"ЕДИНАЯ РОССИЯ\"",
      "position": 2,
      "party_id": 5,
      "official_result": {
        "votes_count": 171,
        "place": 1,
        "percentage": 25.948406676783005,
        "valid_percentage": 26.106870229007633,
        "registered_percentage": 8.796296296296296,
        "display_percentage": 25.95,
        "winner": true
      },
      "result_without_other_entry": {
        "1": {
          "percentage": 31.608133086876155,
          "valid_percentage": 31.843575418994412
        },
        "3": {
          "percentage": 27.580645161290324,
          "valid_percentage": 27.759740259740262
        },