{
  "commission_name": "УИК №1333",
  "ballot_name": "Выборы депутатов Законодательного Собрания Санкт-Петербурга седьмого созыва",
  "name": "Результаты выборов по единому округу",
  "protocol_scope": {
    "type": "uik",
    "id": 1333
  },
  "electoral_district": {
    "type": "city",
    "id": 0
  },
  "data_id": 27820001915220,
  "ballot_data_id": 478404882063,
  "has_koib": false,
  "generated_date": 1632127332000,
  "official_result": {
    "winner": {
      "id": 3,
      "position": 4,
      "percentage": 37.719298245614034,
      "valid_percentage": 39.09090909090909,
      "registered_percentage": 12.215909090909092
    },
    "turnout": {
      "count": 346,
      "percentage": 32.765151515151516,
      "walk_by_count": 338,
      "walk_by_percentage": 32.00757575757576,
      "on_home_count": 8,
      "on_home_percentage": 0.7575757575757576,
      "ahead_of_time_count": 0,
      "ahead_of_time_percentage": 0,
      "valid_count": 330,
      "valid_percentage": 31.25,
      "invalid_count": 12,
      "invalid_percentage": 1.1363636363636365,
      "taken_home_count": 4,
      "taken_home_percentage": 0.3787878787878788,
      "lost_count": 0,
      "lost_percentage": 0
    },
    "votes_stats": {
      "winning_count": 129,
      "winning_percentage": 37.719298245614034,
      "effective_count": 330,
      "losing_count": 201,
      "losing_percentage": 58.77192982456141,
      "other_count": 12,
      "other_percentage": 3.508771929824561,
      "by_place": {
        "#1": {
          "count": 129,
          "percentage": 37.719298245614034
        },
        "#2": {
          "count": 50,
          "percentage": 14.619883040935672
        },
        "#3": {
          "count": 45,
          "percentage": 13.157894736842104
        },
        "#4": {
          "count": 38,
          "percentage": 11.11111111111111
        },
        "#5": {
          "count": 31,
          "percentage": 9.064327485380117
        },
        "#6": {
          "count": 21,
          "percentage": 6.140350877192982
        },
        "#7": {
          "count": 13,
          "percentage": 3.8011695906432745
        },
        "#8": {
          "count": 3,
          "percentage": 0.8771929824561403
        }
      }
    }
  },
  "turnout_protocols": {
    "17.09.2021": {
      "15.00": {
        "count": 70,
        "count_delta": 70,
        "count_delta_per_hour": 10,
        "count_delta_per_minute": 0.16666666666666666,
        "percentage": 6.66,
        "percentage_delta": 6.66,
        "percentage_delta_per_hour": 0.9514285714285714,
        "percentage_delta_per_minute": 0.015857142857142858,
        "registered_count": 1051,
        "registered_count_delta": 1051,
        "registered_count_delta_per_hour": 150.14285714285714,
        "registered_count_delta_per_minute": 2.5023809523809524
      },
      "20.00": {
        "count": 96,
        "count_delta": 26,
        "count_delta_per_hour": 5.2,
        "count_delta_per_minute": 0.08666666666666667,
        "percentage": 9.13,
        "percentage_delta": 2.4700000000000006,
        "percentage_delta_per_hour": 0.4940000000000001,
        "percentage_delta_per_minute": 0.008233333333333336,
        "registered_count": 1051,
        "registered_count_delta": 0,
        "registered_count_delta_per_hour": 0,
        "registered_count_delta_per_minute": 0
      }
    },
    "18.09.2021": {
      "15.00": {
        "count": 124,
        "count_delta": 28,
        "count_delta_per_hour": 4,
        "count_delta_per_minute": 0.06666666666666667,
        "percentage": 11.79,
        "percentage_delta": 2.6599999999999984,
        "percentage_delta_per_hour": 0.3799999999999998,
        "percentage_delta_per_minute": 0.00633333333333333,
        "registered_count": 1052,
        "registered_count_delta": 1,
        "registered_count_delta_per_hour": 0.14285714285714285,
        "registered_count_delta_per_minute": 0.002380952380952381
      },
      "20.00": {
        "count": 168,
        "count_delta": 44,
        "count_delta_per_hour": 8.8,
        "count_delta_per_minute": 0.14666666666666667,
        "percentage": 15.94,
        "percentage_delta": 4.15,
        "percentage_delta_per_hour": 0.8300000000000001,
        "percentage_delta_per_minute": 0.013833333333333335,
        "registered_count": 1054,
        "registered_count_delta": 2,
        "registered_count_delta_per_hour": 0.4,
        "registered_count_delta_per_minute": 0.006666666666666667
      }
    },
    "19.09.2021": {
      "10.00": {
        "count": 169,
        "count_delta": 1,
        "count_delta_per_hour": 0.5,
        "count_delta_per_minute": 0.008333333333333333,
        "percentage": 16.03,
        "percentage_delta": 0.09000000000000163,
        "percentage_delta_per_hour": 0.04500000000000082,
        "percentage_delta_per_minute": 0.0007500000000000136
      },
      "12.00": {
        "count": 189,
        "count_delta": 20,
        "count_delta_per_hour": 10,
        "count_delta_per_minute": 0.16666666666666666,
        "percentage": 17.93,
        "percentage_delta": 1.8999999999999986,
        "percentage_delta_per_hour": 0.9499999999999993,
        "percentage_delta_per_minute": 0.01583333333333332
      },
      "15.00": {
        "count": 228,
        "count_delta": 39,
        "count_delta_per_hour": 13,
        "count_delta_per_minute": 0.21666666666666667,
        "percentage": 21.61,
        "percentage_delta": 3.6799999999999997,
        "percentage_delta_per_hour": 1.2266666666666666,
        "percentage_delta_per_minute": 0.020444444444444442
      },
      "18.00": {
        "count": 304,
        "count_delta": 76,
        "count_delta_per_hour": 25.333333333333332,
        "count_delta_per_minute": 0.4222222222222222,
        "percentage": 28.79,
        "percentage_delta": 7.18,
        "percentage_delta_per_hour": 2.393333333333333,
        "percentage_delta_per_minute": 0.03988888888888889
      },
      "20.00": {
        "count": 346,
        "count_delta": 42,
        "count_delta_per_hour": 21,
        "count_delta_per_minute": 0.35,
        "percentage": 32.765151515151516,
        "percentage_delta": 3.9751515151515164,
        "percentage_delta_per_hour": 1.9875757575757582,
        "percentage_delta_per_minute": 0.033126262626262636,
        "registered_count": 1056,
        "registered_count_delta": 2,
        "registered_count_delta_per_hour": 0.16666666666666666,
        "registered_count_delta_per_minute": 0.002777777777777778
      }
    }
  },
  "metadata": {
    "analysis": {
      "protocol_count": 1,
      "exceeded_papers_count": 0,
      "exceeded_papers_steal_winning": 0,
      "exceeded_papers_provide_extra_places": 0,
      "multiple_winners": 0,
      "checksum_valid": 1
    },
    "voters": {
      "initially_registered_count": 1051,
      "registered_count": 1056,
      "walk_by_count": 338,
      "on_home_count": 8,
      "ahead_of_time_count": 0,
      "exceptional_count": 0,
      "added_count": 5
    },
    "papers": {
      "received_count": 900,
      "destroyed_count": 554,
      "stationary_box_count": 334,
      "portable_box_count": 8,
      "valid_count": 330,
      "invalid_count": 12,
      "lost_count": 0,
      "ignored_count": 0,
      "taken_home_count": 4
    }
  },
  "entries": [
    {
      "name": "Политическая партия ЛДПР – Либерально-демократическая партия России",
      "position": 4,
      "party_id": 3,
      "official_result": {
        "votes_count": 129,
        "place": 1,
        "percentage": 37.719298245614034,
        "valid_percentage": 39.09090909090909,
        "registered_percentage": 12.215909090909092,
        "display_percentage": 37.72,
        "winner": true
      },
      "result_without_other_entry": {
        "1": {
          "percentage": 42.43421052631579,
          "valid_percentage": 44.178082191780824
        },
        "4": {
          "percentage": 40.18691588785047,