{
  "commission_name": "УИК №113",
  "ballot_name": "Выборы депутатов Законодательного Собрания Санкт-Петербурга седьмого созыва",
  "name": "Результаты выборов по одномандатному (многомандатному) округу",
  "protocol_scope": {
    "type": "uik",
    "id": 113
  },
  "electoral_district": {
    "type": "city",
    "id": 4
  },
  "data_id": 27820001915220,
  "ballot_data_id": 478403382225,
  "has_koib": true,
  "generated_date": 1632112506000,
  "official_result": {
    "winner": {
      "id": 22,
      "position": 2,
      "percentage": 27.564102564102566,
      "valid_percentage": 28.539823008849556,
      "registered_percentage": 7.80399274047187,
      "supported_by_smart_vote": true
    },
    "turnout": {
      "count": 468,
      "percentage": 28.31215970961887,
      "walk_by_count": 462,
      "walk_by_percentage": 27.949183303085302,
      "on_home_count": 6,
      "on_home_percentage": 0.3629764065335753,
      "ahead_of_time_count": 0,
      "ahead_of_time_percentage": 0,
      "valid_count": 452,
      "valid_percentage": 27.34422262552934,
      "invalid_count": 16,
      "invalid_percentage": 0.9679370840895343,
      "taken_home_count": 0,
      "taken_home_percentage": 0,
      "lost_count": 0,
      "lost_percentage": 0
    },
    "votes_stats": {
      "winning_count": 129,
      "winning_percentage": 27.564102564102566,
      "effective_count": 452,
      "losing_count": 323,
      "losing_percentage": 69.01709401709401,
      "other_count": 16,
      "other_percentage": 3.418803418803419,
      "by_place": {
        "#1": {
          "count": 129,
          "percentage": 27.564102564102566,
          "supported_by_smart_vote": true
        },
        "#2": {
          "count": 119,
          "percentage": 25.427350427350426
        },
        "#3": {
          "count": 90,
          "percentage": 19.230769230769234
        },
        "#4": {
          "count": 51,
          "percentage": 10.897435897435898
        },
        "#5": {
          "count": 37,
          "percentage": 7.905982905982905
        },
        "#6": {
          "count": 26,
          "percentage": 5.555555555555555
        }
      }
    }
  },
  "turnout_protocols": {
    "17.09.2021": {
      "15.00": {
        "count": 81,
        "count_delta": 81,
        "count_delta_per_hour": 11.571428571428571,
        "count_delta_per_minute": 0.19285714285714287,
        "percentage": 4.93,
        "percentage_delta": 4.93,
        "percentage_delta_per_hour": 0.7042857142857143,
        "percentage_delta_per_minute": 0.011738095238095237,
        "registered_count": 1643,
        "registered_count_delta": 1643,
        "registered_count_delta_per_hour": 234.71428571428572,
        "registered_count_delta_per_minute": 3.9119047619047618
      },
      "20.00": {
        "count": 138,
        "count_delta": 57,
        "count_delta_per_hour": 11.4,
        "count_delta_per_minute": 0.19,
        "percentage": 8.39,
        "percentage_delta": 3.460000000000001,
        "percentage_delta_per_hour": 0.6920000000000002,
        "percentage_delta_per_minute": 0.011533333333333336,
        "registered_count": 1645,
        "registered_count_delta": 2,
        "registered_count_delta_per_hour": 0.4,
        "registered_count_delta_per_minute": 0.006666666666666667
      }
    },
    "18.09.2021": {
      "15.00": {
        "count": 175,
        "count_delta": 37,
        "count_delta_per_hour": 5.285714285714286,
        "count_delta_per_minute": 0.0880952380952381,
        "percentage": 10.64,
        "percentage_delta": 2.25,
        "percentage_delta_per_hour": 0.32142857142857145,
        "percentage_delta_per_minute": 0.005357142857142857,
        "registered_count": 1645,
        "registered_count_delta": 0,
        "registered_count_delta_per_hour": 0,
        "registered_count_delta_per_minute": 0
      },
      "20.00": {
        "count": 216,
        "count_delta": 41,
        "count_delta_per_hour": 8.2,
        "count_delta_per_minute": 0.13666666666666666,
        "percentage": 13.14,
        "percentage_delta": 2.5,
        "percentage_delta_per_hour": 0.5,
        "percentage_delta_per_minute": 0.008333333333333333,
        "registered_count": 1644,
        "registered_count_delta": -1,
        "registered_count_delta_per_hour": -0.2,
        "registered_count_delta_per_minute": -0.0033333333333333335
      }
    },
    "19.09.2021": {
      "10.00": {
        "count": 217,
        "count_delta": 1,
        "count_delta_per_hour": 0.5,
        "count_delta_per_minute": 0.008333333333333333,
        "percentage": 13.14,
        "percentage_delta": 0,
        "percentage_delta_per_hour": 0,
        "percentage_delta_per_minute": 0
      },
      "12.00": {
        "count": 252,
        "count_delta": 35,
        "count_delta_per_hour": 17.5,
        "count_delta_per_minute": 0.2916666666666667,
        "percentage": 15.27,
        "percentage_delta": 2.129999999999999,
        "percentage_delta_per_hour": 1.0649999999999995,
        "percentage_delta_per_minute": 0.01774999999999999
      },
      "15.00": {
        "count": 334,
        "count_delta": 82,
        "count_delta_per_hour": 27.333333333333332,
        "count_delta_per_minute": 0.45555555555555555,
        "percentage": 20.19,
        "percentage_delta": 4.920000000000002,
        "percentage_delta_per_hour": 1.6400000000000006,
        "percentage_delta_per_minute": 0.02733333333333334
      },
      "18.00": {
        "count": 407,
        "count_delta": 73,
        "count_delta_per_hour": 24.333333333333332,
        "count_delta_per_minute": 0.40555555555555556,
        "percentage": 24.64,
        "percentage_delta": 4.449999999999999,
        "percentage_delta_per_hour": 1.4833333333333332,
        "percentage_delta_per_minute": 0.02472222222222222
      },
      "20.00": {
        "count": 468,
        "count_delta": 61,
        "count_delta_per_hour": 30.5,
        "count_delta_per_minute": 0.5083333333333333,
        "percentage": 28.31215970961887,
        "percentage_delta": 3.672159709618871,
        "percentage_delta_per_hour": 1.8360798548094355,
        "percentage_delta_per_minute": 0.03060133091349059,
        "registered_count": 1653,
        "registered_count_delta": 9,
        "registered_count_delta_per_hour": 0.75,
        "registered_count_delta_per_minute": 0.0125
      }
    }
  },
  "metadata": {
    "analysis": {
      "negative_turnout_registered_count_protocols": 1,
      "negative_turnout_registered_count": 1,
      "protocol_count": 1,
      "exceeded_papers_count": 0,
      "exceeded_papers_steal_winning": 0,
      "checksum_valid": 1
    },
    "voters": {
      "initially_registered_count": 1644,
      "registered_count": 1653,
      "walk_by_count": 462,
      "on_home_count": 6,
      "ahead_of_time_count": 0,
      "exceptional_count": 0,
      "added_count": 9
    },
    "papers": {
      "received_count": 1200,
      "destroyed_count": 732,
      "stationary_box_count": 462,
      "portable_box_count": 6,
      "valid_count": 452,
      "invalid_count": 16,
      "lost_count": 0,
      "ignored_count": 0,
      "taken_home_count": 0
    }
  },
  "entries": [
    {
      "name": "Вавилина Нэлли Юрьевна",
      "position": 2,
      "candidate_id": 22,
      "supported_by_party_id": 6,
      "supported_by_smart_vote": true,
      "official_result": {
        "votes_count": 129,
        "place": 1,
        "percentage": 27.564102564102566,
        "valid_percentage": 28.539823008849556,
        "registered_percentage": 7.80399274047187,
        "display_percentage": 27.56,
        "winner": true
      },
      "result_without_other_entry": {
        "8": {
          "percentage": 34.12698412698413,
          "valid_percentage": 35.635359116022094
        },
        "21": {
          "percentage": 29.185520361990953,
          "valid_percentage": 30.28169014084507
        },
        "23": {
          "percentage": 29.930394431554525,