{
  "commission_name": "УИК №294",
  "ballot_name": "Выборы депутатов Законодательного Собрания Санкт-Петербурга седьмого созыва",
  "name": "Результаты выборов по единому округу",
  "protocol_scope": {
    "type": "uik",
    "id": 294
  },
  "electoral_district": {
    "type": "city",
    "id": 0
  },
  "data_id": 27820001915220,
  "ballot_data_id": 4784018429861,
  "has_koib": false,
  "generated_date": 1632127135000,
  "official_result": {
    "winner": {
      "id": 5,
      "position": 2,
      "percentage": 33.260153677277714,
      "valid_percentage": 34.12162162162162,
      "registered_percentage": 10.639044943820226
    },
    "turnout": {
      "count": 975,
      "percentage": 34.234550561797754,
      "walk_by_count": 911,
      "walk_by_percentage": 31.9873595505618,
      "on_home_count": 64,
      "on_home_percentage": 2.247191011235955,
      "ahead_of_time_count": 0,
      "ahead_of_time_percentage": 0,
      "valid_count": 888,
      "valid_percentage": 31.179775280898873,
      "invalid_count": 23,
      "invalid_percentage": 0.8075842696629214,
      "taken_home_count": 64,
      "taken_home_percentage": 2.247191011235955,
      "lost_count": 0,
      "lost_percentage": 0
    },
    "votes_stats": {
      "winning_count": 303,
      "winning_percentage": 33.260153677277714,
      "effective_count": 888,
      "losing_count": 585,
      "losing_percentage": 64.21514818880351,
      "other_count": 23,
      "other_percentage": 2.5246981339187706,
      "by_place": {
        "#1": {
          "count": 303,
          "percentage": 33.260153677277714
        },
        "#2": {
          "count": 202,
          "percentage": 22.17343578485181
        },
        "#3": {
          "count": 109,
          "percentage": 11.964873765093303
        },
        "#4": {
          "count": 93,
          "percentage": 10.208562019758508
        },
        "#5": {
          "count": 74,
          "percentage": 8.122941822173436
        },
        "#6": {
          "count": 56,
          "percentage": 6.147091108671789
        },
        "#7": {
          "count": 32,
          "percentage": 3.512623490669594
        },
        "#8": {
          "count": 19,
          "percentage": 2.0856201975850714
        }
      }
    }
  },
  "turnout_protocols": {
    "17.09.2021": {
      "15.00": {
        "count": 130,
        "count_delta": 130,
        "count_delta_per_hour": 18.571428571428573,
        "count_delta_per_minute": 0.30952380952380953,
        "percentage": 4.76,
        "percentage_delta": 4.76,
        "percentage_delta_per_hour": 0.6799999999999999,
        "percentage_delta_per_minute": 0.011333333333333332,
        "registered_count": 2731,
        "registered_count_delta": 2731,
        "registered_count_delta_per_hour": 390.14285714285717,
        "registered_count_delta_per_minute": 6.502380952380952
      },
      "20.00": {
        "count": 247,
        "count_delta": 117,
        "count_delta_per_hour": 23.4,
        "count_delta_per_minute": 0.39,
        "percentage": 9.04,
        "percentage_delta": 4.279999999999999,
        "percentage_delta_per_hour": 0.8559999999999999,
        "percentage_delta_per_minute": 0.014266666666666665,
        "registered_count": 2732,
        "registered_count_delta": 1,
        "registered_count_delta_per_hour": 0.2,
        "registered_count_delta_per_minute": 0.0033333333333333335
      }
    },
    "18.09.2021": {
      "15.00": {
        "count": 404,
        "count_delta": 157,
        "count_delta_per_hour": 22.428571428571427,
        "count_delta_per_minute": 0.3738095238095238,
        "percentage": 14.78,
        "percentage_delta": 5.74,
        "percentage_delta_per_hour": 0.8200000000000001,
        "percentage_delta_per_minute": 0.013666666666666667,
        "registered_count": 2733,
        "registered_count_delta": 1,
        "registered_count_delta_per_hour": 0.14285714285714285,
        "registered_count_delta_per_minute": 0.002380952380952381
      },
      "20.00": {
        "count": 499,
        "count_delta": 95,
        "count_delta_per_hour": 19,
        "count_delta_per_minute": 0.31666666666666665,
        "percentage": 18.26,
        "percentage_delta": 3.480000000000002,
        "percentage_delta_per_hour": 0.6960000000000004,
        "percentage_delta_per_minute": 0.011600000000000008,
        "registered_count": 2733,
        "registered_count_delta": 0,
        "registered_count_delta_per_hour": 0,
        "registered_count_delta_per_minute": 0
      }
    },
    "19.09.2021": {
      "10.00": {
        "count": 533,
        "count_delta": 34,
        "count_delta_per_hour": 17,
        "count_delta_per_minute": 0.2833333333333333,
        "percentage": 18.72,
        "percentage_delta": 0.4599999999999973,
        "percentage_delta_per_hour": 0.22999999999999865,
        "percentage_delta_per_minute": 0.003833333333333311
      },
      "12.00": {
        "count": 591,
        "count_delta": 58,
        "count_delta_per_hour": 29,
        "count_delta_per_minute": 0.48333333333333334,
        "percentage": 20.76,
        "percentage_delta": 2.0400000000000027,
        "percentage_delta_per_hour": 1.0200000000000014,
        "percentage_delta_per_minute": 0.017000000000000022
      },
      "15.00": {
        "count": 713,
        "count_delta": 122,
        "count_delta_per_hour": 40.666666666666664,
        "count_delta_per_minute": 0.6777777777777778,
        "percentage": 25.03,
        "percentage_delta": 4.27,
        "percentage_delta_per_hour": 1.4233333333333331,
        "percentage_delta_per_minute": 0.02372222222222222
      },
      "18.00": {
        "count": 829,
        "count_delta": 116,
        "count_delta_per_hour": 38.666666666666664,
        "count_delta_per_minute": 0.6444444444444445,
        "percentage": 29.1,
        "percentage_delta": 4.07,
        "percentage_delta_per_hour": 1.3566666666666667,
        "percentage_delta_per_minute": 0.022611111111111113
      },
      "20.00": {
        "count": 975,
        "count_delta": 146,
        "count_delta_per_hour": 73,
        "count_delta_per_minute": 1.2166666666666666,
        "percentage": 34.234550561797754,
        "percentage_delta": 5.134550561797752,
        "percentage_delta_per_hour": 2.567275280898876,
        "percentage_delta_per_minute": 0.0427879213483146,
        "registered_count": 2848,
        "registered_count_delta": 115,
        "registered_count_delta_per_hour": 9.583333333333334,
        "registered_count_delta_per_minute": 0.1597222222222222
      }
    }
  },
  "metadata": {
    "analysis": {
      "protocol_count": 1,
      "exceeded_papers_count": 0,
      "exceeded_papers_steal_winning": 0,
      "exceeded_papers_provide_extra_places": 0,
      "multiple_winners": 0,
      "checksum_valid": 1
    },
    "voters": {
      "initially_registered_count": 2733,
      "registered_count": 2848,
      "walk_by_count": 911,
      "on_home_count": 64,
      "ahead_of_time_count": 0,
      "exceptional_count": 0,
      "added_count": 115
    },
    "papers": {
      "received_count": 2000,
      "destroyed_count": 1025,
      "stationary_box_count": 847,
      "portable_box_count": 64,
      "valid_count": 888,
      "invalid_count": 23,
      "lost_count": 0,
      "ignored_count": 0,
      "taken_home_count": 64
    }
  },
  "entries": [
    {
      "name": "Всероссийская политическая партия \"ЕДИНАЯ РОССИЯ\"",
      "position": 2,
      "party_id": 5,
      "official_result": {
        "votes_count": 303,
        "place": 1,
        "percentage": 33.260153677277714,
        "valid_percentage": 34.12162162162162,
        "registered_percentage": 10.639044943820226,
        "display_percentage": 33.26,
        "winner": true
      },
      "result_without_other_entry": {
        "1": {
          "percentage": 42.73624823695346,
          "valid_percentage": 44.16909620991253
        },
        "3": {
          "percentage": 36.200716845878134,