{
  "commission_name": "УИК №1369",
  "ballot_name": "Выборы депутатов Законодательного Собрания Санкт-Петербурга седьмого созыва",
  "name": "Результаты выборов по одномандатному (многомандатному) округу",
  "protocol_scope": {
    "type": "uik",
    "id": 1369
  },
  "electoral_district": {
    "type": "city",
    "id": 20
  },
  "data_id": 27820001915220,
  "ballot_data_id": 4784027343371,
  "has_koib": false,
  "generated_date": 1632124736000,
  "official_result": {
    "winner": {
      "id": 192,
      "position": 3,
      "percentage": 40.71207430340557,
      "valid_percentage": 42.351046698872786,
      "registered_percentage": 13.662337662337661
    },
    "turnout": {
      "count": 646,
      "percentage": 33.55844155844156,
      "walk_by_count": 633,
      "walk_by_percentage": 32.883116883116884,
      "on_home_count": 13,
      "on_home_percentage": 0.6753246753246753,
      "ahead_of_time_count": 0,
      "ahead_of_time_percentage": 0,
      "valid_count": 621,
      "valid_percentage": 32.25974025974026,
      "invalid_count": 25,
      "invalid_percentage": 1.2987012987012987,
      "taken_home_count": 0,
      "taken_home_percentage": 0,
      "lost_count": 0,
      "lost_percentage": 0
    },
    "votes_stats": {
      "winning_count": 263,
      "winning_percentage": 40.71207430340557,
      "effective_count": 621,
      "losing_count": 358,
      "losing_percentage": 55.417956656346746,
      "other_count": 25,
      "other_percentage": 3.8699690402476783,
      "by_place": {
        "#1": {
          "count": 263,
          "percentage": 40.71207430340557
        },
        "#2": {
          "count": 102,
          "percentage": 15.789473684210526,
          "supported_by_smart_vote": true
        },
        "#3": {
          "count": 99,
          "percentage": 15.325077399380804
        },
        "#4": {
          "count": 57,
          "percentage": 8.823529411764707
        },
        "#5": {
          "count": 44,
          "percentage": 6.811145510835913
        },
        "#6": {
          "count": 35,
          "percentage": 5.41795665634675
        },
        "#7": {
          "count": 21,
          "percentage": 3.2507739938080498
        }
      }
    }
  },
  "turnout_protocols": {
    "17.09.2021": {
      "15.00": {
        "count": 87,
        "count_delta": 87,
        "count_delta_per_hour": 12.428571428571429,
        "count_delta_per_minute": 0.20714285714285716,
        "percentage": 4.52,
        "percentage_delta": 4.52,
        "percentage_delta_per_hour": 0.6457142857142857,
        "percentage_delta_per_minute": 0.01076190476190476,
        "registered_count": 1925,
        "registered_count_delta": 1925,
        "registered_count_delta_per_hour": 275,
        "registered_count_delta_per_minute": 4.583333333333333
      },
      "20.00": {
        "count": 185,
        "count_delta": 98,
        "count_delta_per_hour": 19.6,
        "count_delta_per_minute": 0.32666666666666666,
        "percentage": 9.61,
        "percentage_delta": 5.09,
        "percentage_delta_per_hour": 1.018,
        "percentage_delta_per_minute": 0.016966666666666665,
        "registered_count": 1925,
        "registered_count_delta": 0,
        "registered_count_delta_per_hour": 0,
        "registered_count_delta_per_minute": 0
      }
    },
    "18.09.2021": {
      "15.00": {
        "count": 279,
        "count_delta": 94,
        "count_delta_per_hour": 13.428571428571429,
        "count_delta_per_minute": 0.22380952380952382,
        "percentage": 14.49,
        "percentage_delta": 4.880000000000001,
        "percentage_delta_per_hour": 0.6971428571428573,
        "percentage_delta_per_minute": 0.01161904761904762,
        "registered_count": 1925,
        "registered_count_delta": 0,
        "registered_count_delta_per_hour": 0,
        "registered_count_delta_per_minute": 0
      },
      "20.00": {
        "count": 348,
        "count_delta": 69,
        "count_delta_per_hour": 13.8,
        "count_delta_per_minute": 0.23,
        "percentage": 18.08,
        "percentage_delta": 3.589999999999998,
        "percentage_delta_per_hour": 0.7179999999999996,
        "percentage_delta_per_minute": 0.01196666666666666,
        "registered_count": 1925,
        "registered_count_delta": 0,
        "registered_count_delta_per_hour": 0,
        "registered_count_delta_per_minute": 0
      }
    },
    "19.09.2021": {
      "10.00": {
        "count": 358,
        "count_delta": 10,
        "count_delta_per_hour": 5,
        "count_delta_per_minute": 0.08333333333333333,
        "percentage": 18.6,
        "percentage_delta": 0.5200000000000031,
        "percentage_delta_per_hour": 0.26000000000000156,
        "percentage_delta_per_minute": 0.004333333333333359
      },
      "12.00": {
        "count": 387,
        "count_delta": 29,
        "count_delta_per_hour": 14.5,
        "count_delta_per_minute": 0.24166666666666667,
        "percentage": 20.1,
        "percentage_delta": 1.5,
        "percentage_delta_per_hour": 0.75,
        "percentage_delta_per_minute": 0.0125
      },
      "15.00": {
        "count": 477,
        "count_delta": 90,
        "count_delta_per_hour": 30,
        "count_delta_per_minute": 0.5,
        "percentage": 24.78,
        "percentage_delta": 4.68,
        "percentage_delta_per_hour": 1.5599999999999998,
        "percentage_delta_per_minute": 0.026
      },
      "18.00": {
        "count": 671,
        "count_delta": 194,
        "count_delta_per_hour": 64.66666666666667,
        "count_delta_per_minute": 1.0777777777777777,
        "percentage": 34.86,
        "percentage_delta": 10.079999999999998,
        "percentage_delta_per_hour": 3.3599999999999994,
        "percentage_delta_per_minute": 0.05599999999999999
      },
      "20.00": {
        "count": 646,
        "count_delta": -25,
        "count_delta_per_hour": -12.5,
        "count_delta_per_minute": -0.20833333333333334,
        "percentage": 33.55844155844156,
        "percentage_delta": -1.3015584415584414,
        "percentage_delta_per_hour": -0.6507792207792207,
        "percentage_delta_per_minute": -0.010846320346320345,
        "registered_count": 1925,
        "registered_count_delta": 0,
        "registered_count_delta_per_hour": 0,
        "registered_count_delta_per_minute": 0
      }
    }
  },
  "metadata": {
    "analysis": {
      "negative_turnout_percentage_protocols": 1,
      "negative_turnout_percentage": 1.3015584415584414,
      "negative_turnout_count_protocols": 1,
      "negative_turnout_count": 25,
      "protocol_count": 1,
      "exceeded_papers_count": 0,
      "exceeded_papers_steal_winning": 0,
      "checksum_valid": 1
    },
    "voters": {
      "initially_registered_count": 1925,
      "registered_count": 1925,
      "walk_by_count": 633,
      "on_home_count": 13,
      "ahead_of_time_count": 0,
      "exceptional_count": 0
    },
    "papers": {
      "received_count": 1800,
      "destroyed_count": 1154,
      "stationary_box_count": 633,
      "portable_box_count": 13,
      "valid_count": 621,
      "invalid_count": 25,
      "lost_count": 0,
      "ignored_count": 0,
      "taken_home_count": 0
    }
  },
  "entries": [
    {
      "name": "Макаров Алексей Алексеевич",
      "position": 3,
      "candidate_id": 192,
      "supported_by_party_id": 5,
      "official_result": {
        "votes_count": 263,
        "place": 1,
        "percentage": 40.71207430340557,
        "valid_percentage": 42.351046698872786,
        "registered_percentage": 13.662337662337661,
        "display_percentage": 40.71,
        "winner": true
      },
      "result_without_other_entry": {
        "190": {
          "percentage": 43.04418985270049,
          "valid_percentage": 44.88054607508533
        },
        "191": {
          "percentage": 48.08043875685558,
          "valid_percentage": 50.38314176245211
        },
        "193": {
          "percentage": 43.68770764119601,