{
  "commission_name": "УИК №1151",
  "ballot_name": "Выборы депутатов Законодательного Собрания Санкт-Петербурга седьмого созыва",
  "name": "Результаты выборов по одномандатному (многомандатному) округу",
  "protocol_scope": {
    "type": "uik",
    "id": 1151
  },
  "electoral_district": {
    "type": "city",
    "id": 18
  },
  "data_id": 27820001915220,
  "ballot_data_id": 4784008595293,
  "has_koib": false,
  "generated_date": 1632128305000,
  "official_result": {
    "winner": {
      "id": 95,
      "position": 3,
      "percentage": 24.561403508771928,
      "valid_percentage": 25.727411944869832,
      "registered_percentage": 7.82122905027933,
      "supported_by_smart_vote": true
    },
    "turnout": {
      "count": 684,
      "percentage": 31.843575418994412,
      "walk_by_count": 672,
      "walk_by_percentage": 31.28491620111732,
      "on_home_count": 12,
      "on_home_percentage": 0.5586592178770949,
      "ahead_of_time_count": 0,
      "ahead_of_time_percentage": 0,
      "valid_count": 653,
      "valid_percentage": 30.400372439478584,
      "invalid_count": 27,
      "invalid_percentage": 1.2569832402234637,
      "taken_home_count": 4,
      "taken_home_percentage": 0.186219739292365,
      "lost_count": 4,
      "lost_percentage": 0.186219739292365
    },
    "votes_stats": {
      "winning_count": 168,
      "winning_percentage": 24.561403508771928,
      "effective_count": 653,
      "losing_count": 485,
      "losing_percentage": 70.90643274853801,
      "other_count": 31,
      "other_percentage": 4.5321637426900585,
      "by_place": {
        "#1": {
          "count": 168,
          "percentage": 24.561403508771928,
          "supported_by_smart_vote": true
        },
        "#2": {
          "count": 163,
          "percentage": 23.830409356725145
        },
        "#3": {
          "count": 125,
          "percentage": 18.27485380116959
        },
        "#4": {
          "count": 73,
          "percentage": 10.67251461988304
        },
        "#5": {
          "count": 45,
          "percentage": 6.578947368421052
        },
        "#6": {
          "count": 41,
          "percentage": 5.994152046783626
        },
        "#7": {
          "count": 38,
          "percentage": 5.555555555555555
        }
      }
    }
  },
  "turnout_protocols": {
    "17.09.2021": {
      "15.00": {
        "count": 102,
        "count_delta": 102,
        "count_delta_per_hour": 14.571428571428571,
        "count_delta_per_minute": 0.24285714285714285,
        "percentage": 4.76,
        "percentage_delta": 4.76,
        "percentage_delta_per_hour": 0.6799999999999999,
        "percentage_delta_per_minute": 0.011333333333333332,
        "registered_count": 2143,
        "registered_count_delta": 2143,
        "registered_count_delta_per_hour": 306.14285714285717,
        "registered_count_delta_per_minute": 5.102380952380952
      },
      "20.00": {
        "count": 181,
        "count_delta": 79,
        "count_delta_per_hour": 15.8,
        "count_delta_per_minute": 0.2633333333333333,
        "percentage": 8.45,
        "percentage_delta": 3.6899999999999995,
        "percentage_delta_per_hour": 0.7379999999999999,
        "percentage_delta_per_minute": 0.012299999999999998,
        "registered_count": 2142,
        "registered_count_delta": -1,
        "registered_count_delta_per_hour": -0.2,
        "registered_count_delta_per_minute": -0.0033333333333333335
      }
    },
    "18.09.2021": {
      "15.00": {
        "count": 289,
        "count_delta": 108,
        "count_delta_per_hour": 15.428571428571429,
        "count_delta_per_minute": 0.2571428571428571,
        "percentage": 13.5,
        "percentage_delta": 5.050000000000001,
        "percentage_delta_per_hour": 0.7214285714285715,
        "percentage_delta_per_minute": 0.012023809523809525,
        "registered_count": 2141,
        "registered_count_delta": -1,
        "registered_count_delta_per_hour": -0.14285714285714285,
        "registered_count_delta_per_minute": -0.002380952380952381
      },
      "20.00": {
        "count": 360,
        "count_delta": 71,
        "count_delta_per_hour": 14.2,
        "count_delta_per_minute": 0.23666666666666666,
        "percentage": 16.78,
        "percentage_delta": 3.280000000000001,
        "percentage_delta_per_hour": 0.6560000000000002,
        "percentage_delta_per_minute": 0.010933333333333337,
        "registered_count": 2145,
        "registered_count_delta": 4,
        "registered_count_delta_per_hour": 0.8,
        "registered_count_delta_per_minute": 0.013333333333333334
      }
    },
    "19.09.2021": {
      "10.00": {
        "count": 366,
        "count_delta": 6,
        "count_delta_per_hour": 3,
        "count_delta_per_minute": 0.05,
        "percentage": 17.06,
        "percentage_delta": 0.2799999999999976,
        "percentage_delta_per_hour": 0.1399999999999988,
        "percentage_delta_per_minute": 0.002333333333333313
      },
      "12.00": {
        "count": 398,
        "count_delta": 32,
        "count_delta_per_hour": 16,
        "count_delta_per_minute": 0.26666666666666666,
        "percentage": 18.51,
        "percentage_delta": 1.4500000000000028,
        "percentage_delta_per_hour": 0.7250000000000014,
        "percentage_delta_per_minute": 0.012083333333333357
      },
      "15.00": {
        "count": 491,
        "count_delta": 93,
        "count_delta_per_hour": 31,
        "count_delta_per_minute": 0.5166666666666667,
        "percentage": 22.88,
        "percentage_delta": 4.369999999999997,
        "percentage_delta_per_hour": 1.4566666666666659,
        "percentage_delta_per_minute": 0.024277777777777763
      },
      "18.00": {
        "count": 594,
        "count_delta": 103,
        "count_delta_per_hour": 34.333333333333336,
        "count_delta_per_minute": 0.5722222222222222,
        "percentage": 27.65,
        "percentage_delta": 4.77,
        "percentage_delta_per_hour": 1.5899999999999999,
        "percentage_delta_per_minute": 0.0265
      },
      "20.00": {
        "count": 684,
        "count_delta": 90,
        "count_delta_per_hour": 45,
        "count_delta_per_minute": 0.75,
        "percentage": 31.843575418994412,
        "percentage_delta": 4.193575418994413,
        "percentage_delta_per_hour": 2.0967877094972067,
        "percentage_delta_per_minute": 0.034946461824953444,
        "registered_count": 2148,
        "registered_count_delta": 3,
        "registered_count_delta_per_hour": 0.25,
        "registered_count_delta_per_minute": 0.004166666666666667
      }
    }
  },
  "metadata": {
    "analysis": {
      "negative_turnout_registered_count_protocols": 1,
      "negative_turnout_registered_count": 1,
      "protocol_count": 1,
      "exceeded_papers_count": 0,
      "exceeded_papers_steal_winning": 0,
      "checksum_invalid": 1,
      "stuffed_protocol_for_95": 1,
      "stuffed_votes_for_95": 65.06122448979592
    },
    "voters": {
      "initially_registered_count": 2142,
      "registered_count": 2148,
      "walk_by_count": 672,
      "on_home_count": 12,
      "ahead_of_time_count": 0,
      "exceptional_count": 0,
      "added_count": 6
    },
    "papers": {
      "received_count": 2000,
      "destroyed_count": 1312,
      "stationary_box_count": 668,
      "portable_box_count": 12,
      "valid_count": 653,
      "invalid_count": 27,
      "lost_count": 4,
      "ignored_count": 0,
      "taken_home_count": 4
    }
  },
  "entries": [
    {
      "name": "Давыдов Станислав Вячеславович",
      "position": 3,
      "candidate_id": 95,
      "supported_by_party_id": 6,
      "supported_by_smart_vote": true,
      "official_result": {
        "votes_count": 168,
        "place": 1,
        "percentage": 24.561403508771928,
        "valid_percentage": 25.727411944869832,
        "registered_percentage": 7.82122905027933,
        "display_percentage": 24.71,
        "winner": true
      },