{
  "commission_name": "УИК №148",
  "ballot_name": "Выборы депутатов Законодательного Собрания Санкт-Петербурга седьмого созыва",
  "name": "Результаты выборов по единому округу",
  "protocol_scope": {
    "type": "uik",
    "id": 148
  },
  "electoral_district": {
    "type": "city",
    "id": 0
  },
  "data_id": 27820001915220,
  "ballot_data_id": 478403283771,
  "has_koib": true,
  "generated_date": 1632115245000,
  "official_result": {
    "winner": {
      "id": 5,
      "position": 2,
      "percentage": 37.24584103512015,
      "valid_percentage": 37.69878391019644,
      "registered_percentage": 16.282828282828284
    },
    "turnout": {
      "count": 1099,
      "percentage": 44.4040404040404,
      "walk_by_count": 966,
      "walk_by_percentage": 39.03030303030303,
      "on_home_count": 133,
      "on_home_percentage": 5.373737373737374,
      "ahead_of_time_count": 0,
      "ahead_of_time_percentage": 0,
      "valid_count": 1069,
      "valid_percentage": 43.19191919191919,
      "invalid_count": 13,
      "invalid_percentage": 0.5252525252525253,
      "taken_home_count": 17,
      "taken_home_percentage": 0.6868686868686869,
      "lost_count": 0,
      "lost_percentage": 0
    },
    "votes_stats": {
      "winning_count": 403,
      "winning_percentage": 37.24584103512015,
      "effective_count": 1069,
      "losing_count": 666,
      "losing_percentage": 61.552680221811464,
      "other_count": 13,
      "other_percentage": 1.2014787430683918,
      "by_place": {
        "#1": {
          "count": 403,
          "percentage": 37.24584103512015
        },
        "#2.5": {
          "count": 300,
          "percentage": 27.726432532347506
        },
        "#3": {
          "count": 143,
          "percentage": 13.216266173752311
        },
        "#4": {
          "count": 83,
          "percentage": 7.6709796672828094
        },
        "#5": {
          "count": 73,
          "percentage": 6.7467652495378925
        },
        "#6": {
          "count": 50,
          "percentage": 4.621072088724584
        },
        "#7": {
          "count": 17,
          "percentage": 1.5711645101663587
        }
      }
    }
  },
  "turnout_protocols": {
    "17.09.2021": {
      "15.00": {
        "count": 199,
        "count_delta": 199,
        "count_delta_per_hour": 28.428571428571427,
        "count_delta_per_minute": 0.4738095238095238,
        "percentage": 7.99,
        "percentage_delta": 7.99,
        "percentage_delta_per_hour": 1.1414285714285715,
        "percentage_delta_per_minute": 0.019023809523809523,
        "registered_count": 2491,
        "registered_count_delta": 2491,
        "registered_count_delta_per_hour": 355.85714285714283,
        "registered_count_delta_per_minute": 5.930952380952381
      },
      "20.00": {
        "count": 294,
        "count_delta": 95,
        "count_delta_per_hour": 19,
        "count_delta_per_minute": 0.31666666666666665,
        "percentage": 11.8,
        "percentage_delta": 3.8100000000000005,
        "percentage_delta_per_hour": 0.7620000000000001,
        "percentage_delta_per_minute": 0.012700000000000001,
        "registered_count": 2492,
        "registered_count_delta": 1,
        "registered_count_delta_per_hour": 0.2,
        "registered_count_delta_per_minute": 0.0033333333333333335
      }
    },
    "18.09.2021": {
      "15.00": {
        "count": 444,
        "count_delta": 150,
        "count_delta_per_hour": 21.428571428571427,
        "count_delta_per_minute": 0.35714285714285715,
        "percentage": 17.82,
        "percentage_delta": 6.02,
        "percentage_delta_per_hour": 0.86,
        "percentage_delta_per_minute": 0.014333333333333332,
        "registered_count": 2492,
        "registered_count_delta": 0,
        "registered_count_delta_per_hour": 0,
        "registered_count_delta_per_minute": 0
      },
      "20.00": {
        "count": 534,
        "count_delta": 90,
        "count_delta_per_hour": 18,
        "count_delta_per_minute": 0.3,
        "percentage": 21.44,
        "percentage_delta": 3.620000000000001,
        "percentage_delta_per_hour": 0.7240000000000002,
        "percentage_delta_per_minute": 0.01206666666666667,
        "registered_count": 2491,
        "registered_count_delta": -1,
        "registered_count_delta_per_hour": -0.2,
        "registered_count_delta_per_minute": -0.0033333333333333335
      }
    },
    "19.09.2021": {
      "10.00": {
        "count": 598,
        "count_delta": 64,
        "count_delta_per_hour": 32,
        "count_delta_per_minute": 0.5333333333333333,
        "percentage": 24.17,
        "percentage_delta": 2.7300000000000004,
        "percentage_delta_per_hour": 1.3650000000000002,
        "percentage_delta_per_minute": 0.022750000000000003
      },
      "12.00": {
        "count": 640,
        "count_delta": 42,
        "count_delta_per_hour": 21,
        "count_delta_per_minute": 0.35,
        "percentage": 25.85,
        "percentage_delta": 1.6799999999999997,
        "percentage_delta_per_hour": 0.8399999999999999,
        "percentage_delta_per_minute": 0.013999999999999997
      },
      "15.00": {
        "count": 736,
        "count_delta": 96,
        "count_delta_per_hour": 32,
        "count_delta_per_minute": 0.5333333333333333,
        "percentage": 29.75,
        "percentage_delta": 3.8999999999999986,
        "percentage_delta_per_hour": 1.2999999999999996,
        "percentage_delta_per_minute": 0.02166666666666666
      },
      "18.00": {
        "count": 834,
        "count_delta": 98,
        "count_delta_per_hour": 32.666666666666664,
        "count_delta_per_minute": 0.5444444444444444,
        "percentage": 33.68,
        "percentage_delta": 3.9299999999999997,
        "percentage_delta_per_hour": 1.3099999999999998,
        "percentage_delta_per_minute": 0.021833333333333333
      },
      "20.00": {
        "count": 1099,
        "count_delta": 265,
        "count_delta_per_hour": 132.5,
        "count_delta_per_minute": 2.2083333333333335,
        "percentage": 44.4040404040404,
        "percentage_delta": 10.724040404040402,
        "percentage_delta_per_hour": 5.362020202020201,
        "percentage_delta_per_minute": 0.08936700336700334,
        "registered_count": 2475,
        "registered_count_delta": -16,
        "registered_count_delta_per_hour": -1.3333333333333333,
        "registered_count_delta_per_minute": -0.022222222222222223
      }
    }
  },
  "metadata": {
    "analysis": {
      "negative_turnout_registered_count_protocols": 1,
      "negative_turnout_registered_count": 16,
      "protocol_count": 1,
      "exceeded_papers_count": 0,
      "exceeded_papers_steal_winning": 0,
      "exceeded_papers_provide_extra_places": 0,
      "multiple_winners": 0,
      "checksum_valid": 1
    },
    "voters": {
      "initially_registered_count": 2491,
      "registered_count": 2475,
      "walk_by_count": 966,
      "on_home_count": 133,
      "ahead_of_time_count": 0,
      "exceptional_count": 0,
      "removed_count": 16
    },
    "papers": {
      "received_count": 2000,
      "destroyed_count": 901,
      "stationary_box_count": 949,
      "portable_box_count": 133,
      "valid_count": 1069,
      "invalid_count": 13,
      "lost_count": 0,
      "ignored_count": 0,
      "taken_home_count": 17
    }
  },
  "entries": [
    {
      "name": "Всероссийская политическая партия \"ЕДИНАЯ РОССИЯ\"",
      "position": 2,
      "party_id": 5,
      "official_result": {
        "votes_count": 403,
        "place": 1,
        "percentage": 37.24584103512015,
        "valid_percentage": 37.69878391019644,
        "registered_percentage": 16.282828282828284,
        "display_percentage": 37.25,
        "winner": true
      },
      "result_without_other_entry": {
        "1": {
          "percentage": 43.24034334763949,
          "valid_percentage": 43.85201305767138
        },
        "3": {
          "percentage": 39.05038759689923,