{
  "commission_name": "УИК №2067",
  "ballot_name": "Выборы депутатов Законодательного Собрания Санкт-Петербурга седьмого созыва",
  "name": "Результаты выборов по единому округу",
  "protocol_scope": {
    "type": "uik",
    "id": 2067
  },
  "electoral_district": {
    "type": "city",
    "id": 0
  },
  "data_id": 27820001915220,
  "ballot_data_id": 4784016461279,
  "has_koib": false,
  "generated_date": 1632125737000,
  "official_result": {
    "winner": {
      "id": 5,
      "position": 2,
      "percentage": 31.62853297442799,
      "valid_percentage": 32.32462173314993,
      "registered_percentage": 10.034158838599486
    },
    "turnout": {
      "count": 743,
      "percentage": 31.725021349274122,
      "walk_by_count": 684,
      "walk_by_percentage": 29.20580700256191,
      "on_home_count": 59,
      "on_home_percentage": 2.5192143467122117,
      "ahead_of_time_count": 0,
      "ahead_of_time_percentage": 0,
      "valid_count": 727,
      "valid_percentage": 31.041844577284373,
      "invalid_count": 16,
      "invalid_percentage": 0.6831767719897524,
      "taken_home_count": 0,
      "taken_home_percentage": 0,
      "lost_count": 0,
      "lost_percentage": 0
    },
    "votes_stats": {
      "winning_count": 235,
      "winning_percentage": 31.62853297442799,
      "effective_count": 727,
      "losing_count": 492,
      "losing_percentage": 66.21803499327052,
      "other_count": 16,
      "other_percentage": 2.1534320323014806,
      "by_place": {
        "#1": {
          "count": 235,
          "percentage": 31.62853297442799
        },
        "#5.5": {
          "count": 136,
          "percentage": 18.304172274562582
        },
        "#2": {
          "count": 133,
          "percentage": 17.900403768506056
        },
        "#3": {
          "count": 87,
          "percentage": 11.709286675639301
        },
        "#4": {
          "count": 78,
          "percentage": 10.497981157469717
        },
        "#6": {
          "count": 51,
          "percentage": 6.864064602960969
        },
        "#7": {
          "count": 7,
          "percentage": 0.9421265141318977
        }
      }
    }
  },
  "turnout_protocols": {
    "17.09.2021": {
      "15.00": {
        "count": 149,
        "count_delta": 149,
        "count_delta_per_hour": 21.285714285714285,
        "count_delta_per_minute": 0.3547619047619048,
        "percentage": 6.36,
        "percentage_delta": 6.36,
        "percentage_delta_per_hour": 0.9085714285714286,
        "percentage_delta_per_minute": 0.015142857142857144,
        "registered_count": 2343,
        "registered_count_delta": 2343,
        "registered_count_delta_per_hour": 334.7142857142857,
        "registered_count_delta_per_minute": 5.578571428571428
      },
      "20.00": {
        "count": 235,
        "count_delta": 86,
        "count_delta_per_hour": 17.2,
        "count_delta_per_minute": 0.2866666666666667,
        "percentage": 10.03,
        "percentage_delta": 3.669999999999999,
        "percentage_delta_per_hour": 0.7339999999999998,
        "percentage_delta_per_minute": 0.01223333333333333,
        "registered_count": 2343,
        "registered_count_delta": 0,
        "registered_count_delta_per_hour": 0,
        "registered_count_delta_per_minute": 0
      }
    },
    "18.09.2021": {
      "15.00": {
        "count": 305,
        "count_delta": 70,
        "count_delta_per_hour": 10,
        "count_delta_per_minute": 0.16666666666666666,
        "percentage": 13.02,
        "percentage_delta": 2.99,
        "percentage_delta_per_hour": 0.42714285714285716,
        "percentage_delta_per_minute": 0.0071190476190476195,
        "registered_count": 2343,
        "registered_count_delta": 0,
        "registered_count_delta_per_hour": 0,
        "registered_count_delta_per_minute": 0
      },
      "20.00": {
        "count": 468,
        "count_delta": 163,
        "count_delta_per_hour": 32.6,
        "count_delta_per_minute": 0.5433333333333333,
        "percentage": 19.98,
        "percentage_delta": 6.960000000000001,
        "percentage_delta_per_hour": 1.3920000000000001,
        "percentage_delta_per_minute": 0.023200000000000002,
        "registered_count": 2342,
        "registered_count_delta": -1,
        "registered_count_delta_per_hour": -0.2,
        "registered_count_delta_per_minute": -0.0033333333333333335
      }
    },
    "19.09.2021": {
      "10.00": {
        "count": 483,
        "count_delta": 15,
        "count_delta_per_hour": 7.5,
        "count_delta_per_minute": 0.125,
        "percentage": 20.62,
        "percentage_delta": 0.6400000000000006,
        "percentage_delta_per_hour": 0.3200000000000003,
        "percentage_delta_per_minute": 0.005333333333333338
      },
      "12.00": {
        "count": 525,
        "count_delta": 42,
        "count_delta_per_hour": 21,
        "count_delta_per_minute": 0.35,
        "percentage": 22.42,
        "percentage_delta": 1.8000000000000007,
        "percentage_delta_per_hour": 0.9000000000000004,
        "percentage_delta_per_minute": 0.015000000000000006
      },
      "15.00": {
        "count": 679,
        "count_delta": 154,
        "count_delta_per_hour": 51.333333333333336,
        "count_delta_per_minute": 0.8555555555555555,
        "percentage": 28.99,
        "percentage_delta": 6.569999999999997,
        "percentage_delta_per_hour": 2.189999999999999,
        "percentage_delta_per_minute": 0.036499999999999984
      },
      "18.00": {
        "count": 724,
        "count_delta": 45,
        "count_delta_per_hour": 15,
        "count_delta_per_minute": 0.25,
        "percentage": 30.91,
        "percentage_delta": 1.9200000000000017,
        "percentage_delta_per_hour": 0.6400000000000006,
        "percentage_delta_per_minute": 0.010666666666666677
      },
      "20.00": {
        "count": 743,
        "count_delta": 19,
        "count_delta_per_hour": 9.5,
        "count_delta_per_minute": 0.15833333333333333,
        "percentage": 31.725021349274122,
        "percentage_delta": 0.8150213492741223,
        "percentage_delta_per_hour": 0.40751067463706114,
        "percentage_delta_per_minute": 0.006791844577284352,
        "registered_count": 2342,
        "registered_count_delta": 0,
        "registered_count_delta_per_hour": 0,
        "registered_count_delta_per_minute": 0
      }
    }
  },
  "metadata": {
    "analysis": {
      "negative_turnout_registered_count_protocols": 1,
      "negative_turnout_registered_count": 1,
      "protocol_count": 1,
      "exceeded_papers_count": 0,
      "exceeded_papers_steal_winning": 0,
      "exceeded_papers_provide_extra_places": 0,
      "multiple_winners": 0,
      "checksum_valid": 1
    },
    "voters": {
      "initially_registered_count": 2342,
      "registered_count": 2342,
      "walk_by_count": 684,
      "on_home_count": 59,
      "ahead_of_time_count": 0,
      "exceptional_count": 0
    },
    "papers": {
      "received_count": 2000,
      "destroyed_count": 1257,
      "stationary_box_count": 684,
      "portable_box_count": 59,
      "valid_count": 727,
      "invalid_count": 16,
      "lost_count": 0,
      "ignored_count": 0,
      "taken_home_count": 0
    }
  },
  "entries": [
    {
      "name": "Всероссийская политическая партия \"ЕДИНАЯ РОССИЯ\"",
      "position": 2,
      "party_id": 5,
      "official_result": {
        "votes_count": 235,
        "place": 1,
        "percentage": 31.62853297442799,
        "valid_percentage": 32.32462173314993,
        "registered_percentage": 10.034158838599486,
        "display_percentage": 31.63,
        "winner": true
      },
      "result_without_other_entry": {
        "1": {
          "percentage": 38.52459016393443,
          "valid_percentage": 39.56228956228956
        },
        "3": {
          "percentage": 33.959537572254334,
          "valid_percentage": 34.76331360946745
        },
        "4": {
          "percentage": 35.338345864661655,