{
  "commission_name": "УИК №415",
  "ballot_name": "Выборы депутатов Законодательного Собрания Санкт-Петербурга седьмого созыва",
  "name": "Результаты выборов по одномандатному (многомандатному) округу",
  "protocol_scope": {
    "type": "uik",
    "id": 415
  },
  "electoral_district": {
    "type": "city",
    "id": 6
  },
  "data_id": 27820001915220,
  "ballot_data_id": 478403885855,
  "has_koib": false,
  "generated_date": 1632132610000,
  "official_result": {
    "winner": {
      "id": 164,
      "position": 2,
      "percentage": 52.01863354037267,
      "valid_percentage": 54.20711974110033,
      "registered_percentage": 16.270033997085964,
      "supported_by_smart_vote": true
    },
    "turnout": {
      "count": 714,
      "percentage": 34.67702768334143,
      "walk_by_count": 684,
      "walk_by_percentage": 33.22000971345313,
      "on_home_count": 30,
      "on_home_percentage": 1.4570179698882952,
      "ahead_of_time_count": 0,
      "ahead_of_time_percentage": 0,
      "valid_count": 618,
      "valid_percentage": 30.014570179698886,
      "invalid_count": 26,
      "invalid_percentage": 1.2627489072365226,
      "taken_home_count": 70,
      "taken_home_percentage": 3.3997085964060223,
      "lost_count": 0,
      "lost_percentage": 0
    },
    "votes_stats": {
      "winning_count": 335,
      "winning_percentage": 52.01863354037267,
      "effective_count": 618,
      "losing_count": 283,
      "losing_percentage": 43.94409937888199,
      "other_count": 26,
      "other_percentage": 4.037267080745342,
      "by_place": {
        "#1": {
          "count": 335,
          "percentage": 52.01863354037267,
          "supported_by_smart_vote": true
        },
        "#2": {
          "count": 163,
          "percentage": 25.310559006211182
        },
        "#3": {
          "count": 41,
          "percentage": 6.366459627329192
        },
        "#4": {
          "count": 40,
          "percentage": 6.211180124223603
        },
        "#5": {
          "count": 21,
          "percentage": 3.260869565217391
        },
        "#6": {
          "count": 18,
          "percentage": 2.7950310559006213
        }
      }
    }
  },
  "turnout_protocols": {
    "17.09.2021": {
      "15.00": {
        "count": 120,
        "count_delta": 120,
        "count_delta_per_hour": 17.142857142857142,
        "count_delta_per_minute": 0.2857142857142857,
        "percentage": 5.83,
        "percentage_delta": 5.83,
        "percentage_delta_per_hour": 0.8328571428571429,
        "percentage_delta_per_minute": 0.013880952380952381,
        "registered_count": 2058,
        "registered_count_delta": 2058,
        "registered_count_delta_per_hour": 294,
        "registered_count_delta_per_minute": 4.9
      },
      "20.00": {
        "count": 163,
        "count_delta": 43,
        "count_delta_per_hour": 8.6,
        "count_delta_per_minute": 0.14333333333333334,
        "percentage": 7.92,
        "percentage_delta": 2.09,
        "percentage_delta_per_hour": 0.418,
        "percentage_delta_per_minute": 0.006966666666666666,
        "registered_count": 2058,
        "registered_count_delta": 0,
        "registered_count_delta_per_hour": 0,
        "registered_count_delta_per_minute": 0
      }
    },
    "18.09.2021": {
      "15.00": {
        "count": 267,
        "count_delta": 104,
        "count_delta_per_hour": 14.857142857142858,
        "count_delta_per_minute": 0.24761904761904763,
        "percentage": 12.97,
        "percentage_delta": 5.050000000000001,
        "percentage_delta_per_hour": 0.7214285714285715,
        "percentage_delta_per_minute": 0.012023809523809525,
        "registered_count": 2059,
        "registered_count_delta": 1,
        "registered_count_delta_per_hour": 0.14285714285714285,
        "registered_count_delta_per_minute": 0.002380952380952381
      },
      "20.00": {
        "count": 348,
        "count_delta": 81,
        "count_delta_per_hour": 16.2,
        "count_delta_per_minute": 0.27,
        "percentage": 16.9,
        "percentage_delta": 3.929999999999998,
        "percentage_delta_per_hour": 0.7859999999999996,
        "percentage_delta_per_minute": 0.013099999999999994,
        "registered_count": 2059,
        "registered_count_delta": 0,
        "registered_count_delta_per_hour": 0,
        "registered_count_delta_per_minute": 0
      }
    },
    "19.09.2021": {
      "10.00": {
        "count": 356,
        "count_delta": 8,
        "count_delta_per_hour": 4,
        "count_delta_per_minute": 0.06666666666666667,
        "percentage": 17.29,
        "percentage_delta": 0.39000000000000057,
        "percentage_delta_per_hour": 0.19500000000000028,
        "percentage_delta_per_minute": 0.0032500000000000046
      },
      "12.00": {
        "count": 398,
        "count_delta": 42,
        "count_delta_per_hour": 21,
        "count_delta_per_minute": 0.35,
        "percentage": 19.33,
        "percentage_delta": 2.039999999999999,
        "percentage_delta_per_hour": 1.0199999999999996,
        "percentage_delta_per_minute": 0.016999999999999994
      },
      "15.00": {
        "count": 509,
        "count_delta": 111,
        "count_delta_per_hour": 37,
        "count_delta_per_minute": 0.6166666666666667,
        "percentage": 24.72,
        "percentage_delta": 5.390000000000001,
        "percentage_delta_per_hour": 1.7966666666666669,
        "percentage_delta_per_minute": 0.029944444444444447
      },
      "18.00": {
        "count": 569,
        "count_delta": 60,
        "count_delta_per_hour": 20,
        "count_delta_per_minute": 0.3333333333333333,
        "percentage": 27.63,
        "percentage_delta": 2.91,
        "percentage_delta_per_hour": 0.9700000000000001,
        "percentage_delta_per_minute": 0.016166666666666666
      },
      "20.00": {
        "count": 714,
        "count_delta": 145,
        "count_delta_per_hour": 72.5,
        "count_delta_per_minute": 1.2083333333333333,
        "percentage": 34.67702768334143,
        "percentage_delta": 7.04702768334143,
        "percentage_delta_per_hour": 3.523513841670715,
        "percentage_delta_per_minute": 0.058725230694511917,
        "registered_count": 2059,
        "registered_count_delta": 0,
        "registered_count_delta_per_hour": 0,
        "registered_count_delta_per_minute": 0
      }
    }
  },
  "metadata": {
    "analysis": {
      "protocol_count": 1,
      "exceeded_papers_count": 0,
      "exceeded_papers_steal_winning": 0,
      "checksum_valid": 1
    },
    "voters": {
      "initially_registered_count": 2058,
      "registered_count": 2059,
      "walk_by_count": 684,
      "on_home_count": 30,
      "ahead_of_time_count": 0,
      "exceptional_count": 0,
      "added_count": 1
    },
    "papers": {
      "received_count": 2000,
      "destroyed_count": 1286,
      "stationary_box_count": 614,
      "portable_box_count": 30,
      "valid_count": 618,
      "invalid_count": 26,
      "lost_count": 0,
      "ignored_count": 0,
      "taken_home_count": 70
    }
  },
  "entries": [
    {
      "name": "Амосов Михаил Иванович",
      "position": 2,
      "candidate_id": 164,
      "supported_by_party_id": 6,
      "supported_by_smart_vote": true,
      "official_result": {
        "votes_count": 335,
        "place": 1,
        "percentage": 52.01863354037267,
        "valid_percentage": 54.20711974110033,
        "registered_percentage": 16.270033997085964,
        "display_percentage": 52.02,
        "winner": true
      },
      "result_without_other_entry": {
        "163": {
          "percentage": 55.55555555555556,
          "valid_percentage": 58.05892547660312
        },
        "165": {
          "percentage": 55.4635761589404,
          "valid_percentage": 57.95847750865052
        },
        "166": {
          "percentage": 69.64656964656965,
          "valid_percentage": 73.62637362637363
        },
        "167": {
          "percentage": 53.77207062600321,