{
  "commission_name": "УИК №502",
  "ballot_name": "Выборы депутатов Законодательного Собрания Санкт-Петербурга седьмого созыва",
  "name": "Результаты выборов по одномандатному (многомандатному) округу",
  "protocol_scope": {
    "type": "uik",
    "id": 502
  },
  "electoral_district": {
    "type": "city",
    "id": 14
  },
  "data_id": 27820001915220,
  "ballot_data_id": 4784004434056,
  "has_koib": false,
  "generated_date": 1632149777000,
  "official_result": {
    "winner": {
      "id": 172,
      "position": 4,
      "percentage": 31.729667812142036,
      "valid_percentage": 32.66509433962264,
      "registered_percentage": 9.447476125511596,
      "supported_by_smart_vote": true
    },
    "turnout": {
      "count": 883,
      "percentage": 30.115961800818553,
      "walk_by_count": 874,
      "walk_by_percentage": 29.80900409276944,
      "on_home_count": 9,
      "on_home_percentage": 0.30695770804911326,
      "ahead_of_time_count": 0,
      "ahead_of_time_percentage": 0,
      "valid_count": 848,
      "valid_percentage": 28.922237380627557,
      "invalid_count": 25,
      "invalid_percentage": 0.8526603001364257,
      "taken_home_count": 10,
      "taken_home_percentage": 0.34106412005457026,
      "lost_count": 0,
      "lost_percentage": 0
    },
    "votes_stats": {
      "winning_count": 277,
      "winning_percentage": 31.729667812142036,
      "effective_count": 848,
      "losing_count": 571,
      "losing_percentage": 65.40664375715922,
      "other_count": 25,
      "other_percentage": 2.86368843069874,
      "by_place": {
        "#1": {
          "count": 277,
          "percentage": 31.729667812142036,
          "supported_by_smart_vote": true
        },
        "#2": {
          "count": 173,
          "percentage": 19.81672394043528
        },
        "#3": {
          "count": 107,
          "percentage": 12.256586483390606
        },
        "#4": {
          "count": 100,
          "percentage": 11.45475372279496
        },
        "#5": {
          "count": 63,
          "percentage": 7.216494845360824
        },
        "#6": {
          "count": 55,
          "percentage": 6.300114547537228
        },
        "#7": {
          "count": 42,
          "percentage": 4.810996563573884
        },
        "#8": {
          "count": 31,
          "percentage": 3.5509736540664374
        }
      }
    }
  },
  "turnout_protocols": {
    "17.09.2021": {
      "15.00": {
        "count": 272,
        "count_delta": 272,
        "count_delta_per_hour": 38.857142857142854,
        "count_delta_per_minute": 0.6476190476190476,
        "percentage": 9.31,
        "percentage_delta": 9.31,
        "percentage_delta_per_hour": 1.33,
        "percentage_delta_per_minute": 0.022166666666666668,
        "registered_count": 2922,
        "registered_count_delta": 2922,
        "registered_count_delta_per_hour": 417.42857142857144,
        "registered_count_delta_per_minute": 6.957142857142857
      },
      "20.00": {
        "count": 272,
        "count_delta": 0,
        "count_delta_per_hour": 0,
        "count_delta_per_minute": 0,
        "percentage": 9.31,
        "percentage_delta": 0,
        "percentage_delta_per_hour": 0,
        "percentage_delta_per_minute": 0,
        "registered_count": 2922,
        "registered_count_delta": 0,
        "registered_count_delta_per_hour": 0,
        "registered_count_delta_per_minute": 0
      }
    },
    "18.09.2021": {
      "15.00": {
        "count": 305,
        "count_delta": 33,
        "count_delta_per_hour": 4.714285714285714,
        "count_delta_per_minute": 0.07857142857142857,
        "percentage": 10.43,
        "percentage_delta": 1.1199999999999992,
        "percentage_delta_per_hour": 0.1599999999999999,
        "percentage_delta_per_minute": 0.002666666666666665,
        "registered_count": 2924,
        "registered_count_delta": 2,
        "registered_count_delta_per_hour": 0.2857142857142857,
        "registered_count_delta_per_minute": 0.004761904761904762
      },
      "20.00": {
        "count": 424,
        "count_delta": 119,
        "count_delta_per_hour": 23.8,
        "count_delta_per_minute": 0.39666666666666667,
        "percentage": 14.51,
        "percentage_delta": 4.08,
        "percentage_delta_per_hour": 0.8160000000000001,
        "percentage_delta_per_minute": 0.013600000000000001,
        "registered_count": 2922,
        "registered_count_delta": -2,
        "registered_count_delta_per_hour": -0.4,
        "registered_count_delta_per_minute": -0.006666666666666667
      }
    },
    "19.09.2021": {
      "10.00": {
        "count": 443,
        "count_delta": 19,
        "count_delta_per_hour": 9.5,
        "count_delta_per_minute": 0.15833333333333333,
        "percentage": 15.12,
        "percentage_delta": 0.6099999999999994,
        "percentage_delta_per_hour": 0.3049999999999997,
        "percentage_delta_per_minute": 0.005083333333333329
      },
      "12.00": {
        "count": 443,
        "count_delta": 0,
        "count_delta_per_hour": 0,
        "count_delta_per_minute": 0,
        "percentage": 15.12,
        "percentage_delta": 0,
        "percentage_delta_per_hour": 0,
        "percentage_delta_per_minute": 0
      },
      "15.00": {
        "count": 632,
        "count_delta": 189,
        "count_delta_per_hour": 63,
        "count_delta_per_minute": 1.05,
        "percentage": 21.55,
        "percentage_delta": 6.4300000000000015,
        "percentage_delta_per_hour": 2.143333333333334,
        "percentage_delta_per_minute": 0.03572222222222223
      },
      "18.00": {
        "count": 633,
        "count_delta": 1,
        "count_delta_per_hour": 0.3333333333333333,
        "count_delta_per_minute": 0.005555555555555556,
        "percentage": 21.59,
        "percentage_delta": 0.03999999999999915,
        "percentage_delta_per_hour": 0.01333333333333305,
        "percentage_delta_per_minute": 0.0002222222222222175
      },
      "20.00": {
        "count": 883,
        "count_delta": 250,
        "count_delta_per_hour": 125,
        "count_delta_per_minute": 2.0833333333333335,
        "percentage": 30.115961800818553,
        "percentage_delta": 8.525961800818553,
        "percentage_delta_per_hour": 4.262980900409277,
        "percentage_delta_per_minute": 0.07104968167348795,
        "registered_count": 2932,
        "registered_count_delta": 10,
        "registered_count_delta_per_hour": 0.8333333333333334,
        "registered_count_delta_per_minute": 0.013888888888888888
      }
    }
  },
  "metadata": {
    "analysis": {
      "negative_turnout_registered_count_protocols": 1,
      "negative_turnout_registered_count": 2,
      "protocol_count": 1,
      "exceeded_papers_count": 0,
      "exceeded_papers_steal_winning": 0,
      "checksum_valid": 1,
      "stuffed_protocol_for_172": 1,
      "stuffed_votes_for_172": 84.41420118343194
    },
    "voters": {
      "initially_registered_count": 2923,
      "registered_count": 2932,
      "walk_by_count": 874,
      "on_home_count": 9,
      "ahead_of_time_count": 0,
      "exceptional_count": 0,
      "added_count": 9
    },
    "papers": {
      "received_count": 2500,
      "destroyed_count": 1617,
      "stationary_box_count": 873,
      "portable_box_count": 0,
      "valid_count": 848,
      "invalid_count": 25,
      "lost_count": 0,
      "ignored_count": 0,
      "taken_home_count": 10
    }
  },
  "entries": [
    {
      "name": "Зинчук Алексей Валерьевич",
      "position": 4,
      "candidate_id": 172,
      "supported_by_party_id": 1,
      "supported_by_smart_vote": true,
      "official_result": {
        "votes_count": 277,
        "place": 1,
        "percentage": 31.729667812142036,
        "valid_percentage": 32.66509433962264,
        "registered_percentage": 9.447476125511596,
        "display_percentage": 31.73,
        "winner": true
      },
      "result_without_other_entry": {
        "49": {
          "percentage": 33.863080684596575,