{
  "commission_name": "УИК №1297",
  "ballot_name": "Выборы депутатов Законодательного Собрания Санкт-Петербурга седьмого созыва",
  "name": "Результаты выборов по одномандатному (многомандатному) округу",
  "protocol_scope": {
    "type": "uik",
    "id": 1297
  },
  "electoral_district": {
    "type": "city",
    "id": 20
  },
  "data_id": 27820001915220,
  "ballot_data_id": 4784010407150,
  "has_koib": false,
  "generated_date": 1632127074000,
  "official_result": {
    "winner": {
      "id": 192,
      "position": 3,
      "percentage": 34.57943925233645,
      "valid_percentage": 36.20352250489237,
      "registered_percentage": 12.115258677144729
    },
    "turnout": {
      "count": 537,
      "percentage": 35.16699410609037,
      "walk_by_count": 529,
      "walk_by_percentage": 34.64309102815979,
      "on_home_count": 8,
      "on_home_percentage": 0.5239030779305829,
      "ahead_of_time_count": 0,
      "ahead_of_time_percentage": 0,
      "valid_count": 511,
      "valid_percentage": 33.46430910281598,
      "invalid_count": 24,
      "invalid_percentage": 1.5717092337917484,
      "taken_home_count": 2,
      "taken_home_percentage": 0.13097576948264572,
      "lost_count": 0,
      "lost_percentage": 0
    },
    "votes_stats": {
      "winning_count": 185,
      "winning_percentage": 34.57943925233645,
      "effective_count": 511,
      "losing_count": 326,
      "losing_percentage": 60.93457943925233,
      "other_count": 24,
      "other_percentage": 4.485981308411215,
      "by_place": {
        "#1": {
          "count": 185,
          "percentage": 34.57943925233645
        },
        "#2": {
          "count": 129,
          "percentage": 24.11214953271028,
          "supported_by_smart_vote": true
        },
        "#3": {
          "count": 74,
          "percentage": 13.831775700934578
        },
        "#4": {
          "count": 42,
          "percentage": 7.850467289719626
        },
        "#5": {
          "count": 33,
          "percentage": 6.16822429906542
        },
        "#6": {
          "count": 28,
          "percentage": 5.233644859813085
        },
        "#7": {
          "count": 20,
          "percentage": 3.7383177570093453
        }
      }
    }
  },
  "turnout_protocols": {
    "17.09.2021": {
      "15.00": {
        "count": 93,
        "count_delta": 93,
        "count_delta_per_hour": 13.285714285714286,
        "count_delta_per_minute": 0.22142857142857142,
        "percentage": 6.11,
        "percentage_delta": 6.11,
        "percentage_delta_per_hour": 0.8728571428571429,
        "percentage_delta_per_minute": 0.014547619047619049,
        "registered_count": 1522,
        "registered_count_delta": 1522,
        "registered_count_delta_per_hour": 217.42857142857142,
        "registered_count_delta_per_minute": 3.623809523809524
      }
    },
    "18.09.2021": {
      "15.00": {
        "count": 211,
        "count_delta": 118,
        "count_delta_per_hour": 16.857142857142858,
        "count_delta_per_minute": 0.28095238095238095,
        "percentage": 13.85,
        "percentage_delta": 7.739999999999999,
        "percentage_delta_per_hour": 1.1057142857142856,
        "percentage_delta_per_minute": 0.018428571428571426,
        "registered_count": 1523,
        "registered_count_delta": 1,
        "registered_count_delta_per_hour": 0.14285714285714285,
        "registered_count_delta_per_minute": 0.002380952380952381
      },
      "20.00": {
        "count": 269,
        "count_delta": 58,
        "count_delta_per_hour": 11.6,
        "count_delta_per_minute": 0.19333333333333333,
        "percentage": 17.66,
        "percentage_delta": 3.8100000000000005,
        "percentage_delta_per_hour": 0.7620000000000001,
        "percentage_delta_per_minute": 0.012700000000000001,
        "registered_count": 1523,
        "registered_count_delta": 0,
        "registered_count_delta_per_hour": 0,
        "registered_count_delta_per_minute": 0
      }
    },
    "19.09.2021": {
      "10.00": {
        "count": 275,
        "count_delta": 6,
        "count_delta_per_hour": 3,
        "count_delta_per_minute": 0.05,
        "percentage": 17.99,
        "percentage_delta": 0.3299999999999983,
        "percentage_delta_per_hour": 0.16499999999999915,
        "percentage_delta_per_minute": 0.002749999999999986
      },
      "12.00": {
        "count": 304,
        "count_delta": 29,
        "count_delta_per_hour": 14.5,
        "count_delta_per_minute": 0.24166666666666667,
        "percentage": 19.89,
        "percentage_delta": 1.9000000000000021,
        "percentage_delta_per_hour": 0.9500000000000011,
        "percentage_delta_per_minute": 0.015833333333333352
      },
      "15.00": {
        "count": 314,
        "count_delta": 10,
        "count_delta_per_hour": 3.3333333333333335,
        "count_delta_per_minute": 0.05555555555555555,
        "percentage": 20.55,
        "percentage_delta": 0.6600000000000001,
        "percentage_delta_per_hour": 0.22000000000000006,
        "percentage_delta_per_minute": 0.0036666666666666675
      },
      "18.00": {
        "count": 467,
        "count_delta": 153,
        "count_delta_per_hour": 51,
        "count_delta_per_minute": 0.85,
        "percentage": 30.6,
        "percentage_delta": 10.05,
        "percentage_delta_per_hour": 3.35,
        "percentage_delta_per_minute": 0.05583333333333334
      },
      "20.00": {
        "count": 537,
        "count_delta": 70,
        "count_delta_per_hour": 35,
        "count_delta_per_minute": 0.5833333333333334,
        "percentage": 35.16699410609037,
        "percentage_delta": 4.56699410609037,
        "percentage_delta_per_hour": 2.283497053045185,
        "percentage_delta_per_minute": 0.03805828421741975,
        "registered_count": 1527,
        "registered_count_delta": 4,
        "registered_count_delta_per_hour": 0.3333333333333333,
        "registered_count_delta_per_minute": 0.005555555555555556
      }
    }
  },
  "metadata": {
    "analysis": {
      "protocol_count": 1,
      "exceeded_papers_count": 0,
      "exceeded_papers_steal_winning": 0,
      "checksum_valid": 1
    },
    "voters": {
      "initially_registered_count": 1523,
      "registered_count": 1527,
      "walk_by_count": 529,
      "on_home_count": 8,
      "ahead_of_time_count": 0,
      "exceptional_count": 0,
      "added_count": 4
    },
    "papers": {
      "received_count": 1500,
      "destroyed_count": 963,
      "stationary_box_count": 527,
      "portable_box_count": 8,
      "valid_count": 511,
      "invalid_count": 24,
      "lost_count": 0,
      "ignored_count": 0,
      "taken_home_count": 2
    }
  },
  "entries": [
    {
      "name": "Макаров Алексей Алексеевич",
      "position": 3,
      "candidate_id": 192,
      "supported_by_party_id": 5,
      "official_result": {
        "votes_count": 185,
        "place": 1,
        "percentage": 34.57943925233645,
        "valid_percentage": 36.20352250489237,
        "registered_percentage": 12.115258677144729,
        "display_percentage": 34.58,
        "winner": true
      },
      "result_without_other_entry": {
        "190": {
          "percentage": 36.489151873767256,
          "valid_percentage": 38.302277432712216
        },
        "191": {
          "percentage": 40.130151843817785,
          "valid_percentage": 42.33409610983982
        },
        "193": {
          "percentage": 37.52535496957404,
          "valid_percentage": 39.44562899786781
        },
        "194": {
          "percentage": 45.566502463054185,
          "valid_percentage": 48.42931937172775
        },
        "195": {
          "percentage": 36.852589641434264,
          "valid_percentage": 38.70292887029289
        },
        "196": {
          "percentage": 35.92233009708738,
          "valid_percentage": 37.67820773930753
        }
      }
    },
    {
      "name": "Хорзов Дмитрий Викторович",
      "position": 5,
      "candidate_id": 194,