{
  "commission_name": "УИК №2078",
  "ballot_name": "Выборы депутатов Законодательного Собрания Санкт-Петербурга седьмого созыва",
  "name": "Результаты выборов по единому округу",
  "protocol_scope": {
    "type": "uik",
    "id": 2078
  },
  "electoral_district": {
    "type": "city",
    "id": 0
  },
  "data_id": 27820001915220,
  "ballot_data_id": 4784016461290,
  "has_koib": false,
  "generated_date": 1632131783000,
  "official_result": {
    "winner": {
      "id": 5,
      "position": 2,
      "percentage": 25.664893617021278,
      "valid_percentage": 26.73130193905817,
      "registered_percentage": 7.804286291953093
    },
    "turnout": {
      "count": 758,
      "percentage": 30.651031136271733,
      "walk_by_count": 746,
      "walk_by_percentage": 30.16579053780833,
      "on_home_count": 12,
      "on_home_percentage": 0.4852405984634048,
      "ahead_of_time_count": 0,
      "ahead_of_time_percentage": 0,
      "valid_count": 722,
      "valid_percentage": 29.19530934088152,
      "invalid_count": 30,
      "invalid_percentage": 1.213101496158512,
      "taken_home_count": 6,
      "taken_home_percentage": 0.2426202992317024,
      "lost_count": 0,
      "lost_percentage": 0
    },
    "votes_stats": {
      "winning_count": 193,
      "winning_percentage": 25.664893617021278,
      "effective_count": 722,
      "losing_count": 529,
      "losing_percentage": 70.34574468085107,
      "other_count": 30,
      "other_percentage": 3.9893617021276597,
      "by_place": {
        "#1": {
          "count": 193,
          "percentage": 25.664893617021278
        },
        "#2": {
          "count": 155,
          "percentage": 20.611702127659576
        },
        "#5.5": {
          "count": 126,
          "percentage": 16.75531914893617
        },
        "#3": {
          "count": 103,
          "percentage": 13.696808510638297
        },
        "#4": {
          "count": 83,
          "percentage": 11.037234042553191
        },
        "#6": {
          "count": 53,
          "percentage": 7.047872340425531
        },
        "#7": {
          "count": 9,
          "percentage": 1.196808510638298
        }
      }
    }
  },
  "turnout_protocols": {
    "17.09.2021": {
      "15.00": {
        "count": 122,
        "count_delta": 122,
        "count_delta_per_hour": 17.428571428571427,
        "count_delta_per_minute": 0.2904761904761905,
        "percentage": 4.94,
        "percentage_delta": 4.94,
        "percentage_delta_per_hour": 0.7057142857142857,
        "percentage_delta_per_minute": 0.011761904761904763,
        "registered_count": 2470,
        "registered_count_delta": 2470,
        "registered_count_delta_per_hour": 352.85714285714283,
        "registered_count_delta_per_minute": 5.880952380952381
      },
      "20.00": {
        "count": 240,
        "count_delta": 118,
        "count_delta_per_hour": 23.6,
        "count_delta_per_minute": 0.3933333333333333,
        "percentage": 9.72,
        "percentage_delta": 4.78,
        "percentage_delta_per_hour": 0.9560000000000001,
        "percentage_delta_per_minute": 0.015933333333333334,
        "registered_count": 2469,
        "registered_count_delta": -1,
        "registered_count_delta_per_hour": -0.2,
        "registered_count_delta_per_minute": -0.0033333333333333335
      }
    },
    "18.09.2021": {
      "15.00": {
        "count": 330,
        "count_delta": 90,
        "count_delta_per_hour": 12.857142857142858,
        "count_delta_per_minute": 0.21428571428571427,
        "percentage": 13.37,
        "percentage_delta": 3.6499999999999986,
        "percentage_delta_per_hour": 0.5214285714285712,
        "percentage_delta_per_minute": 0.008690476190476188,
        "registered_count": 2468,
        "registered_count_delta": -1,
        "registered_count_delta_per_hour": -0.14285714285714285,
        "registered_count_delta_per_minute": -0.002380952380952381
      },
      "20.00": {
        "count": 396,
        "count_delta": 66,
        "count_delta_per_hour": 13.2,
        "count_delta_per_minute": 0.22,
        "percentage": 16.05,
        "percentage_delta": 2.6800000000000015,
        "percentage_delta_per_hour": 0.5360000000000003,
        "percentage_delta_per_minute": 0.008933333333333338,
        "registered_count": 2467,
        "registered_count_delta": -1,
        "registered_count_delta_per_hour": -0.2,
        "registered_count_delta_per_minute": -0.0033333333333333335
      }
    },
    "19.09.2021": {
      "10.00": {
        "count": 407,
        "count_delta": 11,
        "count_delta_per_hour": 5.5,
        "count_delta_per_minute": 0.09166666666666666,
        "percentage": 16.45,
        "percentage_delta": 0.3999999999999986,
        "percentage_delta_per_hour": 0.1999999999999993,
        "percentage_delta_per_minute": 0.0033333333333333214
      },
      "12.00": {
        "count": 462,
        "count_delta": 55,
        "count_delta_per_hour": 27.5,
        "count_delta_per_minute": 0.4583333333333333,
        "percentage": 18.68,
        "percentage_delta": 2.2300000000000004,
        "percentage_delta_per_hour": 1.1150000000000002,
        "percentage_delta_per_minute": 0.018583333333333337
      },
      "15.00": {
        "count": 572,
        "count_delta": 110,
        "count_delta_per_hour": 36.666666666666664,
        "count_delta_per_minute": 0.6111111111111112,
        "percentage": 23.11,
        "percentage_delta": 4.43,
        "percentage_delta_per_hour": 1.4766666666666666,
        "percentage_delta_per_minute": 0.024611111111111108
      },
      "18.00": {
        "count": 678,
        "count_delta": 106,
        "count_delta_per_hour": 35.333333333333336,
        "count_delta_per_minute": 0.5888888888888889,
        "percentage": 27.43,
        "percentage_delta": 4.32,
        "percentage_delta_per_hour": 1.4400000000000002,
        "percentage_delta_per_minute": 0.024
      },
      "20.00": {
        "count": 758,
        "count_delta": 80,
        "count_delta_per_hour": 40,
        "count_delta_per_minute": 0.6666666666666666,
        "percentage": 30.651031136271733,
        "percentage_delta": 3.2210311362717334,
        "percentage_delta_per_hour": 1.6105155681358667,
        "percentage_delta_per_minute": 0.026841926135597778,
        "registered_count": 2473,
        "registered_count_delta": 6,
        "registered_count_delta_per_hour": 0.5,
        "registered_count_delta_per_minute": 0.008333333333333333
      }
    }
  },
  "metadata": {
    "analysis": {
      "negative_turnout_registered_count_protocols": 1,
      "negative_turnout_registered_count": 1,
      "protocol_count": 1,
      "exceeded_papers_count": 0,
      "exceeded_papers_steal_winning": 0,
      "exceeded_papers_provide_extra_places": 0,
      "multiple_winners": 0,
      "checksum_valid": 1,
      "stuffed_protocol_for_1": 1,
      "stuffed_votes_for_1": 46.364705882352936
    },
    "voters": {
      "initially_registered_count": 2470,
      "registered_count": 2473,
      "walk_by_count": 746,
      "on_home_count": 12,
      "ahead_of_time_count": 0,
      "exceptional_count": 0,
      "added_count": 3
    },
    "papers": {
      "received_count": 2000,
      "destroyed_count": 1242,
      "stationary_box_count": 740,
      "portable_box_count": 12,
      "valid_count": 722,
      "invalid_count": 30,
      "lost_count": 0,
      "ignored_count": 0,
      "taken_home_count": 6
    }
  },
  "entries": [
    {
      "name": "Всероссийская политическая партия \"ЕДИНАЯ РОССИЯ\"",
      "position": 2,
      "party_id": 5,
      "official_result": {
        "votes_count": 193,
        "place": 1,
        "percentage": 25.664893617021278,
        "valid_percentage": 26.73130193905817,
        "registered_percentage": 7.804286291953093,
        "display_percentage": 25.66,
        "winner": true
      },
      "result_without_other_entry": {
        "1": {
          "percentage": 32.32830820770519,