{
  "commission_name": "УИК №2111",
  "ballot_name": "Выборы депутатов Законодательного Собрания Санкт-Петербурга седьмого созыва",
  "name": "Результаты выборов по единому округу",
  "protocol_scope": {
    "type": "uik",
    "id": 2111
  },
  "electoral_district": {
    "type": "city",
    "id": 0
  },
  "data_id": 27820001915220,
  "ballot_data_id": 4784029471275,
  "has_koib": false,
  "generated_date": 1632127135000,
  "official_result": {
    "winner": {
      "id": 1,
      "position": 6,
      "percentage": 50.84033613445378,
      "valid_percentage": 52.305475504322764,
      "registered_percentage": 16.278026905829595
    },
    "turnout": {
      "count": 733,
      "percentage": 32.869955156950674,
      "walk_by_count": 719,
      "walk_by_percentage": 32.24215246636771,
      "on_home_count": 14,
      "on_home_percentage": 0.6278026905829596,
      "ahead_of_time_count": 0,
      "ahead_of_time_percentage": 0,
      "valid_count": 694,
      "valid_percentage": 31.12107623318386,
      "invalid_count": 20,
      "invalid_percentage": 0.8968609865470852,
      "taken_home_count": 19,
      "taken_home_percentage": 0.8520179372197308,
      "lost_count": 0,
      "lost_percentage": 0
    },
    "votes_stats": {
      "winning_count": 363,
      "winning_percentage": 50.84033613445378,
      "effective_count": 694,
      "losing_count": 331,
      "losing_percentage": 46.358543417366946,
      "other_count": 20,
      "other_percentage": 2.801120448179272,
      "by_place": {
        "#1": {
          "count": 363,
          "percentage": 50.84033613445378
        },
        "#2": {
          "count": 183,
          "percentage": 25.630252100840334
        },
        "#3": {
          "count": 63,
          "percentage": 8.823529411764707
        },
        "#4": {
          "count": 32,
          "percentage": 4.481792717086835
        },
        "#5": {
          "count": 21,
          "percentage": 2.941176470588235
        },
        "#6": {
          "count": 18,
          "percentage": 2.5210084033613445
        },
        "#7": {
          "count": 10,
          "percentage": 1.400560224089636
        },
        "#8": {
          "count": 4,
          "percentage": 0.5602240896358543
        }
      }
    }
  },
  "turnout_protocols": {
    "17.09.2021": {
      "15.00": {
        "count": 137,
        "count_delta": 137,
        "count_delta_per_hour": 19.571428571428573,
        "count_delta_per_minute": 0.3261904761904762,
        "percentage": 6.17,
        "percentage_delta": 6.17,
        "percentage_delta_per_hour": 0.8814285714285715,
        "percentage_delta_per_minute": 0.01469047619047619,
        "registered_count": 2220,
        "registered_count_delta": 2220,
        "registered_count_delta_per_hour": 317.14285714285717,
        "registered_count_delta_per_minute": 5.285714285714286
      },
      "20.00": {
        "count": 241,
        "count_delta": 104,
        "count_delta_per_hour": 20.8,
        "count_delta_per_minute": 0.3466666666666667,
        "percentage": 10.83,
        "percentage_delta": 4.66,
        "percentage_delta_per_hour": 0.932,
        "percentage_delta_per_minute": 0.015533333333333333,
        "registered_count": 2225,
        "registered_count_delta": 5,
        "registered_count_delta_per_hour": 1,
        "registered_count_delta_per_minute": 0.016666666666666666
      }
    },
    "18.09.2021": {
      "15.00": {
        "count": 297,
        "count_delta": 56,
        "count_delta_per_hour": 8,
        "count_delta_per_minute": 0.13333333333333333,
        "percentage": 13.34,
        "percentage_delta": 2.51,
        "percentage_delta_per_hour": 0.35857142857142854,
        "percentage_delta_per_minute": 0.005976190476190476,
        "registered_count": 2226,
        "registered_count_delta": 1,
        "registered_count_delta_per_hour": 0.14285714285714285,
        "registered_count_delta_per_minute": 0.002380952380952381
      },
      "20.00": {
        "count": 366,
        "count_delta": 69,
        "count_delta_per_hour": 13.8,
        "count_delta_per_minute": 0.23,
        "percentage": 16.41,
        "percentage_delta": 3.0700000000000003,
        "percentage_delta_per_hour": 0.6140000000000001,
        "percentage_delta_per_minute": 0.010233333333333334,
        "registered_count": 2230,
        "registered_count_delta": 4,
        "registered_count_delta_per_hour": 0.8,
        "registered_count_delta_per_minute": 0.013333333333333334
      }
    },
    "19.09.2021": {
      "10.00": {
        "count": 392,
        "count_delta": 26,
        "count_delta_per_hour": 13,
        "count_delta_per_minute": 0.21666666666666667,
        "percentage": 17.57,
        "percentage_delta": 1.1600000000000001,
        "percentage_delta_per_hour": 0.5800000000000001,
        "percentage_delta_per_minute": 0.009666666666666667
      },
      "12.00": {
        "count": 418,
        "count_delta": 26,
        "count_delta_per_hour": 13,
        "count_delta_per_minute": 0.21666666666666667,
        "percentage": 18.74,
        "percentage_delta": 1.1699999999999982,
        "percentage_delta_per_hour": 0.5849999999999991,
        "percentage_delta_per_minute": 0.009749999999999984
      },
      "15.00": {
        "count": 546,
        "count_delta": 128,
        "count_delta_per_hour": 42.666666666666664,
        "count_delta_per_minute": 0.7111111111111111,
        "percentage": 24.47,
        "percentage_delta": 5.73,
        "percentage_delta_per_hour": 1.9100000000000001,
        "percentage_delta_per_minute": 0.03183333333333334
      },
      "18.00": {
        "count": 629,
        "count_delta": 83,
        "count_delta_per_hour": 27.666666666666668,
        "count_delta_per_minute": 0.46111111111111114,
        "percentage": 28.19,
        "percentage_delta": 3.7200000000000024,
        "percentage_delta_per_hour": 1.2400000000000009,
        "percentage_delta_per_minute": 0.02066666666666668
      },
      "20.00": {
        "count": 733,
        "count_delta": 104,
        "count_delta_per_hour": 52,
        "count_delta_per_minute": 0.8666666666666667,
        "percentage": 32.869955156950674,
        "percentage_delta": 4.6799551569506725,
        "percentage_delta_per_hour": 2.3399775784753363,
        "percentage_delta_per_minute": 0.038999626307922274,
        "registered_count": 2230,
        "registered_count_delta": 0,
        "registered_count_delta_per_hour": 0,
        "registered_count_delta_per_minute": 0
      }
    }
  },
  "metadata": {
    "analysis": {
      "protocol_count": 1,
      "exceeded_papers_count": 0,
      "exceeded_papers_steal_winning": 0,
      "exceeded_papers_provide_extra_places": 0,
      "multiple_winners": 0,
      "checksum_valid": 1
    },
    "voters": {
      "initially_registered_count": 2220,
      "registered_count": 2230,
      "walk_by_count": 719,
      "on_home_count": 14,
      "ahead_of_time_count": 0,
      "exceptional_count": 0,
      "added_count": 10
    },
    "papers": {
      "received_count": 1700,
      "destroyed_count": 967,
      "stationary_box_count": 700,
      "portable_box_count": 14,
      "valid_count": 694,
      "invalid_count": 20,
      "lost_count": 0,
      "ignored_count": 0,
      "taken_home_count": 19
    }
  },
  "entries": [
    {
      "name": "Политическая партия \"КОММУНИСТИЧЕСКАЯ ПАРТИЯ РОССИЙСКОЙ ФЕДЕРАЦИИ\"",
      "position": 6,
      "party_id": 1,
      "official_result": {
        "votes_count": 363,
        "place": 1,
        "percentage": 50.84033613445378,
        "valid_percentage": 52.305475504322764,
        "registered_percentage": 16.278026905829595,
        "display_percentage": 50.84,
        "winner": true
      },
      "result_without_other_entry": {
        "3": {
          "percentage": 68.36158192090396,
          "valid_percentage": 71.0371819960861
        },
        "4": {
          "percentage": 52.38095238095239,