{
  "commission_name": "УИК №1574",
  "ballot_name": "Выборы депутатов Законодательного Собрания Санкт-Петербурга седьмого созыва",
  "name": "Результаты выборов по одномандатному (многомандатному) округу",
  "protocol_scope": {
    "type": "uik",
    "id": 1574
  },
  "electoral_district": {
    "type": "city",
    "id": 23
  },
  "data_id": 27820001915220,
  "ballot_data_id": 4784022367915,
  "has_koib": false,
  "generated_date": 1632113651000,
  "official_result": {
    "winner": {
      "id": 61,
      "position": 2,
      "percentage": 28.03921568627451,
      "valid_percentage": 29.916317991631797,
      "registered_percentage": 9.273670557717251,
      "supported_by_smart_vote": true
    },
    "turnout": {
      "count": 511,
      "percentage": 33.13878080415045,
      "walk_by_count": 504,
      "walk_by_percentage": 32.68482490272373,
      "on_home_count": 7,
      "on_home_percentage": 0.4539559014267186,
      "ahead_of_time_count": 0,
      "ahead_of_time_percentage": 0,
      "valid_count": 478,
      "valid_percentage": 30.99870298313878,
      "invalid_count": 32,
      "invalid_percentage": 2.075226977950713,
      "taken_home_count": 1,
      "taken_home_percentage": 0.06485084306095978,
      "lost_count": 0,
      "lost_percentage": 0
    },
    "votes_stats": {
      "winning_count": 143,
      "winning_percentage": 28.03921568627451,
      "effective_count": 478,
      "losing_count": 335,
      "losing_percentage": 65.68627450980392,
      "other_count": 32,
      "other_percentage": 6.2745098039215685,
      "by_place": {
        "#1": {
          "count": 143,
          "percentage": 28.03921568627451,
          "supported_by_smart_vote": true
        },
        "#2": {
          "count": 107,
          "percentage": 20.980392156862745
        },
        "#3": {
          "count": 100,
          "percentage": 19.607843137254903
        },
        "#4": {
          "count": 46,
          "percentage": 9.019607843137255
        },
        "#5": {
          "count": 41,
          "percentage": 8.03921568627451
        },
        "#6": {
          "count": 30,
          "percentage": 5.88235294117647
        },
        "#7": {
          "count": 11,
          "percentage": 2.156862745098039
        }
      }
    }
  },
  "turnout_protocols": {
    "17.09.2021": {
      "15.00": {
        "count": 120,
        "count_delta": 120,
        "count_delta_per_hour": 17.142857142857142,
        "count_delta_per_minute": 0.2857142857142857,
        "percentage": 7.78,
        "percentage_delta": 7.78,
        "percentage_delta_per_hour": 1.1114285714285714,
        "percentage_delta_per_minute": 0.018523809523809526,
        "registered_count": 1542,
        "registered_count_delta": 1542,
        "registered_count_delta_per_hour": 220.28571428571428,
        "registered_count_delta_per_minute": 3.6714285714285713
      },
      "20.00": {
        "count": 193,
        "count_delta": 73,
        "count_delta_per_hour": 14.6,
        "count_delta_per_minute": 0.24333333333333335,
        "percentage": 12.52,
        "percentage_delta": 4.739999999999999,
        "percentage_delta_per_hour": 0.9479999999999998,
        "percentage_delta_per_minute": 0.015799999999999998,
        "registered_count": 1542,
        "registered_count_delta": 0,
        "registered_count_delta_per_hour": 0,
        "registered_count_delta_per_minute": 0
      }
    },
    "18.09.2021": {
      "15.00": {
        "count": 253,
        "count_delta": 60,
        "count_delta_per_hour": 8.571428571428571,
        "count_delta_per_minute": 0.14285714285714285,
        "percentage": 16.41,
        "percentage_delta": 3.8900000000000006,
        "percentage_delta_per_hour": 0.5557142857142858,
        "percentage_delta_per_minute": 0.009261904761904763,
        "registered_count": 1542,
        "registered_count_delta": 0,
        "registered_count_delta_per_hour": 0,
        "registered_count_delta_per_minute": 0
      },
      "20.00": {
        "count": 294,
        "count_delta": 41,
        "count_delta_per_hour": 8.2,
        "count_delta_per_minute": 0.13666666666666666,
        "percentage": 19.07,
        "percentage_delta": 2.66,
        "percentage_delta_per_hour": 0.532,
        "percentage_delta_per_minute": 0.008866666666666667,
        "registered_count": 1542,
        "registered_count_delta": 0,
        "registered_count_delta_per_hour": 0,
        "registered_count_delta_per_minute": 0
      }
    },
    "19.09.2021": {
      "10.00": {
        "count": 299,
        "count_delta": 5,
        "count_delta_per_hour": 2.5,
        "count_delta_per_minute": 0.041666666666666664,
        "percentage": 19.39,
        "percentage_delta": 0.3200000000000003,
        "percentage_delta_per_hour": 0.16000000000000014,
        "percentage_delta_per_minute": 0.002666666666666669
      },
      "12.00": {
        "count": 336,
        "count_delta": 37,
        "count_delta_per_hour": 18.5,
        "count_delta_per_minute": 0.30833333333333335,
        "percentage": 21.79,
        "percentage_delta": 2.3999999999999986,
        "percentage_delta_per_hour": 1.1999999999999993,
        "percentage_delta_per_minute": 0.019999999999999987
      },
      "15.00": {
        "count": 412,
        "count_delta": 76,
        "count_delta_per_hour": 25.333333333333332,
        "count_delta_per_minute": 0.4222222222222222,
        "percentage": 26.72,
        "percentage_delta": 4.93,
        "percentage_delta_per_hour": 1.6433333333333333,
        "percentage_delta_per_minute": 0.027388888888888886
      },
      "18.00": {
        "count": 476,
        "count_delta": 64,
        "count_delta_per_hour": 21.333333333333332,
        "count_delta_per_minute": 0.35555555555555557,
        "percentage": 30.87,
        "percentage_delta": 4.150000000000002,
        "percentage_delta_per_hour": 1.383333333333334,
        "percentage_delta_per_minute": 0.02305555555555557
      },
      "20.00": {
        "count": 511,
        "count_delta": 35,
        "count_delta_per_hour": 17.5,
        "count_delta_per_minute": 0.2916666666666667,
        "percentage": 33.13878080415045,
        "percentage_delta": 2.268780804150449,
        "percentage_delta_per_hour": 1.1343904020752245,
        "percentage_delta_per_minute": 0.018906506701253743,
        "registered_count": 1542,
        "registered_count_delta": 0,
        "registered_count_delta_per_hour": 0,
        "registered_count_delta_per_minute": 0
      }
    }
  },
  "metadata": {
    "analysis": {
      "protocol_count": 1,
      "exceeded_papers_count": 0,
      "exceeded_papers_steal_winning": 0,
      "checksum_valid": 1
    },
    "voters": {
      "initially_registered_count": 1542,
      "registered_count": 1542,
      "walk_by_count": 504,
      "on_home_count": 7,
      "ahead_of_time_count": 0,
      "exceptional_count": 0
    },
    "papers": {
      "received_count": 1200,
      "destroyed_count": 689,
      "stationary_box_count": 503,
      "portable_box_count": 7,
      "valid_count": 478,
      "invalid_count": 32,
      "lost_count": 0,
      "ignored_count": 0,
      "taken_home_count": 1
    }
  },
  "entries": [
    {
      "name": "Бакулин Владислав Юрьевич",
      "position": 2,
      "candidate_id": 61,
      "supported_by_party_id": 8,
      "supported_by_smart_vote": true,
      "official_result": {
        "votes_count": 143,
        "place": 1,
        "percentage": 28.03921568627451,
        "valid_percentage": 29.916317991631797,
        "registered_percentage": 9.273670557717251,
        "display_percentage": 28.04,
        "winner": true
      },
      "result_without_other_entry": {
        "64": {
          "percentage": 30.81896551724138,
          "valid_percentage": 33.101851851851855
        },
        "232": {
          "percentage": 35.483870967741936,
          "valid_percentage": 38.544474393531
        },
        "233": {
          "percentage": 28.65731462925852,