{
  "commission_name": "УИК №2013",
  "ballot_name": "Выборы депутатов Законодательного Собрания Санкт-Петербурга седьмого созыва",
  "name": "Результаты выборов по одномандатному (многомандатному) округу",
  "protocol_scope": {
    "type": "uik",
    "id": 2013
  },
  "electoral_district": {
    "type": "city",
    "id": 24
  },
  "data_id": 27820001915220,
  "ballot_data_id": 478405986479,
  "has_koib": false,
  "generated_date": 1632124905000,
  "official_result": {
    "winner": {
      "id": 205,
      "position": 5,
      "percentage": 28.241206030150757,
      "valid_percentage": 29.735449735449738,
      "registered_percentage": 11.28061019670815
    },
    "turnout": {
      "count": 995,
      "percentage": 39.94379767161782,
      "walk_by_count": 995,
      "walk_by_percentage": 39.94379767161782,
      "on_home_count": 0,
      "on_home_percentage": 0,
      "ahead_of_time_count": 0,
      "ahead_of_time_percentage": 0,
      "valid_count": 945,
      "valid_percentage": 37.936571657968685,
      "invalid_count": 50,
      "invalid_percentage": 2.0072260136491367,
      "taken_home_count": 0,
      "taken_home_percentage": 0,
      "lost_count": 0,
      "lost_percentage": 0
    },
    "votes_stats": {
      "winning_count": 281,
      "winning_percentage": 28.241206030150757,
      "effective_count": 945,
      "losing_count": 664,
      "losing_percentage": 66.73366834170854,
      "other_count": 50,
      "other_percentage": 5.025125628140704,
      "by_place": {
        "#1": {
          "count": 281,
          "percentage": 28.241206030150757
        },
        "#2": {
          "count": 272,
          "percentage": 27.33668341708543
        },
        "#3": {
          "count": 183,
          "percentage": 18.391959798994975
        },
        "#4": {
          "count": 109,
          "percentage": 10.954773869346733,
          "supported_by_smart_vote": true
        },
        "#5": {
          "count": 55,
          "percentage": 5.527638190954774
        },
        "#6": {
          "count": 31,
          "percentage": 3.1155778894472363
        },
        "#7": {
          "count": 14,
          "percentage": 1.407035175879397
        }
      }
    }
  },
  "turnout_protocols": {
    "17.09.2021": {
      "15.00": {
        "count": 165,
        "count_delta": 165,
        "count_delta_per_hour": 23.571428571428573,
        "count_delta_per_minute": 0.39285714285714285,
        "percentage": 6.48,
        "percentage_delta": 6.48,
        "percentage_delta_per_hour": 0.9257142857142858,
        "percentage_delta_per_minute": 0.01542857142857143,
        "registered_count": 2546,
        "registered_count_delta": 2546,
        "registered_count_delta_per_hour": 363.7142857142857,
        "registered_count_delta_per_minute": 6.061904761904762
      },
      "20.00": {
        "count": 304,
        "count_delta": 139,
        "count_delta_per_hour": 27.8,
        "count_delta_per_minute": 0.4633333333333333,
        "percentage": 11.93,
        "percentage_delta": 5.449999999999999,
        "percentage_delta_per_hour": 1.0899999999999999,
        "percentage_delta_per_minute": 0.018166666666666664,
        "registered_count": 2548,
        "registered_count_delta": 2,
        "registered_count_delta_per_hour": 0.4,
        "registered_count_delta_per_minute": 0.006666666666666667
      }
    },
    "18.09.2021": {
      "15.00": {
        "count": 484,
        "count_delta": 180,
        "count_delta_per_hour": 25.714285714285715,
        "count_delta_per_minute": 0.42857142857142855,
        "percentage": 19,
        "percentage_delta": 7.07,
        "percentage_delta_per_hour": 1.01,
        "percentage_delta_per_minute": 0.016833333333333336,
        "registered_count": 2547,
        "registered_count_delta": -1,
        "registered_count_delta_per_hour": -0.14285714285714285,
        "registered_count_delta_per_minute": -0.002380952380952381
      },
      "20.00": {
        "count": 591,
        "count_delta": 107,
        "count_delta_per_hour": 21.4,
        "count_delta_per_minute": 0.3566666666666667,
        "percentage": 23.19,
        "percentage_delta": 4.190000000000001,
        "percentage_delta_per_hour": 0.8380000000000003,
        "percentage_delta_per_minute": 0.01396666666666667,
        "registered_count": 2549,
        "registered_count_delta": 2,
        "registered_count_delta_per_hour": 0.4,
        "registered_count_delta_per_minute": 0.006666666666666667
      }
    },
    "19.09.2021": {
      "10.00": {
        "count": 581,
        "count_delta": -10,
        "count_delta_per_hour": -5,
        "count_delta_per_minute": -0.08333333333333333,
        "percentage": 23.31,
        "percentage_delta": 0.11999999999999744,
        "percentage_delta_per_hour": 0.05999999999999872,
        "percentage_delta_per_minute": 0.0009999999999999788
      },
      "12.00": {
        "count": 605,
        "count_delta": 24,
        "count_delta_per_hour": 12,
        "count_delta_per_minute": 0.2,
        "percentage": 24.29,
        "percentage_delta": 0.9800000000000004,
        "percentage_delta_per_hour": 0.4900000000000002,
        "percentage_delta_per_minute": 0.008166666666666671
      },
      "15.00": {
        "count": 750,
        "count_delta": 145,
        "count_delta_per_hour": 48.333333333333336,
        "count_delta_per_minute": 0.8055555555555556,
        "percentage": 30.1,
        "percentage_delta": 5.810000000000002,
        "percentage_delta_per_hour": 1.9366666666666674,
        "percentage_delta_per_minute": 0.03227777777777779
      },
      "18.00": {
        "count": 881,
        "count_delta": 131,
        "count_delta_per_hour": 43.666666666666664,
        "count_delta_per_minute": 0.7277777777777777,
        "percentage": 35.36,
        "percentage_delta": 5.259999999999998,
        "percentage_delta_per_hour": 1.7533333333333327,
        "percentage_delta_per_minute": 0.029222222222222212
      },
      "20.00": {
        "count": 995,
        "count_delta": 114,
        "count_delta_per_hour": 57,
        "count_delta_per_minute": 0.95,
        "percentage": 39.94379767161782,
        "percentage_delta": 4.583797671617823,
        "percentage_delta_per_hour": 2.2918988358089116,
        "percentage_delta_per_minute": 0.038198313930148525,
        "registered_count": 2491,
        "registered_count_delta": -58,
        "registered_count_delta_per_hour": -4.833333333333333,
        "registered_count_delta_per_minute": -0.08055555555555556
      }
    }
  },
  "metadata": {
    "analysis": {
      "negative_turnout_registered_count_protocols": 1,
      "negative_turnout_registered_count": 58,
      "negative_turnout_count_protocols": 1,
      "negative_turnout_count": 10,
      "protocol_count": 1,
      "exceeded_papers_count": 0,
      "exceeded_papers_steal_winning": 0,
      "checksum_valid": 1,
      "stuffed_protocol_for_205": 1,
      "stuffed_votes_for_205": 142.26801152737752
    },
    "voters": {
      "initially_registered_count": 2520,
      "registered_count": 2491,
      "walk_by_count": 995,
      "on_home_count": 0,
      "ahead_of_time_count": 0,
      "exceptional_count": 0,
      "removed_count": 29
    },
    "papers": {
      "received_count": 2000,
      "destroyed_count": 1005,
      "stationary_box_count": 995,
      "portable_box_count": 0,
      "valid_count": 945,
      "invalid_count": 50,
      "lost_count": 0,
      "ignored_count": 0,
      "taken_home_count": 0
    }
  },
  "entries": [
    {
      "name": "Павлов Дмитрий Геннадьевич",
      "position": 5,
      "candidate_id": 205,
      "supported_by_party_id": 4,
      "official_result": {
        "votes_count": 281,
        "place": 1,
        "percentage": 28.241206030150757,
        "valid_percentage": 29.735449735449738,
        "registered_percentage": 11.28061019670815,
        "display_percentage": 28.24,
        "winner": true
      },