{
  "commission_name": "УИК №1746",
  "ballot_name": "Выборы депутатов Законодательного Собрания Санкт-Петербурга седьмого созыва",
  "name": "Результаты выборов по единому округу",
  "protocol_scope": {
    "type": "uik",
    "id": 1746
  },
  "electoral_district": {
    "type": "city",
    "id": 0
  },
  "data_id": 27820001915220,
  "ballot_data_id": 4784014358281,
  "has_koib": false,
  "generated_date": 1632130128000,
  "official_result": {
    "winner": {
      "id": 5,
      "position": 2,
      "percentage": 28.960396039603957,
      "valid_percentage": 29.32330827067669,
      "registered_percentage": 9.458367016976556
    },
    "turnout": {
      "count": 404,
      "percentage": 32.65966046887631,
      "walk_by_count": 404,
      "walk_by_percentage": 32.65966046887631,
      "on_home_count": 0,
      "on_home_percentage": 0,
      "ahead_of_time_count": 0,
      "ahead_of_time_percentage": 0,
      "valid_count": 399,
      "valid_percentage": 32.2554567502021,
      "invalid_count": 5,
      "invalid_percentage": 0.40420371867421184,
      "taken_home_count": 0,
      "taken_home_percentage": 0,
      "lost_count": 0,
      "lost_percentage": 0
    },
    "votes_stats": {
      "winning_count": 117,
      "winning_percentage": 28.960396039603957,
      "effective_count": 399,
      "losing_count": 282,
      "losing_percentage": 69.80198019801979,
      "other_count": 5,
      "other_percentage": 1.2376237623762376,
      "by_place": {
        "#1": {
          "count": 117,
          "percentage": 28.960396039603957
        },
        "#2": {
          "count": 90,
          "percentage": 22.277227722772277
        },
        "#3": {
          "count": 53,
          "percentage": 13.118811881188119
        },
        "#4": {
          "count": 44,
          "percentage": 10.891089108910892
        },
        "#5": {
          "count": 43,
          "percentage": 10.643564356435643
        },
        "#6": {
          "count": 29,
          "percentage": 7.1782178217821775
        },
        "#7": {
          "count": 12,
          "percentage": 2.9702970297029703
        },
        "#8": {
          "count": 11,
          "percentage": 2.722772277227723
        }
      }
    }
  },
  "turnout_protocols": {
    "17.09.2021": {
      "15.00": {
        "count": 55,
        "count_delta": 55,
        "count_delta_per_hour": 7.857142857142857,
        "count_delta_per_minute": 0.13095238095238096,
        "percentage": 4.45,
        "percentage_delta": 4.45,
        "percentage_delta_per_hour": 0.6357142857142858,
        "percentage_delta_per_minute": 0.010595238095238095,
        "registered_count": 1236,
        "registered_count_delta": 1236,
        "registered_count_delta_per_hour": 176.57142857142858,
        "registered_count_delta_per_minute": 2.942857142857143
      },
      "20.00": {
        "count": 107,
        "count_delta": 52,
        "count_delta_per_hour": 10.4,
        "count_delta_per_minute": 0.17333333333333334,
        "percentage": 8.65,
        "percentage_delta": 4.2,
        "percentage_delta_per_hour": 0.8400000000000001,
        "percentage_delta_per_minute": 0.014,
        "registered_count": 1237,
        "registered_count_delta": 1,
        "registered_count_delta_per_hour": 0.2,
        "registered_count_delta_per_minute": 0.0033333333333333335
      }
    },
    "18.09.2021": {
      "15.00": {
        "count": 165,
        "count_delta": 58,
        "count_delta_per_hour": 8.285714285714286,
        "count_delta_per_minute": 0.1380952380952381,
        "percentage": 13.34,
        "percentage_delta": 4.6899999999999995,
        "percentage_delta_per_hour": 0.6699999999999999,
        "percentage_delta_per_minute": 0.011166666666666665,
        "registered_count": 1237,
        "registered_count_delta": 0,
        "registered_count_delta_per_hour": 0,
        "registered_count_delta_per_minute": 0
      },
      "20.00": {
        "count": 202,
        "count_delta": 37,
        "count_delta_per_hour": 7.4,
        "count_delta_per_minute": 0.12333333333333334,
        "percentage": 16.33,
        "percentage_delta": 2.9899999999999984,
        "percentage_delta_per_hour": 0.5979999999999996,
        "percentage_delta_per_minute": 0.009966666666666662,
        "registered_count": 1237,
        "registered_count_delta": 0,
        "registered_count_delta_per_hour": 0,
        "registered_count_delta_per_minute": 0
      }
    },
    "19.09.2021": {
      "10.00": {
        "count": 209,
        "count_delta": 7,
        "count_delta_per_hour": 3.5,
        "count_delta_per_minute": 0.058333333333333334,
        "percentage": 16.9,
        "percentage_delta": 0.5700000000000003,
        "percentage_delta_per_hour": 0.28500000000000014,
        "percentage_delta_per_minute": 0.0047500000000000025
      },
      "12.00": {
        "count": 241,
        "count_delta": 32,
        "count_delta_per_hour": 16,
        "count_delta_per_minute": 0.26666666666666666,
        "percentage": 19.48,
        "percentage_delta": 2.580000000000002,
        "percentage_delta_per_hour": 1.290000000000001,
        "percentage_delta_per_minute": 0.021500000000000016
      },
      "15.00": {
        "count": 296,
        "count_delta": 55,
        "count_delta_per_hour": 18.333333333333332,
        "count_delta_per_minute": 0.3055555555555556,
        "percentage": 23.93,
        "percentage_delta": 4.449999999999999,
        "percentage_delta_per_hour": 1.4833333333333332,
        "percentage_delta_per_minute": 0.02472222222222222
      },
      "18.00": {
        "count": 356,
        "count_delta": 60,
        "count_delta_per_hour": 20,
        "count_delta_per_minute": 0.3333333333333333,
        "percentage": 28.78,
        "percentage_delta": 4.850000000000001,
        "percentage_delta_per_hour": 1.6166666666666671,
        "percentage_delta_per_minute": 0.02694444444444445
      },
      "20.00": {
        "count": 404,
        "count_delta": 48,
        "count_delta_per_hour": 24,
        "count_delta_per_minute": 0.4,
        "percentage": 32.65966046887631,
        "percentage_delta": 3.8796604688763097,
        "percentage_delta_per_hour": 1.9398302344381548,
        "percentage_delta_per_minute": 0.032330503907302584,
        "registered_count": 1237,
        "registered_count_delta": 0,
        "registered_count_delta_per_hour": 0,
        "registered_count_delta_per_minute": 0
      }
    }
  },
  "metadata": {
    "analysis": {
      "protocol_count": 1,
      "exceeded_papers_count": 0,
      "exceeded_papers_steal_winning": 0,
      "exceeded_papers_provide_extra_places": 0,
      "multiple_winners": 0,
      "checksum_valid": 1
    },
    "voters": {
      "initially_registered_count": 1237,
      "registered_count": 1237,
      "walk_by_count": 404,
      "on_home_count": 0,
      "ahead_of_time_count": 0,
      "exceptional_count": 0
    },
    "papers": {
      "received_count": 1100,
      "destroyed_count": 696,
      "stationary_box_count": 404,
      "portable_box_count": 0,
      "valid_count": 399,
      "invalid_count": 5,
      "lost_count": 0,
      "ignored_count": 0,
      "taken_home_count": 0
    }
  },
  "entries": [
    {
      "name": "Всероссийская политическая партия \"ЕДИНАЯ РОССИЯ\"",
      "position": 2,
      "party_id": 5,
      "official_result": {
        "votes_count": 117,
        "place": 1,
        "percentage": 28.960396039603957,
        "valid_percentage": 29.32330827067669,
        "registered_percentage": 9.458367016976556,
        "display_percentage": 28.96,
        "winner": true
      },
      "result_without_other_entry": {
        "1": {
          "percentage": 37.261146496815286,
          "valid_percentage": 37.86407766990291
        },
        "3": {
          "percentage": 31.2,
          "valid_percentage": 31.62162162162162
        },
        "4": {
          "percentage": 32.5,
          "valid_percentage": 32.95774647887324
        },