{
  "commission_name": "УИК №1500",
  "ballot_name": "Выборы депутатов Законодательного Собрания Санкт-Петербурга седьмого созыва",
  "name": "Результаты выборов по единому округу",
  "protocol_scope": {
    "type": "uik",
    "id": 1500
  },
  "electoral_district": {
    "type": "city",
    "id": 0
  },
  "data_id": 27820001915220,
  "ballot_data_id": 478404981910,
  "has_koib": false,
  "generated_date": 1632128182000,
  "official_result": {
    "winner": {
      "id": 5,
      "position": 2,
      "percentage": 30.02680965147453,
      "valid_percentage": 30.982019363762102,
      "registered_percentage": 9.248554913294797
    },
    "turnout": {
      "count": 749,
      "percentage": 30.924855491329478,
      "walk_by_count": 732,
      "walk_by_percentage": 30.22295623451693,
      "on_home_count": 17,
      "on_home_percentage": 0.7018992568125516,
      "ahead_of_time_count": 0,
      "ahead_of_time_percentage": 0,
      "valid_count": 723,
      "valid_percentage": 29.851362510322048,
      "invalid_count": 23,
      "invalid_percentage": 0.9496284062758051,
      "taken_home_count": 3,
      "taken_home_percentage": 0.12386457473162675,
      "lost_count": 0,
      "lost_percentage": 0
    },
    "votes_stats": {
      "winning_count": 224,
      "winning_percentage": 30.02680965147453,
      "effective_count": 723,
      "losing_count": 499,
      "losing_percentage": 66.89008042895442,
      "other_count": 23,
      "other_percentage": 3.0831099195710454,
      "by_place": {
        "#1": {
          "count": 224,
          "percentage": 30.02680965147453
        },
        "#2": {
          "count": 156,
          "percentage": 20.91152815013405
        },
        "#3": {
          "count": 102,
          "percentage": 13.672922252010725
        },
        "#4": {
          "count": 93,
          "percentage": 12.466487935656836
        },
        "#5": {
          "count": 61,
          "percentage": 8.176943699731904
        },
        "#6": {
          "count": 45,
          "percentage": 6.032171581769437
        },
        "#7": {
          "count": 24,
          "percentage": 3.2171581769436997
        },
        "#8": {
          "count": 18,
          "percentage": 2.4128686327077746
        }
      }
    }
  },
  "turnout_protocols": {
    "17.09.2021": {
      "15.00": {
        "count": 167,
        "count_delta": 167,
        "count_delta_per_hour": 23.857142857142858,
        "count_delta_per_minute": 0.3976190476190476,
        "percentage": 7.01,
        "percentage_delta": 7.01,
        "percentage_delta_per_hour": 1.0014285714285713,
        "percentage_delta_per_minute": 0.01669047619047619,
        "registered_count": 2382,
        "registered_count_delta": 2382,
        "registered_count_delta_per_hour": 340.2857142857143,
        "registered_count_delta_per_minute": 5.671428571428572
      },
      "20.00": {
        "count": 264,
        "count_delta": 97,
        "count_delta_per_hour": 19.4,
        "count_delta_per_minute": 0.3233333333333333,
        "percentage": 11.05,
        "percentage_delta": 4.040000000000001,
        "percentage_delta_per_hour": 0.8080000000000002,
        "percentage_delta_per_minute": 0.01346666666666667,
        "registered_count": 2389,
        "registered_count_delta": 7,
        "registered_count_delta_per_hour": 1.4,
        "registered_count_delta_per_minute": 0.023333333333333334
      }
    },
    "18.09.2021": {
      "15.00": {
        "count": 350,
        "count_delta": 86,
        "count_delta_per_hour": 12.285714285714286,
        "count_delta_per_minute": 0.20476190476190476,
        "percentage": 14.63,
        "percentage_delta": 3.58,
        "percentage_delta_per_hour": 0.5114285714285715,
        "percentage_delta_per_minute": 0.008523809523809524,
        "registered_count": 2392,
        "registered_count_delta": 3,
        "registered_count_delta_per_hour": 0.42857142857142855,
        "registered_count_delta_per_minute": 0.007142857142857143
      },
      "20.00": {
        "count": 417,
        "count_delta": 67,
        "count_delta_per_hour": 13.4,
        "count_delta_per_minute": 0.22333333333333333,
        "percentage": 17.39,
        "percentage_delta": 2.76,
        "percentage_delta_per_hour": 0.5519999999999999,
        "percentage_delta_per_minute": 0.0092,
        "registered_count": 2398,
        "registered_count_delta": 6,
        "registered_count_delta_per_hour": 1.2,
        "registered_count_delta_per_minute": 0.02
      }
    },
    "19.09.2021": {
      "10.00": {
        "count": 429,
        "count_delta": 12,
        "count_delta_per_hour": 6,
        "count_delta_per_minute": 0.1,
        "percentage": 17.72,
        "percentage_delta": 0.3299999999999983,
        "percentage_delta_per_hour": 0.16499999999999915,
        "percentage_delta_per_minute": 0.002749999999999986
      },
      "12.00": {
        "count": 475,
        "count_delta": 46,
        "count_delta_per_hour": 23,
        "count_delta_per_minute": 0.38333333333333336,
        "percentage": 19.61,
        "percentage_delta": 1.8900000000000006,
        "percentage_delta_per_hour": 0.9450000000000003,
        "percentage_delta_per_minute": 0.015750000000000004
      },
      "15.00": {
        "count": 565,
        "count_delta": 90,
        "count_delta_per_hour": 30,
        "count_delta_per_minute": 0.5,
        "percentage": 23.34,
        "percentage_delta": 3.7300000000000004,
        "percentage_delta_per_hour": 1.2433333333333334,
        "percentage_delta_per_minute": 0.020722222222222225
      },
      "18.00": {
        "count": 687,
        "count_delta": 122,
        "count_delta_per_hour": 40.666666666666664,
        "count_delta_per_minute": 0.6777777777777778,
        "percentage": 28.35,
        "percentage_delta": 5.010000000000002,
        "percentage_delta_per_hour": 1.6700000000000006,
        "percentage_delta_per_minute": 0.027833333333333342
      },
      "20.00": {
        "count": 749,
        "count_delta": 62,
        "count_delta_per_hour": 31,
        "count_delta_per_minute": 0.5166666666666667,
        "percentage": 30.924855491329478,
        "percentage_delta": 2.574855491329476,
        "percentage_delta_per_hour": 1.287427745664738,
        "percentage_delta_per_minute": 0.0214571290944123,
        "registered_count": 2422,
        "registered_count_delta": 24,
        "registered_count_delta_per_hour": 2,
        "registered_count_delta_per_minute": 0.03333333333333333
      }
    }
  },
  "metadata": {
    "analysis": {
      "protocol_count": 1,
      "exceeded_papers_count": 0,
      "exceeded_papers_steal_winning": 0,
      "exceeded_papers_provide_extra_places": 0,
      "multiple_winners": 0,
      "checksum_valid": 1,
      "stuffed_protocol_for_4": 1,
      "stuffed_votes_for_4": 40.5
    },
    "voters": {
      "initially_registered_count": 2371,
      "registered_count": 2422,
      "walk_by_count": 732,
      "on_home_count": 17,
      "ahead_of_time_count": 0,
      "exceptional_count": 0,
      "added_count": 51
    },
    "papers": {
      "received_count": 2000,
      "destroyed_count": 1251,
      "stationary_box_count": 729,
      "portable_box_count": 17,
      "valid_count": 723,
      "invalid_count": 23,
      "lost_count": 0,
      "ignored_count": 0,
      "taken_home_count": 3
    }
  },
  "entries": [
    {
      "name": "Всероссийская политическая партия \"ЕДИНАЯ РОССИЯ\"",
      "position": 2,
      "party_id": 5,
      "official_result": {
        "votes_count": 224,
        "place": 1,
        "percentage": 30.02680965147453,
        "valid_percentage": 30.982019363762102,
        "registered_percentage": 9.248554913294797,
        "display_percentage": 30.03,
        "winner": true
      },
      "result_without_other_entry": {
        "1": {
          "percentage": 37.96610169491525,
          "valid_percentage": 39.50617283950617
        },
        "3": {
          "percentage": 32.7007299270073,