{
  "commission_name": "УИК №310",
  "ballot_name": "Выборы депутатов Законодательного Собрания Санкт-Петербурга седьмого созыва",
  "name": "Результаты выборов по единому округу",
  "protocol_scope": {
    "type": "uik",
    "id": 310
  },
  "electoral_district": {
    "type": "city",
    "id": 0
  },
  "data_id": 27820001915220,
  "ballot_data_id": 4784018429877,
  "has_koib": false,
  "generated_date": 1632131171000,
  "official_result": {
    "winner": {
      "id": 1,
      "position": 6,
      "percentage": 24.354657687991022,
      "valid_percentage": 25.08670520231214,
      "registered_percentage": 6.766448394137823
    },
    "turnout": {
      "count": 891,
      "percentage": 27.782974742750234,
      "walk_by_count": 888,
      "walk_by_percentage": 27.68942937324602,
      "on_home_count": 3,
      "on_home_percentage": 0.09354536950420954,
      "ahead_of_time_count": 0,
      "ahead_of_time_percentage": 0,
      "valid_count": 865,
      "valid_percentage": 26.972248207047084,
      "invalid_count": 26,
      "invalid_percentage": 0.8107265357031493,
      "taken_home_count": 0,
      "taken_home_percentage": 0,
      "lost_count": 0,
      "lost_percentage": 0
    },
    "votes_stats": {
      "winning_count": 217,
      "winning_percentage": 24.354657687991022,
      "effective_count": 865,
      "losing_count": 648,
      "losing_percentage": 72.72727272727273,
      "other_count": 26,
      "other_percentage": 2.9180695847362514,
      "by_place": {
        "#1": {
          "count": 217,
          "percentage": 24.354657687991022
        },
        "#2": {
          "count": 199,
          "percentage": 22.334455667789
        },
        "#3": {
          "count": 137,
          "percentage": 15.375982042648708
        },
        "#4": {
          "count": 108,
          "percentage": 12.121212121212121
        },
        "#5": {
          "count": 89,
          "percentage": 9.988776655443322
        },
        "#6": {
          "count": 60,
          "percentage": 6.7340067340067336
        },
        "#7": {
          "count": 36,
          "percentage": 4.040404040404041
        },
        "#8": {
          "count": 19,
          "percentage": 2.132435465768799
        }
      }
    }
  },
  "turnout_protocols": {
    "17.09.2021": {
      "15.00": {
        "count": 135,
        "count_delta": 135,
        "count_delta_per_hour": 19.285714285714285,
        "count_delta_per_minute": 0.32142857142857145,
        "percentage": 4.44,
        "percentage_delta": 4.44,
        "percentage_delta_per_hour": 0.6342857142857143,
        "percentage_delta_per_minute": 0.010571428571428572,
        "registered_count": 3041,
        "registered_count_delta": 3041,
        "registered_count_delta_per_hour": 434.42857142857144,
        "registered_count_delta_per_minute": 7.2404761904761905
      },
      "20.00": {
        "count": 233,
        "count_delta": 98,
        "count_delta_per_hour": 19.6,
        "count_delta_per_minute": 0.32666666666666666,
        "percentage": 7.66,
        "percentage_delta": 3.2199999999999998,
        "percentage_delta_per_hour": 0.6439999999999999,
        "percentage_delta_per_minute": 0.010733333333333333,
        "registered_count": 3042,
        "registered_count_delta": 1,
        "registered_count_delta_per_hour": 0.2,
        "registered_count_delta_per_minute": 0.0033333333333333335
      }
    },
    "18.09.2021": {
      "15.00": {
        "count": 324,
        "count_delta": 91,
        "count_delta_per_hour": 13,
        "count_delta_per_minute": 0.21666666666666667,
        "percentage": 10.65,
        "percentage_delta": 2.99,
        "percentage_delta_per_hour": 0.42714285714285716,
        "percentage_delta_per_minute": 0.0071190476190476195,
        "registered_count": 3042,
        "registered_count_delta": 0,
        "registered_count_delta_per_hour": 0,
        "registered_count_delta_per_minute": 0
      },
      "20.00": {
        "count": 402,
        "count_delta": 78,
        "count_delta_per_hour": 15.6,
        "count_delta_per_minute": 0.26,
        "percentage": 13.21,
        "percentage_delta": 2.5600000000000005,
        "percentage_delta_per_hour": 0.5120000000000001,
        "percentage_delta_per_minute": 0.008533333333333335,
        "registered_count": 3043,
        "registered_count_delta": 1,
        "registered_count_delta_per_hour": 0.2,
        "registered_count_delta_per_minute": 0.0033333333333333335
      }
    },
    "19.09.2021": {
      "10.00": {
        "count": 433,
        "count_delta": 31,
        "count_delta_per_hour": 15.5,
        "count_delta_per_minute": 0.25833333333333336,
        "percentage": 13.51,
        "percentage_delta": 0.29999999999999893,
        "percentage_delta_per_hour": 0.14999999999999947,
        "percentage_delta_per_minute": 0.002499999999999991
      },
      "12.00": {
        "count": 476,
        "count_delta": 43,
        "count_delta_per_hour": 21.5,
        "count_delta_per_minute": 0.35833333333333334,
        "percentage": 14.83,
        "percentage_delta": 1.3200000000000003,
        "percentage_delta_per_hour": 0.6600000000000001,
        "percentage_delta_per_minute": 0.011000000000000003
      },
      "15.00": {
        "count": 623,
        "count_delta": 147,
        "count_delta_per_hour": 49,
        "count_delta_per_minute": 0.8166666666666667,
        "percentage": 19.43,
        "percentage_delta": 4.6,
        "percentage_delta_per_hour": 1.5333333333333332,
        "percentage_delta_per_minute": 0.025555555555555554
      },
      "18.00": {
        "count": 743,
        "count_delta": 120,
        "count_delta_per_hour": 40,
        "count_delta_per_minute": 0.6666666666666666,
        "percentage": 23.18,
        "percentage_delta": 3.75,
        "percentage_delta_per_hour": 1.25,
        "percentage_delta_per_minute": 0.020833333333333332
      },
      "20.00": {
        "count": 891,
        "count_delta": 148,
        "count_delta_per_hour": 74,
        "count_delta_per_minute": 1.2333333333333334,
        "percentage": 27.782974742750234,
        "percentage_delta": 4.602974742750234,
        "percentage_delta_per_hour": 2.301487371375117,
        "percentage_delta_per_minute": 0.03835812285625195,
        "registered_count": 3207,
        "registered_count_delta": 164,
        "registered_count_delta_per_hour": 13.666666666666666,
        "registered_count_delta_per_minute": 0.22777777777777777
      }
    }
  },
  "metadata": {
    "analysis": {
      "protocol_count": 1,
      "exceeded_papers_count": 0,
      "exceeded_papers_steal_winning": 0,
      "exceeded_papers_provide_extra_places": 0,
      "multiple_winners": 0,
      "checksum_valid": 1
    },
    "voters": {
      "initially_registered_count": 3042,
      "registered_count": 3207,
      "walk_by_count": 888,
      "on_home_count": 3,
      "ahead_of_time_count": 0,
      "exceptional_count": 0,
      "added_count": 165
    },
    "papers": {
      "received_count": 2500,
      "destroyed_count": 1609,
      "stationary_box_count": 888,
      "portable_box_count": 3,
      "valid_count": 865,
      "invalid_count": 26,
      "lost_count": 0,
      "ignored_count": 0,
      "taken_home_count": 0
    }
  },
  "entries": [
    {
      "name": "Политическая партия \"КОММУНИСТИЧЕСКАЯ ПАРТИЯ РОССИЙСКОЙ ФЕДЕРАЦИИ\"",
      "position": 6,
      "party_id": 1,
      "official_result": {
        "votes_count": 217,
        "place": 1,
        "percentage": 24.354657687991022,
        "valid_percentage": 25.08670520231214,
        "registered_percentage": 6.766448394137823,
        "display_percentage": 24.35,
        "winner": true
      },
      "result_without_other_entry": {
        "3": {
          "percentage": 26.113116726835138,
          "valid_percentage": 26.956521739130434
        },
        "4": {
          "percentage": 27.713920817369093,
          "valid_percentage": 28.66578599735799
        },