{
  "commission_name": "УИК №1213",
  "ballot_name": "Выборы депутатов Законодательного Собрания Санкт-Петербурга седьмого созыва",
  "name": "Результаты выборов по одномандатному (многомандатному) округу",
  "protocol_scope": {
    "type": "uik",
    "id": 1213
  },
  "electoral_district": {
    "type": "city",
    "id": 19
  },
  "data_id": 27820001915220,
  "ballot_data_id": 4784026409828,
  "has_koib": true,
  "generated_date": 1632118502000,
  "official_result": {
    "winner": {
      "id": 99,
      "position": 1,
      "percentage": 44.41056910569105,
      "valid_percentage": 46.53887113951012,
      "registered_percentage": 19.990850869167428
    },
    "turnout": {
      "count": 984,
      "percentage": 45.01372369624886,
      "walk_by_count": 976,
      "walk_by_percentage": 44.647758462946015,
      "on_home_count": 8,
      "on_home_percentage": 0.36596523330283626,
      "ahead_of_time_count": 0,
      "ahead_of_time_percentage": 0,
      "valid_count": 939,
      "valid_percentage": 42.9551692589204,
      "invalid_count": 45,
      "invalid_percentage": 2.058554437328454,
      "taken_home_count": 0,
      "taken_home_percentage": 0,
      "lost_count": 0,
      "lost_percentage": 0
    },
    "votes_stats": {
      "winning_count": 437,
      "winning_percentage": 44.41056910569105,
      "effective_count": 939,
      "losing_count": 502,
      "losing_percentage": 51.016260162601625,
      "other_count": 45,
      "other_percentage": 4.573170731707317,
      "by_place": {
        "#1": {
          "count": 437,
          "percentage": 44.41056910569105
        },
        "#2": {
          "count": 194,
          "percentage": 19.715447154471544
        },
        "#3": {
          "count": 145,
          "percentage": 14.735772357723578,
          "supported_by_smart_vote": true
        },
        "#4": {
          "count": 83,
          "percentage": 8.434959349593496
        },
        "#5": {
          "count": 45,
          "percentage": 4.573170731707317
        },
        "#6": {
          "count": 35,
          "percentage": 3.556910569105691
        }
      }
    }
  },
  "turnout_protocols": {
    "17.09.2021": {
      "15.00": {
        "count": 308,
        "count_delta": 308,
        "count_delta_per_hour": 44,
        "count_delta_per_minute": 0.7333333333333333,
        "percentage": 14.17,
        "percentage_delta": 14.17,
        "percentage_delta_per_hour": 2.0242857142857145,
        "percentage_delta_per_minute": 0.03373809523809524,
        "registered_count": 2174,
        "registered_count_delta": 2174,
        "registered_count_delta_per_hour": 310.57142857142856,
        "registered_count_delta_per_minute": 5.1761904761904765
      },
      "20.00": {
        "count": 438,
        "count_delta": 130,
        "count_delta_per_hour": 26,
        "count_delta_per_minute": 0.43333333333333335,
        "percentage": 20.15,
        "percentage_delta": 5.979999999999999,
        "percentage_delta_per_hour": 1.1959999999999997,
        "percentage_delta_per_minute": 0.019933333333333327,
        "registered_count": 2174,
        "registered_count_delta": 0,
        "registered_count_delta_per_hour": 0,
        "registered_count_delta_per_minute": 0
      }
    },
    "18.09.2021": {
      "15.00": {
        "count": 601,
        "count_delta": 163,
        "count_delta_per_hour": 23.285714285714285,
        "count_delta_per_minute": 0.3880952380952381,
        "percentage": 27.64,
        "percentage_delta": 7.490000000000002,
        "percentage_delta_per_hour": 1.0700000000000003,
        "percentage_delta_per_minute": 0.017833333333333336,
        "registered_count": 2174,
        "registered_count_delta": 0,
        "registered_count_delta_per_hour": 0,
        "registered_count_delta_per_minute": 0
      },
      "20.00": {
        "count": 618,
        "count_delta": 17,
        "count_delta_per_hour": 3.4,
        "count_delta_per_minute": 0.056666666666666664,
        "percentage": 28.43,
        "percentage_delta": 0.7899999999999991,
        "percentage_delta_per_hour": 0.15799999999999984,
        "percentage_delta_per_minute": 0.0026333333333333304,
        "registered_count": 2174,
        "registered_count_delta": 0,
        "registered_count_delta_per_hour": 0,
        "registered_count_delta_per_minute": 0
      }
    },
    "19.09.2021": {
      "10.00": {
        "count": 689,
        "count_delta": 71,
        "count_delta_per_hour": 35.5,
        "count_delta_per_minute": 0.5916666666666667,
        "percentage": 31.51,
        "percentage_delta": 3.080000000000002,
        "percentage_delta_per_hour": 1.540000000000001,
        "percentage_delta_per_minute": 0.02566666666666668
      },
      "12.00": {
        "count": 727,
        "count_delta": 38,
        "count_delta_per_hour": 19,
        "count_delta_per_minute": 0.31666666666666665,
        "percentage": 33.26,
        "percentage_delta": 1.7499999999999964,
        "percentage_delta_per_hour": 0.8749999999999982,
        "percentage_delta_per_minute": 0.014583333333333304
      },
      "15.00": {
        "count": 846,
        "count_delta": 119,
        "count_delta_per_hour": 39.666666666666664,
        "count_delta_per_minute": 0.6611111111111111,
        "percentage": 38.68,
        "percentage_delta": 5.420000000000002,
        "percentage_delta_per_hour": 1.8066666666666673,
        "percentage_delta_per_minute": 0.03011111111111112
      },
      "18.00": {
        "count": 919,
        "count_delta": 73,
        "count_delta_per_hour": 24.333333333333332,
        "count_delta_per_minute": 0.40555555555555556,
        "percentage": 42.04,
        "percentage_delta": 3.3599999999999994,
        "percentage_delta_per_hour": 1.1199999999999999,
        "percentage_delta_per_minute": 0.018666666666666665
      },
      "20.00": {
        "count": 984,
        "count_delta": 65,
        "count_delta_per_hour": 32.5,
        "count_delta_per_minute": 0.5416666666666666,
        "percentage": 45.01372369624886,
        "percentage_delta": 2.973723696248861,
        "percentage_delta_per_hour": 1.4868618481244305,
        "percentage_delta_per_minute": 0.02478103080207384,
        "registered_count": 2186,
        "registered_count_delta": 12,
        "registered_count_delta_per_hour": 1,
        "registered_count_delta_per_minute": 0.016666666666666666
      }
    }
  },
  "metadata": {
    "analysis": {
      "protocol_count": 1,
      "exceeded_papers_count": 0,
      "exceeded_papers_steal_winning": 0,
      "checksum_valid": 1
    },
    "voters": {
      "initially_registered_count": 2174,
      "registered_count": 2186,
      "walk_by_count": 976,
      "on_home_count": 8,
      "ahead_of_time_count": 0,
      "exceptional_count": 0,
      "added_count": 12
    },
    "papers": {
      "received_count": 2000,
      "destroyed_count": 1016,
      "stationary_box_count": 976,
      "portable_box_count": 8,
      "valid_count": 939,
      "invalid_count": 45,
      "lost_count": 0,
      "ignored_count": 0,
      "taken_home_count": 0
    }
  },
  "entries": [
    {
      "name": "Барышников Михаил Иванович",
      "position": 1,
      "candidate_id": 99,
      "supported_by_party_id": 5,
      "official_result": {
        "votes_count": 437,
        "place": 1,
        "percentage": 44.41056910569105,
        "valid_percentage": 46.53887113951012,
        "registered_percentage": 19.990850869167428,
        "display_percentage": 44.41,
        "winner": true
      },
      "result_without_other_entry": {
        "82": {
          "percentage": 55.316455696202524,
          "valid_percentage": 58.65771812080537
        },
        "100": {
          "percentage": 46.048472075869334,
          "valid_percentage": 48.34070796460177
        },
        "101": {
          "percentage": 46.53887113951012,
          "valid_percentage": 48.88143176733781
        },
        "102": {
          "percentage": 48.50166481687015,