{
  "commission_name": "УИК №2062",
  "ballot_name": "Выборы депутатов Законодательного Собрания Санкт-Петербурга седьмого созыва",
  "name": "Результаты выборов по одномандатному (многомандатному) округу",
  "protocol_scope": {
    "type": "uik",
    "id": 2062
  },
  "electoral_district": {
    "type": "city",
    "id": 15
  },
  "data_id": 27820001915220,
  "ballot_data_id": 4784016461274,
  "has_koib": false,
  "generated_date": 1632115438000,
  "official_result": {
    "winner": {
      "id": 228,
      "position": 5,
      "percentage": 45.24180967238689,
      "valid_percentage": 45.95879556259905,
      "registered_percentage": 14.609571788413097
    },
    "turnout": {
      "count": 641,
      "percentage": 32.29219143576827,
      "walk_by_count": 587,
      "walk_by_percentage": 29.571788413098236,
      "on_home_count": 54,
      "on_home_percentage": 2.720403022670025,
      "ahead_of_time_count": 0,
      "ahead_of_time_percentage": 0,
      "valid_count": 631,
      "valid_percentage": 31.788413098236777,
      "invalid_count": 10,
      "invalid_percentage": 0.5037783375314862,
      "taken_home_count": 0,
      "taken_home_percentage": 0,
      "lost_count": 0,
      "lost_percentage": 0
    },
    "votes_stats": {
      "winning_count": 290,
      "winning_percentage": 45.24180967238689,
      "effective_count": 631,
      "losing_count": 341,
      "losing_percentage": 53.198127925117,
      "other_count": 10,
      "other_percentage": 1.5600624024960998,
      "by_place": {
        "#1": {
          "count": 290,
          "percentage": 45.24180967238689
        },
        "#2": {
          "count": 90,
          "percentage": 14.040561622464898,
          "supported_by_smart_vote": true
        },
        "#3": {
          "count": 80,
          "percentage": 12.480499219968799
        },
        "#4": {
          "count": 58,
          "percentage": 9.048361934477379
        },
        "#5": {
          "count": 45,
          "percentage": 7.020280811232449
        },
        "#6": {
          "count": 40,
          "percentage": 6.240249609984399
        },
        "#7": {
          "count": 25,
          "percentage": 3.9001560062402496
        },
        "#8": {
          "count": 3,
          "percentage": 0.46801872074883
        }
      }
    }
  },
  "turnout_protocols": {
    "17.09.2021": {
      "15.00": {
        "count": 118,
        "count_delta": 118,
        "count_delta_per_hour": 16.857142857142858,
        "count_delta_per_minute": 0.28095238095238095,
        "percentage": 5.95,
        "percentage_delta": 5.95,
        "percentage_delta_per_hour": 0.85,
        "percentage_delta_per_minute": 0.014166666666666668,
        "registered_count": 1983,
        "registered_count_delta": 1983,
        "registered_count_delta_per_hour": 283.2857142857143,
        "registered_count_delta_per_minute": 4.7214285714285715
      },
      "20.00": {
        "count": 248,
        "count_delta": 130,
        "count_delta_per_hour": 26,
        "count_delta_per_minute": 0.43333333333333335,
        "percentage": 12.51,
        "percentage_delta": 6.56,
        "percentage_delta_per_hour": 1.3119999999999998,
        "percentage_delta_per_minute": 0.021866666666666666,
        "registered_count": 1982,
        "registered_count_delta": -1,
        "registered_count_delta_per_hour": -0.2,
        "registered_count_delta_per_minute": -0.0033333333333333335
      }
    },
    "18.09.2021": {
      "15.00": {
        "count": 324,
        "count_delta": 76,
        "count_delta_per_hour": 10.857142857142858,
        "count_delta_per_minute": 0.18095238095238095,
        "percentage": 16.34,
        "percentage_delta": 3.83,
        "percentage_delta_per_hour": 0.5471428571428572,
        "percentage_delta_per_minute": 0.009119047619047619,
        "registered_count": 1983,
        "registered_count_delta": 1,
        "registered_count_delta_per_hour": 0.14285714285714285,
        "registered_count_delta_per_minute": 0.002380952380952381
      },
      "20.00": {
        "count": 464,
        "count_delta": 140,
        "count_delta_per_hour": 28,
        "count_delta_per_minute": 0.4666666666666667,
        "percentage": 23.4,
        "percentage_delta": 7.059999999999999,
        "percentage_delta_per_hour": 1.4119999999999997,
        "percentage_delta_per_minute": 0.02353333333333333,
        "registered_count": 1983,
        "registered_count_delta": 0,
        "registered_count_delta_per_hour": 0,
        "registered_count_delta_per_minute": 0
      }
    },
    "19.09.2021": {
      "10.00": {
        "count": 485,
        "count_delta": 21,
        "count_delta_per_hour": 10.5,
        "count_delta_per_minute": 0.175,
        "percentage": 24.41,
        "percentage_delta": 1.0100000000000016,
        "percentage_delta_per_hour": 0.5050000000000008,
        "percentage_delta_per_minute": 0.00841666666666668
      },
      "12.00": {
        "count": 485,
        "count_delta": 0,
        "count_delta_per_hour": 0,
        "count_delta_per_minute": 0,
        "percentage": 24.41,
        "percentage_delta": 0,
        "percentage_delta_per_hour": 0,
        "percentage_delta_per_minute": 0
      },
      "15.00": {
        "count": 489,
        "count_delta": 4,
        "count_delta_per_hour": 1.3333333333333333,
        "count_delta_per_minute": 0.022222222222222223,
        "percentage": 24.65,
        "percentage_delta": 0.23999999999999844,
        "percentage_delta_per_hour": 0.07999999999999947,
        "percentage_delta_per_minute": 0.0013333333333333246
      },
      "18.00": {
        "count": 567,
        "count_delta": 78,
        "count_delta_per_hour": 26,
        "count_delta_per_minute": 0.43333333333333335,
        "percentage": 28.58,
        "percentage_delta": 3.9299999999999997,
        "percentage_delta_per_hour": 1.3099999999999998,
        "percentage_delta_per_minute": 0.021833333333333333
      },
      "20.00": {
        "count": 641,
        "count_delta": 74,
        "count_delta_per_hour": 37,
        "count_delta_per_minute": 0.6166666666666667,
        "percentage": 32.29219143576827,
        "percentage_delta": 3.7121914357682684,
        "percentage_delta_per_hour": 1.8560957178841342,
        "percentage_delta_per_minute": 0.030934928631402236,
        "registered_count": 1985,
        "registered_count_delta": 2,
        "registered_count_delta_per_hour": 0.16666666666666666,
        "registered_count_delta_per_minute": 0.002777777777777778
      }
    }
  },
  "metadata": {
    "analysis": {
      "negative_turnout_registered_count_protocols": 1,
      "negative_turnout_registered_count": 1,
      "protocol_count": 1,
      "exceeded_papers_count": 0,
      "exceeded_papers_steal_winning": 0,
      "checksum_valid": 1
    },
    "voters": {
      "initially_registered_count": 1983,
      "registered_count": 1985,
      "walk_by_count": 587,
      "on_home_count": 54,
      "ahead_of_time_count": 0,
      "exceptional_count": 0,
      "added_count": 2
    },
    "papers": {
      "received_count": 1500,
      "destroyed_count": 859,
      "stationary_box_count": 587,
      "portable_box_count": 54,
      "valid_count": 631,
      "invalid_count": 10,
      "lost_count": 0,
      "ignored_count": 0,
      "taken_home_count": 0
    }
  },
  "entries": [
    {
      "name": "Рябоконь Андрей Алексеевич",
      "position": 5,
      "candidate_id": 228,
      "supported_by_party_id": 5,
      "official_result": {
        "votes_count": 290,
        "place": 1,
        "percentage": 45.24180967238689,
        "valid_percentage": 45.95879556259905,
        "registered_percentage": 14.609571788413097,
        "display_percentage": 45.24,
        "winner": true
      },
      "result_without_other_entry": {
        "224": {
          "percentage": 51.69340463458111,
          "valid_percentage": 52.63157894736842
        },
        "225": {
          "percentage": 49.74271012006861,