{
  "commission_name": "УИК №145",
  "ballot_name": "Выборы депутатов Законодательного Собрания Санкт-Петербурга седьмого созыва",
  "name": "Результаты выборов по одномандатному (многомандатному) округу",
  "protocol_scope": {
    "type": "uik",
    "id": 145
  },
  "electoral_district": {
    "type": "city",
    "id": 4
  },
  "data_id": 27820001915220,
  "ballot_data_id": 478403283768,
  "has_koib": true,
  "generated_date": 1632113651000,
  "official_result": {
    "winner": {
      "id": 22,
      "position": 2,
      "percentage": 33.90557939914164,
      "valid_percentage": 34.99446290143965,
      "registered_percentage": 13.172155064610255,
      "supported_by_smart_vote": true
    },
    "turnout": {
      "count": 976,
      "percentage": 40.683618174239264,
      "walk_by_count": 805,
      "walk_by_percentage": 33.55564818674448,
      "on_home_count": 171,
      "on_home_percentage": 7.127969987494789,
      "ahead_of_time_count": 0,
      "ahead_of_time_percentage": 0,
      "valid_count": 903,
      "valid_percentage": 37.640683618174236,
      "invalid_count": 29,
      "invalid_percentage": 1.208837015423093,
      "taken_home_count": 44,
      "taken_home_percentage": 1.8340975406419342,
      "lost_count": 0,
      "lost_percentage": 0
    },
    "votes_stats": {
      "winning_count": 316,
      "winning_percentage": 33.90557939914164,
      "effective_count": 903,
      "losing_count": 587,
      "losing_percentage": 62.98283261802575,
      "other_count": 29,
      "other_percentage": 3.111587982832618,
      "by_place": {
        "#1": {
          "count": 316,
          "percentage": 33.90557939914164,
          "supported_by_smart_vote": true
        },
        "#2": {
          "count": 291,
          "percentage": 31.223175965665234
        },
        "#3": {
          "count": 126,
          "percentage": 13.519313304721031
        },
        "#4": {
          "count": 87,
          "percentage": 9.334763948497853
        },
        "#5": {
          "count": 50,
          "percentage": 5.36480686695279
        },
        "#6": {
          "count": 33,
          "percentage": 3.5407725321888415
        }
      }
    }
  },
  "turnout_protocols": {
    "17.09.2021": {
      "15.00": {
        "count": 120,
        "count_delta": 120,
        "count_delta_per_hour": 17.142857142857142,
        "count_delta_per_minute": 0.2857142857142857,
        "percentage": 5.05,
        "percentage_delta": 5.05,
        "percentage_delta_per_hour": 0.7214285714285714,
        "percentage_delta_per_minute": 0.012023809523809523,
        "registered_count": 2376,
        "registered_count_delta": 2376,
        "registered_count_delta_per_hour": 339.42857142857144,
        "registered_count_delta_per_minute": 5.6571428571428575
      },
      "20.00": {
        "count": 260,
        "count_delta": 140,
        "count_delta_per_hour": 28,
        "count_delta_per_minute": 0.4666666666666667,
        "percentage": 10.95,
        "percentage_delta": 5.8999999999999995,
        "percentage_delta_per_hour": 1.18,
        "percentage_delta_per_minute": 0.019666666666666666,
        "registered_count": 2374,
        "registered_count_delta": -2,
        "registered_count_delta_per_hour": -0.4,
        "registered_count_delta_per_minute": -0.006666666666666667
      }
    },
    "18.09.2021": {
      "15.00": {
        "count": 330,
        "count_delta": 70,
        "count_delta_per_hour": 10,
        "count_delta_per_minute": 0.16666666666666666,
        "percentage": 13.89,
        "percentage_delta": 2.9400000000000013,
        "percentage_delta_per_hour": 0.4200000000000002,
        "percentage_delta_per_minute": 0.007000000000000003,
        "registered_count": 2376,
        "registered_count_delta": 2,
        "registered_count_delta_per_hour": 0.2857142857142857,
        "registered_count_delta_per_minute": 0.004761904761904762
      },
      "20.00": {
        "count": 440,
        "count_delta": 110,
        "count_delta_per_hour": 22,
        "count_delta_per_minute": 0.36666666666666664,
        "percentage": 18.53,
        "percentage_delta": 4.640000000000001,
        "percentage_delta_per_hour": 0.9280000000000002,
        "percentage_delta_per_minute": 0.015466666666666668,
        "registered_count": 2375,
        "registered_count_delta": -1,
        "registered_count_delta_per_hour": -0.2,
        "registered_count_delta_per_minute": -0.0033333333333333335
      }
    },
    "19.09.2021": {
      "10.00": {
        "count": 445,
        "count_delta": 5,
        "count_delta_per_hour": 2.5,
        "count_delta_per_minute": 0.041666666666666664,
        "percentage": 18.53,
        "percentage_delta": 0,
        "percentage_delta_per_hour": 0,
        "percentage_delta_per_minute": 0
      },
      "12.00": {
        "count": 503,
        "count_delta": 58,
        "count_delta_per_hour": 29,
        "count_delta_per_minute": 0.48333333333333334,
        "percentage": 20.97,
        "percentage_delta": 2.4399999999999977,
        "percentage_delta_per_hour": 1.2199999999999989,
        "percentage_delta_per_minute": 0.020333333333333314
      },
      "15.00": {
        "count": 538,
        "count_delta": 35,
        "count_delta_per_hour": 11.666666666666666,
        "count_delta_per_minute": 0.19444444444444445,
        "percentage": 22.44,
        "percentage_delta": 1.4700000000000024,
        "percentage_delta_per_hour": 0.4900000000000008,
        "percentage_delta_per_minute": 0.00816666666666668
      },
      "18.00": {
        "count": 769,
        "count_delta": 231,
        "count_delta_per_hour": 77,
        "count_delta_per_minute": 1.2833333333333334,
        "percentage": 32.04,
        "percentage_delta": 9.599999999999998,
        "percentage_delta_per_hour": 3.1999999999999993,
        "percentage_delta_per_minute": 0.05333333333333332
      },
      "20.00": {
        "count": 976,
        "count_delta": 207,
        "count_delta_per_hour": 103.5,
        "count_delta_per_minute": 1.725,
        "percentage": 40.683618174239264,
        "percentage_delta": 8.643618174239265,
        "percentage_delta_per_hour": 4.321809087119632,
        "percentage_delta_per_minute": 0.07203015145199387,
        "registered_count": 2399,
        "registered_count_delta": 24,
        "registered_count_delta_per_hour": 2,
        "registered_count_delta_per_minute": 0.03333333333333333
      }
    }
  },
  "metadata": {
    "analysis": {
      "negative_turnout_registered_count_protocols": 1,
      "negative_turnout_registered_count": 1,
      "protocol_count": 1,
      "exceeded_papers_count": 0,
      "exceeded_papers_steal_winning": 0,
      "checksum_valid": 1
    },
    "voters": {
      "initially_registered_count": 2375,
      "registered_count": 2399,
      "walk_by_count": 805,
      "on_home_count": 171,
      "ahead_of_time_count": 0,
      "exceptional_count": 0,
      "added_count": 24
    },
    "papers": {
      "received_count": 2000,
      "destroyed_count": 1024,
      "stationary_box_count": 761,
      "portable_box_count": 171,
      "valid_count": 903,
      "invalid_count": 29,
      "lost_count": 0,
      "ignored_count": 0,
      "taken_home_count": 44
    }
  },
  "entries": [
    {
      "name": "Вавилина Нэлли Юрьевна",
      "position": 2,
      "candidate_id": 22,
      "supported_by_party_id": 6,
      "supported_by_smart_vote": true,
      "official_result": {
        "votes_count": 316,
        "place": 1,
        "percentage": 33.90557939914164,
        "valid_percentage": 34.99446290143965,
        "registered_percentage": 13.172155064610255,
        "display_percentage": 33.91,
        "winner": true
      },
      "result_without_other_entry": {
        "8": {
          "percentage": 39.20595533498759,
          "valid_percentage": 40.66924066924067
        },
        "21": {
          "percentage": 35.827664399092974,
          "valid_percentage": 37.045720984759676
        },