{
  "commission_name": "УИК №1995",
  "ballot_name": "Выборы депутатов Законодательного Собрания Санкт-Петербурга седьмого созыва",
  "name": "Результаты выборов по единому округу",
  "protocol_scope": {
    "type": "uik",
    "id": 1995
  },
  "electoral_district": {
    "type": "city",
    "id": 0
  },
  "data_id": 27820001915220,
  "ballot_data_id": 478405986462,
  "has_koib": false,
  "generated_date": 1632142291000,
  "official_result": {
    "winner": {
      "id": 4,
      "position": 1,
      "percentage": 26.102610261026104,
      "valid_percentage": 28.292682926829265,
      "registered_percentage": 10.058966354491847
    },
    "turnout": {
      "count": 1111,
      "percentage": 38.53624696496705,
      "walk_by_count": 1081,
      "walk_by_percentage": 37.4956642386403,
      "on_home_count": 30,
      "on_home_percentage": 1.040582726326743,
      "ahead_of_time_count": 0,
      "ahead_of_time_percentage": 0,
      "valid_count": 1025,
      "valid_percentage": 35.55324314949705,
      "invalid_count": 86,
      "invalid_percentage": 2.9830038154699965,
      "taken_home_count": 0,
      "taken_home_percentage": 0,
      "lost_count": 0,
      "lost_percentage": 0
    },
    "votes_stats": {
      "winning_count": 290,
      "winning_percentage": 26.102610261026104,
      "effective_count": 1025,
      "losing_count": 735,
      "losing_percentage": 66.15661566156615,
      "other_count": 86,
      "other_percentage": 7.74077407740774,
      "by_place": {
        "#1": {
          "count": 290,
          "percentage": 26.102610261026104
        },
        "#2": {
          "count": 203,
          "percentage": 18.271827182718273
        },
        "#3": {
          "count": 184,
          "percentage": 16.56165616561656
        },
        "#4": {
          "count": 119,
          "percentage": 10.711071107110712
        },
        "#5": {
          "count": 94,
          "percentage": 8.46084608460846
        },
        "#6": {
          "count": 84,
          "percentage": 7.560756075607561
        },
        "#7": {
          "count": 29,
          "percentage": 2.6102610261026102
        },
        "#8": {
          "count": 22,
          "percentage": 1.9801980198019802
        }
      }
    }
  },
  "turnout_protocols": {
    "17.09.2021": {
      "15.00": {
        "count": 296,
        "count_delta": 296,
        "count_delta_per_hour": 42.285714285714285,
        "count_delta_per_minute": 0.7047619047619048,
        "percentage": 10.27,
        "percentage_delta": 10.27,
        "percentage_delta_per_hour": 1.467142857142857,
        "percentage_delta_per_minute": 0.02445238095238095,
        "registered_count": 2882,
        "registered_count_delta": 2882,
        "registered_count_delta_per_hour": 411.7142857142857,
        "registered_count_delta_per_minute": 6.8619047619047615
      },
      "20.00": {
        "count": 314,
        "count_delta": 18,
        "count_delta_per_hour": 3.6,
        "count_delta_per_minute": 0.06,
        "percentage": 10.89,
        "percentage_delta": 0.620000000000001,
        "percentage_delta_per_hour": 0.1240000000000002,
        "percentage_delta_per_minute": 0.0020666666666666698,
        "registered_count": 2883,
        "registered_count_delta": 1,
        "registered_count_delta_per_hour": 0.2,
        "registered_count_delta_per_minute": 0.0033333333333333335
      }
    },
    "18.09.2021": {
      "15.00": {
        "count": 515,
        "count_delta": 201,
        "count_delta_per_hour": 28.714285714285715,
        "count_delta_per_minute": 0.4785714285714286,
        "percentage": 17.86,
        "percentage_delta": 6.969999999999999,
        "percentage_delta_per_hour": 0.9957142857142856,
        "percentage_delta_per_minute": 0.016595238095238093,
        "registered_count": 2884,
        "registered_count_delta": 1,
        "registered_count_delta_per_hour": 0.14285714285714285,
        "registered_count_delta_per_minute": 0.002380952380952381
      },
      "20.00": {
        "count": 521,
        "count_delta": 6,
        "count_delta_per_hour": 1.2,
        "count_delta_per_minute": 0.02,
        "percentage": 18.07,
        "percentage_delta": 0.21000000000000085,
        "percentage_delta_per_hour": 0.04200000000000017,
        "percentage_delta_per_minute": 0.0007000000000000028,
        "registered_count": 2883,
        "registered_count_delta": -1,
        "registered_count_delta_per_hour": -0.2,
        "registered_count_delta_per_minute": -0.0033333333333333335
      }
    },
    "19.09.2021": {
      "10.00": {
        "count": 677,
        "count_delta": 156,
        "count_delta_per_hour": 78,
        "count_delta_per_minute": 1.3,
        "percentage": 23.48,
        "percentage_delta": 5.41,
        "percentage_delta_per_hour": 2.705,
        "percentage_delta_per_minute": 0.045083333333333336
      },
      "12.00": {
        "count": 732,
        "count_delta": 55,
        "count_delta_per_hour": 27.5,
        "count_delta_per_minute": 0.4583333333333333,
        "percentage": 25.39,
        "percentage_delta": 1.9100000000000001,
        "percentage_delta_per_hour": 0.9550000000000001,
        "percentage_delta_per_minute": 0.01591666666666667
      },
      "15.00": {
        "count": 935,
        "count_delta": 203,
        "count_delta_per_hour": 67.66666666666667,
        "count_delta_per_minute": 1.1277777777777778,
        "percentage": 32.43,
        "percentage_delta": 7.039999999999999,
        "percentage_delta_per_hour": 2.3466666666666662,
        "percentage_delta_per_minute": 0.0391111111111111
      },
      "18.00": {
        "count": 1013,
        "count_delta": 78,
        "count_delta_per_hour": 26,
        "count_delta_per_minute": 0.43333333333333335,
        "percentage": 35.14,
        "percentage_delta": 2.710000000000001,
        "percentage_delta_per_hour": 0.9033333333333337,
        "percentage_delta_per_minute": 0.01505555555555556
      },
      "20.00": {
        "count": 1111,
        "count_delta": 98,
        "count_delta_per_hour": 49,
        "count_delta_per_minute": 0.8166666666666667,
        "percentage": 38.53624696496705,
        "percentage_delta": 3.396246964967048,
        "percentage_delta_per_hour": 1.698123482483524,
        "percentage_delta_per_minute": 0.02830205804139207,
        "registered_count": 2883,
        "registered_count_delta": 0,
        "registered_count_delta_per_hour": 0,
        "registered_count_delta_per_minute": 0
      }
    }
  },
  "metadata": {
    "analysis": {
      "negative_turnout_registered_count_protocols": 1,
      "negative_turnout_registered_count": 1,
      "protocol_count": 1,
      "exceeded_papers_count": 0,
      "exceeded_papers_steal_winning": 0,
      "exceeded_papers_provide_extra_places": 0,
      "multiple_winners": 0,
      "checksum_valid": 1,
      "stuffed_protocol_for_4": 1,
      "stuffed_votes_for_4": 140.97241379310344
    },
    "voters": {
      "initially_registered_count": 2883,
      "registered_count": 2883,
      "walk_by_count": 1081,
      "on_home_count": 30,
      "ahead_of_time_count": 0,
      "exceptional_count": 0
    },
    "papers": {
      "received_count": 2600,
      "destroyed_count": 1489,
      "stationary_box_count": 1081,
      "portable_box_count": 30,
      "valid_count": 1025,
      "invalid_count": 86,
      "lost_count": 0,
      "ignored_count": 0,
      "taken_home_count": 0
    }
  },
  "entries": [
    {
      "name": "Политическая партия \"НОВЫЕ ЛЮДИ\"",
      "position": 1,
      "party_id": 4,
      "official_result": {
        "votes_count": 290,
        "place": 1,
        "percentage": 26.102610261026104,
        "valid_percentage": 28.292682926829265,
        "registered_percentage": 10.058966354491847,
        "display_percentage": 26.1,
        "winner": true
      },
      "result_without_other_entry": {
        "1": {
          "percentage": 31.283710895361384,