{
  "commission_name": "УИК №219",
  "ballot_name": "Выборы депутатов Законодательного Собрания Санкт-Петербурга седьмого созыва",
  "name": "Результаты выборов по единому округу",
  "protocol_scope": {
    "type": "uik",
    "id": 219
  },
  "electoral_district": {
    "type": "city",
    "id": 0
  },
  "data_id": 27820001915220,
  "ballot_data_id": 478403482885,
  "has_koib": false,
  "generated_date": 1632120546000,
  "official_result": {
    "winner": {
      "id": 5,
      "position": 2,
      "percentage": 32.005494505494504,
      "valid_percentage": 32.77074542897328,
      "registered_percentage": 10.547759167043912
    },
    "turnout": {
      "count": 728,
      "percentage": 32.956088727931196,
      "walk_by_count": 649,
      "walk_by_percentage": 29.379809868718876,
      "on_home_count": 79,
      "on_home_percentage": 3.576278859212313,
      "ahead_of_time_count": 0,
      "ahead_of_time_percentage": 0,
      "valid_count": 711,
      "valid_percentage": 32.18650973291082,
      "invalid_count": 17,
      "invalid_percentage": 0.7695789950203712,
      "taken_home_count": 0,
      "taken_home_percentage": 0,
      "lost_count": 0,
      "lost_percentage": 0
    },
    "votes_stats": {
      "winning_count": 233,
      "winning_percentage": 32.005494505494504,
      "effective_count": 711,
      "losing_count": 478,
      "losing_percentage": 65.65934065934066,
      "other_count": 17,
      "other_percentage": 2.3351648351648353,
      "by_place": {
        "#1": {
          "count": 233,
          "percentage": 32.005494505494504
        },
        "#2": {
          "count": 106,
          "percentage": 14.560439560439562
        },
        "#3": {
          "count": 105,
          "percentage": 14.423076923076922
        },
        "#4": {
          "count": 82,
          "percentage": 11.263736263736265
        },
        "#5": {
          "count": 80,
          "percentage": 10.989010989010989
        },
        "#6": {
          "count": 58,
          "percentage": 7.967032967032966
        },
        "#7": {
          "count": 32,
          "percentage": 4.395604395604396
        },
        "#8": {
          "count": 15,
          "percentage": 2.0604395604395602
        }
      }
    }
  },
  "turnout_protocols": {
    "17.09.2021": {
      "15.00": {
        "count": 110,
        "count_delta": 110,
        "count_delta_per_hour": 15.714285714285714,
        "count_delta_per_minute": 0.2619047619047619,
        "percentage": 5.04,
        "percentage_delta": 5.04,
        "percentage_delta_per_hour": 0.72,
        "percentage_delta_per_minute": 0.012,
        "registered_count": 2183,
        "registered_count_delta": 2183,
        "registered_count_delta_per_hour": 311.85714285714283,
        "registered_count_delta_per_minute": 5.197619047619048
      },
      "20.00": {
        "count": 239,
        "count_delta": 129,
        "count_delta_per_hour": 25.8,
        "count_delta_per_minute": 0.43,
        "percentage": 10.95,
        "percentage_delta": 5.909999999999999,
        "percentage_delta_per_hour": 1.182,
        "percentage_delta_per_minute": 0.0197,
        "registered_count": 2183,
        "registered_count_delta": 0,
        "registered_count_delta_per_hour": 0,
        "registered_count_delta_per_minute": 0
      }
    },
    "18.09.2021": {
      "15.00": {
        "count": 346,
        "count_delta": 107,
        "count_delta_per_hour": 15.285714285714286,
        "count_delta_per_minute": 0.25476190476190474,
        "percentage": 15.85,
        "percentage_delta": 4.9,
        "percentage_delta_per_hour": 0.7000000000000001,
        "percentage_delta_per_minute": 0.011666666666666667,
        "registered_count": 2183,
        "registered_count_delta": 0,
        "registered_count_delta_per_hour": 0,
        "registered_count_delta_per_minute": 0
      },
      "20.00": {
        "count": 499,
        "count_delta": 153,
        "count_delta_per_hour": 30.6,
        "count_delta_per_minute": 0.51,
        "percentage": 22.86,
        "percentage_delta": 7.01,
        "percentage_delta_per_hour": 1.402,
        "percentage_delta_per_minute": 0.023366666666666668,
        "registered_count": 2183,
        "registered_count_delta": 0,
        "registered_count_delta_per_hour": 0,
        "registered_count_delta_per_minute": 0
      }
    },
    "19.09.2021": {
      "10.00": {
        "count": 529,
        "count_delta": 30,
        "count_delta_per_hour": 15,
        "count_delta_per_minute": 0.25,
        "percentage": 23.96,
        "percentage_delta": 1.1000000000000014,
        "percentage_delta_per_hour": 0.5500000000000007,
        "percentage_delta_per_minute": 0.009166666666666679
      },
      "12.00": {
        "count": 551,
        "count_delta": 22,
        "count_delta_per_hour": 11,
        "count_delta_per_minute": 0.18333333333333332,
        "percentage": 24.94,
        "percentage_delta": 0.9800000000000004,
        "percentage_delta_per_hour": 0.4900000000000002,
        "percentage_delta_per_minute": 0.008166666666666671
      },
      "15.00": {
        "count": 635,
        "count_delta": 84,
        "count_delta_per_hour": 28,
        "count_delta_per_minute": 0.4666666666666667,
        "percentage": 28.73,
        "percentage_delta": 3.789999999999999,
        "percentage_delta_per_hour": 1.263333333333333,
        "percentage_delta_per_minute": 0.02105555555555555
      },
      "18.00": {
        "count": 667,
        "count_delta": 32,
        "count_delta_per_hour": 10.666666666666666,
        "count_delta_per_minute": 0.17777777777777778,
        "percentage": 30.2,
        "percentage_delta": 1.4699999999999989,
        "percentage_delta_per_hour": 0.4899999999999996,
        "percentage_delta_per_minute": 0.00816666666666666
      },
      "20.00": {
        "count": 728,
        "count_delta": 61,
        "count_delta_per_hour": 30.5,
        "count_delta_per_minute": 0.5083333333333333,
        "percentage": 32.956088727931196,
        "percentage_delta": 2.7560887279311963,
        "percentage_delta_per_hour": 1.3780443639655982,
        "percentage_delta_per_minute": 0.022967406066093304,
        "registered_count": 2209,
        "registered_count_delta": 26,
        "registered_count_delta_per_hour": 2.1666666666666665,
        "registered_count_delta_per_minute": 0.03611111111111111
      }
    }
  },
  "metadata": {
    "analysis": {
      "protocol_count": 1,
      "exceeded_papers_count": 0,
      "exceeded_papers_steal_winning": 0,
      "exceeded_papers_provide_extra_places": 0,
      "multiple_winners": 0,
      "checksum_valid": 1
    },
    "voters": {
      "initially_registered_count": 2183,
      "registered_count": 2209,
      "walk_by_count": 649,
      "on_home_count": 79,
      "ahead_of_time_count": 0,
      "exceptional_count": 0,
      "added_count": 26
    },
    "papers": {
      "received_count": 1600,
      "destroyed_count": 872,
      "stationary_box_count": 649,
      "portable_box_count": 79,
      "valid_count": 711,
      "invalid_count": 17,
      "lost_count": 0,
      "ignored_count": 0,
      "taken_home_count": 0
    }
  },
  "entries": [
    {
      "name": "Всероссийская политическая партия \"ЕДИНАЯ РОССИЯ\"",
      "position": 2,
      "party_id": 5,
      "official_result": {
        "votes_count": 233,
        "place": 1,
        "percentage": 32.005494505494504,
        "valid_percentage": 32.77074542897328,
        "registered_percentage": 10.547759167043912,
        "display_percentage": 32.01,
        "winner": true
      },
      "result_without_other_entry": {
        "1": {
          "percentage": 37.39967897271268,
          "valid_percentage": 38.448844884488445
        },
        "3": {
          "percentage": 34.776119402985074,
          "valid_percentage": 35.68147013782542
        },
        "4": {
          "percentage": 37.459807073954984,
          "valid_percentage": 38.51239669421488
        },