{
  "commission_name": "УИК №1986",
  "ballot_name": "Выборы депутатов Законодательного Собрания Санкт-Петербурга седьмого созыва",
  "name": "Результаты выборов по одномандатному (многомандатному) округу",
  "protocol_scope": {
    "type": "uik",
    "id": 1986
  },
  "electoral_district": {
    "type": "city",
    "id": 24
  },
  "data_id": 27820001915220,
  "ballot_data_id": 4784015408852,
  "has_koib": false,
  "generated_date": 1632123160000,
  "official_result": {
    "winner": {
      "id": 205,
      "position": 5,
      "percentage": 28.62957937584803,
      "valid_percentage": 30.05698005698006,
      "registered_percentage": 12.317571511967309
    },
    "turnout": {
      "count": 738,
      "percentage": 43.08231173380035,
      "walk_by_count": 622,
      "walk_by_percentage": 36.31056625802685,
      "on_home_count": 116,
      "on_home_percentage": 6.771745475773497,
      "ahead_of_time_count": 0,
      "ahead_of_time_percentage": 0,
      "valid_count": 702,
      "valid_percentage": 40.98073555166375,
      "invalid_count": 35,
      "invalid_percentage": 2.0431990659661414,
      "taken_home_count": 1,
      "taken_home_percentage": 0.05837711617046118,
      "lost_count": 0,
      "lost_percentage": 0
    },
    "votes_stats": {
      "winning_count": 211,
      "winning_percentage": 28.62957937584803,
      "effective_count": 702,
      "losing_count": 491,
      "losing_percentage": 66.62143826322931,
      "other_count": 35,
      "other_percentage": 4.74898236092266,
      "by_place": {
        "#1": {
          "count": 211,
          "percentage": 28.62957937584803
        },
        "#2": {
          "count": 171,
          "percentage": 23.202170963364992
        },
        "#3": {
          "count": 121,
          "percentage": 16.417910447761194,
          "supported_by_smart_vote": true
        },
        "#4": {
          "count": 106,
          "percentage": 14.382632293080055
        },
        "#5": {
          "count": 40,
          "percentage": 5.4274084124830395
        },
        "#6": {
          "count": 36,
          "percentage": 4.884667571234735
        },
        "#7": {
          "count": 17,
          "percentage": 2.3066485753052914
        }
      }
    }
  },
  "turnout_protocols": {
    "17.09.2021": {
      "15.00": {
        "count": 151,
        "count_delta": 151,
        "count_delta_per_hour": 21.571428571428573,
        "count_delta_per_minute": 0.3595238095238095,
        "percentage": 9.36,
        "percentage_delta": 9.36,
        "percentage_delta_per_hour": 1.337142857142857,
        "percentage_delta_per_minute": 0.022285714285714284,
        "registered_count": 1613,
        "registered_count_delta": 1613,
        "registered_count_delta_per_hour": 230.42857142857142,
        "registered_count_delta_per_minute": 3.8404761904761906
      },
      "20.00": {
        "count": 190,
        "count_delta": 39,
        "count_delta_per_hour": 7.8,
        "count_delta_per_minute": 0.13,
        "percentage": 11.78,
        "percentage_delta": 2.42,
        "percentage_delta_per_hour": 0.484,
        "percentage_delta_per_minute": 0.008066666666666666,
        "registered_count": 1613,
        "registered_count_delta": 0,
        "registered_count_delta_per_hour": 0,
        "registered_count_delta_per_minute": 0
      }
    },
    "18.09.2021": {
      "15.00": {
        "count": 351,
        "count_delta": 161,
        "count_delta_per_hour": 23,
        "count_delta_per_minute": 0.38333333333333336,
        "percentage": 21.76,
        "percentage_delta": 9.980000000000002,
        "percentage_delta_per_hour": 1.425714285714286,
        "percentage_delta_per_minute": 0.02376190476190477,
        "registered_count": 1613,
        "registered_count_delta": 0,
        "registered_count_delta_per_hour": 0,
        "registered_count_delta_per_minute": 0
      },
      "20.00": {
        "count": 351,
        "count_delta": 0,
        "count_delta_per_hour": 0,
        "count_delta_per_minute": 0,
        "percentage": 21.76,
        "percentage_delta": 0,
        "percentage_delta_per_hour": 0,
        "percentage_delta_per_minute": 0,
        "registered_count": 1613,
        "registered_count_delta": 0,
        "registered_count_delta_per_hour": 0,
        "registered_count_delta_per_minute": 0
      }
    },
    "19.09.2021": {
      "10.00": {
        "count": 349,
        "count_delta": -2,
        "count_delta_per_hour": -1,
        "count_delta_per_minute": -0.016666666666666666,
        "percentage": 20.4,
        "percentage_delta": -1.360000000000003,
        "percentage_delta_per_hour": -0.6800000000000015,
        "percentage_delta_per_minute": -0.011333333333333358
      },
      "12.00": {
        "count": 392,
        "count_delta": 43,
        "count_delta_per_hour": 21.5,
        "count_delta_per_minute": 0.35833333333333334,
        "percentage": 22.88,
        "percentage_delta": 2.4800000000000004,
        "percentage_delta_per_hour": 1.2400000000000002,
        "percentage_delta_per_minute": 0.02066666666666667
      },
      "15.00": {
        "count": 496,
        "count_delta": 104,
        "count_delta_per_hour": 34.666666666666664,
        "count_delta_per_minute": 0.5777777777777777,
        "percentage": 28.95,
        "percentage_delta": 6.07,
        "percentage_delta_per_hour": 2.0233333333333334,
        "percentage_delta_per_minute": 0.03372222222222222
      },
      "18.00": {
        "count": 707,
        "count_delta": 211,
        "count_delta_per_hour": 70.33333333333333,
        "count_delta_per_minute": 1.1722222222222223,
        "percentage": 41.29,
        "percentage_delta": 12.34,
        "percentage_delta_per_hour": 4.113333333333333,
        "percentage_delta_per_minute": 0.06855555555555555
      },
      "20.00": {
        "count": 738,
        "count_delta": 31,
        "count_delta_per_hour": 15.5,
        "count_delta_per_minute": 0.25833333333333336,
        "percentage": 43.08231173380035,
        "percentage_delta": 1.7923117338003536,
        "percentage_delta_per_hour": 0.8961558669001768,
        "percentage_delta_per_minute": 0.014935931115002946,
        "registered_count": 1713,
        "registered_count_delta": 100,
        "registered_count_delta_per_hour": 8.333333333333334,
        "registered_count_delta_per_minute": 0.1388888888888889
      }
    }
  },
  "metadata": {
    "analysis": {
      "negative_turnout_percentage_protocols": 1,
      "negative_turnout_percentage": 1.360000000000003,
      "negative_turnout_count_protocols": 1,
      "negative_turnout_count": 2,
      "protocol_count": 1,
      "exceeded_papers_count": 0,
      "exceeded_papers_steal_winning": 0,
      "checksum_valid": 1
    },
    "voters": {
      "initially_registered_count": 1613,
      "registered_count": 1713,
      "walk_by_count": 622,
      "on_home_count": 116,
      "ahead_of_time_count": 0,
      "exceptional_count": 0,
      "added_count": 100
    },
    "papers": {
      "received_count": 1500,
      "destroyed_count": 762,
      "stationary_box_count": 621,
      "portable_box_count": 116,
      "valid_count": 702,
      "invalid_count": 35,
      "lost_count": 0,
      "ignored_count": 0,
      "taken_home_count": 1
    }
  },
  "entries": [
    {
      "name": "Павлов Дмитрий Геннадьевич",
      "position": 5,
      "candidate_id": 205,
      "supported_by_party_id": 4,
      "official_result": {
        "votes_count": 211,
        "place": 1,
        "percentage": 28.62957937584803,
        "valid_percentage": 30.05698005698006,
        "registered_percentage": 12.317571511967309,
        "display_percentage": 28.63,
        "winner": true
      },
      "result_without_other_entry": {
        "27": {
          "percentage": 33.43898573692552,
          "valid_percentage": 35.40268456375839
        },
        "202": {
          "percentage": 37.27915194346289,
          "valid_percentage": 39.73634651600753
        },