{
  "commission_name": "УИК №2156",
  "ballot_name": "Выборы депутатов Законодательного Собрания Санкт-Петербурга седьмого созыва",
  "name": "Результаты выборов по единому округу",
  "protocol_scope": {
    "type": "uik",
    "id": 2156
  },
  "electoral_district": {
    "type": "city",
    "id": 0
  },
  "data_id": 27820001915220,
  "ballot_data_id": 478406388580,
  "has_koib": false,
  "generated_date": 1632122603000,
  "official_result": {
    "winner": {
      "id": 5,
      "position": 2,
      "percentage": 31.543624161073826,
      "valid_percentage": 32.959326788218796,
      "registered_percentage": 11.022514071294559
    },
    "turnout": {
      "count": 746,
      "percentage": 34.990619136960596,
      "walk_by_count": 743,
      "walk_by_percentage": 34.849906191369605,
      "on_home_count": 3,
      "on_home_percentage": 0.14071294559099437,
      "ahead_of_time_count": 0,
      "ahead_of_time_percentage": 0,
      "valid_count": 713,
      "valid_percentage": 33.44277673545966,
      "invalid_count": 32,
      "invalid_percentage": 1.5009380863039399,
      "taken_home_count": 1,
      "taken_home_percentage": 0.04690431519699812,
      "lost_count": 0,
      "lost_percentage": 0
    },
    "votes_stats": {
      "winning_count": 235,
      "winning_percentage": 31.543624161073826,
      "effective_count": 713,
      "losing_count": 478,
      "losing_percentage": 64.16107382550335,
      "other_count": 32,
      "other_percentage": 4.295302013422819,
      "by_place": {
        "#1": {
          "count": 235,
          "percentage": 31.543624161073826
        },
        "#2": {
          "count": 121,
          "percentage": 16.241610738255034
        },
        "#3": {
          "count": 93,
          "percentage": 12.483221476510067
        },
        "#4": {
          "count": 78,
          "percentage": 10.46979865771812
        },
        "#5": {
          "count": 75,
          "percentage": 10.06711409395973
        },
        "#6": {
          "count": 51,
          "percentage": 6.845637583892618
        },
        "#7": {
          "count": 46,
          "percentage": 6.174496644295302
        },
        "#8": {
          "count": 14,
          "percentage": 1.8791946308724832
        }
      }
    }
  },
  "turnout_protocols": {
    "17.09.2021": {
      "15.00": {
        "count": 187,
        "count_delta": 187,
        "count_delta_per_hour": 26.714285714285715,
        "count_delta_per_minute": 0.4452380952380952,
        "percentage": 8.8,
        "percentage_delta": 8.8,
        "percentage_delta_per_hour": 1.2571428571428573,
        "percentage_delta_per_minute": 0.020952380952380955,
        "registered_count": 2125,
        "registered_count_delta": 2125,
        "registered_count_delta_per_hour": 303.57142857142856,
        "registered_count_delta_per_minute": 5.059523809523809
      },
      "20.00": {
        "count": 262,
        "count_delta": 75,
        "count_delta_per_hour": 15,
        "count_delta_per_minute": 0.25,
        "percentage": 12.32,
        "percentage_delta": 3.5199999999999996,
        "percentage_delta_per_hour": 0.704,
        "percentage_delta_per_minute": 0.011733333333333332,
        "registered_count": 2127,
        "registered_count_delta": 2,
        "registered_count_delta_per_hour": 0.4,
        "registered_count_delta_per_minute": 0.006666666666666667
      }
    },
    "18.09.2021": {
      "15.00": {
        "count": 367,
        "count_delta": 105,
        "count_delta_per_hour": 15,
        "count_delta_per_minute": 0.25,
        "percentage": 17.24,
        "percentage_delta": 4.919999999999998,
        "percentage_delta_per_hour": 0.7028571428571426,
        "percentage_delta_per_minute": 0.01171428571428571,
        "registered_count": 2129,
        "registered_count_delta": 2,
        "registered_count_delta_per_hour": 0.2857142857142857,
        "registered_count_delta_per_minute": 0.004761904761904762
      },
      "20.00": {
        "count": 468,
        "count_delta": 101,
        "count_delta_per_hour": 20.2,
        "count_delta_per_minute": 0.33666666666666667,
        "percentage": 21.98,
        "percentage_delta": 4.740000000000002,
        "percentage_delta_per_hour": 0.9480000000000004,
        "percentage_delta_per_minute": 0.015800000000000005,
        "registered_count": 2129,
        "registered_count_delta": 0,
        "registered_count_delta_per_hour": 0,
        "registered_count_delta_per_minute": 0
      }
    },
    "19.09.2021": {
      "10.00": {
        "count": 464,
        "count_delta": -4,
        "count_delta_per_hour": -2,
        "count_delta_per_minute": -0.03333333333333333,
        "percentage": 21.75,
        "percentage_delta": -0.23000000000000043,
        "percentage_delta_per_hour": -0.11500000000000021,
        "percentage_delta_per_minute": -0.0019166666666666702
      },
      "12.00": {
        "count": 480,
        "count_delta": 16,
        "count_delta_per_hour": 8,
        "count_delta_per_minute": 0.13333333333333333,
        "percentage": 22.5,
        "percentage_delta": 0.75,
        "percentage_delta_per_hour": 0.375,
        "percentage_delta_per_minute": 0.00625
      },
      "15.00": {
        "count": 596,
        "count_delta": 116,
        "count_delta_per_hour": 38.666666666666664,
        "count_delta_per_minute": 0.6444444444444445,
        "percentage": 27.95,
        "percentage_delta": 5.449999999999999,
        "percentage_delta_per_hour": 1.8166666666666664,
        "percentage_delta_per_minute": 0.030277777777777775
      },
      "18.00": {
        "count": 687,
        "count_delta": 91,
        "count_delta_per_hour": 30.333333333333332,
        "count_delta_per_minute": 0.5055555555555555,
        "percentage": 32.21,
        "percentage_delta": 4.260000000000002,
        "percentage_delta_per_hour": 1.4200000000000006,
        "percentage_delta_per_minute": 0.023666666666666676
      },
      "20.00": {
        "count": 746,
        "count_delta": 59,
        "count_delta_per_hour": 29.5,
        "count_delta_per_minute": 0.49166666666666664,
        "percentage": 34.990619136960596,
        "percentage_delta": 2.7806191369605955,
        "percentage_delta_per_hour": 1.3903095684802977,
        "percentage_delta_per_minute": 0.023171826141338295,
        "registered_count": 2132,
        "registered_count_delta": 3,
        "registered_count_delta_per_hour": 0.25,
        "registered_count_delta_per_minute": 0.004166666666666667
      }
    }
  },
  "metadata": {
    "analysis": {
      "negative_turnout_percentage_protocols": 1,
      "negative_turnout_percentage": 0.23000000000000043,
      "negative_turnout_count_protocols": 1,
      "negative_turnout_count": 4,
      "protocol_count": 1,
      "exceeded_papers_count": 0,
      "exceeded_papers_steal_winning": 0,
      "exceeded_papers_provide_extra_places": 0,
      "multiple_winners": 0,
      "checksum_valid": 1
    },
    "voters": {
      "initially_registered_count": 2126,
      "registered_count": 2132,
      "walk_by_count": 743,
      "on_home_count": 3,
      "ahead_of_time_count": 0,
      "exceptional_count": 0,
      "added_count": 6
    },
    "papers": {
      "received_count": 2000,
      "destroyed_count": 1254,
      "stationary_box_count": 742,
      "portable_box_count": 3,
      "valid_count": 713,
      "invalid_count": 32,
      "lost_count": 0,
      "ignored_count": 0,
      "taken_home_count": 1
    }
  },
  "entries": [
    {
      "name": "Всероссийская политическая партия \"ЕДИНАЯ РОССИЯ\"",
      "position": 2,
      "party_id": 5,
      "official_result": {
        "votes_count": 235,
        "place": 1,
        "percentage": 31.543624161073826,
        "valid_percentage": 32.959326788218796,
        "registered_percentage": 11.022514071294559,
        "display_percentage": 31.54,
        "winner": true
      },
      "result_without_other_entry": {
        "1": {
          "percentage": 37.66025641025641,