{
  "commission_name": "УИК №1594",
  "ballot_name": "Выборы депутатов Законодательного Собрания Санкт-Петербурга седьмого созыва",
  "name": "Результаты выборов по единому округу",
  "protocol_scope": {
    "type": "uik",
    "id": 1594
  },
  "electoral_district": {
    "type": "city",
    "id": 0
  },
  "data_id": 27820001915220,
  "ballot_data_id": 478405382145,
  "has_koib": false,
  "generated_date": 1632121124000,
  "official_result": {
    "winner": {
      "id": 5,
      "position": 2,
      "percentage": 31.028938906752412,
      "valid_percentage": 31.382113821138212,
      "registered_percentage": 9.46542422756253
    },
    "turnout": {
      "count": 622,
      "percentage": 30.505149583128983,
      "walk_by_count": 610,
      "walk_by_percentage": 29.916625796959295,
      "on_home_count": 12,
      "on_home_percentage": 0.588523786169691,
      "ahead_of_time_count": 0,
      "ahead_of_time_percentage": 0,
      "valid_count": 615,
      "valid_percentage": 30.161844041196666,
      "invalid_count": 7,
      "invalid_percentage": 0.34330554193231977,
      "taken_home_count": 0,
      "taken_home_percentage": 0,
      "lost_count": 0,
      "lost_percentage": 0
    },
    "votes_stats": {
      "winning_count": 193,
      "winning_percentage": 31.028938906752412,
      "effective_count": 615,
      "losing_count": 422,
      "losing_percentage": 67.84565916398714,
      "other_count": 7,
      "other_percentage": 1.1254019292604502,
      "by_place": {
        "#1": {
          "count": 193,
          "percentage": 31.028938906752412
        },
        "#2": {
          "count": 111,
          "percentage": 17.845659163987136
        },
        "#3": {
          "count": 72,
          "percentage": 11.57556270096463
        },
        "#4": {
          "count": 68,
          "percentage": 10.932475884244374
        },
        "#5": {
          "count": 64,
          "percentage": 10.289389067524116
        },
        "#6": {
          "count": 53,
          "percentage": 8.520900321543408
        },
        "#7": {
          "count": 42,
          "percentage": 6.752411575562702
        },
        "#8": {
          "count": 12,
          "percentage": 1.929260450160772
        }
      }
    }
  },
  "turnout_protocols": {
    "17.09.2021": {
      "20.00": {
        "count": 188,
        "count_delta": 188,
        "count_delta_per_hour": 15.666666666666666,
        "count_delta_per_minute": 0.2611111111111111,
        "percentage": 9.22,
        "percentage_delta": 9.22,
        "percentage_delta_per_hour": 0.7683333333333334,
        "percentage_delta_per_minute": 0.012805555555555556,
        "registered_count": 2039,
        "registered_count_delta": 2039,
        "registered_count_delta_per_hour": 169.91666666666666,
        "registered_count_delta_per_minute": 2.8319444444444444
      }
    },
    "18.09.2021": {
      "15.00": {
        "count": 268,
        "count_delta": 80,
        "count_delta_per_hour": 11.428571428571429,
        "count_delta_per_minute": 0.19047619047619047,
        "percentage": 13.14,
        "percentage_delta": 3.92,
        "percentage_delta_per_hour": 0.5599999999999999,
        "percentage_delta_per_minute": 0.009333333333333332,
        "registered_count": 2040,
        "registered_count_delta": 1,
        "registered_count_delta_per_hour": 0.14285714285714285,
        "registered_count_delta_per_minute": 0.002380952380952381
      },
      "20.00": {
        "count": 336,
        "count_delta": 68,
        "count_delta_per_hour": 13.6,
        "count_delta_per_minute": 0.22666666666666666,
        "percentage": 16.48,
        "percentage_delta": 3.34,
        "percentage_delta_per_hour": 0.6679999999999999,
        "percentage_delta_per_minute": 0.011133333333333334,
        "registered_count": 2039,
        "registered_count_delta": -1,
        "registered_count_delta_per_hour": -0.2,
        "registered_count_delta_per_minute": -0.0033333333333333335
      }
    },
    "19.09.2021": {
      "10.00": {
        "count": 347,
        "count_delta": 11,
        "count_delta_per_hour": 5.5,
        "count_delta_per_minute": 0.09166666666666666,
        "percentage": 17.02,
        "percentage_delta": 0.5399999999999991,
        "percentage_delta_per_hour": 0.2699999999999996,
        "percentage_delta_per_minute": 0.004499999999999993
      },
      "12.00": {
        "count": 381,
        "count_delta": 34,
        "count_delta_per_hour": 17,
        "count_delta_per_minute": 0.2833333333333333,
        "percentage": 18.69,
        "percentage_delta": 1.6700000000000017,
        "percentage_delta_per_hour": 0.8350000000000009,
        "percentage_delta_per_minute": 0.013916666666666681
      },
      "15.00": {
        "count": 487,
        "count_delta": 106,
        "count_delta_per_hour": 35.333333333333336,
        "count_delta_per_minute": 0.5888888888888889,
        "percentage": 23.88,
        "percentage_delta": 5.189999999999998,
        "percentage_delta_per_hour": 1.7299999999999993,
        "percentage_delta_per_minute": 0.028833333333333322
      },
      "18.00": {
        "count": 561,
        "count_delta": 74,
        "count_delta_per_hour": 24.666666666666668,
        "count_delta_per_minute": 0.4111111111111111,
        "percentage": 27.51,
        "percentage_delta": 3.6300000000000026,
        "percentage_delta_per_hour": 1.2100000000000009,
        "percentage_delta_per_minute": 0.02016666666666668
      },
      "20.00": {
        "count": 622,
        "count_delta": 61,
        "count_delta_per_hour": 30.5,
        "count_delta_per_minute": 0.5083333333333333,
        "percentage": 30.505149583128983,
        "percentage_delta": 2.995149583128981,
        "percentage_delta_per_hour": 1.4975747915644906,
        "percentage_delta_per_minute": 0.024959579859408176,
        "registered_count": 2039,
        "registered_count_delta": 0,
        "registered_count_delta_per_hour": 0,
        "registered_count_delta_per_minute": 0
      }
    }
  },
  "metadata": {
    "analysis": {
      "negative_turnout_registered_count_protocols": 1,
      "negative_turnout_registered_count": 1,
      "protocol_count": 1,
      "exceeded_papers_count": 0,
      "exceeded_papers_steal_winning": 0,
      "exceeded_papers_provide_extra_places": 0,
      "multiple_winners": 0,
      "checksum_valid": 1
    },
    "voters": {
      "initially_registered_count": 2039,
      "registered_count": 2039,
      "walk_by_count": 610,
      "on_home_count": 12,
      "ahead_of_time_count": 0,
      "exceptional_count": 0
    },
    "papers": {
      "received_count": 1500,
      "destroyed_count": 878,
      "stationary_box_count": 610,
      "portable_box_count": 12,
      "valid_count": 615,
      "invalid_count": 7,
      "lost_count": 0,
      "ignored_count": 0,
      "taken_home_count": 0
    }
  },
  "entries": [
    {
      "name": "Всероссийская политическая партия \"ЕДИНАЯ РОССИЯ\"",
      "position": 2,
      "party_id": 5,
      "official_result": {
        "votes_count": 193,
        "place": 1,
        "percentage": 31.028938906752412,
        "valid_percentage": 31.382113821138212,
        "registered_percentage": 9.46542422756253,
        "display_percentage": 31.03,
        "winner": true
      },
      "result_without_other_entry": {
        "1": {
          "percentage": 37.76908023483366,
          "valid_percentage": 38.2936507936508
        },
        "3": {
          "percentage": 35.090909090909086,
          "valid_percentage": 35.543278084714544
        },
        "4": {
          "percentage": 34.587813620071685,
          "valid_percentage": 35.027223230490016
        },
        "6": {
          "percentage": 34.83754512635379,
          "valid_percentage": 35.283363802559414
        },
        "7": {
          "percentage": 33.275862068965516,
          "valid_percentage": 33.682373472949386
        },
        "8": {
          "percentage": 33.91915641476274,