{
  "commission_name": "УИК №21",
  "ballot_name": "Выборы депутатов Законодательного Собрания Санкт-Петербурга седьмого созыва",
  "name": "Результаты выборов по одномандатному (многомандатному) округу",
  "protocol_scope": {
    "type": "uik",
    "id": 21
  },
  "electoral_district": {
    "type": "city",
    "id": 1
  },
  "data_id": 27820001915220,
  "ballot_data_id": 4784001384369,
  "has_koib": false,
  "generated_date": 1632158470000,
  "official_result": {
    "winner": {
      "id": 14,
      "position": 1,
      "percentage": 48.048048048048045,
      "valid_percentage": 48.7062404870624,
      "registered_percentage": 18.53997682502897
    },
    "turnout": {
      "count": 667,
      "percentage": 38.64426419466976,
      "walk_by_count": 645,
      "walk_by_percentage": 37.36964078794902,
      "on_home_count": 22,
      "on_home_percentage": 1.2746234067207416,
      "ahead_of_time_count": 0,
      "ahead_of_time_percentage": 0,
      "valid_count": 657,
      "valid_percentage": 38.0648899188876,
      "invalid_count": 9,
      "invalid_percentage": 0.5214368482039398,
      "taken_home_count": 1,
      "taken_home_percentage": 0.057937427578215524,
      "lost_count": 0,
      "lost_percentage": 0
    },
    "votes_stats": {
      "winning_count": 320,
      "winning_percentage": 48.048048048048045,
      "effective_count": 657,
      "losing_count": 337,
      "losing_percentage": 50.6006006006006,
      "other_count": 9,
      "other_percentage": 1.3513513513513513,
      "by_place": {
        "#1": {
          "count": 320,
          "percentage": 48.048048048048045
        },
        "#2": {
          "count": 156,
          "percentage": 23.423423423423422,
          "supported_by_smart_vote": true
        },
        "#3.5": {
          "count": 108,
          "percentage": 16.216216216216218
        },
        "#4": {
          "count": 31,
          "percentage": 4.654654654654655
        },
        "#5": {
          "count": 29,
          "percentage": 4.354354354354354
        },
        "#6": {
          "count": 13,
          "percentage": 1.951951951951952
        }
      }
    }
  },
  "turnout_protocols": {
    "17.09.2021": {
      "15.00": {
        "count": 121,
        "count_delta": 121,
        "count_delta_per_hour": 17.285714285714285,
        "count_delta_per_minute": 0.28809523809523807,
        "percentage": 7.16,
        "percentage_delta": 7.16,
        "percentage_delta_per_hour": 1.022857142857143,
        "percentage_delta_per_minute": 0.017047619047619048,
        "registered_count": 1690,
        "registered_count_delta": 1690,
        "registered_count_delta_per_hour": 241.42857142857142,
        "registered_count_delta_per_minute": 4.023809523809524
      },
      "20.00": {
        "count": 255,
        "count_delta": 134,
        "count_delta_per_hour": 26.8,
        "count_delta_per_minute": 0.44666666666666666,
        "percentage": 15.1,
        "percentage_delta": 7.9399999999999995,
        "percentage_delta_per_hour": 1.5879999999999999,
        "percentage_delta_per_minute": 0.026466666666666666,
        "registered_count": 1689,
        "registered_count_delta": -1,
        "registered_count_delta_per_hour": -0.2,
        "registered_count_delta_per_minute": -0.0033333333333333335
      }
    },
    "18.09.2021": {
      "15.00": {
        "count": 350,
        "count_delta": 95,
        "count_delta_per_hour": 13.571428571428571,
        "count_delta_per_minute": 0.2261904761904762,
        "percentage": 20.72,
        "percentage_delta": 5.619999999999999,
        "percentage_delta_per_hour": 0.8028571428571427,
        "percentage_delta_per_minute": 0.013380952380952379,
        "registered_count": 1689,
        "registered_count_delta": 0,
        "registered_count_delta_per_hour": 0,
        "registered_count_delta_per_minute": 0
      },
      "20.00": {
        "count": 353,
        "count_delta": 3,
        "count_delta_per_hour": 0.6,
        "count_delta_per_minute": 0.01,
        "percentage": 20.9,
        "percentage_delta": 0.17999999999999972,
        "percentage_delta_per_hour": 0.03599999999999994,
        "percentage_delta_per_minute": 0.0005999999999999991,
        "registered_count": 1689,
        "registered_count_delta": 0,
        "registered_count_delta_per_hour": 0,
        "registered_count_delta_per_minute": 0
      }
    },
    "19.09.2021": {
      "10.00": {
        "count": 363,
        "count_delta": 10,
        "count_delta_per_hour": 5,
        "count_delta_per_minute": 0.08333333333333333,
        "percentage": 21.02,
        "percentage_delta": 0.120000000000001,
        "percentage_delta_per_hour": 0.0600000000000005,
        "percentage_delta_per_minute": 0.0010000000000000083
      },
      "12.00": {
        "count": 384,
        "count_delta": 21,
        "count_delta_per_hour": 10.5,
        "count_delta_per_minute": 0.175,
        "percentage": 22.26,
        "percentage_delta": 1.240000000000002,
        "percentage_delta_per_hour": 0.620000000000001,
        "percentage_delta_per_minute": 0.01033333333333335
      },
      "15.00": {
        "count": 487,
        "count_delta": 103,
        "count_delta_per_hour": 34.333333333333336,
        "count_delta_per_minute": 0.5722222222222222,
        "percentage": 28.24,
        "percentage_delta": 5.979999999999997,
        "percentage_delta_per_hour": 1.9933333333333323,
        "percentage_delta_per_minute": 0.0332222222222222
      },
      "18.00": {
        "count": 574,
        "count_delta": 87,
        "count_delta_per_hour": 29,
        "count_delta_per_minute": 0.48333333333333334,
        "percentage": 33.27,
        "percentage_delta": 5.030000000000005,
        "percentage_delta_per_hour": 1.6766666666666683,
        "percentage_delta_per_minute": 0.02794444444444447
      },
      "20.00": {
        "count": 667,
        "count_delta": 93,
        "count_delta_per_hour": 46.5,
        "count_delta_per_minute": 0.775,
        "percentage": 38.64426419466976,
        "percentage_delta": 5.374264194669756,
        "percentage_delta_per_hour": 2.687132097334878,
        "percentage_delta_per_minute": 0.0447855349555813,
        "registered_count": 1726,
        "registered_count_delta": 37,
        "registered_count_delta_per_hour": 3.0833333333333335,
        "registered_count_delta_per_minute": 0.05138888888888889
      }
    }
  },
  "metadata": {
    "analysis": {
      "negative_turnout_registered_count_protocols": 1,
      "negative_turnout_registered_count": 1,
      "protocol_count": 1,
      "exceeded_papers_count": 0,
      "exceeded_papers_steal_winning": 0,
      "checksum_valid": 1
    },
    "voters": {
      "initially_registered_count": 1689,
      "registered_count": 1726,
      "walk_by_count": 645,
      "on_home_count": 22,
      "ahead_of_time_count": 0,
      "exceptional_count": 0,
      "added_count": 37
    },
    "papers": {
      "received_count": 1300,
      "destroyed_count": 633,
      "stationary_box_count": 645,
      "portable_box_count": 21,
      "valid_count": 657,
      "invalid_count": 9,
      "lost_count": 0,
      "ignored_count": 0,
      "taken_home_count": 1
    }
  },
  "entries": [
    {
      "name": "Астахова Наталия Владимировна",
      "position": 1,
      "candidate_id": 14,
      "supported_by_party_id": 5,
      "official_result": {
        "votes_count": 320,
        "place": 1,
        "percentage": 48.048048048048045,
        "valid_percentage": 48.7062404870624,
        "registered_percentage": 18.53997682502897,
        "display_percentage": 48.05,
        "winner": true
      },
      "result_without_other_entry": {
        "15": {
          "percentage": 62.745098039215684,
          "valid_percentage": 63.87225548902195
        },
        "16": {
          "percentage": 50.39370078740157,
          "valid_percentage": 51.118210862619804
        },
        "17": {
          "percentage": 52.28758169934641,