{
  "commission_name": "УИК №605",
  "ballot_name": "Выборы депутатов муниципального совета внутригородского муниципального образования города федерального значения Санкт-Петербурга муниципальный округ Автово шестого созыва",
  "name": "Результаты выборов по одномандатному (многомандатному) округу",
  "protocol_scope": {
    "type": "uik",
    "id": 605
  },
  "electoral_district": {
    "type": "municipality",
    "municipality": "Автово",
    "id": 4
  },
  "data_id": 478404191018,
  "ballot_data_id": 478404195077,
  "has_koib": true,
  "generated_date": 1632096921000,
  "official_result": {
    "winner": {
      "id": [
        195,
        300,
        305,
        310,
        312
      ],
      "position": [
        2,
        7,
        12,
        14,
        16
      ],
      "percentage": [
        7.317073170731707,
        7.390983000739099,
        7.760532150776053,
        8.94308943089431,
        12.342941611234295
      ],
      "valid_percentage": [
        7.488653555219364,
        7.564296520423601,
        7.94251134644478,
        9.152798789712557,
        12.632375189107414
      ],
      "registered_percentage": [
        6.457925636007827,
        6.523157208088715,
        6.8493150684931505,
        7.893020221787345,
        10.893672537508154
      ]
    },
    "turnout": {
      "count": 513,
      "percentage": 33.46379647749511,
      "walk_by_count": 507,
      "walk_by_percentage": 33.07240704500978,
      "on_home_count": 6,
      "on_home_percentage": 0.3913894324853229,
      "ahead_of_time_count": 0,
      "ahead_of_time_percentage": 0,
      "valid_count": 482,
      "valid_percentage": 31.441617742987603,
      "invalid_count": 31,
      "invalid_percentage": 2.0221787345075013,
      "taken_home_count": 0,
      "taken_home_percentage": 0,
      "lost_count": 0,
      "lost_percentage": 0
    },
    "votes_stats": {
      "winning_count": 592,
      "winning_percentage": 43.754619364375465,
      "effective_count": 1322,
      "losing_count": 730,
      "losing_percentage": 53.95417590539542,
      "other_count": 31,
      "other_percentage": 2.2912047302291203,
      "by_place": {
        "#1": {
          "count": 167,
          "percentage": 12.342941611234295
        },
        "#2": {
          "count": 121,
          "percentage": 8.94308943089431
        },
        "#3": {
          "count": 105,
          "percentage": 7.760532150776053
        },
        "#4": {
          "count": 100,
          "percentage": 7.390983000739099
        },
        "#5": {
          "count": 99,
          "percentage": 7.317073170731707
        },
        "#6": {
          "count": 86,
          "percentage": 6.356245380635625
        },
        "#7": {
          "count": 82,
          "percentage": 6.0606060606060606
        },
        "#8": {
          "count": 81,
          "percentage": 5.986696230598669
        },
        "#16.5": {
          "count": 70,
          "percentage": 5.173688100517369
        },
        "#9": {
          "count": 60,
          "percentage": 4.434589800443459
        },
        "#10": {
          "count": 59,
          "percentage": 4.360679970436069
        },
        "#11": {
          "count": 56,
          "percentage": 4.138950480413895
        },
        "#12": {
          "count": 47,
          "percentage": 3.473762010347376
        },
        "#13": {
          "count": 43,
          "percentage": 3.1781226903178124
        },
        "#14": {
          "count": 38,
          "percentage": 2.8085735402808574
        },
        "#15": {
          "count": 36,
          "percentage": 2.6607538802660753
        },
        "#17": {
          "count": 33,
          "percentage": 2.4390243902439024
        },
        "#18": {
          "count": 31,
          "percentage": 2.2912047302291203
        },
        "#19": {
          "count": 8,
          "percentage": 0.5912786400591279
        }
      }
    }
  },
  "turnout_protocols": {},
  "metadata": {
    "analysis": {
      "protocol_count": 1,
      "exceeded_papers_count": 0,
      "exceeded_papers_steal_winning": 0,
      "checksum_valid": 1
    },
    "papers": {
      "received_count": 1150,
      "destroyed_count": 637,
      "stationary_box_count": 507,
      "portable_box_count": 6,
      "valid_count": 482,
      "invalid_count": 31,
      "lost_count": 0,
      "ignored_count": 0,
      "taken_home_count": 0
    },
    "voters": {
      "registered_count": 1533,
      "walk_by_count": 507,
      "on_home_count": 6,
      "ahead_of_time_count": 0,
      "exceptional_count": 0
    }
  },
  "entries": [
    {
      "name": "Трусканов Геннадий Борисович",
      "position": 12,
      "candidate_id": 310,
      "supported_by_party_id": 6,
      "official_result": {
        "votes_count": 167,
        "place": 1,
        "percentage": 12.342941611234295,
        "valid_percentage": 12.632375189107414,
        "registered_percentage": 10.893672537508154,
        "display_percentage": 32.55,
        "winner": true
      }
    },
    {
      "name": "Герасимова Елена Николаевна",
      "position": 2,
      "candidate_id": 300,
      "supported_by_party_id": 6,
      "official_result": {
        "votes_count": 121,
        "place": 2,
        "percentage": 8.94308943089431,
        "valid_percentage": 9.152798789712557,
        "registered_percentage": 7.893020221787345,
        "display_percentage": 23.59,
        "winner": true
      }
    },
    {
      "name": "Катаев Андрей Евгеньевич",
      "position": 7,
      "candidate_id": 305,
      "supported_by_party_id": 6,
      "official_result": {
        "votes_count": 105,
        "place": 3,
        "percentage": 7.760532150776053,
        "valid_percentage": 7.94251134644478,
        "registered_percentage": 6.8493150684931505,
        "display_percentage": 20.47,
        "winner": true
      }
    },
    {
      "name": "Черемных Кристина Витальевна",
      "position": 16,
      "candidate_id": 195,
      "supported_by_party_id": 6,
      "official_result": {
        "votes_count": 100,
        "place": 4,
        "percentage": 7.390983000739099,
        "valid_percentage": 7.564296520423601,
        "registered_percentage": 6.523157208088715,
        "display_percentage": 19.49,
        "winner": true
      }
    },
    {
      "name": "Фогель Нэлли Мидхатовна",
      "position": 14,
      "candidate_id": 312,
      "supported_by_party_id": 6,
      "official_result": {
        "votes_count": 99,
        "place": 5,
        "percentage": 7.317073170731707,
        "valid_percentage": 7.488653555219364,
        "registered_percentage": 6.457925636007827,
        "display_percentage": 19.3,
        "winner": true
      }
    },
    {
      "name": "Бобошко Сергей Иванович",
      "position": 1,
      "candidate_id": 299,
      "supported_by_party_id": 1,
      "official_result": {
        "votes_count": 86,
        "place": 6,
        "percentage": 6.356245380635625,
        "valid_percentage": 6.505295007564296,
        "registered_percentage": 5.609915198956294,
        "display_percentage": 16.76,
        "winner": false,
        "lacking_votes_count": 13
      }
    },
    {
      "name": "Разуваева Елена Ивановна",
      "position": 10,
      "candidate_id": 308,
      "supported_by_party_id": 1,
      "official_result": {
        "votes_count": 82,
        "place": 7,
        "percentage": 6.0606060606060606,
        "valid_percentage": 6.202723146747353,
        "registered_percentage": 5.348988910632746,
        "display_percentage": 15.98,
        "winner": false,
        "lacking_votes_count": 17
      }
    },
    {
      "name": "Юзихин Олег Сергеевич",
      "position": 20,
      "candidate_id": 316,
      "supported_by_party_id": 1,
      "official_result": {
        "votes_count": 81,
        "place": 8,
        "percentage": 5.986696230598669,
        "valid_percentage": 6.127080181543117,
        "registered_percentage": 5.283757338551859,