{
  "commission_name": "УИК №1783",
  "ballot_name": "Выборы депутатов Законодательного Собрания Санкт-Петербурга седьмого созыва",
  "name": "Результаты выборов по единому округу",
  "protocol_scope": {
    "type": "uik",
    "id": 1783
  },
  "electoral_district": {
    "type": "city",
    "id": 0
  },
  "data_id": 27820001915220,
  "ballot_data_id": 4784014358318,
  "has_koib": false,
  "generated_date": 1632122510000,
  "official_result": {
    "winner": {
      "id": 5,
      "position": 2,
      "percentage": 33.5978835978836,
      "valid_percentage": 34.65211459754434,
      "registered_percentage": 11.67279411764706
    },
    "turnout": {
      "count": 756,
      "percentage": 34.74264705882353,
      "walk_by_count": 740,
      "walk_by_percentage": 34.00735294117647,
      "on_home_count": 16,
      "on_home_percentage": 0.7352941176470588,
      "ahead_of_time_count": 0,
      "ahead_of_time_percentage": 0,
      "valid_count": 733,
      "valid_percentage": 33.685661764705884,
      "invalid_count": 23,
      "invalid_percentage": 1.0569852941176472,
      "taken_home_count": 0,
      "taken_home_percentage": 0,
      "lost_count": 0,
      "lost_percentage": 0
    },
    "votes_stats": {
      "winning_count": 254,
      "winning_percentage": 33.5978835978836,
      "effective_count": 733,
      "losing_count": 479,
      "losing_percentage": 63.35978835978836,
      "other_count": 23,
      "other_percentage": 3.0423280423280423,
      "by_place": {
        "#1": {
          "count": 254,
          "percentage": 33.5978835978836
        },
        "#2": {
          "count": 138,
          "percentage": 18.253968253968253
        },
        "#5.5": {
          "count": 122,
          "percentage": 16.137566137566136
        },
        "#3": {
          "count": 91,
          "percentage": 12.037037037037036
        },
        "#4": {
          "count": 87,
          "percentage": 11.507936507936508
        },
        "#6": {
          "count": 29,
          "percentage": 3.835978835978836
        },
        "#7": {
          "count": 12,
          "percentage": 1.5873015873015872
        }
      }
    }
  },
  "turnout_protocols": {
    "17.09.2021": {
      "15.00": {
        "count": 153,
        "count_delta": 153,
        "count_delta_per_hour": 21.857142857142858,
        "count_delta_per_minute": 0.36428571428571427,
        "percentage": 7.09,
        "percentage_delta": 7.09,
        "percentage_delta_per_hour": 1.012857142857143,
        "percentage_delta_per_minute": 0.016880952380952382,
        "registered_count": 2158,
        "registered_count_delta": 2158,
        "registered_count_delta_per_hour": 308.2857142857143,
        "registered_count_delta_per_minute": 5.1380952380952385
      },
      "20.00": {
        "count": 238,
        "count_delta": 85,
        "count_delta_per_hour": 17,
        "count_delta_per_minute": 0.2833333333333333,
        "percentage": 11.03,
        "percentage_delta": 3.9399999999999995,
        "percentage_delta_per_hour": 0.7879999999999999,
        "percentage_delta_per_minute": 0.013133333333333332,
        "registered_count": 2158,
        "registered_count_delta": 0,
        "registered_count_delta_per_hour": 0,
        "registered_count_delta_per_minute": 0
      }
    },
    "18.09.2021": {
      "15.00": {
        "count": 333,
        "count_delta": 95,
        "count_delta_per_hour": 13.571428571428571,
        "count_delta_per_minute": 0.2261904761904762,
        "percentage": 15.27,
        "percentage_delta": 4.24,
        "percentage_delta_per_hour": 0.6057142857142858,
        "percentage_delta_per_minute": 0.010095238095238096,
        "registered_count": 2181,
        "registered_count_delta": 23,
        "registered_count_delta_per_hour": 3.2857142857142856,
        "registered_count_delta_per_minute": 0.05476190476190476
      },
      "20.00": {
        "count": 401,
        "count_delta": 68,
        "count_delta_per_hour": 13.6,
        "count_delta_per_minute": 0.22666666666666666,
        "percentage": 18.39,
        "percentage_delta": 3.120000000000001,
        "percentage_delta_per_hour": 0.6240000000000002,
        "percentage_delta_per_minute": 0.010400000000000003,
        "registered_count": 2181,
        "registered_count_delta": 0,
        "registered_count_delta_per_hour": 0,
        "registered_count_delta_per_minute": 0
      }
    },
    "19.09.2021": {
      "10.00": {
        "count": 419,
        "count_delta": 18,
        "count_delta_per_hour": 9,
        "count_delta_per_minute": 0.15,
        "percentage": 19.26,
        "percentage_delta": 0.870000000000001,
        "percentage_delta_per_hour": 0.4350000000000005,
        "percentage_delta_per_minute": 0.007250000000000008
      },
      "12.00": {
        "count": 465,
        "count_delta": 46,
        "count_delta_per_hour": 23,
        "count_delta_per_minute": 0.38333333333333336,
        "percentage": 21.37,
        "percentage_delta": 2.1099999999999994,
        "percentage_delta_per_hour": 1.0549999999999997,
        "percentage_delta_per_minute": 0.01758333333333333
      },
      "15.00": {
        "count": 595,
        "count_delta": 130,
        "count_delta_per_hour": 43.333333333333336,
        "count_delta_per_minute": 0.7222222222222222,
        "percentage": 27.33,
        "percentage_delta": 5.959999999999997,
        "percentage_delta_per_hour": 1.9866666666666657,
        "percentage_delta_per_minute": 0.0331111111111111
      },
      "18.00": {
        "count": 643,
        "count_delta": 48,
        "count_delta_per_hour": 16,
        "count_delta_per_minute": 0.26666666666666666,
        "percentage": 29.57,
        "percentage_delta": 2.240000000000002,
        "percentage_delta_per_hour": 0.7466666666666674,
        "percentage_delta_per_minute": 0.012444444444444456
      },
      "20.00": {
        "count": 756,
        "count_delta": 113,
        "count_delta_per_hour": 56.5,
        "count_delta_per_minute": 0.9416666666666667,
        "percentage": 34.74264705882353,
        "percentage_delta": 5.172647058823529,
        "percentage_delta_per_hour": 2.5863235294117644,
        "percentage_delta_per_minute": 0.04310539215686274,
        "registered_count": 2176,
        "registered_count_delta": -5,
        "registered_count_delta_per_hour": -0.4166666666666667,
        "registered_count_delta_per_minute": -0.006944444444444444
      }
    }
  },
  "metadata": {
    "analysis": {
      "negative_turnout_registered_count_protocols": 1,
      "negative_turnout_registered_count": 5,
      "protocol_count": 1,
      "exceeded_papers_count": 0,
      "exceeded_papers_steal_winning": 0,
      "exceeded_papers_provide_extra_places": 0,
      "multiple_winners": 0,
      "checksum_valid": 1
    },
    "voters": {
      "initially_registered_count": 2158,
      "registered_count": 2176,
      "walk_by_count": 740,
      "on_home_count": 16,
      "ahead_of_time_count": 0,
      "exceptional_count": 0,
      "added_count": 18
    },
    "papers": {
      "received_count": 2000,
      "destroyed_count": 1244,
      "stationary_box_count": 740,
      "portable_box_count": 16,
      "valid_count": 733,
      "invalid_count": 23,
      "lost_count": 0,
      "ignored_count": 0,
      "taken_home_count": 0
    }
  },
  "entries": [
    {
      "name": "Всероссийская политическая партия \"ЕДИНАЯ РОССИЯ\"",
      "position": 2,
      "party_id": 5,
      "official_result": {
        "votes_count": 254,
        "place": 1,
        "percentage": 33.5978835978836,
        "valid_percentage": 34.65211459754434,
        "registered_percentage": 11.67279411764706,
        "display_percentage": 33.6,
        "winner": true
      },
      "result_without_other_entry": {
        "1": {
          "percentage": 41.10032362459547,
          "valid_percentage": 42.6890756302521
        },
        "3": {
          "percentage": 36.54676258992806,