{
  "commission_name": "УИК №19",
  "ballot_name": "Выборы депутатов Законодательного Собрания Санкт-Петербурга седьмого созыва",
  "name": "Результаты выборов по одномандатному (многомандатному) округу",
  "protocol_scope": {
    "type": "uik",
    "id": 19
  },
  "electoral_district": {
    "type": "city",
    "id": 1
  },
  "data_id": 27820001915220,
  "ballot_data_id": 4784001384367,
  "has_koib": false,
  "generated_date": 1632126888000,
  "official_result": {
    "winner": {
      "id": 14,
      "position": 1,
      "percentage": 65.56016597510373,
      "valid_percentage": 67.32954545454545,
      "registered_percentage": 30.919765166340508
    },
    "turnout": {
      "count": 721,
      "percentage": 47.03196347031963,
      "walk_by_count": 649,
      "walk_by_percentage": 42.335290280495755,
      "on_home_count": 72,
      "on_home_percentage": 4.6966731898238745,
      "ahead_of_time_count": 0,
      "ahead_of_time_percentage": 0,
      "valid_count": 704,
      "valid_percentage": 45.92302674494455,
      "invalid_count": 17,
      "invalid_percentage": 1.1089367253750815,
      "taken_home_count": 0,
      "taken_home_percentage": 0,
      "lost_count": 2,
      "lost_percentage": 0.1304631441617743
    },
    "votes_stats": {
      "winning_count": 474,
      "winning_percentage": 65.56016597510373,
      "effective_count": 704,
      "losing_count": 230,
      "losing_percentage": 31.8118948824343,
      "other_count": 19,
      "other_percentage": 2.627939142461964,
      "by_place": {
        "#1": {
          "count": 474,
          "percentage": 65.56016597510373
        },
        "#2": {
          "count": 111,
          "percentage": 15.352697095435685,
          "supported_by_smart_vote": true
        },
        "#3": {
          "count": 38,
          "percentage": 5.255878284923928
        },
        "#4": {
          "count": 28,
          "percentage": 3.872752420470263
        },
        "#5": {
          "count": 20,
          "percentage": 2.7662517289073305
        },
        "#6": {
          "count": 19,
          "percentage": 2.627939142461964
        },
        "#7": {
          "count": 14,
          "percentage": 1.9363762102351314
        }
      }
    }
  },
  "turnout_protocols": {
    "17.09.2021": {
      "15.00": {
        "count": 138,
        "count_delta": 138,
        "count_delta_per_hour": 19.714285714285715,
        "count_delta_per_minute": 0.32857142857142857,
        "percentage": 9,
        "percentage_delta": 9,
        "percentage_delta_per_hour": 1.2857142857142858,
        "percentage_delta_per_minute": 0.02142857142857143,
        "registered_count": 1533,
        "registered_count_delta": 1533,
        "registered_count_delta_per_hour": 219,
        "registered_count_delta_per_minute": 3.65
      },
      "20.00": {
        "count": 202,
        "count_delta": 64,
        "count_delta_per_hour": 12.8,
        "count_delta_per_minute": 0.21333333333333335,
        "percentage": 13.18,
        "percentage_delta": 4.18,
        "percentage_delta_per_hour": 0.836,
        "percentage_delta_per_minute": 0.013933333333333332,
        "registered_count": 1533,
        "registered_count_delta": 0,
        "registered_count_delta_per_hour": 0,
        "registered_count_delta_per_minute": 0
      }
    },
    "18.09.2021": {
      "15.00": {
        "count": 288,
        "count_delta": 86,
        "count_delta_per_hour": 12.285714285714286,
        "count_delta_per_minute": 0.20476190476190476,
        "percentage": 18.79,
        "percentage_delta": 5.609999999999999,
        "percentage_delta_per_hour": 0.8014285714285714,
        "percentage_delta_per_minute": 0.013357142857142856,
        "registered_count": 1533,
        "registered_count_delta": 0,
        "registered_count_delta_per_hour": 0,
        "registered_count_delta_per_minute": 0
      },
      "20.00": {
        "count": 353,
        "count_delta": 65,
        "count_delta_per_hour": 13,
        "count_delta_per_minute": 0.21666666666666667,
        "percentage": 23.03,
        "percentage_delta": 4.240000000000002,
        "percentage_delta_per_hour": 0.8480000000000004,
        "percentage_delta_per_minute": 0.01413333333333334,
        "registered_count": 1533,
        "registered_count_delta": 0,
        "registered_count_delta_per_hour": 0,
        "registered_count_delta_per_minute": 0
      }
    },
    "19.09.2021": {
      "10.00": {
        "count": 389,
        "count_delta": 36,
        "count_delta_per_hour": 18,
        "count_delta_per_minute": 0.3,
        "percentage": 25.38,
        "percentage_delta": 2.349999999999998,
        "percentage_delta_per_hour": 1.174999999999999,
        "percentage_delta_per_minute": 0.019583333333333317
      },
      "12.00": {
        "count": 433,
        "count_delta": 44,
        "count_delta_per_hour": 22,
        "count_delta_per_minute": 0.36666666666666664,
        "percentage": 28.25,
        "percentage_delta": 2.870000000000001,
        "percentage_delta_per_hour": 1.4350000000000005,
        "percentage_delta_per_minute": 0.023916666666666676
      },
      "15.00": {
        "count": 536,
        "count_delta": 103,
        "count_delta_per_hour": 34.333333333333336,
        "count_delta_per_minute": 0.5722222222222222,
        "percentage": 34.96,
        "percentage_delta": 6.710000000000001,
        "percentage_delta_per_hour": 2.236666666666667,
        "percentage_delta_per_minute": 0.037277777777777785
      },
      "18.00": {
        "count": 621,
        "count_delta": 85,
        "count_delta_per_hour": 28.333333333333332,
        "count_delta_per_minute": 0.4722222222222222,
        "percentage": 40.51,
        "percentage_delta": 5.549999999999997,
        "percentage_delta_per_hour": 1.849999999999999,
        "percentage_delta_per_minute": 0.030833333333333317
      },
      "20.00": {
        "count": 721,
        "count_delta": 100,
        "count_delta_per_hour": 50,
        "count_delta_per_minute": 0.8333333333333334,
        "percentage": 47.03196347031963,
        "percentage_delta": 6.521963470319633,
        "percentage_delta_per_hour": 3.2609817351598167,
        "percentage_delta_per_minute": 0.05434969558599694,
        "registered_count": 1533,
        "registered_count_delta": 0,
        "registered_count_delta_per_hour": 0,
        "registered_count_delta_per_minute": 0
      }
    }
  },
  "metadata": {
    "analysis": {
      "protocol_count": 1,
      "exceeded_papers_count": 0,
      "exceeded_papers_steal_winning": 0,
      "checksum_invalid": 1,
      "stuffed_protocol_for_14": 1,
      "stuffed_votes_for_14": 236.9770992366412
    },
    "voters": {
      "initially_registered_count": 1533,
      "registered_count": 1533,
      "walk_by_count": 649,
      "on_home_count": 72,
      "ahead_of_time_count": 0,
      "exceptional_count": 0
    },
    "papers": {
      "received_count": 1100,
      "destroyed_count": 377,
      "stationary_box_count": 649,
      "portable_box_count": 72,
      "valid_count": 704,
      "invalid_count": 17,
      "lost_count": 2,
      "ignored_count": 0,
      "taken_home_count": 0
    }
  },
  "entries": [
    {
      "name": "Астахова Наталия Владимировна",
      "position": 1,
      "candidate_id": 14,
      "supported_by_party_id": 5,
      "official_result": {
        "votes_count": 474,
        "place": 1,
        "percentage": 65.56016597510373,
        "valid_percentage": 67.32954545454545,
        "registered_percentage": 30.919765166340508,
        "display_percentage": 65.74,
        "winner": true
      },
      "result_without_other_entry": {
        "15": {
          "percentage": 77.45098039215686,
          "valid_percentage": 79.93254637436762
        },
        "16": {
          "percentage": 67.42532005689901,
          "valid_percentage": 69.2982456140351
        },
        "17": {
          "percentage": 68.20143884892086,
          "valid_percentage": 70.11834319526628
        },