{
  "commission_name": "УИК №835",
  "ballot_name": "Выборы депутатов Законодательного Собрания Санкт-Петербурга седьмого созыва",
  "name": "Результаты выборов по единому округу",
  "protocol_scope": {
    "type": "uik",
    "id": 835
  },
  "electoral_district": {
    "type": "city",
    "id": 0
  },
  "data_id": 27820001915220,
  "ballot_data_id": 4784006453020,
  "has_koib": true,
  "generated_date": 1632131171000,
  "official_result": {
    "winner": {
      "id": 5,
      "position": 2,
      "percentage": 38.75,
      "valid_percentage": 39.60511033681765,
      "registered_percentage": 13.446372239747634
    },
    "turnout": {
      "count": 880,
      "percentage": 34.70031545741325,
      "walk_by_count": 863,
      "walk_by_percentage": 34.02996845425867,
      "on_home_count": 17,
      "on_home_percentage": 0.6703470031545742,
      "ahead_of_time_count": 0,
      "ahead_of_time_percentage": 0,
      "valid_count": 861,
      "valid_percentage": 33.951104100946374,
      "invalid_count": 19,
      "invalid_percentage": 0.749211356466877,
      "taken_home_count": 0,
      "taken_home_percentage": 0,
      "lost_count": 0,
      "lost_percentage": 0
    },
    "votes_stats": {
      "winning_count": 341,
      "winning_percentage": 38.75,
      "effective_count": 861,
      "losing_count": 520,
      "losing_percentage": 59.09090909090909,
      "other_count": 19,
      "other_percentage": 2.159090909090909,
      "by_place": {
        "#1": {
          "count": 341,
          "percentage": 38.75
        },
        "#2": {
          "count": 183,
          "percentage": 20.795454545454543
        },
        "#3": {
          "count": 85,
          "percentage": 9.659090909090908
        },
        "#4": {
          "count": 81,
          "percentage": 9.204545454545453
        },
        "#5": {
          "count": 65,
          "percentage": 7.386363636363637
        },
        "#6": {
          "count": 51,
          "percentage": 5.795454545454545
        },
        "#7": {
          "count": 43,
          "percentage": 4.886363636363637
        },
        "#8": {
          "count": 12,
          "percentage": 1.3636363636363635
        }
      }
    }
  },
  "turnout_protocols": {
    "17.09.2021": {
      "15.00": {
        "count": 187,
        "count_delta": 187,
        "count_delta_per_hour": 26.714285714285715,
        "count_delta_per_minute": 0.4452380952380952,
        "percentage": 7.43,
        "percentage_delta": 7.43,
        "percentage_delta_per_hour": 1.0614285714285714,
        "percentage_delta_per_minute": 0.01769047619047619,
        "registered_count": 2517,
        "registered_count_delta": 2517,
        "registered_count_delta_per_hour": 359.57142857142856,
        "registered_count_delta_per_minute": 5.992857142857143
      },
      "20.00": {
        "count": 295,
        "count_delta": 108,
        "count_delta_per_hour": 21.6,
        "count_delta_per_minute": 0.36,
        "percentage": 11.72,
        "percentage_delta": 4.290000000000001,
        "percentage_delta_per_hour": 0.8580000000000002,
        "percentage_delta_per_minute": 0.014300000000000004,
        "registered_count": 2517,
        "registered_count_delta": 0,
        "registered_count_delta_per_hour": 0,
        "registered_count_delta_per_minute": 0
      }
    },
    "18.09.2021": {
      "15.00": {
        "count": 434,
        "count_delta": 139,
        "count_delta_per_hour": 19.857142857142858,
        "count_delta_per_minute": 0.33095238095238094,
        "percentage": 17.24,
        "percentage_delta": 5.519999999999998,
        "percentage_delta_per_hour": 0.7885714285714283,
        "percentage_delta_per_minute": 0.013142857142857138,
        "registered_count": 2517,
        "registered_count_delta": 0,
        "registered_count_delta_per_hour": 0,
        "registered_count_delta_per_minute": 0
      },
      "20.00": {
        "count": 497,
        "count_delta": 63,
        "count_delta_per_hour": 12.6,
        "count_delta_per_minute": 0.21,
        "percentage": 19.71,
        "percentage_delta": 2.4700000000000024,
        "percentage_delta_per_hour": 0.4940000000000005,
        "percentage_delta_per_minute": 0.00823333333333334,
        "registered_count": 2522,
        "registered_count_delta": 5,
        "registered_count_delta_per_hour": 1,
        "registered_count_delta_per_minute": 0.016666666666666666
      }
    },
    "19.09.2021": {
      "10.00": {
        "count": 526,
        "count_delta": 29,
        "count_delta_per_hour": 14.5,
        "count_delta_per_minute": 0.24166666666666667,
        "percentage": 20.75,
        "percentage_delta": 1.0399999999999991,
        "percentage_delta_per_hour": 0.5199999999999996,
        "percentage_delta_per_minute": 0.00866666666666666
      },
      "12.00": {
        "count": 557,
        "count_delta": 31,
        "count_delta_per_hour": 15.5,
        "count_delta_per_minute": 0.25833333333333336,
        "percentage": 21.98,
        "percentage_delta": 1.2300000000000004,
        "percentage_delta_per_hour": 0.6150000000000002,
        "percentage_delta_per_minute": 0.010250000000000004
      },
      "15.00": {
        "count": 692,
        "count_delta": 135,
        "count_delta_per_hour": 45,
        "count_delta_per_minute": 0.75,
        "percentage": 27.28,
        "percentage_delta": 5.300000000000001,
        "percentage_delta_per_hour": 1.7666666666666668,
        "percentage_delta_per_minute": 0.029444444444444447
      },
      "18.00": {
        "count": 793,
        "count_delta": 101,
        "count_delta_per_hour": 33.666666666666664,
        "count_delta_per_minute": 0.5611111111111111,
        "percentage": 31.27,
        "percentage_delta": 3.9899999999999984,
        "percentage_delta_per_hour": 1.3299999999999994,
        "percentage_delta_per_minute": 0.022166666666666657
      },
      "20.00": {
        "count": 880,
        "count_delta": 87,
        "count_delta_per_hour": 43.5,
        "count_delta_per_minute": 0.725,
        "percentage": 34.70031545741325,
        "percentage_delta": 3.430315457413247,
        "percentage_delta_per_hour": 1.7151577287066235,
        "percentage_delta_per_minute": 0.028585962145110392,
        "registered_count": 2536,
        "registered_count_delta": 14,
        "registered_count_delta_per_hour": 1.1666666666666667,
        "registered_count_delta_per_minute": 0.019444444444444445
      }
    }
  },
  "metadata": {
    "analysis": {
      "protocol_count": 1,
      "exceeded_papers_count": 0,
      "exceeded_papers_steal_winning": 0,
      "exceeded_papers_provide_extra_places": 0,
      "multiple_winners": 0,
      "checksum_valid": 1
    },
    "voters": {
      "initially_registered_count": 2517,
      "registered_count": 2536,
      "walk_by_count": 863,
      "on_home_count": 17,
      "ahead_of_time_count": 0,
      "exceptional_count": 0,
      "added_count": 19
    },
    "papers": {
      "received_count": 2000,
      "destroyed_count": 1120,
      "stationary_box_count": 863,
      "portable_box_count": 17,
      "valid_count": 861,
      "invalid_count": 19,
      "lost_count": 0,
      "ignored_count": 0,
      "taken_home_count": 0
    }
  },
  "entries": [
    {
      "name": "Всероссийская политическая партия \"ЕДИНАЯ РОССИЯ\"",
      "position": 2,
      "party_id": 5,
      "official_result": {
        "votes_count": 341,
        "place": 1,
        "percentage": 38.75,
        "valid_percentage": 39.60511033681765,
        "registered_percentage": 13.446372239747634,
        "display_percentage": 38.75,
        "winner": true
      },
      "result_without_other_entry": {
        "1": {
          "percentage": 48.92395982783357,
          "valid_percentage": 50.29498525073747
        },
        "3": {
          "percentage": 41.84049079754602,
          "valid_percentage": 42.8391959798995
        },
        "4": {
          "percentage": 42.67834793491865,