{
  "commission_name": "УИК №564",
  "ballot_name": "Выборы депутатов Законодательного Собрания Санкт-Петербурга седьмого созыва",
  "name": "Результаты выборов по одномандатному (многомандатному) округу",
  "protocol_scope": {
    "type": "uik",
    "id": 564
  },
  "electoral_district": {
    "type": "city",
    "id": 6
  },
  "data_id": 27820001915220,
  "ballot_data_id": 478403784382,
  "has_koib": false,
  "generated_date": 1632124470000,
  "official_result": {
    "winner": {
      "id": 164,
      "position": 2,
      "percentage": 32.45469522240527,
      "valid_percentage": 33.675213675213676,
      "registered_percentage": 10.648648648648647,
      "supported_by_smart_vote": true
    },
    "turnout": {
      "count": 616,
      "percentage": 33.2972972972973,
      "walk_by_count": 602,
      "walk_by_percentage": 32.54054054054054,
      "on_home_count": 14,
      "on_home_percentage": 0.7567567567567568,
      "ahead_of_time_count": 0,
      "ahead_of_time_percentage": 0,
      "valid_count": 585,
      "valid_percentage": 31.62162162162162,
      "invalid_count": 22,
      "invalid_percentage": 1.1891891891891893,
      "taken_home_count": 9,
      "taken_home_percentage": 0.48648648648648646,
      "lost_count": 0,
      "lost_percentage": 0
    },
    "votes_stats": {
      "winning_count": 197,
      "winning_percentage": 32.45469522240527,
      "effective_count": 585,
      "losing_count": 388,
      "losing_percentage": 63.92092257001647,
      "other_count": 22,
      "other_percentage": 3.6243822075782535,
      "by_place": {
        "#1": {
          "count": 197,
          "percentage": 32.45469522240527,
          "supported_by_smart_vote": true
        },
        "#2": {
          "count": 168,
          "percentage": 27.677100494233937
        },
        "#3": {
          "count": 91,
          "percentage": 14.991762767710048
        },
        "#4": {
          "count": 52,
          "percentage": 8.5667215815486
        },
        "#5": {
          "count": 41,
          "percentage": 6.754530477759473
        },
        "#6": {
          "count": 36,
          "percentage": 5.930807248764415
        }
      }
    }
  },
  "turnout_protocols": {
    "17.09.2021": {
      "15.00": {
        "count": 127,
        "count_delta": 127,
        "count_delta_per_hour": 18.142857142857142,
        "count_delta_per_minute": 0.30238095238095236,
        "percentage": 6.88,
        "percentage_delta": 6.88,
        "percentage_delta_per_hour": 0.9828571428571429,
        "percentage_delta_per_minute": 0.01638095238095238,
        "registered_count": 1846,
        "registered_count_delta": 1846,
        "registered_count_delta_per_hour": 263.7142857142857,
        "registered_count_delta_per_minute": 4.395238095238096
      },
      "20.00": {
        "count": 204,
        "count_delta": 77,
        "count_delta_per_hour": 15.4,
        "count_delta_per_minute": 0.25666666666666665,
        "percentage": 11.05,
        "percentage_delta": 4.170000000000001,
        "percentage_delta_per_hour": 0.8340000000000002,
        "percentage_delta_per_minute": 0.013900000000000003,
        "registered_count": 1846,
        "registered_count_delta": 0,
        "registered_count_delta_per_hour": 0,
        "registered_count_delta_per_minute": 0
      }
    },
    "18.09.2021": {
      "15.00": {
        "count": 236,
        "count_delta": 32,
        "count_delta_per_hour": 4.571428571428571,
        "count_delta_per_minute": 0.0761904761904762,
        "percentage": 12.78,
        "percentage_delta": 1.7299999999999986,
        "percentage_delta_per_hour": 0.24714285714285694,
        "percentage_delta_per_minute": 0.004119047619047616,
        "registered_count": 1847,
        "registered_count_delta": 1,
        "registered_count_delta_per_hour": 0.14285714285714285,
        "registered_count_delta_per_minute": 0.002380952380952381
      },
      "20.00": {
        "count": 304,
        "count_delta": 68,
        "count_delta_per_hour": 13.6,
        "count_delta_per_minute": 0.22666666666666666,
        "percentage": 16.47,
        "percentage_delta": 3.6899999999999995,
        "percentage_delta_per_hour": 0.7379999999999999,
        "percentage_delta_per_minute": 0.012299999999999998,
        "registered_count": 1846,
        "registered_count_delta": -1,
        "registered_count_delta_per_hour": -0.2,
        "registered_count_delta_per_minute": -0.0033333333333333335
      }
    },
    "19.09.2021": {
      "10.00": {
        "count": 309,
        "count_delta": 5,
        "count_delta_per_hour": 2.5,
        "count_delta_per_minute": 0.041666666666666664,
        "percentage": 16.68,
        "percentage_delta": 0.21000000000000085,
        "percentage_delta_per_hour": 0.10500000000000043,
        "percentage_delta_per_minute": 0.0017500000000000072
      },
      "12.00": {
        "count": 350,
        "count_delta": 41,
        "count_delta_per_hour": 20.5,
        "count_delta_per_minute": 0.3416666666666667,
        "percentage": 18.91,
        "percentage_delta": 2.2300000000000004,
        "percentage_delta_per_hour": 1.1150000000000002,
        "percentage_delta_per_minute": 0.018583333333333337
      },
      "15.00": {
        "count": 447,
        "count_delta": 97,
        "count_delta_per_hour": 32.333333333333336,
        "count_delta_per_minute": 0.5388888888888889,
        "percentage": 24.16,
        "percentage_delta": 5.25,
        "percentage_delta_per_hour": 1.75,
        "percentage_delta_per_minute": 0.029166666666666667
      },
      "18.00": {
        "count": 544,
        "count_delta": 97,
        "count_delta_per_hour": 32.333333333333336,
        "count_delta_per_minute": 0.5388888888888889,
        "percentage": 29.41,
        "percentage_delta": 5.25,
        "percentage_delta_per_hour": 1.75,
        "percentage_delta_per_minute": 0.029166666666666667
      },
      "20.00": {
        "count": 616,
        "count_delta": 72,
        "count_delta_per_hour": 36,
        "count_delta_per_minute": 0.6,
        "percentage": 33.2972972972973,
        "percentage_delta": 3.887297297297298,
        "percentage_delta_per_hour": 1.943648648648649,
        "percentage_delta_per_minute": 0.03239414414414415,
        "registered_count": 1850,
        "registered_count_delta": 4,
        "registered_count_delta_per_hour": 0.3333333333333333,
        "registered_count_delta_per_minute": 0.005555555555555556
      }
    }
  },
  "metadata": {
    "analysis": {
      "negative_turnout_registered_count_protocols": 1,
      "negative_turnout_registered_count": 1,
      "protocol_count": 1,
      "exceeded_papers_count": 0,
      "exceeded_papers_steal_winning": 0,
      "checksum_valid": 1
    },
    "voters": {
      "initially_registered_count": 1846,
      "registered_count": 1850,
      "walk_by_count": 602,
      "on_home_count": 14,
      "ahead_of_time_count": 0,
      "exceptional_count": 0,
      "added_count": 4
    },
    "papers": {
      "received_count": 1500,
      "destroyed_count": 884,
      "stationary_box_count": 593,
      "portable_box_count": 14,
      "valid_count": 585,
      "invalid_count": 22,
      "lost_count": 0,
      "ignored_count": 0,
      "taken_home_count": 9
    }
  },
  "entries": [
    {
      "name": "Амосов Михаил Иванович",
      "position": 2,
      "candidate_id": 164,
      "supported_by_party_id": 6,
      "supported_by_smart_vote": true,
      "official_result": {
        "votes_count": 197,
        "place": 1,
        "percentage": 32.45469522240527,
        "valid_percentage": 33.675213675213676,
        "registered_percentage": 10.648648648648647,
        "display_percentage": 32.45,
        "winner": true
      },
      "result_without_other_entry": {
        "163": {
          "percentage": 35.4954954954955,
          "valid_percentage": 36.96060037523452
        },
        "165": {
          "percentage": 34.80565371024735,