{
  "commission_name": "УИК №1100",
  "ballot_name": "Выборы депутатов Законодательного Собрания Санкт-Петербурга седьмого созыва",
  "name": "Результаты выборов по одномандатному (многомандатному) округу",
  "protocol_scope": {
    "type": "uik",
    "id": 1100
  },
  "electoral_district": {
    "type": "city",
    "id": 18
  },
  "data_id": 27820001915220,
  "ballot_data_id": 478404682719,
  "has_koib": false,
  "generated_date": 1632122793000,
  "official_result": {
    "winner": {
      "id": 94,
      "position": 1,
      "percentage": 30.23255813953488,
      "valid_percentage": 31.32530120481928,
      "registered_percentage": 9.274673008323424
    },
    "turnout": {
      "count": 516,
      "percentage": 30.677764565992867,
      "walk_by_count": 511,
      "walk_by_percentage": 30.38049940546968,
      "on_home_count": 5,
      "on_home_percentage": 0.2972651605231867,
      "ahead_of_time_count": 0,
      "ahead_of_time_percentage": 0,
      "valid_count": 498,
      "valid_percentage": 29.607609988109395,
      "invalid_count": 18,
      "invalid_percentage": 1.070154577883472,
      "taken_home_count": 0,
      "taken_home_percentage": 0,
      "lost_count": 0,
      "lost_percentage": 0
    },
    "votes_stats": {
      "winning_count": 156,
      "winning_percentage": 30.23255813953488,
      "effective_count": 498,
      "losing_count": 342,
      "losing_percentage": 66.27906976744185,
      "other_count": 18,
      "other_percentage": 3.488372093023256,
      "by_place": {
        "#1": {
          "count": 156,
          "percentage": 30.23255813953488
        },
        "#2": {
          "count": 132,
          "percentage": 25.581395348837212,
          "supported_by_smart_vote": true
        },
        "#3": {
          "count": 114,
          "percentage": 22.093023255813954
        },
        "#4": {
          "count": 36,
          "percentage": 6.976744186046512
        },
        "#5": {
          "count": 29,
          "percentage": 5.62015503875969
        },
        "#6": {
          "count": 17,
          "percentage": 3.2945736434108532
        },
        "#7": {
          "count": 14,
          "percentage": 2.7131782945736433
        }
      }
    }
  },
  "turnout_protocols": {
    "17.09.2021": {
      "15.00": {
        "count": 102,
        "count_delta": 102,
        "count_delta_per_hour": 14.571428571428571,
        "count_delta_per_minute": 0.24285714285714285,
        "percentage": 6.16,
        "percentage_delta": 6.16,
        "percentage_delta_per_hour": 0.88,
        "percentage_delta_per_minute": 0.014666666666666666,
        "registered_count": 1656,
        "registered_count_delta": 1656,
        "registered_count_delta_per_hour": 236.57142857142858,
        "registered_count_delta_per_minute": 3.942857142857143
      },
      "20.00": {
        "count": 162,
        "count_delta": 60,
        "count_delta_per_hour": 12,
        "count_delta_per_minute": 0.2,
        "percentage": 9.72,
        "percentage_delta": 3.5600000000000005,
        "percentage_delta_per_hour": 0.7120000000000001,
        "percentage_delta_per_minute": 0.011866666666666668,
        "registered_count": 1667,
        "registered_count_delta": 11,
        "registered_count_delta_per_hour": 2.2,
        "registered_count_delta_per_minute": 0.03666666666666667
      }
    },
    "18.09.2021": {
      "15.00": {
        "count": 248,
        "count_delta": 86,
        "count_delta_per_hour": 12.285714285714286,
        "count_delta_per_minute": 0.20476190476190476,
        "percentage": 14.88,
        "percentage_delta": 5.16,
        "percentage_delta_per_hour": 0.7371428571428572,
        "percentage_delta_per_minute": 0.012285714285714285,
        "registered_count": 1667,
        "registered_count_delta": 0,
        "registered_count_delta_per_hour": 0,
        "registered_count_delta_per_minute": 0
      },
      "20.00": {
        "count": 291,
        "count_delta": 43,
        "count_delta_per_hour": 8.6,
        "count_delta_per_minute": 0.14333333333333334,
        "percentage": 17.46,
        "percentage_delta": 2.58,
        "percentage_delta_per_hour": 0.516,
        "percentage_delta_per_minute": 0.0086,
        "registered_count": 1667,
        "registered_count_delta": 0,
        "registered_count_delta_per_hour": 0,
        "registered_count_delta_per_minute": 0
      }
    },
    "19.09.2021": {
      "10.00": {
        "count": 298,
        "count_delta": 7,
        "count_delta_per_hour": 3.5,
        "count_delta_per_minute": 0.058333333333333334,
        "percentage": 17.7,
        "percentage_delta": 0.23999999999999844,
        "percentage_delta_per_hour": 0.11999999999999922,
        "percentage_delta_per_minute": 0.001999999999999987
      },
      "12.00": {
        "count": 329,
        "count_delta": 31,
        "count_delta_per_hour": 15.5,
        "count_delta_per_minute": 0.25833333333333336,
        "percentage": 19.56,
        "percentage_delta": 1.8599999999999994,
        "percentage_delta_per_hour": 0.9299999999999997,
        "percentage_delta_per_minute": 0.015499999999999995
      },
      "15.00": {
        "count": 423,
        "count_delta": 94,
        "count_delta_per_hour": 31.333333333333332,
        "count_delta_per_minute": 0.5222222222222223,
        "percentage": 25.13,
        "percentage_delta": 5.57,
        "percentage_delta_per_hour": 1.8566666666666667,
        "percentage_delta_per_minute": 0.030944444444444445
      },
      "18.00": {
        "count": 585,
        "count_delta": 162,
        "count_delta_per_hour": 54,
        "count_delta_per_minute": 0.9,
        "percentage": 34.79,
        "percentage_delta": 9.66,
        "percentage_delta_per_hour": 3.22,
        "percentage_delta_per_minute": 0.05366666666666667
      },
      "20.00": {
        "count": 516,
        "count_delta": -69,
        "count_delta_per_hour": -34.5,
        "count_delta_per_minute": -0.575,
        "percentage": 30.677764565992867,
        "percentage_delta": -4.1122354340071325,
        "percentage_delta_per_hour": -2.0561177170035663,
        "percentage_delta_per_minute": -0.0342686286167261,
        "registered_count": 1682,
        "registered_count_delta": 15,
        "registered_count_delta_per_hour": 1.25,
        "registered_count_delta_per_minute": 0.020833333333333332
      }
    }
  },
  "metadata": {
    "analysis": {
      "negative_turnout_percentage_protocols": 1,
      "negative_turnout_percentage": 4.1122354340071325,
      "negative_turnout_count_protocols": 1,
      "negative_turnout_count": 69,
      "protocol_count": 1,
      "exceeded_papers_count": 0,
      "exceeded_papers_steal_winning": 0,
      "checksum_valid": 1,
      "stuffed_protocol_for_95": 1,
      "stuffed_votes_for_95": 36.890951276102086
    },
    "voters": {
      "initially_registered_count": 1656,
      "registered_count": 1682,
      "walk_by_count": 511,
      "on_home_count": 5,
      "ahead_of_time_count": 0,
      "exceptional_count": 0,
      "added_count": 26
    },
    "papers": {
      "received_count": 1500,
      "destroyed_count": 984,
      "stationary_box_count": 511,
      "portable_box_count": 5,
      "valid_count": 498,
      "invalid_count": 18,
      "lost_count": 0,
      "ignored_count": 0,
      "taken_home_count": 0
    }
  },
  "entries": [
    {
      "name": "Бойко Дмитрий Сергеевич",
      "position": 1,
      "candidate_id": 94,
      "supported_by_party_id": 1,
      "official_result": {
        "votes_count": 156,
        "place": 1,
        "percentage": 30.23255813953488,
        "valid_percentage": 31.32530120481928,
        "registered_percentage": 9.274673008323424,
        "display_percentage": 30.23,
        "winner": true
      },
      "result_without_other_entry": {
        "75": {
          "percentage": 32.5,
          "valid_percentage": 33.76623376623377
        },
        "80": {
          "percentage": 32.03285420944558,