{
  "commission_name": "УИК №345",
  "ballot_name": "Выборы депутатов Законодательного Собрания Санкт-Петербурга седьмого созыва",
  "name": "Результаты выборов по единому округу",
  "protocol_scope": {
    "type": "uik",
    "id": 345
  },
  "electoral_district": {
    "type": "city",
    "id": 0
  },
  "data_id": 27820001915220,
  "ballot_data_id": 4784024397186,
  "has_koib": false,
  "generated_date": 1632131503000,
  "official_result": {
    "winner": {
      "id": 7,
      "position": 3,
      "percentage": 23.809523809523807,
      "valid_percentage": 24.12280701754386,
      "registered_percentage": 10.410094637223976
    },
    "turnout": {
      "count": 697,
      "percentage": 43.97476340694006,
      "walk_by_count": 597,
      "walk_by_percentage": 37.66561514195584,
      "on_home_count": 100,
      "on_home_percentage": 6.309148264984227,
      "ahead_of_time_count": 0,
      "ahead_of_time_percentage": 0,
      "valid_count": 684,
      "valid_percentage": 43.154574132492115,
      "invalid_count": 9,
      "invalid_percentage": 0.5678233438485805,
      "taken_home_count": 4,
      "taken_home_percentage": 0.2523659305993691,
      "lost_count": 0,
      "lost_percentage": 0
    },
    "votes_stats": {
      "winning_count": 165,
      "winning_percentage": 23.809523809523807,
      "effective_count": 684,
      "losing_count": 519,
      "losing_percentage": 74.89177489177489,
      "other_count": 9,
      "other_percentage": 1.2987012987012987,
      "by_place": {
        "#1": {
          "count": 165,
          "percentage": 23.809523809523807
        },
        "#2": {
          "count": 153,
          "percentage": 22.07792207792208
        },
        "#3": {
          "count": 105,
          "percentage": 15.151515151515152
        },
        "#4": {
          "count": 88,
          "percentage": 12.698412698412698
        },
        "#5": {
          "count": 66,
          "percentage": 9.523809523809524
        },
        "#6": {
          "count": 58,
          "percentage": 8.369408369408369
        },
        "#7": {
          "count": 25,
          "percentage": 3.6075036075036073
        },
        "#8": {
          "count": 24,
          "percentage": 3.463203463203463
        }
      }
    }
  },
  "turnout_protocols": {
    "17.09.2021": {
      "15.00": {
        "count": 100,
        "count_delta": 100,
        "count_delta_per_hour": 14.285714285714286,
        "count_delta_per_minute": 0.23809523809523808,
        "percentage": 6.42,
        "percentage_delta": 6.42,
        "percentage_delta_per_hour": 0.9171428571428571,
        "percentage_delta_per_minute": 0.015285714285714286,
        "registered_count": 1558,
        "registered_count_delta": 1558,
        "registered_count_delta_per_hour": 222.57142857142858,
        "registered_count_delta_per_minute": 3.7095238095238097
      },
      "20.00": {
        "count": 183,
        "count_delta": 83,
        "count_delta_per_hour": 16.6,
        "count_delta_per_minute": 0.27666666666666667,
        "percentage": 11.75,
        "percentage_delta": 5.33,
        "percentage_delta_per_hour": 1.066,
        "percentage_delta_per_minute": 0.017766666666666667,
        "registered_count": 1557,
        "registered_count_delta": -1,
        "registered_count_delta_per_hour": -0.2,
        "registered_count_delta_per_minute": -0.0033333333333333335
      }
    },
    "18.09.2021": {
      "15.00": {
        "count": 242,
        "count_delta": 59,
        "count_delta_per_hour": 8.428571428571429,
        "count_delta_per_minute": 0.14047619047619048,
        "percentage": 15.53,
        "percentage_delta": 3.7799999999999994,
        "percentage_delta_per_hour": 0.5399999999999999,
        "percentage_delta_per_minute": 0.009,
        "registered_count": 1558,
        "registered_count_delta": 1,
        "registered_count_delta_per_hour": 0.14285714285714285,
        "registered_count_delta_per_minute": 0.002380952380952381
      },
      "20.00": {
        "count": 394,
        "count_delta": 152,
        "count_delta_per_hour": 30.4,
        "count_delta_per_minute": 0.5066666666666667,
        "percentage": 25.29,
        "percentage_delta": 9.76,
        "percentage_delta_per_hour": 1.952,
        "percentage_delta_per_minute": 0.03253333333333333,
        "registered_count": 1558,
        "registered_count_delta": 0,
        "registered_count_delta_per_hour": 0,
        "registered_count_delta_per_minute": 0
      }
    },
    "19.09.2021": {
      "10.00": {
        "count": 416,
        "count_delta": 22,
        "count_delta_per_hour": 11,
        "count_delta_per_minute": 0.18333333333333332,
        "percentage": 26.25,
        "percentage_delta": 0.9600000000000009,
        "percentage_delta_per_hour": 0.4800000000000004,
        "percentage_delta_per_minute": 0.008000000000000007
      },
      "12.00": {
        "count": 466,
        "count_delta": 50,
        "count_delta_per_hour": 25,
        "count_delta_per_minute": 0.4166666666666667,
        "percentage": 29.4,
        "percentage_delta": 3.1499999999999986,
        "percentage_delta_per_hour": 1.5749999999999993,
        "percentage_delta_per_minute": 0.02624999999999999
      },
      "15.00": {
        "count": 466,
        "count_delta": 0,
        "count_delta_per_hour": 0,
        "count_delta_per_minute": 0,
        "percentage": 29.4,
        "percentage_delta": 0,
        "percentage_delta_per_hour": 0,
        "percentage_delta_per_minute": 0
      },
      "18.00": {
        "count": 609,
        "count_delta": 143,
        "count_delta_per_hour": 47.666666666666664,
        "count_delta_per_minute": 0.7944444444444444,
        "percentage": 38.45,
        "percentage_delta": 9.050000000000004,
        "percentage_delta_per_hour": 3.016666666666668,
        "percentage_delta_per_minute": 0.0502777777777778
      },
      "20.00": {
        "count": 697,
        "count_delta": 88,
        "count_delta_per_hour": 44,
        "count_delta_per_minute": 0.7333333333333333,
        "percentage": 43.97476340694006,
        "percentage_delta": 5.52476340694006,
        "percentage_delta_per_hour": 2.76238170347003,
        "percentage_delta_per_minute": 0.046039695057833833,
        "registered_count": 1585,
        "registered_count_delta": 27,
        "registered_count_delta_per_hour": 2.25,
        "registered_count_delta_per_minute": 0.0375
      }
    }
  },
  "metadata": {
    "analysis": {
      "negative_turnout_registered_count_protocols": 1,
      "negative_turnout_registered_count": 1,
      "protocol_count": 1,
      "exceeded_papers_count": 0,
      "exceeded_papers_steal_winning": 0,
      "exceeded_papers_provide_extra_places": 0,
      "multiple_winners": 0,
      "checksum_valid": 1
    },
    "voters": {
      "initially_registered_count": 1558,
      "registered_count": 1585,
      "walk_by_count": 597,
      "on_home_count": 100,
      "ahead_of_time_count": 0,
      "exceptional_count": 0,
      "added_count": 27
    },
    "papers": {
      "received_count": 1500,
      "destroyed_count": 803,
      "stationary_box_count": 593,
      "portable_box_count": 100,
      "valid_count": 684,
      "invalid_count": 9,
      "lost_count": 0,
      "ignored_count": 0,
      "taken_home_count": 4
    }
  },
  "entries": [
    {
      "name": "Политическая партия \"Российская объединенная демократическая партия \"ЯБЛОКО\"",
      "position": 3,
      "party_id": 7,
      "official_result": {
        "votes_count": 165,
        "place": 1,
        "percentage": 23.809523809523807,
        "valid_percentage": 24.12280701754386,
        "registered_percentage": 10.410094637223976,
        "display_percentage": 23.81,
        "winner": true
      },
      "result_without_other_entry": {
        "1": {
          "percentage": 28.061224489795915,
          "valid_percentage": 28.497409326424872
        },
        "3": {
          "percentage": 24.70059880239521,