{
  "commission_name": "УИК №253",
  "ballot_name": "Выборы депутатов Законодательного Собрания Санкт-Петербурга седьмого созыва",
  "name": "Результаты выборов по единому округу",
  "protocol_scope": {
    "type": "uik",
    "id": 253
  },
  "electoral_district": {
    "type": "city",
    "id": 0
  },
  "data_id": 27820001915220,
  "ballot_data_id": 4784035124105,
  "has_koib": false,
  "generated_date": 1632130127000,
  "official_result": {
    "winner": {
      "id": 5,
      "position": 2,
      "percentage": 24.495967741935484,
      "valid_percentage": 24.897540983606557,
      "registered_percentage": 11.312849162011174
    },
    "turnout": {
      "count": 995,
      "percentage": 46.3221601489758,
      "walk_by_count": 767,
      "walk_by_percentage": 35.70763500931099,
      "on_home_count": 228,
      "on_home_percentage": 10.614525139664805,
      "ahead_of_time_count": 0,
      "ahead_of_time_percentage": 0,
      "valid_count": 976,
      "valid_percentage": 45.43761638733706,
      "invalid_count": 16,
      "invalid_percentage": 0.74487895716946,
      "taken_home_count": 3,
      "taken_home_percentage": 0.13966480446927373,
      "lost_count": 0,
      "lost_percentage": 0
    },
    "votes_stats": {
      "winning_count": 243,
      "winning_percentage": 24.495967741935484,
      "effective_count": 976,
      "losing_count": 733,
      "losing_percentage": 73.89112903225806,
      "other_count": 16,
      "other_percentage": 1.6129032258064515,
      "by_place": {
        "#1": {
          "count": 243,
          "percentage": 24.495967741935484
        },
        "#2": {
          "count": 176,
          "percentage": 17.741935483870968
        },
        "#3": {
          "count": 151,
          "percentage": 15.221774193548388
        },
        "#4": {
          "count": 133,
          "percentage": 13.407258064516128
        },
        "#5": {
          "count": 98,
          "percentage": 9.879032258064516
        },
        "#6": {
          "count": 74,
          "percentage": 7.459677419354839
        },
        "#7": {
          "count": 72,
          "percentage": 7.258064516129033
        },
        "#8": {
          "count": 29,
          "percentage": 2.9233870967741935
        }
      }
    }
  },
  "turnout_protocols": {
    "17.09.2021": {
      "15.00": {
        "count": 131,
        "count_delta": 131,
        "count_delta_per_hour": 18.714285714285715,
        "count_delta_per_minute": 0.3119047619047619,
        "percentage": 6,
        "percentage_delta": 6,
        "percentage_delta_per_hour": 0.8571428571428571,
        "percentage_delta_per_minute": 0.014285714285714285,
        "registered_count": 2183,
        "registered_count_delta": 2183,
        "registered_count_delta_per_hour": 311.85714285714283,
        "registered_count_delta_per_minute": 5.197619047619048
      },
      "20.00": {
        "count": 429,
        "count_delta": 298,
        "count_delta_per_hour": 59.6,
        "count_delta_per_minute": 0.9933333333333333,
        "percentage": 19.63,
        "percentage_delta": 13.629999999999999,
        "percentage_delta_per_hour": 2.726,
        "percentage_delta_per_minute": 0.04543333333333333,
        "registered_count": 2185,
        "registered_count_delta": 2,
        "registered_count_delta_per_hour": 0.4,
        "registered_count_delta_per_minute": 0.006666666666666667
      }
    },
    "18.09.2021": {
      "15.00": {
        "count": 515,
        "count_delta": 86,
        "count_delta_per_hour": 12.285714285714286,
        "count_delta_per_minute": 0.20476190476190476,
        "percentage": 23.57,
        "percentage_delta": 3.9400000000000013,
        "percentage_delta_per_hour": 0.5628571428571431,
        "percentage_delta_per_minute": 0.009380952380952384,
        "registered_count": 2185,
        "registered_count_delta": 0,
        "registered_count_delta_per_hour": 0,
        "registered_count_delta_per_minute": 0
      },
      "20.00": {
        "count": 602,
        "count_delta": 87,
        "count_delta_per_hour": 17.4,
        "count_delta_per_minute": 0.29,
        "percentage": 27.55,
        "percentage_delta": 3.9800000000000004,
        "percentage_delta_per_hour": 0.796,
        "percentage_delta_per_minute": 0.013266666666666668,
        "registered_count": 2185,
        "registered_count_delta": 0,
        "registered_count_delta_per_hour": 0,
        "registered_count_delta_per_minute": 0
      }
    },
    "19.09.2021": {
      "10.00": {
        "count": 604,
        "count_delta": 2,
        "count_delta_per_hour": 1,
        "count_delta_per_minute": 0.016666666666666666,
        "percentage": 28.1,
        "percentage_delta": 0.5500000000000007,
        "percentage_delta_per_hour": 0.27500000000000036,
        "percentage_delta_per_minute": 0.004583333333333339
      },
      "12.00": {
        "count": 638,
        "count_delta": 34,
        "count_delta_per_hour": 17,
        "count_delta_per_minute": 0.2833333333333333,
        "percentage": 29.7,
        "percentage_delta": 1.5999999999999979,
        "percentage_delta_per_hour": 0.7999999999999989,
        "percentage_delta_per_minute": 0.013333333333333315
      },
      "15.00": {
        "count": 745,
        "count_delta": 107,
        "count_delta_per_hour": 35.666666666666664,
        "count_delta_per_minute": 0.5944444444444444,
        "percentage": 34.69,
        "percentage_delta": 4.989999999999998,
        "percentage_delta_per_hour": 1.6633333333333329,
        "percentage_delta_per_minute": 0.027722222222222214
      },
      "18.00": {
        "count": 874,
        "count_delta": 129,
        "count_delta_per_hour": 43,
        "count_delta_per_minute": 0.7166666666666667,
        "percentage": 40.69,
        "percentage_delta": 6,
        "percentage_delta_per_hour": 2,
        "percentage_delta_per_minute": 0.03333333333333333
      },
      "20.00": {
        "count": 995,
        "count_delta": 121,
        "count_delta_per_hour": 60.5,
        "count_delta_per_minute": 1.0083333333333333,
        "percentage": 46.3221601489758,
        "percentage_delta": 5.6321601489757995,
        "percentage_delta_per_hour": 2.8160800744878998,
        "percentage_delta_per_minute": 0.04693466790813166,
        "registered_count": 2148,
        "registered_count_delta": -37,
        "registered_count_delta_per_hour": -3.0833333333333335,
        "registered_count_delta_per_minute": -0.05138888888888889
      }
    }
  },
  "metadata": {
    "analysis": {
      "negative_turnout_registered_count_protocols": 1,
      "negative_turnout_registered_count": 37,
      "protocol_count": 1,
      "exceeded_papers_count": 0,
      "exceeded_papers_steal_winning": 0,
      "exceeded_papers_provide_extra_places": 0,
      "multiple_winners": 0,
      "checksum_valid": 1
    },
    "voters": {
      "initially_registered_count": 2185,
      "registered_count": 2148,
      "walk_by_count": 767,
      "on_home_count": 228,
      "ahead_of_time_count": 0,
      "exceptional_count": 0,
      "removed_count": 37
    },
    "papers": {
      "received_count": 2000,
      "destroyed_count": 1005,
      "stationary_box_count": 764,
      "portable_box_count": 228,
      "valid_count": 976,
      "invalid_count": 16,
      "lost_count": 0,
      "ignored_count": 0,
      "taken_home_count": 3
    }
  },
  "entries": [
    {
      "name": "Всероссийская политическая партия \"ЕДИНАЯ РОССИЯ\"",
      "position": 2,
      "party_id": 5,
      "official_result": {
        "votes_count": 243,
        "place": 1,
        "percentage": 24.495967741935484,
        "valid_percentage": 24.897540983606557,
        "registered_percentage": 11.312849162011174,
        "display_percentage": 24.5,
        "winner": true
      },
      "result_without_other_entry": {
        "1": {
          "percentage": 29.77941176470588,
          "valid_percentage": 30.375000000000004
        },