{
  "commission_name": "УИК №44",
  "ballot_name": "Выборы депутатов Законодательного Собрания Санкт-Петербурга седьмого созыва",
  "name": "Результаты выборов по единому округу",
  "protocol_scope": {
    "type": "uik",
    "id": 44
  },
  "electoral_district": {
    "type": "city",
    "id": 0
  },
  "data_id": 27820001915220,
  "ballot_data_id": 478403191314,
  "has_koib": false,
  "generated_date": 1632130011000,
  "official_result": {
    "winner": {
      "id": 5,
      "position": 2,
      "percentage": 37.278106508875744,
      "valid_percentage": 38.18181818181819,
      "registered_percentage": 17.403314917127073
    },
    "turnout": {
      "count": 511,
      "percentage": 47.05340699815838,
      "walk_by_count": 473,
      "walk_by_percentage": 43.554327808471456,
      "on_home_count": 38,
      "on_home_percentage": 3.4990791896869244,
      "ahead_of_time_count": 0,
      "ahead_of_time_percentage": 0,
      "valid_count": 495,
      "valid_percentage": 45.58011049723757,
      "invalid_count": 12,
      "invalid_percentage": 1.1049723756906076,
      "taken_home_count": 4,
      "taken_home_percentage": 0.3683241252302026,
      "lost_count": 0,
      "lost_percentage": 0
    },
    "votes_stats": {
      "winning_count": 189,
      "winning_percentage": 37.278106508875744,
      "effective_count": 495,
      "losing_count": 306,
      "losing_percentage": 60.35502958579882,
      "other_count": 12,
      "other_percentage": 2.366863905325444,
      "by_place": {
        "#1": {
          "count": 189,
          "percentage": 37.278106508875744
        },
        "#2": {
          "count": 84,
          "percentage": 16.56804733727811
        },
        "#3": {
          "count": 63,
          "percentage": 12.42603550295858
        },
        "#4": {
          "count": 48,
          "percentage": 9.467455621301776
        },
        "#5": {
          "count": 39,
          "percentage": 7.6923076923076925
        },
        "#6": {
          "count": 36,
          "percentage": 7.100591715976331
        },
        "#7": {
          "count": 22,
          "percentage": 4.339250493096647
        },
        "#8": {
          "count": 14,
          "percentage": 2.7613412228796843
        }
      }
    }
  },
  "turnout_protocols": {
    "17.09.2021": {
      "15.00": {
        "count": 93,
        "count_delta": 93,
        "count_delta_per_hour": 13.285714285714286,
        "count_delta_per_minute": 0.22142857142857142,
        "percentage": 8.68,
        "percentage_delta": 8.68,
        "percentage_delta_per_hour": 1.24,
        "percentage_delta_per_minute": 0.020666666666666667,
        "registered_count": 1071,
        "registered_count_delta": 1071,
        "registered_count_delta_per_hour": 153,
        "registered_count_delta_per_minute": 2.55
      },
      "20.00": {
        "count": 155,
        "count_delta": 62,
        "count_delta_per_hour": 12.4,
        "count_delta_per_minute": 0.20666666666666667,
        "percentage": 14.47,
        "percentage_delta": 5.790000000000001,
        "percentage_delta_per_hour": 1.1580000000000001,
        "percentage_delta_per_minute": 0.019300000000000005,
        "registered_count": 1071,
        "registered_count_delta": 0,
        "registered_count_delta_per_hour": 0,
        "registered_count_delta_per_minute": 0
      }
    },
    "18.09.2021": {
      "15.00": {
        "count": 207,
        "count_delta": 52,
        "count_delta_per_hour": 7.428571428571429,
        "count_delta_per_minute": 0.12380952380952381,
        "percentage": 19.33,
        "percentage_delta": 4.859999999999998,
        "percentage_delta_per_hour": 0.694285714285714,
        "percentage_delta_per_minute": 0.011571428571428566,
        "registered_count": 1071,
        "registered_count_delta": 0,
        "registered_count_delta_per_hour": 0,
        "registered_count_delta_per_minute": 0
      },
      "20.00": {
        "count": 263,
        "count_delta": 56,
        "count_delta_per_hour": 11.2,
        "count_delta_per_minute": 0.18666666666666668,
        "percentage": 24.56,
        "percentage_delta": 5.23,
        "percentage_delta_per_hour": 1.046,
        "percentage_delta_per_minute": 0.017433333333333335,
        "registered_count": 1071,
        "registered_count_delta": 0,
        "registered_count_delta_per_hour": 0,
        "registered_count_delta_per_minute": 0
      }
    },
    "19.09.2021": {
      "10.00": {
        "count": 274,
        "count_delta": 11,
        "count_delta_per_hour": 5.5,
        "count_delta_per_minute": 0.09166666666666666,
        "percentage": 25.21,
        "percentage_delta": 0.6500000000000021,
        "percentage_delta_per_hour": 0.32500000000000107,
        "percentage_delta_per_minute": 0.005416666666666684
      },
      "12.00": {
        "count": 307,
        "count_delta": 33,
        "count_delta_per_hour": 16.5,
        "count_delta_per_minute": 0.275,
        "percentage": 28.29,
        "percentage_delta": 3.0799999999999983,
        "percentage_delta_per_hour": 1.5399999999999991,
        "percentage_delta_per_minute": 0.025666666666666654
      },
      "15.00": {
        "count": 381,
        "count_delta": 74,
        "count_delta_per_hour": 24.666666666666668,
        "count_delta_per_minute": 0.4111111111111111,
        "percentage": 35.11,
        "percentage_delta": 6.82,
        "percentage_delta_per_hour": 2.2733333333333334,
        "percentage_delta_per_minute": 0.03788888888888889
      },
      "18.00": {
        "count": 431,
        "count_delta": 50,
        "count_delta_per_hour": 16.666666666666668,
        "count_delta_per_minute": 0.2777777777777778,
        "percentage": 39.68,
        "percentage_delta": 4.57,
        "percentage_delta_per_hour": 1.5233333333333334,
        "percentage_delta_per_minute": 0.02538888888888889
      },
      "20.00": {
        "count": 511,
        "count_delta": 80,
        "count_delta_per_hour": 40,
        "count_delta_per_minute": 0.6666666666666666,
        "percentage": 47.05340699815838,
        "percentage_delta": 7.37340699815838,
        "percentage_delta_per_hour": 3.68670349907919,
        "percentage_delta_per_minute": 0.0614450583179865,
        "registered_count": 1086,
        "registered_count_delta": 15,
        "registered_count_delta_per_hour": 1.25,
        "registered_count_delta_per_minute": 0.020833333333333332
      }
    }
  },
  "metadata": {
    "analysis": {
      "protocol_count": 1,
      "exceeded_papers_count": 0,
      "exceeded_papers_steal_winning": 0,
      "exceeded_papers_provide_extra_places": 0,
      "multiple_winners": 0,
      "checksum_valid": 1
    },
    "voters": {
      "initially_registered_count": 1071,
      "registered_count": 1086,
      "walk_by_count": 473,
      "on_home_count": 38,
      "ahead_of_time_count": 0,
      "exceptional_count": 0,
      "added_count": 15
    },
    "papers": {
      "received_count": 800,
      "destroyed_count": 289,
      "stationary_box_count": 469,
      "portable_box_count": 38,
      "valid_count": 495,
      "invalid_count": 12,
      "lost_count": 0,
      "ignored_count": 0,
      "taken_home_count": 4
    }
  },
  "entries": [
    {
      "name": "Всероссийская политическая партия \"ЕДИНАЯ РОССИЯ\"",
      "position": 2,
      "party_id": 5,
      "official_result": {
        "votes_count": 189,
        "place": 1,
        "percentage": 37.278106508875744,
        "valid_percentage": 38.18181818181819,
        "registered_percentage": 17.403314917127073,
        "display_percentage": 37.28,
        "winner": true
      },
      "result_without_other_entry": {
        "1": {
          "percentage": 42.567567567567565,
          "valid_percentage": 43.75
        },
        "3": {
          "percentage": 40.12738853503185,
          "valid_percentage": 41.17647058823529
        },
        "4": {
          "percentage": 41.17647058823529,