{
  "commission_name": "УИК №2005",
  "ballot_name": "Выборы депутатов Законодательного Собрания Санкт-Петербурга седьмого созыва",
  "name": "Результаты выборов по одномандатному (многомандатному) округу",
  "protocol_scope": {
    "type": "uik",
    "id": 2005
  },
  "electoral_district": {
    "type": "city",
    "id": 24
  },
  "data_id": 27820001915220,
  "ballot_data_id": 478405986472,
  "has_koib": false,
  "generated_date": 1632124905000,
  "official_result": {
    "winner": {
      "id": 205,
      "position": 5,
      "percentage": 27.083333333333332,
      "valid_percentage": 28.047464940668824,
      "registered_percentage": 10.240252067743207
    },
    "turnout": {
      "count": 1021,
      "percentage": 40.21268215833005,
      "walk_by_count": 1001,
      "walk_by_percentage": 39.424970460811345,
      "on_home_count": 20,
      "on_home_percentage": 0.7877116975187082,
      "ahead_of_time_count": 0,
      "ahead_of_time_percentage": 0,
      "valid_count": 927,
      "valid_percentage": 36.510437179992124,
      "invalid_count": 33,
      "invalid_percentage": 1.2997243009058685,
      "taken_home_count": 61,
      "taken_home_percentage": 2.4025206774320598,
      "lost_count": 0,
      "lost_percentage": 0
    },
    "votes_stats": {
      "winning_count": 260,
      "winning_percentage": 27.083333333333332,
      "effective_count": 927,
      "losing_count": 667,
      "losing_percentage": 69.47916666666667,
      "other_count": 33,
      "other_percentage": 3.4375000000000004,
      "by_place": {
        "#1": {
          "count": 260,
          "percentage": 27.083333333333332
        },
        "#2": {
          "count": 213,
          "percentage": 22.1875
        },
        "#3": {
          "count": 211,
          "percentage": 21.979166666666668
        },
        "#4": {
          "count": 131,
          "percentage": 13.645833333333332,
          "supported_by_smart_vote": true
        },
        "#5": {
          "count": 61,
          "percentage": 6.354166666666666
        },
        "#6": {
          "count": 32,
          "percentage": 3.3333333333333335
        },
        "#7": {
          "count": 19,
          "percentage": 1.9791666666666665
        }
      }
    }
  },
  "turnout_protocols": {
    "17.09.2021": {
      "15.00": {
        "count": 222,
        "count_delta": 222,
        "count_delta_per_hour": 31.714285714285715,
        "count_delta_per_minute": 0.5285714285714286,
        "percentage": 9.01,
        "percentage_delta": 9.01,
        "percentage_delta_per_hour": 1.2871428571428571,
        "percentage_delta_per_minute": 0.021452380952380952,
        "registered_count": 2464,
        "registered_count_delta": 2464,
        "registered_count_delta_per_hour": 352,
        "registered_count_delta_per_minute": 5.866666666666666
      },
      "20.00": {
        "count": 275,
        "count_delta": 53,
        "count_delta_per_hour": 10.6,
        "count_delta_per_minute": 0.17666666666666667,
        "percentage": 11,
        "percentage_delta": 1.9900000000000002,
        "percentage_delta_per_hour": 0.398,
        "percentage_delta_per_minute": 0.006633333333333334,
        "registered_count": 2500,
        "registered_count_delta": 36,
        "registered_count_delta_per_hour": 7.2,
        "registered_count_delta_per_minute": 0.12
      }
    },
    "18.09.2021": {
      "15.00": {
        "count": 433,
        "count_delta": 158,
        "count_delta_per_hour": 22.571428571428573,
        "count_delta_per_minute": 0.3761904761904762,
        "percentage": 17.32,
        "percentage_delta": 6.32,
        "percentage_delta_per_hour": 0.9028571428571429,
        "percentage_delta_per_minute": 0.015047619047619048,
        "registered_count": 2500,
        "registered_count_delta": 0,
        "registered_count_delta_per_hour": 0,
        "registered_count_delta_per_minute": 0
      },
      "20.00": {
        "count": 581,
        "count_delta": 148,
        "count_delta_per_hour": 29.6,
        "count_delta_per_minute": 0.49333333333333335,
        "percentage": 23.24,
        "percentage_delta": 5.919999999999998,
        "percentage_delta_per_hour": 1.1839999999999997,
        "percentage_delta_per_minute": 0.01973333333333333,
        "registered_count": 2500,
        "registered_count_delta": 0,
        "registered_count_delta_per_hour": 0,
        "registered_count_delta_per_minute": 0
      }
    },
    "19.09.2021": {
      "10.00": {
        "count": 626,
        "count_delta": 45,
        "count_delta_per_hour": 22.5,
        "count_delta_per_minute": 0.375,
        "percentage": 24.64,
        "percentage_delta": 1.4000000000000021,
        "percentage_delta_per_hour": 0.7000000000000011,
        "percentage_delta_per_minute": 0.011666666666666685
      },
      "12.00": {
        "count": 687,
        "count_delta": 61,
        "count_delta_per_hour": 30.5,
        "count_delta_per_minute": 0.5083333333333333,
        "percentage": 27.04,
        "percentage_delta": 2.3999999999999986,
        "percentage_delta_per_hour": 1.1999999999999993,
        "percentage_delta_per_minute": 0.019999999999999987
      },
      "15.00": {
        "count": 855,
        "count_delta": 168,
        "count_delta_per_hour": 56,
        "count_delta_per_minute": 0.9333333333333333,
        "percentage": 33.68,
        "percentage_delta": 6.640000000000001,
        "percentage_delta_per_hour": 2.2133333333333334,
        "percentage_delta_per_minute": 0.036888888888888895
      },
      "18.00": {
        "count": 955,
        "count_delta": 100,
        "count_delta_per_hour": 33.333333333333336,
        "count_delta_per_minute": 0.5555555555555556,
        "percentage": 37.6,
        "percentage_delta": 3.9200000000000017,
        "percentage_delta_per_hour": 1.3066666666666673,
        "percentage_delta_per_minute": 0.021777777777777788
      },
      "20.00": {
        "count": 1021,
        "count_delta": 66,
        "count_delta_per_hour": 33,
        "count_delta_per_minute": 0.55,
        "percentage": 40.21268215833005,
        "percentage_delta": 2.6126821583300455,
        "percentage_delta_per_hour": 1.3063410791650227,
        "percentage_delta_per_minute": 0.021772351319417047,
        "registered_count": 2539,
        "registered_count_delta": 39,
        "registered_count_delta_per_hour": 3.25,
        "registered_count_delta_per_minute": 0.05416666666666667
      }
    }
  },
  "metadata": {
    "analysis": {
      "protocol_count": 1,
      "exceeded_papers_count": 0,
      "exceeded_papers_steal_winning": 0,
      "checksum_valid": 1,
      "stuffed_protocol_for_205": 1,
      "stuffed_votes_for_205": 144.2396694214876
    },
    "voters": {
      "initially_registered_count": 2463,
      "registered_count": 2539,
      "walk_by_count": 1001,
      "on_home_count": 20,
      "ahead_of_time_count": 0,
      "exceptional_count": 0,
      "added_count": 76
    },
    "papers": {
      "received_count": 2000,
      "destroyed_count": 979,
      "stationary_box_count": 940,
      "portable_box_count": 20,
      "valid_count": 927,
      "invalid_count": 33,
      "lost_count": 0,
      "ignored_count": 0,
      "taken_home_count": 61
    }
  },
  "entries": [
    {
      "name": "Павлов Дмитрий Геннадьевич",
      "position": 5,
      "candidate_id": 205,
      "supported_by_party_id": 4,
      "official_result": {
        "votes_count": 260,
        "place": 1,
        "percentage": 27.083333333333332,
        "valid_percentage": 28.047464940668824,
        "registered_percentage": 10.240252067743207,
        "display_percentage": 27.08,
        "winner": true
      },
      "result_without_other_entry": {
        "27": {
          "percentage": 34.805890227576974,
          "valid_percentage": 36.41456582633053
        },
        "202": {
          "percentage": 34.712950600801065,
          "valid_percentage": 36.312849162011176
        },