{
  "commission_name": "УИК №589",
  "ballot_name": "Выборы депутатов Законодательного Собрания Санкт-Петербурга седьмого созыва",
  "name": "Результаты выборов по одномандатному (многомандатному) округу",
  "protocol_scope": {
    "type": "uik",
    "id": 589
  },
  "electoral_district": {
    "type": "city",
    "id": 1
  },
  "data_id": 27820001915220,
  "ballot_data_id": 478404190384,
  "has_koib": false,
  "generated_date": 1632131503000,
  "official_result": {
    "winner": {
      "id": 14,
      "position": 1,
      "percentage": 28.662420382165603,
      "valid_percentage": 30.337078651685395,
      "registered_percentage": 7.470946319867183
    },
    "turnout": {
      "count": 478,
      "percentage": 26.45268400664084,
      "walk_by_count": 471,
      "walk_by_percentage": 26.06530160486995,
      "on_home_count": 7,
      "on_home_percentage": 0.387382401770891,
      "ahead_of_time_count": 0,
      "ahead_of_time_percentage": 0,
      "valid_count": 445,
      "valid_percentage": 24.62645268400664,
      "invalid_count": 26,
      "invalid_percentage": 1.4388489208633095,
      "taken_home_count": 7,
      "taken_home_percentage": 0.387382401770891,
      "lost_count": 0,
      "lost_percentage": 0
    },
    "votes_stats": {
      "winning_count": 135,
      "winning_percentage": 28.662420382165603,
      "effective_count": 445,
      "losing_count": 310,
      "losing_percentage": 65.81740976645435,
      "other_count": 26,
      "other_percentage": 5.520169851380043,
      "by_place": {
        "#1": {
          "count": 135,
          "percentage": 28.662420382165603
        },
        "#2": {
          "count": 81,
          "percentage": 17.197452229299362
        },
        "#3": {
          "count": 68,
          "percentage": 14.437367303609342,
          "supported_by_smart_vote": true
        },
        "#4": {
          "count": 59,
          "percentage": 12.526539278131635
        },
        "#5": {
          "count": 38,
          "percentage": 8.067940552016985
        },
        "#6": {
          "count": 35,
          "percentage": 7.43099787685775
        },
        "#7": {
          "count": 29,
          "percentage": 6.1571125265392785
        }
      }
    }
  },
  "turnout_protocols": {
    "17.09.2021": {
      "15.00": {
        "count": 55,
        "count_delta": 55,
        "count_delta_per_hour": 7.857142857142857,
        "count_delta_per_minute": 0.13095238095238096,
        "percentage": 3.03,
        "percentage_delta": 3.03,
        "percentage_delta_per_hour": 0.43285714285714283,
        "percentage_delta_per_minute": 0.007214285714285714,
        "registered_count": 1815,
        "registered_count_delta": 1815,
        "registered_count_delta_per_hour": 259.2857142857143,
        "registered_count_delta_per_minute": 4.321428571428571
      },
      "20.00": {
        "count": 116,
        "count_delta": 61,
        "count_delta_per_hour": 12.2,
        "count_delta_per_minute": 0.20333333333333334,
        "percentage": 6.4,
        "percentage_delta": 3.3700000000000006,
        "percentage_delta_per_hour": 0.6740000000000002,
        "percentage_delta_per_minute": 0.011233333333333335,
        "registered_count": 1813,
        "registered_count_delta": -2,
        "registered_count_delta_per_hour": -0.4,
        "registered_count_delta_per_minute": -0.006666666666666667
      }
    },
    "18.09.2021": {
      "15.00": {
        "count": 299,
        "count_delta": 183,
        "count_delta_per_hour": 26.142857142857142,
        "count_delta_per_minute": 0.4357142857142857,
        "percentage": 16.49,
        "percentage_delta": 10.089999999999998,
        "percentage_delta_per_hour": 1.441428571428571,
        "percentage_delta_per_minute": 0.02402380952380952,
        "registered_count": 1813,
        "registered_count_delta": 0,
        "registered_count_delta_per_hour": 0,
        "registered_count_delta_per_minute": 0
      },
      "20.00": {
        "count": 589,
        "count_delta": 290,
        "count_delta_per_hour": 58,
        "count_delta_per_minute": 0.9666666666666667,
        "percentage": 32.49,
        "percentage_delta": 16.000000000000004,
        "percentage_delta_per_hour": 3.2000000000000006,
        "percentage_delta_per_minute": 0.053333333333333344,
        "registered_count": 1813,
        "registered_count_delta": 0,
        "registered_count_delta_per_hour": 0,
        "registered_count_delta_per_minute": 0
      }
    },
    "19.09.2021": {
      "10.00": {
        "count": 591,
        "count_delta": 2,
        "count_delta_per_hour": 1,
        "count_delta_per_minute": 0.016666666666666666,
        "percentage": 32.71,
        "percentage_delta": 0.21999999999999886,
        "percentage_delta_per_hour": 0.10999999999999943,
        "percentage_delta_per_minute": 0.0018333333333333238
      },
      "12.00": {
        "count": 594,
        "count_delta": 3,
        "count_delta_per_hour": 1.5,
        "count_delta_per_minute": 0.025,
        "percentage": 32.87,
        "percentage_delta": 0.1599999999999966,
        "percentage_delta_per_hour": 0.0799999999999983,
        "percentage_delta_per_minute": 0.0013333333333333049
      },
      "15.00": {
        "count": 595,
        "count_delta": 1,
        "count_delta_per_hour": 0.3333333333333333,
        "count_delta_per_minute": 0.005555555555555556,
        "percentage": 32.93,
        "percentage_delta": 0.060000000000002274,
        "percentage_delta_per_hour": 0.020000000000000757,
        "percentage_delta_per_minute": 0.00033333333333334595
      },
      "18.00": {
        "count": 595,
        "count_delta": 0,
        "count_delta_per_hour": 0,
        "count_delta_per_minute": 0,
        "percentage": 32.93,
        "percentage_delta": 0,
        "percentage_delta_per_hour": 0,
        "percentage_delta_per_minute": 0
      },
      "20.00": {
        "count": 478,
        "count_delta": -117,
        "count_delta_per_hour": -58.5,
        "count_delta_per_minute": -0.975,
        "percentage": 26.45268400664084,
        "percentage_delta": -6.477315993359159,
        "percentage_delta_per_hour": -3.2386579966795797,
        "percentage_delta_per_minute": -0.053977633277992994,
        "registered_count": 1807,
        "registered_count_delta": -6,
        "registered_count_delta_per_hour": -0.5,
        "registered_count_delta_per_minute": -0.008333333333333333
      }
    }
  },
  "metadata": {
    "analysis": {
      "negative_turnout_registered_count_protocols": 1,
      "negative_turnout_registered_count": 6,
      "negative_turnout_percentage_protocols": 1,
      "negative_turnout_percentage": 6.477315993359159,
      "negative_turnout_count_protocols": 1,
      "negative_turnout_count": 117,
      "protocol_count": 1,
      "exceeded_papers_count": 0,
      "exceeded_papers_steal_winning": 0,
      "checksum_valid": 1,
      "stuffed_protocol_for_14": 1,
      "stuffed_votes_for_14": 33.67313915857605
    },
    "voters": {
      "initially_registered_count": 1807,
      "registered_count": 1807,
      "walk_by_count": 471,
      "on_home_count": 7,
      "ahead_of_time_count": 0,
      "exceptional_count": 0
    },
    "papers": {
      "received_count": 1500,
      "destroyed_count": 1022,
      "stationary_box_count": 464,
      "portable_box_count": 7,
      "valid_count": 445,
      "invalid_count": 26,
      "lost_count": 0,
      "ignored_count": 0,
      "taken_home_count": 7
    }
  },
  "entries": [
    {
      "name": "Астахова Наталия Владимировна",
      "position": 1,
      "candidate_id": 14,
      "supported_by_party_id": 5,
      "official_result": {
        "votes_count": 135,
        "place": 1,
        "percentage": 28.662420382165603,
        "valid_percentage": 30.337078651685395,
        "registered_percentage": 7.470946319867183,
        "display_percentage": 28.66,
        "winner": true
      },