{
  "commission_name": "УИК №1251",
  "ballot_name": "Выборы депутатов Законодательного Собрания Санкт-Петербурга седьмого созыва",
  "name": "Результаты выборов по одномандатному (многомандатному) округу",
  "protocol_scope": {
    "type": "uik",
    "id": 1251
  },
  "electoral_district": {
    "type": "city",
    "id": 10
  },
  "data_id": 27820001915220,
  "ballot_data_id": 4784009283059,
  "has_koib": false,
  "generated_date": 1632124738000,
  "official_result": {
    "winner": {
      "id": 183,
      "position": 4,
      "percentage": 29.45619335347432,
      "valid_percentage": 31.350482315112536,
      "registered_percentage": 12.645914396887159,
      "supported_by_smart_vote": true
    },
    "turnout": {
      "count": 662,
      "percentage": 42.93125810635538,
      "walk_by_count": 637,
      "walk_by_percentage": 41.30998702983138,
      "on_home_count": 25,
      "on_home_percentage": 1.621271076523995,
      "ahead_of_time_count": 0,
      "ahead_of_time_percentage": 0,
      "valid_count": 622,
      "valid_percentage": 40.33722438391699,
      "invalid_count": 40,
      "invalid_percentage": 2.594033722438392,
      "taken_home_count": 0,
      "taken_home_percentage": 0,
      "lost_count": 0,
      "lost_percentage": 0
    },
    "votes_stats": {
      "winning_count": 195,
      "winning_percentage": 29.45619335347432,
      "effective_count": 622,
      "losing_count": 427,
      "losing_percentage": 64.50151057401813,
      "other_count": 40,
      "other_percentage": 6.042296072507553,
      "by_place": {
        "#1": {
          "count": 195,
          "percentage": 29.45619335347432,
          "supported_by_smart_vote": true
        },
        "#2": {
          "count": 180,
          "percentage": 27.19033232628399
        },
        "#3": {
          "count": 88,
          "percentage": 13.293051359516618
        },
        "#4": {
          "count": 73,
          "percentage": 11.027190332326283
        },
        "#5": {
          "count": 47,
          "percentage": 7.099697885196375
        },
        "#6": {
          "count": 39,
          "percentage": 5.8912386706948645
        }
      }
    }
  },
  "turnout_protocols": {
    "17.09.2021": {
      "15.00": {
        "count": 51,
        "count_delta": 51,
        "count_delta_per_hour": 7.285714285714286,
        "count_delta_per_minute": 0.12142857142857143,
        "percentage": 3.31,
        "percentage_delta": 3.31,
        "percentage_delta_per_hour": 0.47285714285714286,
        "percentage_delta_per_minute": 0.00788095238095238,
        "registered_count": 1541,
        "registered_count_delta": 1541,
        "registered_count_delta_per_hour": 220.14285714285714,
        "registered_count_delta_per_minute": 3.669047619047619
      },
      "20.00": {
        "count": 215,
        "count_delta": 164,
        "count_delta_per_hour": 32.8,
        "count_delta_per_minute": 0.5466666666666666,
        "percentage": 13.97,
        "percentage_delta": 10.66,
        "percentage_delta_per_hour": 2.132,
        "percentage_delta_per_minute": 0.03553333333333333,
        "registered_count": 1539,
        "registered_count_delta": -2,
        "registered_count_delta_per_hour": -0.4,
        "registered_count_delta_per_minute": -0.006666666666666667
      }
    },
    "18.09.2021": {
      "15.00": {
        "count": 305,
        "count_delta": 90,
        "count_delta_per_hour": 12.857142857142858,
        "count_delta_per_minute": 0.21428571428571427,
        "percentage": 19.78,
        "percentage_delta": 5.8100000000000005,
        "percentage_delta_per_hour": 0.8300000000000001,
        "percentage_delta_per_minute": 0.013833333333333335,
        "registered_count": 1542,
        "registered_count_delta": 3,
        "registered_count_delta_per_hour": 0.42857142857142855,
        "registered_count_delta_per_minute": 0.007142857142857143
      },
      "20.00": {
        "count": 372,
        "count_delta": 67,
        "count_delta_per_hour": 13.4,
        "count_delta_per_minute": 0.22333333333333333,
        "percentage": 24.12,
        "percentage_delta": 4.34,
        "percentage_delta_per_hour": 0.868,
        "percentage_delta_per_minute": 0.014466666666666666,
        "registered_count": 1542,
        "registered_count_delta": 0,
        "registered_count_delta_per_hour": 0,
        "registered_count_delta_per_minute": 0
      }
    },
    "19.09.2021": {
      "10.00": {
        "count": 400,
        "count_delta": 28,
        "count_delta_per_hour": 14,
        "count_delta_per_minute": 0.23333333333333334,
        "percentage": 25.94,
        "percentage_delta": 1.8200000000000003,
        "percentage_delta_per_hour": 0.9100000000000001,
        "percentage_delta_per_minute": 0.015166666666666669
      },
      "12.00": {
        "count": 442,
        "count_delta": 42,
        "count_delta_per_hour": 21,
        "count_delta_per_minute": 0.35,
        "percentage": 28.66,
        "percentage_delta": 2.719999999999999,
        "percentage_delta_per_hour": 1.3599999999999994,
        "percentage_delta_per_minute": 0.022666666666666658
      },
      "15.00": {
        "count": 524,
        "count_delta": 82,
        "count_delta_per_hour": 27.333333333333332,
        "count_delta_per_minute": 0.45555555555555555,
        "percentage": 33.98,
        "percentage_delta": 5.319999999999997,
        "percentage_delta_per_hour": 1.7733333333333323,
        "percentage_delta_per_minute": 0.029555555555555536
      },
      "18.00": {
        "count": 617,
        "count_delta": 93,
        "count_delta_per_hour": 31,
        "count_delta_per_minute": 0.5166666666666667,
        "percentage": 40.01,
        "percentage_delta": 6.030000000000001,
        "percentage_delta_per_hour": 2.0100000000000002,
        "percentage_delta_per_minute": 0.03350000000000001
      },
      "20.00": {
        "count": 662,
        "count_delta": 45,
        "count_delta_per_hour": 22.5,
        "count_delta_per_minute": 0.375,
        "percentage": 42.93125810635538,
        "percentage_delta": 2.9212581063553813,
        "percentage_delta_per_hour": 1.4606290531776907,
        "percentage_delta_per_minute": 0.02434381755296151,
        "registered_count": 1542,
        "registered_count_delta": 0,
        "registered_count_delta_per_hour": 0,
        "registered_count_delta_per_minute": 0
      }
    }
  },
  "metadata": {
    "analysis": {
      "negative_turnout_registered_count_protocols": 1,
      "negative_turnout_registered_count": 2,
      "protocol_count": 1,
      "exceeded_papers_count": 0,
      "exceeded_papers_steal_winning": 0,
      "checksum_valid": 1
    },
    "voters": {
      "initially_registered_count": 1539,
      "registered_count": 1542,
      "walk_by_count": 637,
      "on_home_count": 25,
      "ahead_of_time_count": 0,
      "exceptional_count": 0,
      "added_count": 3
    },
    "papers": {
      "received_count": 1100,
      "destroyed_count": 438,
      "stationary_box_count": 637,
      "portable_box_count": 25,
      "valid_count": 622,
      "invalid_count": 40,
      "lost_count": 0,
      "ignored_count": 0,
      "taken_home_count": 0
    }
  },
  "entries": [
    {
      "name": "Кривенченко Анатолий Николаевич",
      "position": 4,
      "candidate_id": 183,
      "supported_by_party_id": 6,
      "supported_by_smart_vote": true,
      "official_result": {
        "votes_count": 195,
        "place": 1,
        "percentage": 29.45619335347432,
        "valid_percentage": 31.350482315112536,
        "registered_percentage": 12.645914396887159,
        "display_percentage": 29.46,
        "winner": true
      },
      "result_without_other_entry": {
        "107": {
          "percentage": 31.70731707317073,
          "valid_percentage": 33.91304347826087
        },
        "116": {
          "percentage": 33.106960950764005,
          "valid_percentage": 35.51912568306011
        },