{
  "commission_name": "УИК №1113",
  "ballot_name": "Выборы депутатов Законодательного Собрания Санкт-Петербурга седьмого созыва",
  "name": "Результаты выборов по одномандатному (многомандатному) округу",
  "protocol_scope": {
    "type": "uik",
    "id": 1113
  },
  "electoral_district": {
    "type": "city",
    "id": 16
  },
  "data_id": 27820001915220,
  "ballot_data_id": 478404785348,
  "has_koib": false,
  "generated_date": 1632112502000,
  "official_result": {
    "winner": {
      "id": 87,
      "position": 1,
      "percentage": 22.86135693215339,
      "valid_percentage": 23.993808049535602,
      "registered_percentage": 8.507135016465423
    },
    "turnout": {
      "count": 678,
      "percentage": 37.211855104281014,
      "walk_by_count": 659,
      "walk_by_percentage": 36.16904500548848,
      "on_home_count": 19,
      "on_home_percentage": 1.0428100987925357,
      "ahead_of_time_count": 0,
      "ahead_of_time_percentage": 0,
      "valid_count": 646,
      "valid_percentage": 35.455543358946215,
      "invalid_count": 32,
      "invalid_percentage": 1.756311745334797,
      "taken_home_count": 0,
      "taken_home_percentage": 0,
      "lost_count": 0,
      "lost_percentage": 0
    },
    "votes_stats": {
      "winning_count": 155,
      "winning_percentage": 22.86135693215339,
      "effective_count": 646,
      "losing_count": 491,
      "losing_percentage": 72.4188790560472,
      "other_count": 32,
      "other_percentage": 4.71976401179941,
      "by_place": {
        "#1": {
          "count": 155,
          "percentage": 22.86135693215339
        },
        "#2": {
          "count": 109,
          "percentage": 16.07669616519174
        },
        "#3": {
          "count": 108,
          "percentage": 15.929203539823009
        },
        "#4": {
          "count": 107,
          "percentage": 15.781710914454278
        },
        "#5": {
          "count": 90,
          "percentage": 13.274336283185843,
          "supported_by_smart_vote": true
        },
        "#6": {
          "count": 43,
          "percentage": 6.342182890855458
        },
        "#7": {
          "count": 34,
          "percentage": 5.014749262536873
        }
      }
    }
  },
  "turnout_protocols": {
    "17.09.2021": {
      "15.00": {
        "count": 116,
        "count_delta": 116,
        "count_delta_per_hour": 16.571428571428573,
        "count_delta_per_minute": 0.2761904761904762,
        "percentage": 6.39,
        "percentage_delta": 6.39,
        "percentage_delta_per_hour": 0.9128571428571428,
        "percentage_delta_per_minute": 0.015214285714285713,
        "registered_count": 1815,
        "registered_count_delta": 1815,
        "registered_count_delta_per_hour": 259.2857142857143,
        "registered_count_delta_per_minute": 4.321428571428571
      },
      "20.00": {
        "count": 208,
        "count_delta": 92,
        "count_delta_per_hour": 18.4,
        "count_delta_per_minute": 0.30666666666666664,
        "percentage": 11.47,
        "percentage_delta": 5.080000000000001,
        "percentage_delta_per_hour": 1.0160000000000002,
        "percentage_delta_per_minute": 0.016933333333333335,
        "registered_count": 1813,
        "registered_count_delta": -2,
        "registered_count_delta_per_hour": -0.4,
        "registered_count_delta_per_minute": -0.006666666666666667
      }
    },
    "18.09.2021": {
      "15.00": {
        "count": 298,
        "count_delta": 90,
        "count_delta_per_hour": 12.857142857142858,
        "count_delta_per_minute": 0.21428571428571427,
        "percentage": 16.43,
        "percentage_delta": 4.959999999999999,
        "percentage_delta_per_hour": 0.7085714285714284,
        "percentage_delta_per_minute": 0.011809523809523808,
        "registered_count": 1814,
        "registered_count_delta": 1,
        "registered_count_delta_per_hour": 0.14285714285714285,
        "registered_count_delta_per_minute": 0.002380952380952381
      },
      "20.00": {
        "count": 356,
        "count_delta": 58,
        "count_delta_per_hour": 11.6,
        "count_delta_per_minute": 0.19333333333333333,
        "percentage": 19.63,
        "percentage_delta": 3.1999999999999993,
        "percentage_delta_per_hour": 0.6399999999999999,
        "percentage_delta_per_minute": 0.010666666666666665,
        "registered_count": 1814,
        "registered_count_delta": 0,
        "registered_count_delta_per_hour": 0,
        "registered_count_delta_per_minute": 0
      }
    },
    "19.09.2021": {
      "10.00": {
        "count": 368,
        "count_delta": 12,
        "count_delta_per_hour": 6,
        "count_delta_per_minute": 0.1,
        "percentage": 20.18,
        "percentage_delta": 0.5500000000000007,
        "percentage_delta_per_hour": 0.27500000000000036,
        "percentage_delta_per_minute": 0.004583333333333339
      },
      "12.00": {
        "count": 410,
        "count_delta": 42,
        "count_delta_per_hour": 21,
        "count_delta_per_minute": 0.35,
        "percentage": 22.51,
        "percentage_delta": 2.330000000000002,
        "percentage_delta_per_hour": 1.165000000000001,
        "percentage_delta_per_minute": 0.019416666666666683
      },
      "15.00": {
        "count": 542,
        "count_delta": 132,
        "count_delta_per_hour": 44,
        "count_delta_per_minute": 0.7333333333333333,
        "percentage": 29.77,
        "percentage_delta": 7.259999999999998,
        "percentage_delta_per_hour": 2.4199999999999995,
        "percentage_delta_per_minute": 0.040333333333333325
      },
      "18.00": {
        "count": 584,
        "count_delta": 42,
        "count_delta_per_hour": 14,
        "count_delta_per_minute": 0.23333333333333334,
        "percentage": 32.03,
        "percentage_delta": 2.2600000000000016,
        "percentage_delta_per_hour": 0.7533333333333339,
        "percentage_delta_per_minute": 0.012555555555555565
      },
      "20.00": {
        "count": 678,
        "count_delta": 94,
        "count_delta_per_hour": 47,
        "count_delta_per_minute": 0.7833333333333333,
        "percentage": 37.211855104281014,
        "percentage_delta": 5.181855104281013,
        "percentage_delta_per_hour": 2.5909275521405064,
        "percentage_delta_per_minute": 0.04318212586900844,
        "registered_count": 1822,
        "registered_count_delta": 8,
        "registered_count_delta_per_hour": 0.6666666666666666,
        "registered_count_delta_per_minute": 0.011111111111111112
      }
    }
  },
  "metadata": {
    "analysis": {
      "negative_turnout_registered_count_protocols": 1,
      "negative_turnout_registered_count": 2,
      "protocol_count": 1,
      "exceeded_papers_count": 0,
      "exceeded_papers_steal_winning": 0,
      "checksum_valid": 1
    },
    "voters": {
      "initially_registered_count": 1814,
      "registered_count": 1822,
      "walk_by_count": 659,
      "on_home_count": 19,
      "ahead_of_time_count": 0,
      "exceptional_count": 0,
      "added_count": 8
    },
    "papers": {
      "received_count": 1500,
      "destroyed_count": 822,
      "stationary_box_count": 659,
      "portable_box_count": 19,
      "valid_count": 646,
      "invalid_count": 32,
      "lost_count": 0,
      "ignored_count": 0,
      "taken_home_count": 0
    }
  },
  "entries": [
    {
      "name": "Алескеров Андрей Энверович",
      "position": 1,
      "candidate_id": 87,
      "supported_by_party_id": 6,
      "official_result": {
        "votes_count": 155,
        "place": 1,
        "percentage": 22.86135693215339,
        "valid_percentage": 23.993808049535602,
        "registered_percentage": 8.507135016465423,
        "display_percentage": 22.86,
        "winner": true
      },
      "result_without_other_entry": {
        "88": {
          "percentage": 24.06832298136646,
          "valid_percentage": 25.326797385620914
        },
        "89": {
          "percentage": 27.240773286467483,