{
  "commission_name": "УИК №222",
  "ballot_name": "Выборы депутатов Законодательного Собрания Санкт-Петербурга седьмого созыва",
  "name": "Результаты выборов по единому округу",
  "protocol_scope": {
    "type": "uik",
    "id": 222
  },
  "electoral_district": {
    "type": "city",
    "id": 0
  },
  "data_id": 27820001915220,
  "ballot_data_id": 4784003325215,
  "has_koib": false,
  "generated_date": 1632130204000,
  "official_result": {
    "winner": {
      "id": 4,
      "position": 1,
      "percentage": 22.802547770700638,
      "valid_percentage": 23.42931937172775,
      "registered_percentage": 8.423529411764706
    },
    "turnout": {
      "count": 785,
      "percentage": 36.94117647058823,
      "walk_by_count": 683,
      "walk_by_percentage": 32.141176470588235,
      "on_home_count": 102,
      "on_home_percentage": 4.8,
      "ahead_of_time_count": 0,
      "ahead_of_time_percentage": 0,
      "valid_count": 764,
      "valid_percentage": 35.95294117647059,
      "invalid_count": 21,
      "invalid_percentage": 0.9882352941176471,
      "taken_home_count": 0,
      "taken_home_percentage": 0,
      "lost_count": 0,
      "lost_percentage": 0
    },
    "votes_stats": {
      "winning_count": 179,
      "winning_percentage": 22.802547770700638,
      "effective_count": 764,
      "losing_count": 585,
      "losing_percentage": 74.52229299363057,
      "other_count": 21,
      "other_percentage": 2.67515923566879,
      "by_place": {
        "#1": {
          "count": 179,
          "percentage": 22.802547770700638
        },
        "#2": {
          "count": 175,
          "percentage": 22.29299363057325
        },
        "#3": {
          "count": 122,
          "percentage": 15.54140127388535
        },
        "#4": {
          "count": 89,
          "percentage": 11.337579617834395
        },
        "#5": {
          "count": 70,
          "percentage": 8.9171974522293
        },
        "#6": {
          "count": 67,
          "percentage": 8.535031847133757
        },
        "#7": {
          "count": 45,
          "percentage": 5.7324840764331215
        },
        "#8": {
          "count": 17,
          "percentage": 2.1656050955414012
        }
      }
    }
  },
  "turnout_protocols": {
    "17.09.2021": {
      "15.00": {
        "count": 190,
        "count_delta": 190,
        "count_delta_per_hour": 27.142857142857142,
        "count_delta_per_minute": 0.4523809523809524,
        "percentage": 8.92,
        "percentage_delta": 8.92,
        "percentage_delta_per_hour": 1.2742857142857142,
        "percentage_delta_per_minute": 0.021238095238095236,
        "registered_count": 2130,
        "registered_count_delta": 2130,
        "registered_count_delta_per_hour": 304.2857142857143,
        "registered_count_delta_per_minute": 5.071428571428571
      },
      "20.00": {
        "count": 344,
        "count_delta": 154,
        "count_delta_per_hour": 30.8,
        "count_delta_per_minute": 0.5133333333333333,
        "percentage": 16.15,
        "percentage_delta": 7.229999999999999,
        "percentage_delta_per_hour": 1.4459999999999997,
        "percentage_delta_per_minute": 0.024099999999999996,
        "registered_count": 2130,
        "registered_count_delta": 0,
        "registered_count_delta_per_hour": 0,
        "registered_count_delta_per_minute": 0
      }
    },
    "18.09.2021": {
      "15.00": {
        "count": 420,
        "count_delta": 76,
        "count_delta_per_hour": 10.857142857142858,
        "count_delta_per_minute": 0.18095238095238095,
        "percentage": 19.72,
        "percentage_delta": 3.5700000000000003,
        "percentage_delta_per_hour": 0.51,
        "percentage_delta_per_minute": 0.0085,
        "registered_count": 2130,
        "registered_count_delta": 0,
        "registered_count_delta_per_hour": 0,
        "registered_count_delta_per_minute": 0
      },
      "20.00": {
        "count": 491,
        "count_delta": 71,
        "count_delta_per_hour": 14.2,
        "count_delta_per_minute": 0.23666666666666666,
        "percentage": 23.05,
        "percentage_delta": 3.330000000000002,
        "percentage_delta_per_hour": 0.6660000000000004,
        "percentage_delta_per_minute": 0.011100000000000006,
        "registered_count": 2130,
        "registered_count_delta": 0,
        "registered_count_delta_per_hour": 0,
        "registered_count_delta_per_minute": 0
      }
    },
    "19.09.2021": {
      "10.00": {
        "count": 506,
        "count_delta": 15,
        "count_delta_per_hour": 7.5,
        "count_delta_per_minute": 0.125,
        "percentage": 23.8,
        "percentage_delta": 0.75,
        "percentage_delta_per_hour": 0.375,
        "percentage_delta_per_minute": 0.00625
      },
      "12.00": {
        "count": 506,
        "count_delta": 0,
        "count_delta_per_hour": 0,
        "count_delta_per_minute": 0,
        "percentage": 23.8,
        "percentage_delta": 0,
        "percentage_delta_per_hour": 0,
        "percentage_delta_per_minute": 0
      },
      "15.00": {
        "count": 593,
        "count_delta": 87,
        "count_delta_per_hour": 29,
        "count_delta_per_minute": 0.48333333333333334,
        "percentage": 27.89,
        "percentage_delta": 4.09,
        "percentage_delta_per_hour": 1.3633333333333333,
        "percentage_delta_per_minute": 0.02272222222222222
      },
      "18.00": {
        "count": 650,
        "count_delta": 57,
        "count_delta_per_hour": 19,
        "count_delta_per_minute": 0.31666666666666665,
        "percentage": 30.61,
        "percentage_delta": 2.719999999999999,
        "percentage_delta_per_hour": 0.9066666666666663,
        "percentage_delta_per_minute": 0.015111111111111105
      },
      "20.00": {
        "count": 785,
        "count_delta": 135,
        "count_delta_per_hour": 67.5,
        "count_delta_per_minute": 1.125,
        "percentage": 36.94117647058823,
        "percentage_delta": 6.3311764705882325,
        "percentage_delta_per_hour": 3.1655882352941163,
        "percentage_delta_per_minute": 0.05275980392156861,
        "registered_count": 2125,
        "registered_count_delta": -5,
        "registered_count_delta_per_hour": -0.4166666666666667,
        "registered_count_delta_per_minute": -0.006944444444444444
      }
    }
  },
  "metadata": {
    "analysis": {
      "negative_turnout_registered_count_protocols": 1,
      "negative_turnout_registered_count": 5,
      "protocol_count": 1,
      "exceeded_papers_count": 0,
      "exceeded_papers_steal_winning": 0,
      "exceeded_papers_provide_extra_places": 0,
      "multiple_winners": 0,
      "checksum_valid": 1
    },
    "voters": {
      "initially_registered_count": 2130,
      "registered_count": 2125,
      "walk_by_count": 683,
      "on_home_count": 102,
      "ahead_of_time_count": 0,
      "exceptional_count": 0,
      "removed_count": 5
    },
    "papers": {
      "received_count": 2000,
      "destroyed_count": 1215,
      "stationary_box_count": 683,
      "portable_box_count": 102,
      "valid_count": 764,
      "invalid_count": 21,
      "lost_count": 0,
      "ignored_count": 0,
      "taken_home_count": 0
    }
  },
  "entries": [
    {
      "name": "Политическая партия \"НОВЫЕ ЛЮДИ\"",
      "position": 1,
      "party_id": 4,
      "official_result": {
        "votes_count": 179,
        "place": 1,
        "percentage": 22.802547770700638,
        "valid_percentage": 23.42931937172775,
        "registered_percentage": 8.423529411764706,
        "display_percentage": 22.8,
        "winner": true
      },
      "result_without_other_entry": {
        "1": {
          "percentage": 26.998491704374057,
          "valid_percentage": 27.8816199376947
        },
        "3": {
          "percentage": 24.930362116991645,
          "valid_percentage": 25.68149210903874
        },
        "5": {
          "percentage": 29.34426229508197,
          "valid_percentage": 30.390492359932086
        },