{
  "commission_name": "УИК №1478",
  "ballot_name": "Выборы депутатов Законодательного Собрания Санкт-Петербурга седьмого созыва",
  "name": "Результаты выборов по единому округу",
  "protocol_scope": {
    "type": "uik",
    "id": 1478
  },
  "electoral_district": {
    "type": "city",
    "id": 0
  },
  "data_id": 27820001915220,
  "ballot_data_id": 478405286294,
  "has_koib": false,
  "generated_date": 1632118140000,
  "official_result": {
    "winner": {
      "id": 5,
      "position": 2,
      "percentage": 50.25188916876574,
      "valid_percentage": 50.25188916876574,
      "registered_percentage": 16.680602006688964
    },
    "turnout": {
      "count": 794,
      "percentage": 33.19397993311037,
      "walk_by_count": 778,
      "walk_by_percentage": 32.525083612040135,
      "on_home_count": 16,
      "on_home_percentage": 0.6688963210702341,
      "ahead_of_time_count": 0,
      "ahead_of_time_percentage": 0,
      "valid_count": 794,
      "valid_percentage": 33.19397993311037,
      "invalid_count": 0,
      "invalid_percentage": 0,
      "taken_home_count": 0,
      "taken_home_percentage": 0,
      "lost_count": 0,
      "lost_percentage": 0
    },
    "votes_stats": {
      "winning_count": 399,
      "winning_percentage": 50.25188916876574,
      "effective_count": 794,
      "losing_count": 395,
      "losing_percentage": 49.74811083123426,
      "other_count": 0,
      "other_percentage": 0,
      "by_place": {
        "#1": {
          "count": 399,
          "percentage": 50.25188916876574
        },
        "#2": {
          "count": 129,
          "percentage": 16.24685138539043
        },
        "#3": {
          "count": 103,
          "percentage": 12.97229219143577
        },
        "#4": {
          "count": 80,
          "percentage": 10.075566750629724
        },
        "#5": {
          "count": 39,
          "percentage": 4.91183879093199
        },
        "#6": {
          "count": 30,
          "percentage": 3.7783375314861463
        },
        "#7": {
          "count": 14,
          "percentage": 1.7632241813602016
        }
      }
    }
  },
  "turnout_protocols": {
    "17.09.2021": {
      "15.00": {
        "count": 246,
        "count_delta": 246,
        "count_delta_per_hour": 35.142857142857146,
        "count_delta_per_minute": 0.5857142857142857,
        "percentage": 10.28,
        "percentage_delta": 10.28,
        "percentage_delta_per_hour": 1.4685714285714284,
        "percentage_delta_per_minute": 0.024476190476190474,
        "registered_count": 2393,
        "registered_count_delta": 2393,
        "registered_count_delta_per_hour": 341.85714285714283,
        "registered_count_delta_per_minute": 5.697619047619048
      },
      "20.00": {
        "count": 278,
        "count_delta": 32,
        "count_delta_per_hour": 6.4,
        "count_delta_per_minute": 0.10666666666666667,
        "percentage": 11.62,
        "percentage_delta": 1.3399999999999999,
        "percentage_delta_per_hour": 0.26799999999999996,
        "percentage_delta_per_minute": 0.0044666666666666665,
        "registered_count": 2392,
        "registered_count_delta": -1,
        "registered_count_delta_per_hour": -0.2,
        "registered_count_delta_per_minute": -0.0033333333333333335
      }
    },
    "18.09.2021": {
      "15.00": {
        "count": 462,
        "count_delta": 184,
        "count_delta_per_hour": 26.285714285714285,
        "count_delta_per_minute": 0.4380952380952381,
        "percentage": 19.31,
        "percentage_delta": 7.6899999999999995,
        "percentage_delta_per_hour": 1.0985714285714285,
        "percentage_delta_per_minute": 0.018309523809523807,
        "registered_count": 2393,
        "registered_count_delta": 1,
        "registered_count_delta_per_hour": 0.14285714285714285,
        "registered_count_delta_per_minute": 0.002380952380952381
      },
      "20.00": {
        "count": 511,
        "count_delta": 49,
        "count_delta_per_hour": 9.8,
        "count_delta_per_minute": 0.16333333333333333,
        "percentage": 21.36,
        "percentage_delta": 2.0500000000000007,
        "percentage_delta_per_hour": 0.41000000000000014,
        "percentage_delta_per_minute": 0.006833333333333335,
        "registered_count": 2392,
        "registered_count_delta": -1,
        "registered_count_delta_per_hour": -0.2,
        "registered_count_delta_per_minute": -0.0033333333333333335
      }
    },
    "19.09.2021": {
      "10.00": {
        "count": 525,
        "count_delta": 14,
        "count_delta_per_hour": 7,
        "count_delta_per_minute": 0.11666666666666667,
        "percentage": 21.95,
        "percentage_delta": 0.5899999999999999,
        "percentage_delta_per_hour": 0.29499999999999993,
        "percentage_delta_per_minute": 0.0049166666666666655
      },
      "12.00": {
        "count": 534,
        "count_delta": 9,
        "count_delta_per_hour": 4.5,
        "count_delta_per_minute": 0.075,
        "percentage": 22.32,
        "percentage_delta": 0.370000000000001,
        "percentage_delta_per_hour": 0.1850000000000005,
        "percentage_delta_per_minute": 0.0030833333333333416
      },
      "15.00": {
        "count": 557,
        "count_delta": 23,
        "count_delta_per_hour": 7.666666666666667,
        "count_delta_per_minute": 0.12777777777777777,
        "percentage": 23.29,
        "percentage_delta": 0.9699999999999989,
        "percentage_delta_per_hour": 0.323333333333333,
        "percentage_delta_per_minute": 0.005388888888888882
      },
      "18.00": {
        "count": 707,
        "count_delta": 150,
        "count_delta_per_hour": 50,
        "count_delta_per_minute": 0.8333333333333334,
        "percentage": 29.56,
        "percentage_delta": 6.27,
        "percentage_delta_per_hour": 2.09,
        "percentage_delta_per_minute": 0.034833333333333334
      },
      "20.00": {
        "count": 794,
        "count_delta": 87,
        "count_delta_per_hour": 43.5,
        "count_delta_per_minute": 0.725,
        "percentage": 33.19397993311037,
        "percentage_delta": 3.6339799331103713,
        "percentage_delta_per_hour": 1.8169899665551856,
        "percentage_delta_per_minute": 0.030283166109253093,
        "registered_count": 2392,
        "registered_count_delta": 0,
        "registered_count_delta_per_hour": 0,
        "registered_count_delta_per_minute": 0
      }
    }
  },
  "metadata": {
    "analysis": {
      "negative_turnout_registered_count_protocols": 1,
      "negative_turnout_registered_count": 1,
      "protocol_count": 1,
      "exceeded_papers_count": 0,
      "exceeded_papers_steal_winning": 0,
      "exceeded_papers_provide_extra_places": 0,
      "multiple_winners": 0,
      "checksum_valid": 1
    },
    "voters": {
      "initially_registered_count": 2392,
      "registered_count": 2392,
      "walk_by_count": 778,
      "on_home_count": 16,
      "ahead_of_time_count": 0,
      "exceptional_count": 0
    },
    "papers": {
      "received_count": 1800,
      "destroyed_count": 1006,
      "stationary_box_count": 778,
      "portable_box_count": 16,
      "valid_count": 794,
      "invalid_count": 0,
      "lost_count": 0,
      "ignored_count": 0,
      "taken_home_count": 0
    }
  },
  "entries": [
    {
      "name": "Всероссийская политическая партия \"ЕДИНАЯ РОССИЯ\"",
      "position": 2,
      "party_id": 5,
      "official_result": {
        "votes_count": 399,
        "place": 1,
        "percentage": 50.25188916876574,
        "valid_percentage": 50.25188916876574,
        "registered_percentage": 16.680602006688964,
        "display_percentage": 50.25,
        "winner": true
      },
      "result_without_other_entry": {
        "1": {
          "percentage": 60,
          "valid_percentage": 60
        },
        "3": {
          "percentage": 52.22513089005235,
          "valid_percentage": 52.22513089005235
        },
        "4": {
          "percentage": 57.74240231548481,