{
  "commission_name": "УИК №256",
  "ballot_name": "Выборы депутатов Законодательного Собрания Санкт-Петербурга седьмого созыва",
  "name": "Результаты выборов по единому округу",
  "protocol_scope": {
    "type": "uik",
    "id": 256
  },
  "electoral_district": {
    "type": "city",
    "id": 0
  },
  "data_id": 27820001915220,
  "ballot_data_id": 4784035124108,
  "has_koib": false,
  "generated_date": 1632127134000,
  "official_result": {
    "winner": {
      "id": 9,
      "position": 7,
      "percentage": 23.184601924759406,
      "valid_percentage": 23.639607493309544,
      "registered_percentage": 10.35965598123534
    },
    "turnout": {
      "count": 1148,
      "percentage": 44.87881157154027,
      "walk_by_count": 891,
      "walk_by_percentage": 34.83189992181392,
      "on_home_count": 257,
      "on_home_percentage": 10.046911649726349,
      "ahead_of_time_count": 0,
      "ahead_of_time_percentage": 0,
      "valid_count": 1121,
      "valid_percentage": 43.82329945269742,
      "invalid_count": 22,
      "invalid_percentage": 0.8600469116497262,
      "taken_home_count": 5,
      "taken_home_percentage": 0.1954652071931196,
      "lost_count": 0,
      "lost_percentage": 0
    },
    "votes_stats": {
      "winning_count": 265,
      "winning_percentage": 23.184601924759406,
      "effective_count": 1121,
      "losing_count": 856,
      "losing_percentage": 74.89063867016623,
      "other_count": 22,
      "other_percentage": 1.9247594050743655,
      "by_place": {
        "#1": {
          "count": 265,
          "percentage": 23.184601924759406
        },
        "#2": {
          "count": 244,
          "percentage": 21.347331583552055
        },
        "#3": {
          "count": 221,
          "percentage": 19.335083114610676
        },
        "#4": {
          "count": 106,
          "percentage": 9.273840769903762
        },
        "#5": {
          "count": 103,
          "percentage": 9.011373578302711
        },
        "#6": {
          "count": 85,
          "percentage": 7.436570428696412
        },
        "#7": {
          "count": 62,
          "percentage": 5.42432195975503
        },
        "#8": {
          "count": 35,
          "percentage": 3.062117235345582
        }
      }
    }
  },
  "turnout_protocols": {
    "17.09.2021": {
      "15.00": {
        "count": 68,
        "count_delta": 68,
        "count_delta_per_hour": 9.714285714285714,
        "count_delta_per_minute": 0.1619047619047619,
        "percentage": 2.69,
        "percentage_delta": 2.69,
        "percentage_delta_per_hour": 0.3842857142857143,
        "percentage_delta_per_minute": 0.006404761904761904,
        "registered_count": 2528,
        "registered_count_delta": 2528,
        "registered_count_delta_per_hour": 361.14285714285717,
        "registered_count_delta_per_minute": 6.019047619047619
      },
      "20.00": {
        "count": 531,
        "count_delta": 463,
        "count_delta_per_hour": 92.6,
        "count_delta_per_minute": 1.5433333333333332,
        "percentage": 21,
        "percentage_delta": 18.31,
        "percentage_delta_per_hour": 3.662,
        "percentage_delta_per_minute": 0.06103333333333333,
        "registered_count": 2529,
        "registered_count_delta": 1,
        "registered_count_delta_per_hour": 0.2,
        "registered_count_delta_per_minute": 0.0033333333333333335
      }
    },
    "18.09.2021": {
      "15.00": {
        "count": 549,
        "count_delta": 18,
        "count_delta_per_hour": 2.5714285714285716,
        "count_delta_per_minute": 0.04285714285714286,
        "percentage": 21.71,
        "percentage_delta": 0.7100000000000009,
        "percentage_delta_per_hour": 0.10142857142857155,
        "percentage_delta_per_minute": 0.0016904761904761925,
        "registered_count": 2529,
        "registered_count_delta": 0,
        "registered_count_delta_per_hour": 0,
        "registered_count_delta_per_minute": 0
      },
      "20.00": {
        "count": 727,
        "count_delta": 178,
        "count_delta_per_hour": 35.6,
        "count_delta_per_minute": 0.5933333333333334,
        "percentage": 28.75,
        "percentage_delta": 7.039999999999999,
        "percentage_delta_per_hour": 1.408,
        "percentage_delta_per_minute": 0.023466666666666663,
        "registered_count": 2529,
        "registered_count_delta": 0,
        "registered_count_delta_per_hour": 0,
        "registered_count_delta_per_minute": 0
      }
    },
    "19.09.2021": {
      "10.00": {
        "count": 752,
        "count_delta": 25,
        "count_delta_per_hour": 12.5,
        "count_delta_per_minute": 0.20833333333333334,
        "percentage": 29.38,
        "percentage_delta": 0.629999999999999,
        "percentage_delta_per_hour": 0.3149999999999995,
        "percentage_delta_per_minute": 0.005249999999999992
      },
      "12.00": {
        "count": 794,
        "count_delta": 42,
        "count_delta_per_hour": 21,
        "count_delta_per_minute": 0.35,
        "percentage": 31.04,
        "percentage_delta": 1.6600000000000001,
        "percentage_delta_per_hour": 0.8300000000000001,
        "percentage_delta_per_minute": 0.013833333333333335
      },
      "15.00": {
        "count": 932,
        "count_delta": 138,
        "count_delta_per_hour": 46,
        "count_delta_per_minute": 0.7666666666666667,
        "percentage": 36.42,
        "percentage_delta": 5.380000000000003,
        "percentage_delta_per_hour": 1.7933333333333341,
        "percentage_delta_per_minute": 0.029888888888888902
      },
      "18.00": {
        "count": 1066,
        "count_delta": 134,
        "count_delta_per_hour": 44.666666666666664,
        "count_delta_per_minute": 0.7444444444444445,
        "percentage": 41.68,
        "percentage_delta": 5.259999999999998,
        "percentage_delta_per_hour": 1.7533333333333327,
        "percentage_delta_per_minute": 0.029222222222222212
      },
      "20.00": {
        "count": 1148,
        "count_delta": 82,
        "count_delta_per_hour": 41,
        "count_delta_per_minute": 0.6833333333333333,
        "percentage": 44.87881157154027,
        "percentage_delta": 3.1988115715402685,
        "percentage_delta_per_hour": 1.5994057857701343,
        "percentage_delta_per_minute": 0.026656763096168903,
        "registered_count": 2558,
        "registered_count_delta": 29,
        "registered_count_delta_per_hour": 2.4166666666666665,
        "registered_count_delta_per_minute": 0.04027777777777778
      }
    }
  },
  "metadata": {
    "analysis": {
      "protocol_count": 1,
      "exceeded_papers_count": 0,
      "exceeded_papers_steal_winning": 0,
      "exceeded_papers_provide_extra_places": 0,
      "multiple_winners": 0,
      "checksum_valid": 1,
      "stuffed_protocol_for_9": 1,
      "stuffed_votes_for_9": 244.85882352941178
    },
    "voters": {
      "initially_registered_count": 2529,
      "registered_count": 2558,
      "walk_by_count": 891,
      "on_home_count": 257,
      "ahead_of_time_count": 0,
      "exceptional_count": 0,
      "added_count": 29
    },
    "papers": {
      "received_count": 2500,
      "destroyed_count": 1352,
      "stationary_box_count": 886,
      "portable_box_count": 257,
      "valid_count": 1121,
      "invalid_count": 22,
      "lost_count": 0,
      "ignored_count": 0,
      "taken_home_count": 5
    }
  },
  "entries": [
    {
      "name": "Политическая партия РОССИЙСКАЯ ПАРТИЯ СВОБОДЫ И СПРАВЕДЛИВОСТИ",
      "position": 7,
      "party_id": 9,
      "official_result": {
        "votes_count": 265,
        "place": 1,
        "percentage": 23.184601924759406,
        "valid_percentage": 23.639607493309544,
        "registered_percentage": 10.35965598123534,
        "display_percentage": 23.18,
        "winner": true
      },
      "result_without_other_entry": {
        "1": {
          "percentage": 28.74186550976139,
          "valid_percentage": 29.444444444444446
        },