{
  "commission_name": "УИК №1172",
  "ballot_name": "Выборы депутатов Законодательного Собрания Санкт-Петербурга седьмого созыва",
  "name": "Результаты выборов по одномандатному (многомандатному) округу",
  "protocol_scope": {
    "type": "uik",
    "id": 1172
  },
  "electoral_district": {
    "type": "city",
    "id": 19
  },
  "data_id": 27820001915220,
  "ballot_data_id": 478404682746,
  "has_koib": false,
  "generated_date": 1632112502000,
  "official_result": {
    "winner": {
      "id": 99,
      "position": 1,
      "percentage": 72.36180904522614,
      "valid_percentage": 74.22680412371135,
      "registered_percentage": 69.73365617433413
    },
    "turnout": {
      "count": 398,
      "percentage": 96.3680387409201,
      "walk_by_count": 204,
      "walk_by_percentage": 49.39467312348668,
      "on_home_count": 194,
      "on_home_percentage": 46.973365617433416,
      "ahead_of_time_count": 0,
      "ahead_of_time_percentage": 0,
      "valid_count": 388,
      "valid_percentage": 93.94673123486683,
      "invalid_count": 10,
      "invalid_percentage": 2.4213075060532687,
      "taken_home_count": 0,
      "taken_home_percentage": 0,
      "lost_count": 0,
      "lost_percentage": 0
    },
    "votes_stats": {
      "winning_count": 288,
      "winning_percentage": 72.36180904522614,
      "effective_count": 388,
      "losing_count": 100,
      "losing_percentage": 25.125628140703515,
      "other_count": 10,
      "other_percentage": 2.512562814070352,
      "by_place": {
        "#1": {
          "count": 288,
          "percentage": 72.36180904522614
        },
        "#2": {
          "count": 35,
          "percentage": 8.793969849246231
        },
        "#3": {
          "count": 23,
          "percentage": 5.778894472361809
        },
        "#4": {
          "count": 18,
          "percentage": 4.522613065326634
        },
        "#5": {
          "count": 15,
          "percentage": 3.7688442211055273,
          "supported_by_smart_vote": true
        },
        "#6": {
          "count": 9,
          "percentage": 2.261306532663317
        }
      }
    }
  },
  "turnout_protocols": {
    "17.09.2021": {
      "15.00": {
        "count": 124,
        "count_delta": 124,
        "count_delta_per_hour": 17.714285714285715,
        "count_delta_per_minute": 0.29523809523809524,
        "percentage": 30.02,
        "percentage_delta": 30.02,
        "percentage_delta_per_hour": 4.288571428571428,
        "percentage_delta_per_minute": 0.07147619047619047,
        "registered_count": 413,
        "registered_count_delta": 413,
        "registered_count_delta_per_hour": 59,
        "registered_count_delta_per_minute": 0.9833333333333333
      },
      "20.00": {
        "count": 198,
        "count_delta": 74,
        "count_delta_per_hour": 14.8,
        "count_delta_per_minute": 0.24666666666666667,
        "percentage": 47.94,
        "percentage_delta": 17.919999999999998,
        "percentage_delta_per_hour": 3.5839999999999996,
        "percentage_delta_per_minute": 0.059733333333333326,
        "registered_count": 413,
        "registered_count_delta": 0,
        "registered_count_delta_per_hour": 0,
        "registered_count_delta_per_minute": 0
      }
    },
    "18.09.2021": {
      "20.00": {
        "count": 270,
        "count_delta": 72,
        "count_delta_per_hour": 6,
        "count_delta_per_minute": 0.1,
        "percentage": 65.38,
        "percentage_delta": 17.439999999999998,
        "percentage_delta_per_hour": 1.4533333333333331,
        "percentage_delta_per_minute": 0.024222222222222218,
        "registered_count": 413,
        "registered_count_delta": 0,
        "registered_count_delta_per_hour": 0,
        "registered_count_delta_per_minute": 0
      }
    },
    "19.09.2021": {
      "10.00": {
        "count": 282,
        "count_delta": 12,
        "count_delta_per_hour": 6,
        "count_delta_per_minute": 0.1,
        "percentage": 68.28,
        "percentage_delta": 2.9000000000000057,
        "percentage_delta_per_hour": 1.4500000000000028,
        "percentage_delta_per_minute": 0.024166666666666715
      },
      "12.00": {
        "count": 361,
        "count_delta": 79,
        "count_delta_per_hour": 39.5,
        "count_delta_per_minute": 0.6583333333333333,
        "percentage": 87.41,
        "percentage_delta": 19.129999999999995,
        "percentage_delta_per_hour": 9.564999999999998,
        "percentage_delta_per_minute": 0.15941666666666662
      },
      "15.00": {
        "count": 361,
        "count_delta": 0,
        "count_delta_per_hour": 0,
        "count_delta_per_minute": 0,
        "percentage": 87.41,
        "percentage_delta": 0,
        "percentage_delta_per_hour": 0,
        "percentage_delta_per_minute": 0
      },
      "18.00": {
        "count": 398,
        "count_delta": 37,
        "count_delta_per_hour": 12.333333333333334,
        "count_delta_per_minute": 0.20555555555555555,
        "percentage": 96.37,
        "percentage_delta": 8.960000000000008,
        "percentage_delta_per_hour": 2.9866666666666695,
        "percentage_delta_per_minute": 0.049777777777777824
      },
      "20.00": {
        "count": 398,
        "count_delta": 0,
        "count_delta_per_hour": 0,
        "count_delta_per_minute": 0,
        "percentage": 96.3680387409201,
        "percentage_delta": -0.0019612590799056306,
        "percentage_delta_per_hour": -0.0009806295399528153,
        "percentage_delta_per_minute": -0.000016343825665880256,
        "registered_count": 413,
        "registered_count_delta": 0,
        "registered_count_delta_per_hour": 0,
        "registered_count_delta_per_minute": 0
      }
    }
  },
  "metadata": {
    "analysis": {
      "negative_turnout_percentage_protocols": 1,
      "negative_turnout_percentage": 0.0019612590799056306,
      "protocol_count": 1,
      "exceeded_papers_count": 0,
      "exceeded_papers_steal_winning": 0,
      "checksum_valid": 1
    },
    "voters": {
      "initially_registered_count": 413,
      "registered_count": 413,
      "walk_by_count": 204,
      "on_home_count": 194,
      "ahead_of_time_count": 0,
      "exceptional_count": 0
    },
    "papers": {
      "received_count": 465,
      "destroyed_count": 67,
      "stationary_box_count": 204,
      "portable_box_count": 194,
      "valid_count": 388,
      "invalid_count": 10,
      "lost_count": 0,
      "ignored_count": 0,
      "taken_home_count": 0
    }
  },
  "entries": [
    {
      "name": "Барышников Михаил Иванович",
      "position": 1,
      "candidate_id": 99,
      "supported_by_party_id": 5,
      "official_result": {
        "votes_count": 288,
        "place": 1,
        "percentage": 72.36180904522614,
        "valid_percentage": 74.22680412371135,
        "registered_percentage": 69.73365617433413,
        "display_percentage": 72.36,
        "winner": true
      },
      "result_without_other_entry": {
        "82": {
          "percentage": 75.78947368421053,
          "valid_percentage": 77.83783783783784
        },
        "100": {
          "percentage": 76.8,
          "valid_percentage": 78.9041095890411
        },
        "101": {
          "percentage": 79.33884297520662,
          "valid_percentage": 81.58640226628894
        },
        "102": {
          "percentage": 74.03598971722364,
          "valid_percentage": 75.98944591029023
        },
        "103": {
          "percentage": 75.19582245430809,
          "valid_percentage": 77.21179624664879
        }
      }
    },
    {
      "name": "Львов Илья Александрович",
      "position": 3,
      "candidate_id": 101,
      "supported_by_party_id": 7,
      "official_result": {
        "votes_count": 35,
        "place": 2,
        "percentage": 8.793969849246231,
        "valid_percentage": 9.02061855670103,
        "registered_percentage": 8.47457627118644,
        "display_percentage": 8.79,
        "winner": false,
        "lacking_votes_count": 253
      },