{
  "commission_name": "УИК №380",
  "ballot_name": "Выборы депутатов Законодательного Собрания Санкт-Петербурга седьмого созыва",
  "name": "Результаты выборов по единому округу",
  "protocol_scope": {
    "type": "uik",
    "id": 380
  },
  "electoral_district": {
    "type": "city",
    "id": 0
  },
  "data_id": 27820001915220,
  "ballot_data_id": 478403681290,
  "has_koib": false,
  "generated_date": 1632127136000,
  "official_result": {
    "winner": {
      "id": 5,
      "position": 2,
      "percentage": 29.864864864864867,
      "valid_percentage": 30.909090909090907,
      "registered_percentage": 10.095934216537232
    },
    "turnout": {
      "count": 740,
      "percentage": 33.805390589310186,
      "walk_by_count": 717,
      "walk_by_percentage": 32.754682503426224,
      "on_home_count": 23,
      "on_home_percentage": 1.0507080858839652,
      "ahead_of_time_count": 0,
      "ahead_of_time_percentage": 0,
      "valid_count": 715,
      "valid_percentage": 32.663316582914575,
      "invalid_count": 25,
      "invalid_percentage": 1.1420740063956145,
      "taken_home_count": 0,
      "taken_home_percentage": 0,
      "lost_count": 0,
      "lost_percentage": 0
    },
    "votes_stats": {
      "winning_count": 221,
      "winning_percentage": 29.864864864864867,
      "effective_count": 715,
      "losing_count": 494,
      "losing_percentage": 66.75675675675676,
      "other_count": 25,
      "other_percentage": 3.3783783783783785,
      "by_place": {
        "#1": {
          "count": 221,
          "percentage": 29.864864864864867
        },
        "#2": {
          "count": 144,
          "percentage": 19.45945945945946
        },
        "#3": {
          "count": 106,
          "percentage": 14.324324324324325
        },
        "#4": {
          "count": 85,
          "percentage": 11.486486486486488
        },
        "#5": {
          "count": 66,
          "percentage": 8.91891891891892
        },
        "#7": {
          "count": 48,
          "percentage": 6.486486486486487
        },
        "#6": {
          "count": 45,
          "percentage": 6.081081081081082
        }
      }
    }
  },
  "turnout_protocols": {
    "17.09.2021": {
      "15.00": {
        "count": 171,
        "count_delta": 171,
        "count_delta_per_hour": 24.428571428571427,
        "count_delta_per_minute": 0.40714285714285714,
        "percentage": 7.87,
        "percentage_delta": 7.87,
        "percentage_delta_per_hour": 1.1242857142857143,
        "percentage_delta_per_minute": 0.018738095238095238,
        "registered_count": 2173,
        "registered_count_delta": 2173,
        "registered_count_delta_per_hour": 310.42857142857144,
        "registered_count_delta_per_minute": 5.173809523809524
      },
      "20.00": {
        "count": 250,
        "count_delta": 79,
        "count_delta_per_hour": 15.8,
        "count_delta_per_minute": 0.2633333333333333,
        "percentage": 11.5,
        "percentage_delta": 3.63,
        "percentage_delta_per_hour": 0.726,
        "percentage_delta_per_minute": 0.0121,
        "registered_count": 2174,
        "registered_count_delta": 1,
        "registered_count_delta_per_hour": 0.2,
        "registered_count_delta_per_minute": 0.0033333333333333335
      }
    },
    "18.09.2021": {
      "15.00": {
        "count": 280,
        "count_delta": 30,
        "count_delta_per_hour": 4.285714285714286,
        "count_delta_per_minute": 0.07142857142857142,
        "percentage": 12.88,
        "percentage_delta": 1.3800000000000008,
        "percentage_delta_per_hour": 0.19714285714285726,
        "percentage_delta_per_minute": 0.0032857142857142876,
        "registered_count": 2174,
        "registered_count_delta": 0,
        "registered_count_delta_per_hour": 0,
        "registered_count_delta_per_minute": 0
      },
      "20.00": {
        "count": 440,
        "count_delta": 160,
        "count_delta_per_hour": 32,
        "count_delta_per_minute": 0.5333333333333333,
        "percentage": 20.24,
        "percentage_delta": 7.359999999999998,
        "percentage_delta_per_hour": 1.4719999999999995,
        "percentage_delta_per_minute": 0.024533333333333327,
        "registered_count": 2174,
        "registered_count_delta": 0,
        "registered_count_delta_per_hour": 0,
        "registered_count_delta_per_minute": 0
      }
    },
    "19.09.2021": {
      "10.00": {
        "count": 447,
        "count_delta": 7,
        "count_delta_per_hour": 3.5,
        "count_delta_per_minute": 0.058333333333333334,
        "percentage": 20.42,
        "percentage_delta": 0.18000000000000327,
        "percentage_delta_per_hour": 0.09000000000000163,
        "percentage_delta_per_minute": 0.0015000000000000271
      },
      "12.00": {
        "count": 447,
        "count_delta": 0,
        "count_delta_per_hour": 0,
        "count_delta_per_minute": 0,
        "percentage": 20.42,
        "percentage_delta": 0,
        "percentage_delta_per_hour": 0,
        "percentage_delta_per_minute": 0
      },
      "15.00": {
        "count": 581,
        "count_delta": 134,
        "count_delta_per_hour": 44.666666666666664,
        "count_delta_per_minute": 0.7444444444444445,
        "percentage": 26.54,
        "percentage_delta": 6.119999999999997,
        "percentage_delta_per_hour": 2.039999999999999,
        "percentage_delta_per_minute": 0.03399999999999999
      },
      "18.00": {
        "count": 648,
        "count_delta": 67,
        "count_delta_per_hour": 22.333333333333332,
        "count_delta_per_minute": 0.37222222222222223,
        "percentage": 29.58,
        "percentage_delta": 3.039999999999999,
        "percentage_delta_per_hour": 1.013333333333333,
        "percentage_delta_per_minute": 0.016888888888888884
      },
      "20.00": {
        "count": 740,
        "count_delta": 92,
        "count_delta_per_hour": 46,
        "count_delta_per_minute": 0.7666666666666667,
        "percentage": 33.805390589310186,
        "percentage_delta": 4.225390589310187,
        "percentage_delta_per_hour": 2.1126952946550936,
        "percentage_delta_per_minute": 0.03521158824425156,
        "registered_count": 2189,
        "registered_count_delta": 15,
        "registered_count_delta_per_hour": 1.25,
        "registered_count_delta_per_minute": 0.020833333333333332
      }
    }
  },
  "metadata": {
    "analysis": {
      "protocol_count": 1,
      "exceeded_papers_count": 0,
      "exceeded_papers_steal_winning": 0,
      "exceeded_papers_provide_extra_places": 0,
      "multiple_winners": 0,
      "checksum_valid": 1
    },
    "voters": {
      "initially_registered_count": 2174,
      "registered_count": 2189,
      "walk_by_count": 717,
      "on_home_count": 23,
      "ahead_of_time_count": 0,
      "exceptional_count": 0,
      "added_count": 15
    },
    "papers": {
      "received_count": 2000,
      "destroyed_count": 1260,
      "stationary_box_count": 717,
      "portable_box_count": 23,
      "valid_count": 715,
      "invalid_count": 25,
      "lost_count": 0,
      "ignored_count": 0,
      "taken_home_count": 0
    }
  },
  "entries": [
    {
      "name": "Всероссийская политическая партия \"ЕДИНАЯ РОССИЯ\"",
      "position": 2,
      "party_id": 5,
      "official_result": {
        "votes_count": 221,
        "place": 1,
        "percentage": 29.864864864864867,
        "valid_percentage": 30.909090909090907,
        "registered_percentage": 10.095934216537232,
        "display_percentage": 29.86,
        "winner": true
      },
      "result_without_other_entry": {
        "1": {
          "percentage": 37.080536912751676,
          "valid_percentage": 38.704028021015766
        },
        "3": {
          "percentage": 31.798561151079134,
          "valid_percentage": 32.985074626865675
        },
        "4": {
          "percentage": 32.789317507418396,
          "valid_percentage": 34.05238828967643
        },