{
  "commission_name": "УИК №1532",
  "ballot_name": "Выборы депутатов Законодательного Собрания Санкт-Петербурга седьмого созыва",
  "name": "Результаты выборов по единому округу",
  "protocol_scope": {
    "type": "uik",
    "id": 1532
  },
  "electoral_district": {
    "type": "city",
    "id": 0
  },
  "data_id": 27820001915220,
  "ballot_data_id": 4784011517202,
  "has_koib": false,
  "generated_date": 1632123791000,
  "official_result": {
    "winner": {
      "id": 5,
      "position": 2,
      "percentage": 41.917808219178085,
      "valid_percentage": 42.206896551724135,
      "registered_percentage": 11.80100269957578
    },
    "turnout": {
      "count": 730,
      "percentage": 28.152718858465096,
      "walk_by_count": 698,
      "walk_by_percentage": 26.918627072888548,
      "on_home_count": 32,
      "on_home_percentage": 1.2340917855765523,
      "ahead_of_time_count": 0,
      "ahead_of_time_percentage": 0,
      "valid_count": 725,
      "valid_percentage": 27.959892016968762,
      "invalid_count": 5,
      "invalid_percentage": 0.19282684149633628,
      "taken_home_count": 0,
      "taken_home_percentage": 0,
      "lost_count": 0,
      "lost_percentage": 0
    },
    "votes_stats": {
      "winning_count": 306,
      "winning_percentage": 41.917808219178085,
      "effective_count": 725,
      "losing_count": 419,
      "losing_percentage": 57.397260273972606,
      "other_count": 5,
      "other_percentage": 0.684931506849315,
      "by_place": {
        "#1": {
          "count": 306,
          "percentage": 41.917808219178085
        },
        "#2": {
          "count": 123,
          "percentage": 16.84931506849315
        },
        "#3": {
          "count": 102,
          "percentage": 13.972602739726028
        },
        "#4": {
          "count": 76,
          "percentage": 10.41095890410959
        },
        "#5": {
          "count": 48,
          "percentage": 6.575342465753424
        },
        "#6": {
          "count": 39,
          "percentage": 5.342465753424658
        },
        "#7": {
          "count": 17,
          "percentage": 2.328767123287671
        },
        "#8": {
          "count": 14,
          "percentage": 1.9178082191780823
        }
      }
    }
  },
  "turnout_protocols": {
    "17.09.2021": {
      "15.00": {
        "count": 180,
        "count_delta": 180,
        "count_delta_per_hour": 25.714285714285715,
        "count_delta_per_minute": 0.42857142857142855,
        "percentage": 7.02,
        "percentage_delta": 7.02,
        "percentage_delta_per_hour": 1.002857142857143,
        "percentage_delta_per_minute": 0.016714285714285713,
        "registered_count": 2564,
        "registered_count_delta": 2564,
        "registered_count_delta_per_hour": 366.2857142857143,
        "registered_count_delta_per_minute": 6.104761904761904
      },
      "20.00": {
        "count": 552,
        "count_delta": 372,
        "count_delta_per_hour": 74.4,
        "count_delta_per_minute": 1.24,
        "percentage": 21.48,
        "percentage_delta": 14.46,
        "percentage_delta_per_hour": 2.8920000000000003,
        "percentage_delta_per_minute": 0.0482,
        "registered_count": 2570,
        "registered_count_delta": 6,
        "registered_count_delta_per_hour": 1.2,
        "registered_count_delta_per_minute": 0.02
      }
    },
    "18.09.2021": {
      "15.00": {
        "count": 606,
        "count_delta": 54,
        "count_delta_per_hour": 7.714285714285714,
        "count_delta_per_minute": 0.12857142857142856,
        "percentage": 23.56,
        "percentage_delta": 2.0799999999999983,
        "percentage_delta_per_hour": 0.2971428571428569,
        "percentage_delta_per_minute": 0.0049523809523809486,
        "registered_count": 2572,
        "registered_count_delta": 2,
        "registered_count_delta_per_hour": 0.2857142857142857,
        "registered_count_delta_per_minute": 0.004761904761904762
      },
      "20.00": {
        "count": 675,
        "count_delta": 69,
        "count_delta_per_hour": 13.8,
        "count_delta_per_minute": 0.23,
        "percentage": 26.24,
        "percentage_delta": 2.6799999999999997,
        "percentage_delta_per_hour": 0.5359999999999999,
        "percentage_delta_per_minute": 0.008933333333333333,
        "registered_count": 2572,
        "registered_count_delta": 0,
        "registered_count_delta_per_hour": 0,
        "registered_count_delta_per_minute": 0
      }
    },
    "19.09.2021": {
      "10.00": {
        "count": 693,
        "count_delta": 18,
        "count_delta_per_hour": 9,
        "count_delta_per_minute": 0.15,
        "percentage": 26.71,
        "percentage_delta": 0.4700000000000024,
        "percentage_delta_per_hour": 0.2350000000000012,
        "percentage_delta_per_minute": 0.003916666666666687
      },
      "12.00": {
        "count": 731,
        "count_delta": 38,
        "count_delta_per_hour": 19,
        "count_delta_per_minute": 0.31666666666666665,
        "percentage": 28.19,
        "percentage_delta": 1.4800000000000004,
        "percentage_delta_per_hour": 0.7400000000000002,
        "percentage_delta_per_minute": 0.012333333333333337
      },
      "15.00": {
        "count": 831,
        "count_delta": 100,
        "count_delta_per_hour": 33.333333333333336,
        "count_delta_per_minute": 0.5555555555555556,
        "percentage": 32.03,
        "percentage_delta": 3.84,
        "percentage_delta_per_hour": 1.28,
        "percentage_delta_per_minute": 0.021333333333333333
      },
      "18.00": {
        "count": 965,
        "count_delta": 134,
        "count_delta_per_hour": 44.666666666666664,
        "count_delta_per_minute": 0.7444444444444445,
        "percentage": 37.21,
        "percentage_delta": 5.18,
        "percentage_delta_per_hour": 1.7266666666666666,
        "percentage_delta_per_minute": 0.028777777777777777
      },
      "20.00": {
        "count": 730,
        "count_delta": -235,
        "count_delta_per_hour": -117.5,
        "count_delta_per_minute": -1.9583333333333333,
        "percentage": 28.152718858465096,
        "percentage_delta": -9.057281141534904,
        "percentage_delta_per_hour": -4.528640570767452,
        "percentage_delta_per_minute": -0.0754773428461242,
        "registered_count": 2593,
        "registered_count_delta": 21,
        "registered_count_delta_per_hour": 1.75,
        "registered_count_delta_per_minute": 0.029166666666666667
      }
    }
  },
  "metadata": {
    "analysis": {
      "negative_turnout_percentage_protocols": 1,
      "negative_turnout_percentage": 9.057281141534904,
      "negative_turnout_count_protocols": 1,
      "negative_turnout_count": 235,
      "protocol_count": 1,
      "exceeded_papers_count": 0,
      "exceeded_papers_steal_winning": 0,
      "exceeded_papers_provide_extra_places": 0,
      "multiple_winners": 0,
      "checksum_valid": 1
    },
    "voters": {
      "initially_registered_count": 2564,
      "registered_count": 2593,
      "walk_by_count": 698,
      "on_home_count": 32,
      "ahead_of_time_count": 0,
      "exceptional_count": 0,
      "added_count": 29
    },
    "papers": {
      "received_count": 2000,
      "destroyed_count": 1270,
      "stationary_box_count": 698,
      "portable_box_count": 32,
      "valid_count": 725,
      "invalid_count": 5,
      "lost_count": 0,
      "ignored_count": 0,
      "taken_home_count": 0
    }
  },
  "entries": [
    {
      "name": "Всероссийская политическая партия \"ЕДИНАЯ РОССИЯ\"",
      "position": 2,
      "party_id": 5,
      "official_result": {
        "votes_count": 306,
        "place": 1,
        "percentage": 41.917808219178085,
        "valid_percentage": 42.206896551724135,
        "registered_percentage": 11.80100269957578,
        "display_percentage": 41.92,
        "winner": true
      },
      "result_without_other_entry": {
        "1": {
          "percentage": 50.41186161449753,