{
  "commission_name": "УИК №1662",
  "ballot_name": "Выборы депутатов Законодательного Собрания Санкт-Петербурга седьмого созыва",
  "name": "Результаты выборов по единому округу",
  "protocol_scope": {
    "type": "uik",
    "id": 1662
  },
  "electoral_district": {
    "type": "city",
    "id": 0
  },
  "data_id": 27820001915220,
  "ballot_data_id": 4784012321681,
  "has_koib": false,
  "generated_date": 1632132158000,
  "official_result": {
    "winner": {
      "id": 5,
      "position": 2,
      "percentage": 70.99656357388317,
      "valid_percentage": 71.29054520358868,
      "registered_percentage": 41.237524950099804
    },
    "turnout": {
      "count": 1455,
      "percentage": 58.08383233532935,
      "walk_by_count": 1443,
      "walk_by_percentage": 57.60479041916168,
      "on_home_count": 12,
      "on_home_percentage": 0.47904191616766467,
      "ahead_of_time_count": 0,
      "ahead_of_time_percentage": 0,
      "valid_count": 1449,
      "valid_percentage": 57.8443113772455,
      "invalid_count": 6,
      "invalid_percentage": 0.23952095808383234,
      "taken_home_count": 0,
      "taken_home_percentage": 0,
      "lost_count": 0,
      "lost_percentage": 0
    },
    "votes_stats": {
      "winning_count": 1033,
      "winning_percentage": 70.99656357388317,
      "effective_count": 1449,
      "losing_count": 416,
      "losing_percentage": 28.591065292096218,
      "other_count": 6,
      "other_percentage": 0.4123711340206186,
      "by_place": {
        "#1": {
          "count": 1033,
          "percentage": 70.99656357388317
        },
        "#2": {
          "count": 224,
          "percentage": 15.395189003436426
        },
        "#3": {
          "count": 58,
          "percentage": 3.9862542955326457
        },
        "#4": {
          "count": 45,
          "percentage": 3.0927835051546393
        },
        "#5": {
          "count": 41,
          "percentage": 2.8178694158075603
        },
        "#6": {
          "count": 30,
          "percentage": 2.0618556701030926
        },
        "#7": {
          "count": 11,
          "percentage": 0.7560137457044673
        },
        "#8": {
          "count": 7,
          "percentage": 0.48109965635738833
        }
      }
    }
  },
  "turnout_protocols": {
    "17.09.2021": {
      "15.00": {
        "count": 281,
        "count_delta": 281,
        "count_delta_per_hour": 40.142857142857146,
        "count_delta_per_minute": 0.669047619047619,
        "percentage": 11.33,
        "percentage_delta": 11.33,
        "percentage_delta_per_hour": 1.6185714285714285,
        "percentage_delta_per_minute": 0.026976190476190477,
        "registered_count": 2480,
        "registered_count_delta": 2480,
        "registered_count_delta_per_hour": 354.2857142857143,
        "registered_count_delta_per_minute": 5.904761904761905
      },
      "20.00": {
        "count": 500,
        "count_delta": 219,
        "count_delta_per_hour": 43.8,
        "count_delta_per_minute": 0.73,
        "percentage": 20.16,
        "percentage_delta": 8.83,
        "percentage_delta_per_hour": 1.766,
        "percentage_delta_per_minute": 0.029433333333333332,
        "registered_count": 2480,
        "registered_count_delta": 0,
        "registered_count_delta_per_hour": 0,
        "registered_count_delta_per_minute": 0
      }
    },
    "18.09.2021": {
      "15.00": {
        "count": 696,
        "count_delta": 196,
        "count_delta_per_hour": 28,
        "count_delta_per_minute": 0.4666666666666667,
        "percentage": 28.06,
        "percentage_delta": 7.899999999999999,
        "percentage_delta_per_hour": 1.1285714285714283,
        "percentage_delta_per_minute": 0.018809523809523807,
        "registered_count": 2480,
        "registered_count_delta": 0,
        "registered_count_delta_per_hour": 0,
        "registered_count_delta_per_minute": 0
      },
      "20.00": {
        "count": 777,
        "count_delta": 81,
        "count_delta_per_hour": 16.2,
        "count_delta_per_minute": 0.27,
        "percentage": 31.04,
        "percentage_delta": 2.9800000000000004,
        "percentage_delta_per_hour": 0.5960000000000001,
        "percentage_delta_per_minute": 0.009933333333333334,
        "registered_count": 2503,
        "registered_count_delta": 23,
        "registered_count_delta_per_hour": 4.6,
        "registered_count_delta_per_minute": 0.07666666666666666
      }
    },
    "19.09.2021": {
      "10.00": {
        "count": 779,
        "count_delta": 2,
        "count_delta_per_hour": 1,
        "count_delta_per_minute": 0.016666666666666666,
        "percentage": 31.08,
        "percentage_delta": 0.03999999999999915,
        "percentage_delta_per_hour": 0.019999999999999574,
        "percentage_delta_per_minute": 0.0003333333333333262
      },
      "12.00": {
        "count": 828,
        "count_delta": 49,
        "count_delta_per_hour": 24.5,
        "count_delta_per_minute": 0.4083333333333333,
        "percentage": 33.04,
        "percentage_delta": 1.9600000000000009,
        "percentage_delta_per_hour": 0.9800000000000004,
        "percentage_delta_per_minute": 0.016333333333333342
      },
      "15.00": {
        "count": 862,
        "count_delta": 34,
        "count_delta_per_hour": 11.333333333333334,
        "count_delta_per_minute": 0.18888888888888888,
        "percentage": 34.4,
        "percentage_delta": 1.3599999999999994,
        "percentage_delta_per_hour": 0.45333333333333314,
        "percentage_delta_per_minute": 0.007555555555555552
      },
      "18.00": {
        "count": 1159,
        "count_delta": 297,
        "count_delta_per_hour": 99,
        "count_delta_per_minute": 1.65,
        "percentage": 46.26,
        "percentage_delta": 11.86,
        "percentage_delta_per_hour": 3.953333333333333,
        "percentage_delta_per_minute": 0.06588888888888889
      },
      "20.00": {
        "count": 1455,
        "count_delta": 296,
        "count_delta_per_hour": 148,
        "count_delta_per_minute": 2.466666666666667,
        "percentage": 58.08383233532935,
        "percentage_delta": 11.82383233532935,
        "percentage_delta_per_hour": 5.911916167664675,
        "percentage_delta_per_minute": 0.09853193612774458,
        "registered_count": 2505,
        "registered_count_delta": 2,
        "registered_count_delta_per_hour": 0.16666666666666666,
        "registered_count_delta_per_minute": 0.002777777777777778
      }
    }
  },
  "metadata": {
    "analysis": {
      "protocol_count": 1,
      "exceeded_papers_count": 0,
      "exceeded_papers_steal_winning": 0,
      "exceeded_papers_provide_extra_places": 0,
      "multiple_winners": 0,
      "checksum_valid": 1
    },
    "voters": {
      "initially_registered_count": 2480,
      "registered_count": 2505,
      "walk_by_count": 1443,
      "on_home_count": 12,
      "ahead_of_time_count": 0,
      "exceptional_count": 0,
      "added_count": 25
    },
    "papers": {
      "received_count": 2000,
      "destroyed_count": 545,
      "stationary_box_count": 1443,
      "portable_box_count": 12,
      "valid_count": 1449,
      "invalid_count": 6,
      "lost_count": 0,
      "ignored_count": 0,
      "taken_home_count": 0
    }
  },
  "entries": [
    {
      "name": "Всероссийская политическая партия \"ЕДИНАЯ РОССИЯ\"",
      "position": 2,
      "party_id": 5,
      "official_result": {
        "votes_count": 1033,
        "place": 1,
        "percentage": 70.99656357388317,
        "valid_percentage": 71.29054520358868,
        "registered_percentage": 41.237524950099804,
        "display_percentage": 70.99,
        "winner": true
      },
      "result_without_other_entry": {
        "1": {
          "percentage": 83.91551584077985,
          "valid_percentage": 84.3265306122449
        },
        "3": {
          "percentage": 72.49122807017544,
          "valid_percentage": 72.79774489076814
        },
        "4": {
          "percentage": 73.05516265912306,