{
  "commission_name": "УИК №2203",
  "ballot_name": "Выборы депутатов Законодательного Собрания Санкт-Петербурга седьмого созыва",
  "name": "Результаты выборов по единому округу",
  "protocol_scope": {
    "type": "uik",
    "id": 2203
  },
  "electoral_district": {
    "type": "city",
    "id": 0
  },
  "data_id": 27820001915220,
  "ballot_data_id": 4784017303929,
  "has_koib": false,
  "generated_date": 1632123791000,
  "official_result": {
    "winner": {
      "id": 5,
      "position": 2,
      "percentage": 28.49604221635884,
      "valid_percentage": 29.03225806451613,
      "registered_percentage": 8.503937007874015
    },
    "turnout": {
      "count": 379,
      "percentage": 29.84251968503937,
      "walk_by_count": 360,
      "walk_by_percentage": 28.346456692913385,
      "on_home_count": 19,
      "on_home_percentage": 1.4960629921259843,
      "ahead_of_time_count": 0,
      "ahead_of_time_percentage": 0,
      "valid_count": 372,
      "valid_percentage": 29.291338582677167,
      "invalid_count": 7,
      "invalid_percentage": 0.5511811023622047,
      "taken_home_count": 0,
      "taken_home_percentage": 0,
      "lost_count": 0,
      "lost_percentage": 0
    },
    "votes_stats": {
      "winning_count": 108,
      "winning_percentage": 28.49604221635884,
      "effective_count": 372,
      "losing_count": 264,
      "losing_percentage": 69.65699208443272,
      "other_count": 7,
      "other_percentage": 1.8469656992084433,
      "by_place": {
        "#1": {
          "count": 108,
          "percentage": 28.49604221635884
        },
        "#2": {
          "count": 82,
          "percentage": 21.63588390501319
        },
        "#3": {
          "count": 76,
          "percentage": 20.052770448548813
        },
        "#6.5": {
          "count": 40,
          "percentage": 10.554089709762533
        },
        "#4": {
          "count": 29,
          "percentage": 7.651715039577836
        },
        "#5": {
          "count": 28,
          "percentage": 7.387862796833773
        },
        "#7": {
          "count": 9,
          "percentage": 2.3746701846965697
        }
      }
    }
  },
  "turnout_protocols": {
    "17.09.2021": {
      "15.00": {
        "count": 49,
        "count_delta": 49,
        "count_delta_per_hour": 7,
        "count_delta_per_minute": 0.11666666666666667,
        "percentage": 3.88,
        "percentage_delta": 3.88,
        "percentage_delta_per_hour": 0.5542857142857143,
        "percentage_delta_per_minute": 0.009238095238095238,
        "registered_count": 1263,
        "registered_count_delta": 1263,
        "registered_count_delta_per_hour": 180.42857142857142,
        "registered_count_delta_per_minute": 3.007142857142857
      },
      "20.00": {
        "count": 86,
        "count_delta": 37,
        "count_delta_per_hour": 7.4,
        "count_delta_per_minute": 0.12333333333333334,
        "percentage": 6.79,
        "percentage_delta": 2.91,
        "percentage_delta_per_hour": 0.5820000000000001,
        "percentage_delta_per_minute": 0.0097,
        "registered_count": 1267,
        "registered_count_delta": 4,
        "registered_count_delta_per_hour": 0.8,
        "registered_count_delta_per_minute": 0.013333333333333334
      }
    },
    "18.09.2021": {
      "15.00": {
        "count": 123,
        "count_delta": 37,
        "count_delta_per_hour": 5.285714285714286,
        "count_delta_per_minute": 0.0880952380952381,
        "percentage": 9.72,
        "percentage_delta": 2.9300000000000006,
        "percentage_delta_per_hour": 0.41857142857142865,
        "percentage_delta_per_minute": 0.006976190476190478,
        "registered_count": 1265,
        "registered_count_delta": -2,
        "registered_count_delta_per_hour": -0.2857142857142857,
        "registered_count_delta_per_minute": -0.004761904761904762
      },
      "20.00": {
        "count": 171,
        "count_delta": 48,
        "count_delta_per_hour": 9.6,
        "count_delta_per_minute": 0.16,
        "percentage": 13.51,
        "percentage_delta": 3.789999999999999,
        "percentage_delta_per_hour": 0.7579999999999998,
        "percentage_delta_per_minute": 0.01263333333333333,
        "registered_count": 1266,
        "registered_count_delta": 1,
        "registered_count_delta_per_hour": 0.2,
        "registered_count_delta_per_minute": 0.0033333333333333335
      }
    },
    "19.09.2021": {
      "10.00": {
        "count": 216,
        "count_delta": 45,
        "count_delta_per_hour": 22.5,
        "count_delta_per_minute": 0.375,
        "percentage": 16.98,
        "percentage_delta": 3.4700000000000006,
        "percentage_delta_per_hour": 1.7350000000000003,
        "percentage_delta_per_minute": 0.02891666666666667
      },
      "12.00": {
        "count": 220,
        "count_delta": 4,
        "count_delta_per_hour": 2,
        "count_delta_per_minute": 0.03333333333333333,
        "percentage": 17.35,
        "percentage_delta": 0.370000000000001,
        "percentage_delta_per_hour": 0.1850000000000005,
        "percentage_delta_per_minute": 0.0030833333333333416
      },
      "15.00": {
        "count": 259,
        "count_delta": 39,
        "count_delta_per_hour": 13,
        "count_delta_per_minute": 0.21666666666666667,
        "percentage": 20.43,
        "percentage_delta": 3.0799999999999983,
        "percentage_delta_per_hour": 1.0266666666666662,
        "percentage_delta_per_minute": 0.0171111111111111
      },
      "18.00": {
        "count": 314,
        "count_delta": 55,
        "count_delta_per_hour": 18.333333333333332,
        "count_delta_per_minute": 0.3055555555555556,
        "percentage": 24.76,
        "percentage_delta": 4.330000000000002,
        "percentage_delta_per_hour": 1.443333333333334,
        "percentage_delta_per_minute": 0.024055555555555566
      },
      "20.00": {
        "count": 379,
        "count_delta": 65,
        "count_delta_per_hour": 32.5,
        "count_delta_per_minute": 0.5416666666666666,
        "percentage": 29.84251968503937,
        "percentage_delta": 5.082519685039369,
        "percentage_delta_per_hour": 2.5412598425196844,
        "percentage_delta_per_minute": 0.04235433070866141,
        "registered_count": 1270,
        "registered_count_delta": 4,
        "registered_count_delta_per_hour": 0.3333333333333333,
        "registered_count_delta_per_minute": 0.005555555555555556
      }
    }
  },
  "metadata": {
    "analysis": {
      "negative_turnout_registered_count_protocols": 1,
      "negative_turnout_registered_count": 2,
      "protocol_count": 1,
      "exceeded_papers_count": 0,
      "exceeded_papers_steal_winning": 0,
      "exceeded_papers_provide_extra_places": 0,
      "multiple_winners": 0,
      "checksum_valid": 1
    },
    "voters": {
      "initially_registered_count": 1264,
      "registered_count": 1270,
      "walk_by_count": 360,
      "on_home_count": 19,
      "ahead_of_time_count": 0,
      "exceptional_count": 0,
      "added_count": 6
    },
    "papers": {
      "received_count": 1000,
      "destroyed_count": 621,
      "stationary_box_count": 360,
      "portable_box_count": 19,
      "valid_count": 372,
      "invalid_count": 7,
      "lost_count": 0,
      "ignored_count": 0,
      "taken_home_count": 0
    }
  },
  "entries": [
    {
      "name": "Всероссийская политическая партия \"ЕДИНАЯ РОССИЯ\"",
      "position": 2,
      "party_id": 5,
      "official_result": {
        "votes_count": 108,
        "place": 1,
        "percentage": 28.49604221635884,
        "valid_percentage": 29.03225806451613,
        "registered_percentage": 8.503937007874015,
        "display_percentage": 28.5,
        "winner": true
      },
      "result_without_other_entry": {
        "1": {
          "percentage": 35.64356435643564,
          "valid_percentage": 36.486486486486484
        },
        "3": {
          "percentage": 30.76923076923077,
          "valid_percentage": 31.3953488372093
        },