{
  "commission_name": "УИК №35",
  "ballot_name": "Выборы депутатов Законодательного Собрания Санкт-Петербурга седьмого созыва",
  "name": "Результаты выборов по одномандатному (многомандатному) округу",
  "protocol_scope": {
    "type": "uik",
    "id": 35
  },
  "electoral_district": {
    "type": "city",
    "id": 1
  },
  "data_id": 27820001915220,
  "ballot_data_id": 478403191305,
  "has_koib": false,
  "generated_date": 1632153920000,
  "official_result": {
    "winner": {
      "id": 14,
      "position": 1,
      "percentage": 38.37837837837838,
      "valid_percentage": 39.55431754874652,
      "registered_percentage": 13.283442469597755
    },
    "turnout": {
      "count": 370,
      "percentage": 34.61178671655753,
      "walk_by_count": 357,
      "walk_by_percentage": 33.3956969130028,
      "on_home_count": 13,
      "on_home_percentage": 1.216089803554724,
      "ahead_of_time_count": 0,
      "ahead_of_time_percentage": 0,
      "valid_count": 359,
      "valid_percentage": 33.58278765201123,
      "invalid_count": 11,
      "invalid_percentage": 1.028999064546305,
      "taken_home_count": 0,
      "taken_home_percentage": 0,
      "lost_count": 0,
      "lost_percentage": 0
    },
    "votes_stats": {
      "winning_count": 142,
      "winning_percentage": 38.37837837837838,
      "effective_count": 359,
      "losing_count": 217,
      "losing_percentage": 58.648648648648646,
      "other_count": 11,
      "other_percentage": 2.9729729729729732,
      "by_place": {
        "#1": {
          "count": 142,
          "percentage": 38.37837837837838
        },
        "#2": {
          "count": 85,
          "percentage": 22.972972972972975,
          "supported_by_smart_vote": true
        },
        "#3": {
          "count": 46,
          "percentage": 12.432432432432433
        },
        "#4": {
          "count": 30,
          "percentage": 8.108108108108109
        },
        "#5": {
          "count": 25,
          "percentage": 6.756756756756757
        },
        "#6": {
          "count": 17,
          "percentage": 4.594594594594595
        },
        "#7": {
          "count": 14,
          "percentage": 3.783783783783784
        }
      }
    }
  },
  "turnout_protocols": {
    "17.09.2021": {
      "15.00": {
        "count": 62,
        "count_delta": 62,
        "count_delta_per_hour": 8.857142857142858,
        "count_delta_per_minute": 0.14761904761904762,
        "percentage": 5.8,
        "percentage_delta": 5.8,
        "percentage_delta_per_hour": 0.8285714285714285,
        "percentage_delta_per_minute": 0.01380952380952381,
        "registered_count": 1069,
        "registered_count_delta": 1069,
        "registered_count_delta_per_hour": 152.71428571428572,
        "registered_count_delta_per_minute": 2.545238095238095
      },
      "20.00": {
        "count": 104,
        "count_delta": 42,
        "count_delta_per_hour": 8.4,
        "count_delta_per_minute": 0.14,
        "percentage": 9.73,
        "percentage_delta": 3.9300000000000006,
        "percentage_delta_per_hour": 0.7860000000000001,
        "percentage_delta_per_minute": 0.013100000000000002,
        "registered_count": 1069,
        "registered_count_delta": 0,
        "registered_count_delta_per_hour": 0,
        "registered_count_delta_per_minute": 0
      }
    },
    "18.09.2021": {
      "15.00": {
        "count": 156,
        "count_delta": 52,
        "count_delta_per_hour": 7.428571428571429,
        "count_delta_per_minute": 0.12380952380952381,
        "percentage": 14.59,
        "percentage_delta": 4.859999999999999,
        "percentage_delta_per_hour": 0.6942857142857142,
        "percentage_delta_per_minute": 0.01157142857142857,
        "registered_count": 1069,
        "registered_count_delta": 0,
        "registered_count_delta_per_hour": 0,
        "registered_count_delta_per_minute": 0
      },
      "20.00": {
        "count": 195,
        "count_delta": 39,
        "count_delta_per_hour": 7.8,
        "count_delta_per_minute": 0.13,
        "percentage": 18.24,
        "percentage_delta": 3.6499999999999986,
        "percentage_delta_per_hour": 0.7299999999999998,
        "percentage_delta_per_minute": 0.012166666666666662,
        "registered_count": 1069,
        "registered_count_delta": 0,
        "registered_count_delta_per_hour": 0,
        "registered_count_delta_per_minute": 0
      }
    },
    "19.09.2021": {
      "10.00": {
        "count": 209,
        "count_delta": 14,
        "count_delta_per_hour": 7,
        "count_delta_per_minute": 0.11666666666666667,
        "percentage": 19.55,
        "percentage_delta": 1.3100000000000023,
        "percentage_delta_per_hour": 0.6550000000000011,
        "percentage_delta_per_minute": 0.010916666666666686
      },
      "12.00": {
        "count": 229,
        "count_delta": 20,
        "count_delta_per_hour": 10,
        "count_delta_per_minute": 0.16666666666666666,
        "percentage": 21.42,
        "percentage_delta": 1.870000000000001,
        "percentage_delta_per_hour": 0.9350000000000005,
        "percentage_delta_per_minute": 0.015583333333333341
      },
      "15.00": {
        "count": 291,
        "count_delta": 62,
        "count_delta_per_hour": 20.666666666666668,
        "count_delta_per_minute": 0.34444444444444444,
        "percentage": 27.22,
        "percentage_delta": 5.799999999999997,
        "percentage_delta_per_hour": 1.9333333333333325,
        "percentage_delta_per_minute": 0.03222222222222221
      },
      "18.00": {
        "count": 323,
        "count_delta": 32,
        "count_delta_per_hour": 10.666666666666666,
        "count_delta_per_minute": 0.17777777777777778,
        "percentage": 30.22,
        "percentage_delta": 3,
        "percentage_delta_per_hour": 1,
        "percentage_delta_per_minute": 0.016666666666666666
      },
      "20.00": {
        "count": 370,
        "count_delta": 47,
        "count_delta_per_hour": 23.5,
        "count_delta_per_minute": 0.39166666666666666,
        "percentage": 34.61178671655753,
        "percentage_delta": 4.391786716557533,
        "percentage_delta_per_hour": 2.1958933582787665,
        "percentage_delta_per_minute": 0.03659822263797944,
        "registered_count": 1069,
        "registered_count_delta": 0,
        "registered_count_delta_per_hour": 0,
        "registered_count_delta_per_minute": 0
      }
    }
  },
  "metadata": {
    "analysis": {
      "protocol_count": 1,
      "exceeded_papers_count": 0,
      "exceeded_papers_steal_winning": 0,
      "checksum_valid": 1,
      "stuffed_protocol_for_14": 1,
      "stuffed_votes_for_14": 40.733333333333334
    },
    "voters": {
      "initially_registered_count": 1069,
      "registered_count": 1069,
      "walk_by_count": 357,
      "on_home_count": 13,
      "ahead_of_time_count": 0,
      "exceptional_count": 0
    },
    "papers": {
      "received_count": 800,
      "destroyed_count": 430,
      "stationary_box_count": 357,
      "portable_box_count": 13,
      "valid_count": 359,
      "invalid_count": 11,
      "lost_count": 0,
      "ignored_count": 0,
      "taken_home_count": 0
    }
  },
  "entries": [
    {
      "name": "Астахова Наталия Владимировна",
      "position": 1,
      "candidate_id": 14,
      "supported_by_party_id": 5,
      "official_result": {
        "votes_count": 142,
        "place": 1,
        "percentage": 38.37837837837838,
        "valid_percentage": 39.55431754874652,
        "registered_percentage": 13.283442469597755,
        "display_percentage": 38.38,
        "winner": true
      },
      "result_without_other_entry": {
        "15": {
          "percentage": 49.824561403508774,
          "valid_percentage": 51.82481751824818
        },
        "16": {
          "percentage": 41.15942028985507,
          "valid_percentage": 42.51497005988024
        },
        "17": {
          "percentage": 41.76470588235294,
          "valid_percentage": 43.161094224924014
        },