{
  "commission_name": "УИК №1008",
  "ballot_name": "Выборы депутатов Законодательного Собрания Санкт-Петербурга седьмого созыва",
  "name": "Результаты выборов по единому округу",
  "protocol_scope": {
    "type": "uik",
    "id": 1008
  },
  "electoral_district": {
    "type": "city",
    "id": 0
  },
  "data_id": 27820001915220,
  "ballot_data_id": 4784025362386,
  "has_koib": false,
  "generated_date": 1632112487000,
  "official_result": {
    "winner": {
      "id": 5,
      "position": 2,
      "percentage": 31.521739130434785,
      "valid_percentage": 32.17753120665742,
      "registered_percentage": 10.948560641812175
    },
    "turnout": {
      "count": 736,
      "percentage": 34.73336479471449,
      "walk_by_count": 689,
      "walk_by_percentage": 32.515337423312886,
      "on_home_count": 47,
      "on_home_percentage": 2.2180273714016043,
      "ahead_of_time_count": 0,
      "ahead_of_time_percentage": 0,
      "valid_count": 721,
      "valid_percentage": 34.02548371873525,
      "invalid_count": 15,
      "invalid_percentage": 0.7078810759792354,
      "taken_home_count": 0,
      "taken_home_percentage": 0,
      "lost_count": 0,
      "lost_percentage": 0
    },
    "votes_stats": {
      "winning_count": 232,
      "winning_percentage": 31.521739130434785,
      "effective_count": 721,
      "losing_count": 489,
      "losing_percentage": 66.44021739130434,
      "other_count": 15,
      "other_percentage": 2.0380434782608696,
      "by_place": {
        "#1": {
          "count": 232,
          "percentage": 31.521739130434785
        },
        "#2": {
          "count": 117,
          "percentage": 15.896739130434783
        },
        "#3": {
          "count": 111,
          "percentage": 15.081521739130435
        },
        "#4": {
          "count": 77,
          "percentage": 10.46195652173913
        },
        "#5": {
          "count": 74,
          "percentage": 10.054347826086957
        },
        "#6": {
          "count": 70,
          "percentage": 9.510869565217392
        },
        "#7": {
          "count": 24,
          "percentage": 3.260869565217391
        },
        "#8": {
          "count": 16,
          "percentage": 2.1739130434782608
        }
      }
    }
  },
  "turnout_protocols": {
    "17.09.2021": {
      "15.00": {
        "count": 101,
        "count_delta": 101,
        "count_delta_per_hour": 14.428571428571429,
        "count_delta_per_minute": 0.24047619047619048,
        "percentage": 4.77,
        "percentage_delta": 4.77,
        "percentage_delta_per_hour": 0.6814285714285714,
        "percentage_delta_per_minute": 0.011357142857142856,
        "registered_count": 2117,
        "registered_count_delta": 2117,
        "registered_count_delta_per_hour": 302.42857142857144,
        "registered_count_delta_per_minute": 5.04047619047619
      },
      "20.00": {
        "count": 174,
        "count_delta": 73,
        "count_delta_per_hour": 14.6,
        "count_delta_per_minute": 0.24333333333333335,
        "percentage": 8.21,
        "percentage_delta": 3.4400000000000013,
        "percentage_delta_per_hour": 0.6880000000000003,
        "percentage_delta_per_minute": 0.01146666666666667,
        "registered_count": 2119,
        "registered_count_delta": 2,
        "registered_count_delta_per_hour": 0.4,
        "registered_count_delta_per_minute": 0.006666666666666667
      }
    },
    "18.09.2021": {
      "15.00": {
        "count": 297,
        "count_delta": 123,
        "count_delta_per_hour": 17.571428571428573,
        "count_delta_per_minute": 0.29285714285714287,
        "percentage": 14.02,
        "percentage_delta": 5.809999999999999,
        "percentage_delta_per_hour": 0.8299999999999998,
        "percentage_delta_per_minute": 0.01383333333333333,
        "registered_count": 2118,
        "registered_count_delta": -1,
        "registered_count_delta_per_hour": -0.14285714285714285,
        "registered_count_delta_per_minute": -0.002380952380952381
      },
      "20.00": {
        "count": 422,
        "count_delta": 125,
        "count_delta_per_hour": 25,
        "count_delta_per_minute": 0.4166666666666667,
        "percentage": 19.92,
        "percentage_delta": 5.900000000000002,
        "percentage_delta_per_hour": 1.1800000000000004,
        "percentage_delta_per_minute": 0.019666666666666673,
        "registered_count": 2118,
        "registered_count_delta": 0,
        "registered_count_delta_per_hour": 0,
        "registered_count_delta_per_minute": 0
      }
    },
    "19.09.2021": {
      "10.00": {
        "count": 432,
        "count_delta": 10,
        "count_delta_per_hour": 5,
        "count_delta_per_minute": 0.08333333333333333,
        "percentage": 20.39,
        "percentage_delta": 0.46999999999999886,
        "percentage_delta_per_hour": 0.23499999999999943,
        "percentage_delta_per_minute": 0.003916666666666657
      },
      "12.00": {
        "count": 479,
        "count_delta": 47,
        "count_delta_per_hour": 23.5,
        "count_delta_per_minute": 0.39166666666666666,
        "percentage": 22.61,
        "percentage_delta": 2.219999999999999,
        "percentage_delta_per_hour": 1.1099999999999994,
        "percentage_delta_per_minute": 0.018499999999999992
      },
      "15.00": {
        "count": 552,
        "count_delta": 73,
        "count_delta_per_hour": 24.333333333333332,
        "count_delta_per_minute": 0.40555555555555556,
        "percentage": 26.05,
        "percentage_delta": 3.4400000000000013,
        "percentage_delta_per_hour": 1.1466666666666672,
        "percentage_delta_per_minute": 0.019111111111111117
      },
      "18.00": {
        "count": 682,
        "count_delta": 130,
        "count_delta_per_hour": 43.333333333333336,
        "count_delta_per_minute": 0.7222222222222222,
        "percentage": 32.18,
        "percentage_delta": 6.129999999999999,
        "percentage_delta_per_hour": 2.043333333333333,
        "percentage_delta_per_minute": 0.03405555555555555
      },
      "20.00": {
        "count": 736,
        "count_delta": 54,
        "count_delta_per_hour": 27,
        "count_delta_per_minute": 0.45,
        "percentage": 34.73336479471449,
        "percentage_delta": 2.55336479471449,
        "percentage_delta_per_hour": 1.276682397357245,
        "percentage_delta_per_minute": 0.021278039955954082,
        "registered_count": 2119,
        "registered_count_delta": 1,
        "registered_count_delta_per_hour": 0.08333333333333333,
        "registered_count_delta_per_minute": 0.001388888888888889
      }
    }
  },
  "metadata": {
    "analysis": {
      "negative_turnout_registered_count_protocols": 1,
      "negative_turnout_registered_count": 1,
      "protocol_count": 1,
      "exceeded_papers_count": 0,
      "exceeded_papers_steal_winning": 0,
      "exceeded_papers_provide_extra_places": 0,
      "multiple_winners": 0,
      "checksum_valid": 1
    },
    "voters": {
      "initially_registered_count": 2119,
      "registered_count": 2119,
      "walk_by_count": 689,
      "on_home_count": 47,
      "ahead_of_time_count": 0,
      "exceptional_count": 0
    },
    "papers": {
      "received_count": 1500,
      "destroyed_count": 764,
      "stationary_box_count": 689,
      "portable_box_count": 47,
      "valid_count": 721,
      "invalid_count": 15,
      "lost_count": 0,
      "ignored_count": 0,
      "taken_home_count": 0
    }
  },
  "entries": [
    {
      "name": "Всероссийская политическая партия \"ЕДИНАЯ РОССИЯ\"",
      "position": 2,
      "party_id": 5,
      "official_result": {
        "votes_count": 232,
        "place": 1,
        "percentage": 31.521739130434785,
        "valid_percentage": 32.17753120665742,
        "registered_percentage": 10.948560641812175,
        "display_percentage": 31.52,
        "winner": true
      },
      "result_without_other_entry": {
        "1": {
          "percentage": 37.47980613893376,