{
  "commission_name": "УИК №2145",
  "ballot_name": "Выборы депутатов Законодательного Собрания Санкт-Петербурга седьмого созыва",
  "name": "Результаты выборов по одномандатному (многомандатному) округу",
  "protocol_scope": {
    "type": "uik",
    "id": 2145
  },
  "electoral_district": {
    "type": "city",
    "id": 22
  },
  "data_id": 27820001915220,
  "ballot_data_id": 478406281412,
  "has_koib": false,
  "generated_date": 1632125167000,
  "official_result": {
    "winner": {
      "id": 212,
      "position": 2,
      "percentage": 69.7151424287856,
      "valid_percentage": 71.75925925925925,
      "registered_percentage": 22.59475218658892
    },
    "turnout": {
      "count": 675,
      "percentage": 32.798833819241985,
      "walk_by_count": 670,
      "walk_by_percentage": 32.555879494655,
      "on_home_count": 5,
      "on_home_percentage": 0.24295432458697766,
      "ahead_of_time_count": 0,
      "ahead_of_time_percentage": 0,
      "valid_count": 648,
      "valid_percentage": 31.486880466472307,
      "invalid_count": 19,
      "invalid_percentage": 0.923226433430515,
      "taken_home_count": 8,
      "taken_home_percentage": 0.3887269193391642,
      "lost_count": 0,
      "lost_percentage": 0
    },
    "votes_stats": {
      "winning_count": 465,
      "winning_percentage": 69.7151424287856,
      "effective_count": 648,
      "losing_count": 183,
      "losing_percentage": 27.436281859070466,
      "other_count": 19,
      "other_percentage": 2.848575712143928,
      "by_place": {
        "#1": {
          "count": 465,
          "percentage": 69.7151424287856
        },
        "#2": {
          "count": 83,
          "percentage": 12.443778110944528,
          "supported_by_smart_vote": true
        },
        "#3": {
          "count": 59,
          "percentage": 8.845577211394302
        },
        "#4": {
          "count": 17,
          "percentage": 2.548725637181409
        },
        "#5": {
          "count": 16,
          "percentage": 2.39880059970015
        },
        "#6": {
          "count": 8,
          "percentage": 1.199400299850075
        }
      }
    }
  },
  "turnout_protocols": {
    "17.09.2021": {
      "15.00": {
        "count": 162,
        "count_delta": 162,
        "count_delta_per_hour": 23.142857142857142,
        "count_delta_per_minute": 0.38571428571428573,
        "percentage": 7.87,
        "percentage_delta": 7.87,
        "percentage_delta_per_hour": 1.1242857142857143,
        "percentage_delta_per_minute": 0.018738095238095238,
        "registered_count": 2058,
        "registered_count_delta": 2058,
        "registered_count_delta_per_hour": 294,
        "registered_count_delta_per_minute": 4.9
      },
      "20.00": {
        "count": 241,
        "count_delta": 79,
        "count_delta_per_hour": 15.8,
        "count_delta_per_minute": 0.2633333333333333,
        "percentage": 11.71,
        "percentage_delta": 3.8400000000000007,
        "percentage_delta_per_hour": 0.7680000000000001,
        "percentage_delta_per_minute": 0.012800000000000002,
        "registered_count": 2058,
        "registered_count_delta": 0,
        "registered_count_delta_per_hour": 0,
        "registered_count_delta_per_minute": 0
      }
    },
    "18.09.2021": {
      "15.00": {
        "count": 329,
        "count_delta": 88,
        "count_delta_per_hour": 12.571428571428571,
        "count_delta_per_minute": 0.20952380952380953,
        "percentage": 15.99,
        "percentage_delta": 4.279999999999999,
        "percentage_delta_per_hour": 0.6114285714285713,
        "percentage_delta_per_minute": 0.010190476190476189,
        "registered_count": 2058,
        "registered_count_delta": 0,
        "registered_count_delta_per_hour": 0,
        "registered_count_delta_per_minute": 0
      },
      "20.00": {
        "count": 388,
        "count_delta": 59,
        "count_delta_per_hour": 11.8,
        "count_delta_per_minute": 0.19666666666666666,
        "percentage": 18.85,
        "percentage_delta": 2.860000000000001,
        "percentage_delta_per_hour": 0.5720000000000003,
        "percentage_delta_per_minute": 0.009533333333333338,
        "registered_count": 2058,
        "registered_count_delta": 0,
        "registered_count_delta_per_hour": 0,
        "registered_count_delta_per_minute": 0
      }
    },
    "19.09.2021": {
      "10.00": {
        "count": 399,
        "count_delta": 11,
        "count_delta_per_hour": 5.5,
        "count_delta_per_minute": 0.09166666666666666,
        "percentage": 19.39,
        "percentage_delta": 0.5399999999999991,
        "percentage_delta_per_hour": 0.2699999999999996,
        "percentage_delta_per_minute": 0.004499999999999993
      },
      "12.00": {
        "count": 440,
        "count_delta": 41,
        "count_delta_per_hour": 20.5,
        "count_delta_per_minute": 0.3416666666666667,
        "percentage": 21.38,
        "percentage_delta": 1.9899999999999984,
        "percentage_delta_per_hour": 0.9949999999999992,
        "percentage_delta_per_minute": 0.01658333333333332
      },
      "15.00": {
        "count": 531,
        "count_delta": 91,
        "count_delta_per_hour": 30.333333333333332,
        "count_delta_per_minute": 0.5055555555555555,
        "percentage": 25.8,
        "percentage_delta": 4.420000000000002,
        "percentage_delta_per_hour": 1.4733333333333338,
        "percentage_delta_per_minute": 0.024555555555555567
      },
      "18.00": {
        "count": 610,
        "count_delta": 79,
        "count_delta_per_hour": 26.333333333333332,
        "count_delta_per_minute": 0.4388888888888889,
        "percentage": 29.64,
        "percentage_delta": 3.84,
        "percentage_delta_per_hour": 1.28,
        "percentage_delta_per_minute": 0.021333333333333333
      },
      "20.00": {
        "count": 675,
        "count_delta": 65,
        "count_delta_per_hour": 32.5,
        "count_delta_per_minute": 0.5416666666666666,
        "percentage": 32.798833819241985,
        "percentage_delta": 3.158833819241984,
        "percentage_delta_per_hour": 1.579416909620992,
        "percentage_delta_per_minute": 0.026323615160349867,
        "registered_count": 2058,
        "registered_count_delta": 0,
        "registered_count_delta_per_hour": 0,
        "registered_count_delta_per_minute": 0
      }
    }
  },
  "metadata": {
    "analysis": {
      "protocol_count": 1,
      "exceeded_papers_count": 0,
      "exceeded_papers_steal_winning": 0,
      "checksum_valid": 1
    },
    "voters": {
      "initially_registered_count": 2058,
      "registered_count": 2058,
      "walk_by_count": 670,
      "on_home_count": 5,
      "ahead_of_time_count": 0,
      "exceptional_count": 0
    },
    "papers": {
      "received_count": 1500,
      "destroyed_count": 825,
      "stationary_box_count": 662,
      "portable_box_count": 5,
      "valid_count": 648,
      "invalid_count": 19,
      "lost_count": 0,
      "ignored_count": 0,
      "taken_home_count": 8
    }
  },
  "entries": [
    {
      "name": "Егорова Любовь Ивановна",
      "position": 2,
      "candidate_id": 212,
      "supported_by_party_id": 5,
      "official_result": {
        "votes_count": 465,
        "place": 1,
        "percentage": 69.7151424287856,
        "valid_percentage": 71.75925925925925,
        "registered_percentage": 22.59475218658892,
        "display_percentage": 69.72,
        "winner": true
      },
      "result_without_other_entry": {
        "248": {
          "percentage": 76.48026315789474,
          "valid_percentage": 78.94736842105263
        },
        "249": {
          "percentage": 71.53846153846153,
          "valid_percentage": 73.69255150554676
        },
        "250": {
          "percentage": 71.42857142857143,
          "valid_percentage": 73.57594936708861
        },
        "251": {
          "percentage": 70.56145675265554,
          "valid_percentage": 72.65625
        },