{
  "commission_name": "УИК №921",
  "ballot_name": "Выборы депутатов Законодательного Собрания Санкт-Петербурга седьмого созыва",
  "name": "Результаты выборов по единому округу",
  "protocol_scope": {
    "type": "uik",
    "id": 921
  },
  "electoral_district": {
    "type": "city",
    "id": 0
  },
  "data_id": 27820001915220,
  "ballot_data_id": 478404483429,
  "has_koib": true,
  "generated_date": 1632112493000,
  "official_result": {
    "winner": {
      "id": 5,
      "position": 2,
      "percentage": 33.14993122420908,
      "valid_percentage": 34.03954802259887,
      "registered_percentage": 12.141057934508815
    },
    "turnout": {
      "count": 729,
      "percentage": 36.72544080604534,
      "walk_by_count": 674,
      "walk_by_percentage": 33.95465994962217,
      "on_home_count": 55,
      "on_home_percentage": 2.770780856423174,
      "ahead_of_time_count": 0,
      "ahead_of_time_percentage": 0,
      "valid_count": 708,
      "valid_percentage": 35.66750629722922,
      "invalid_count": 19,
      "invalid_percentage": 0.9571788413098238,
      "taken_home_count": 2,
      "taken_home_percentage": 0.10075566750629722,
      "lost_count": 0,
      "lost_percentage": 0
    },
    "votes_stats": {
      "winning_count": 241,
      "winning_percentage": 33.14993122420908,
      "effective_count": 708,
      "losing_count": 467,
      "losing_percentage": 64.2365887207703,
      "other_count": 19,
      "other_percentage": 2.613480055020633,
      "by_place": {
        "#1": {
          "count": 241,
          "percentage": 33.14993122420908
        },
        "#2": {
          "count": 127,
          "percentage": 17.46905089408528
        },
        "#3": {
          "count": 104,
          "percentage": 14.305364511691884
        },
        "#4": {
          "count": 86,
          "percentage": 11.829436038514443
        },
        "#5": {
          "count": 66,
          "percentage": 9.07840440165062
        },
        "#6": {
          "count": 51,
          "percentage": 7.015130674002751
        },
        "#7": {
          "count": 23,
          "percentage": 3.1636863823933976
        },
        "#8": {
          "count": 10,
          "percentage": 1.3755158184319118
        }
      }
    }
  },
  "turnout_protocols": {
    "17.09.2021": {
      "15.00": {
        "count": 103,
        "count_delta": 103,
        "count_delta_per_hour": 14.714285714285714,
        "count_delta_per_minute": 0.24523809523809523,
        "percentage": 5.22,
        "percentage_delta": 5.22,
        "percentage_delta_per_hour": 0.7457142857142857,
        "percentage_delta_per_minute": 0.012428571428571428,
        "registered_count": 1973,
        "registered_count_delta": 1973,
        "registered_count_delta_per_hour": 281.85714285714283,
        "registered_count_delta_per_minute": 4.697619047619048
      },
      "20.00": {
        "count": 212,
        "count_delta": 109,
        "count_delta_per_hour": 21.8,
        "count_delta_per_minute": 0.36333333333333334,
        "percentage": 10.73,
        "percentage_delta": 5.510000000000001,
        "percentage_delta_per_hour": 1.102,
        "percentage_delta_per_minute": 0.01836666666666667,
        "registered_count": 1976,
        "registered_count_delta": 3,
        "registered_count_delta_per_hour": 0.6,
        "registered_count_delta_per_minute": 0.01
      }
    },
    "18.09.2021": {
      "15.00": {
        "count": 307,
        "count_delta": 95,
        "count_delta_per_hour": 13.571428571428571,
        "count_delta_per_minute": 0.2261904761904762,
        "percentage": 15.54,
        "percentage_delta": 4.809999999999999,
        "percentage_delta_per_hour": 0.6871428571428569,
        "percentage_delta_per_minute": 0.01145238095238095,
        "registered_count": 1976,
        "registered_count_delta": 0,
        "registered_count_delta_per_hour": 0,
        "registered_count_delta_per_minute": 0
      },
      "20.00": {
        "count": 448,
        "count_delta": 141,
        "count_delta_per_hour": 28.2,
        "count_delta_per_minute": 0.47,
        "percentage": 22.68,
        "percentage_delta": 7.140000000000001,
        "percentage_delta_per_hour": 1.4280000000000002,
        "percentage_delta_per_minute": 0.0238,
        "registered_count": 1975,
        "registered_count_delta": -1,
        "registered_count_delta_per_hour": -0.2,
        "registered_count_delta_per_minute": -0.0033333333333333335
      }
    },
    "19.09.2021": {
      "10.00": {
        "count": 410,
        "count_delta": -38,
        "count_delta_per_hour": -19,
        "count_delta_per_minute": -0.31666666666666665,
        "percentage": 20.66,
        "percentage_delta": -2.0199999999999996,
        "percentage_delta_per_hour": -1.0099999999999998,
        "percentage_delta_per_minute": -0.01683333333333333
      },
      "12.00": {
        "count": 453,
        "count_delta": 43,
        "count_delta_per_hour": 21.5,
        "count_delta_per_minute": 0.35833333333333334,
        "percentage": 22.84,
        "percentage_delta": 2.1799999999999997,
        "percentage_delta_per_hour": 1.0899999999999999,
        "percentage_delta_per_minute": 0.018166666666666664
      },
      "15.00": {
        "count": 549,
        "count_delta": 96,
        "count_delta_per_hour": 32,
        "count_delta_per_minute": 0.5333333333333333,
        "percentage": 27.65,
        "percentage_delta": 4.809999999999999,
        "percentage_delta_per_hour": 1.6033333333333328,
        "percentage_delta_per_minute": 0.026722222222222217
      },
      "18.00": {
        "count": 647,
        "count_delta": 98,
        "count_delta_per_hour": 32.666666666666664,
        "count_delta_per_minute": 0.5444444444444444,
        "percentage": 32.61,
        "percentage_delta": 4.960000000000001,
        "percentage_delta_per_hour": 1.6533333333333335,
        "percentage_delta_per_minute": 0.02755555555555556
      },
      "20.00": {
        "count": 729,
        "count_delta": 82,
        "count_delta_per_hour": 41,
        "count_delta_per_minute": 0.6833333333333333,
        "percentage": 36.72544080604534,
        "percentage_delta": 4.115440806045342,
        "percentage_delta_per_hour": 2.057720403022671,
        "percentage_delta_per_minute": 0.03429534005037785,
        "registered_count": 1985,
        "registered_count_delta": 10,
        "registered_count_delta_per_hour": 0.8333333333333334,
        "registered_count_delta_per_minute": 0.013888888888888888
      }
    }
  },
  "metadata": {
    "analysis": {
      "negative_turnout_registered_count_protocols": 1,
      "negative_turnout_registered_count": 1,
      "negative_turnout_percentage_protocols": 1,
      "negative_turnout_percentage": 2.0199999999999996,
      "negative_turnout_count_protocols": 1,
      "negative_turnout_count": 38,
      "protocol_count": 1,
      "exceeded_papers_count": 0,
      "exceeded_papers_steal_winning": 0,
      "exceeded_papers_provide_extra_places": 0,
      "multiple_winners": 0,
      "checksum_valid": 1,
      "stuffed_protocol_for_5": 1,
      "stuffed_votes_for_5": 77.30927835051548
    },
    "voters": {
      "initially_registered_count": 1975,
      "registered_count": 1985,
      "walk_by_count": 674,
      "on_home_count": 55,
      "ahead_of_time_count": 0,
      "exceptional_count": 0,
      "added_count": 10
    },
    "papers": {
      "received_count": 1500,
      "destroyed_count": 771,
      "stationary_box_count": 672,
      "portable_box_count": 55,
      "valid_count": 708,
      "invalid_count": 19,
      "lost_count": 0,
      "ignored_count": 0,
      "taken_home_count": 2
    }
  },
  "entries": [
    {
      "name": "Всероссийская политическая партия \"ЕДИНАЯ РОССИЯ\"",
      "position": 2,
      "party_id": 5,
      "official_result": {
        "votes_count": 241,
        "place": 1,
        "percentage": 33.14993122420908,
        "valid_percentage": 34.03954802259887,