{
  "commission_name": "УИК №1913",
  "ballot_name": "Выборы депутатов Законодательного Собрания Санкт-Петербурга седьмого созыва",
  "name": "Результаты выборов по одномандатному (многомандатному) округу",
  "protocol_scope": {
    "type": "uik",
    "id": 1913
  },
  "electoral_district": {
    "type": "city",
    "id": 12
  },
  "data_id": 27820001915220,
  "ballot_data_id": 478405781893,
  "has_koib": false,
  "generated_date": 1632135406000,
  "official_result": {
    "winner": {
      "id": 244,
      "position": 3,
      "percentage": 33.53080568720379,
      "valid_percentage": 35.024752475247524,
      "registered_percentage": 11.462130417172943,
      "supported_by_smart_vote": true
    },
    "turnout": {
      "count": 864,
      "percentage": 34.993924665856625,
      "walk_by_count": 853,
      "walk_by_percentage": 34.54840016200891,
      "on_home_count": 11,
      "on_home_percentage": 0.44552450384771164,
      "ahead_of_time_count": 0,
      "ahead_of_time_percentage": 0,
      "valid_count": 808,
      "valid_percentage": 32.72579991899555,
      "invalid_count": 36,
      "invalid_percentage": 1.4580801944106925,
      "taken_home_count": 20,
      "taken_home_percentage": 0.8100445524503848,
      "lost_count": 0,
      "lost_percentage": 0
    },
    "votes_stats": {
      "winning_count": 283,
      "winning_percentage": 33.53080568720379,
      "effective_count": 808,
      "losing_count": 525,
      "losing_percentage": 62.203791469194314,
      "other_count": 36,
      "other_percentage": 4.265402843601896,
      "by_place": {
        "#1": {
          "count": 283,
          "percentage": 33.53080568720379,
          "supported_by_smart_vote": true
        },
        "#2": {
          "count": 222,
          "percentage": 26.303317535545023
        },
        "#3": {
          "count": 158,
          "percentage": 18.72037914691943
        },
        "#4": {
          "count": 53,
          "percentage": 6.279620853080568
        },
        "#5": {
          "count": 52,
          "percentage": 6.161137440758294
        },
        "#6": {
          "count": 40,
          "percentage": 4.739336492890995
        }
      }
    }
  },
  "turnout_protocols": {
    "17.09.2021": {
      "15.00": {
        "count": 141,
        "count_delta": 141,
        "count_delta_per_hour": 20.142857142857142,
        "count_delta_per_minute": 0.3357142857142857,
        "percentage": 5.71,
        "percentage_delta": 5.71,
        "percentage_delta_per_hour": 0.8157142857142857,
        "percentage_delta_per_minute": 0.013595238095238096,
        "registered_count": 2469,
        "registered_count_delta": 2469,
        "registered_count_delta_per_hour": 352.7142857142857,
        "registered_count_delta_per_minute": 5.878571428571429
      },
      "20.00": {
        "count": 256,
        "count_delta": 115,
        "count_delta_per_hour": 23,
        "count_delta_per_minute": 0.38333333333333336,
        "percentage": 10.37,
        "percentage_delta": 4.659999999999999,
        "percentage_delta_per_hour": 0.9319999999999998,
        "percentage_delta_per_minute": 0.015533333333333331,
        "registered_count": 2469,
        "registered_count_delta": 0,
        "registered_count_delta_per_hour": 0,
        "registered_count_delta_per_minute": 0
      }
    },
    "18.09.2021": {
      "15.00": {
        "count": 381,
        "count_delta": 125,
        "count_delta_per_hour": 17.857142857142858,
        "count_delta_per_minute": 0.2976190476190476,
        "percentage": 15.43,
        "percentage_delta": 5.0600000000000005,
        "percentage_delta_per_hour": 0.722857142857143,
        "percentage_delta_per_minute": 0.012047619047619048,
        "registered_count": 2469,
        "registered_count_delta": 0,
        "registered_count_delta_per_hour": 0,
        "registered_count_delta_per_minute": 0
      },
      "20.00": {
        "count": 472,
        "count_delta": 91,
        "count_delta_per_hour": 18.2,
        "count_delta_per_minute": 0.30333333333333334,
        "percentage": 19.12,
        "percentage_delta": 3.6900000000000013,
        "percentage_delta_per_hour": 0.7380000000000002,
        "percentage_delta_per_minute": 0.012300000000000004,
        "registered_count": 2469,
        "registered_count_delta": 0,
        "registered_count_delta_per_hour": 0,
        "registered_count_delta_per_minute": 0
      }
    },
    "19.09.2021": {
      "10.00": {
        "count": 488,
        "count_delta": 16,
        "count_delta_per_hour": 8,
        "count_delta_per_minute": 0.13333333333333333,
        "percentage": 19.77,
        "percentage_delta": 0.6499999999999986,
        "percentage_delta_per_hour": 0.3249999999999993,
        "percentage_delta_per_minute": 0.005416666666666655
      },
      "12.00": {
        "count": 537,
        "count_delta": 49,
        "count_delta_per_hour": 24.5,
        "count_delta_per_minute": 0.4083333333333333,
        "percentage": 21.75,
        "percentage_delta": 1.9800000000000004,
        "percentage_delta_per_hour": 0.9900000000000002,
        "percentage_delta_per_minute": 0.016500000000000004
      },
      "15.00": {
        "count": 674,
        "count_delta": 137,
        "count_delta_per_hour": 45.666666666666664,
        "count_delta_per_minute": 0.7611111111111111,
        "percentage": 27.3,
        "percentage_delta": 5.550000000000001,
        "percentage_delta_per_hour": 1.8500000000000003,
        "percentage_delta_per_minute": 0.030833333333333338
      },
      "18.00": {
        "count": 792,
        "count_delta": 118,
        "count_delta_per_hour": 39.333333333333336,
        "count_delta_per_minute": 0.6555555555555556,
        "percentage": 32.08,
        "percentage_delta": 4.779999999999998,
        "percentage_delta_per_hour": 1.5933333333333326,
        "percentage_delta_per_minute": 0.02655555555555554
      },
      "20.00": {
        "count": 864,
        "count_delta": 72,
        "count_delta_per_hour": 36,
        "count_delta_per_minute": 0.6,
        "percentage": 34.993924665856625,
        "percentage_delta": 2.9139246658566265,
        "percentage_delta_per_hour": 1.4569623329283132,
        "percentage_delta_per_minute": 0.02428270554880522,
        "registered_count": 2469,
        "registered_count_delta": 0,
        "registered_count_delta_per_hour": 0,
        "registered_count_delta_per_minute": 0
      }
    }
  },
  "metadata": {
    "analysis": {
      "protocol_count": 1,
      "exceeded_papers_count": 0,
      "exceeded_papers_steal_winning": 0,
      "checksum_valid": 1,
      "stuffed_protocol_for_244": 1,
      "stuffed_votes_for_244": 87.39516129032259
    },
    "voters": {
      "initially_registered_count": 2469,
      "registered_count": 2469,
      "walk_by_count": 853,
      "on_home_count": 11,
      "ahead_of_time_count": 0,
      "exceptional_count": 0
    },
    "papers": {
      "received_count": 2400,
      "destroyed_count": 1536,
      "stationary_box_count": 833,
      "portable_box_count": 11,
      "valid_count": 808,
      "invalid_count": 36,
      "lost_count": 0,
      "ignored_count": 0,
      "taken_home_count": 20
    }
  },
  "entries": [
    {
      "name": "Новиков Александр Иванович",
      "position": 3,
      "candidate_id": 244,
      "supported_by_party_id": 6,
      "supported_by_smart_vote": true,
      "official_result": {
        "votes_count": 283,
        "place": 1,
        "percentage": 33.53080568720379,
        "valid_percentage": 35.024752475247524,
        "registered_percentage": 11.462130417172943,
        "display_percentage": 33.53,
        "winner": true
      },
      "result_without_other_entry": {
        "242": {
          "percentage": 45.4983922829582,
          "valid_percentage": 48.29351535836178
        },
        "243": {
          "percentage": 35.77749683944374,
          "valid_percentage": 37.48344370860927
        },