{
  "commission_name": "УИК №189",
  "ballot_name": "Выборы депутатов Законодательного Собрания Санкт-Петербурга седьмого созыва",
  "name": "Результаты выборов по единому округу",
  "protocol_scope": {
    "type": "uik",
    "id": 189
  },
  "electoral_district": {
    "type": "city",
    "id": 0
  },
  "data_id": 27820001915220,
  "ballot_data_id": 478403283784,
  "has_koib": true,
  "generated_date": 1632112506000,
  "official_result": {
    "winner": {
      "id": 5,
      "position": 2,
      "percentage": 26.478873239436616,
      "valid_percentage": 26.857142857142858,
      "registered_percentage": 7.424960505529225
    },
    "turnout": {
      "count": 355,
      "percentage": 28.041074249605057,
      "walk_by_count": 355,
      "walk_by_percentage": 28.041074249605057,
      "on_home_count": 0,
      "on_home_percentage": 0,
      "ahead_of_time_count": 0,
      "ahead_of_time_percentage": 0,
      "valid_count": 350,
      "valid_percentage": 27.64612954186414,
      "invalid_count": 5,
      "invalid_percentage": 0.3949447077409162,
      "taken_home_count": 0,
      "taken_home_percentage": 0,
      "lost_count": 0,
      "lost_percentage": 0
    },
    "votes_stats": {
      "winning_count": 94,
      "winning_percentage": 26.478873239436616,
      "effective_count": 350,
      "losing_count": 256,
      "losing_percentage": 72.11267605633803,
      "other_count": 5,
      "other_percentage": 1.4084507042253522,
      "by_place": {
        "#1": {
          "count": 94,
          "percentage": 26.478873239436616
        },
        "#2": {
          "count": 79,
          "percentage": 22.253521126760564
        },
        "#3": {
          "count": 61,
          "percentage": 17.183098591549296
        },
        "#4": {
          "count": 52,
          "percentage": 14.647887323943662
        },
        "#5": {
          "count": 33,
          "percentage": 9.295774647887324
        },
        "#6": {
          "count": 20,
          "percentage": 5.633802816901409
        },
        "#7": {
          "count": 10,
          "percentage": 2.8169014084507045
        },
        "#8": {
          "count": 1,
          "percentage": 0.28169014084507044
        }
      }
    }
  },
  "turnout_protocols": {
    "17.09.2021": {
      "15.00": {
        "count": 49,
        "count_delta": 49,
        "count_delta_per_hour": 7,
        "count_delta_per_minute": 0.11666666666666667,
        "percentage": 4.07,
        "percentage_delta": 4.07,
        "percentage_delta_per_hour": 0.5814285714285715,
        "percentage_delta_per_minute": 0.00969047619047619,
        "registered_count": 1204,
        "registered_count_delta": 1204,
        "registered_count_delta_per_hour": 172,
        "registered_count_delta_per_minute": 2.8666666666666667
      },
      "20.00": {
        "count": 91,
        "count_delta": 42,
        "count_delta_per_hour": 8.4,
        "count_delta_per_minute": 0.14,
        "percentage": 7.56,
        "percentage_delta": 3.4899999999999993,
        "percentage_delta_per_hour": 0.6979999999999998,
        "percentage_delta_per_minute": 0.01163333333333333,
        "registered_count": 1204,
        "registered_count_delta": 0,
        "registered_count_delta_per_hour": 0,
        "registered_count_delta_per_minute": 0
      }
    },
    "18.09.2021": {
      "15.00": {
        "count": 128,
        "count_delta": 37,
        "count_delta_per_hour": 5.285714285714286,
        "count_delta_per_minute": 0.0880952380952381,
        "percentage": 10.63,
        "percentage_delta": 3.070000000000001,
        "percentage_delta_per_hour": 0.4385714285714287,
        "percentage_delta_per_minute": 0.007309523809523813,
        "registered_count": 1204,
        "registered_count_delta": 0,
        "registered_count_delta_per_hour": 0,
        "registered_count_delta_per_minute": 0
      },
      "20.00": {
        "count": 166,
        "count_delta": 38,
        "count_delta_per_hour": 7.6,
        "count_delta_per_minute": 0.12666666666666668,
        "percentage": 13.79,
        "percentage_delta": 3.1599999999999984,
        "percentage_delta_per_hour": 0.6319999999999997,
        "percentage_delta_per_minute": 0.010533333333333329,
        "registered_count": 1204,
        "registered_count_delta": 0,
        "registered_count_delta_per_hour": 0,
        "registered_count_delta_per_minute": 0
      }
    },
    "19.09.2021": {
      "10.00": {
        "count": 175,
        "count_delta": 9,
        "count_delta_per_hour": 4.5,
        "count_delta_per_minute": 0.075,
        "percentage": 13.79,
        "percentage_delta": 0,
        "percentage_delta_per_hour": 0,
        "percentage_delta_per_minute": 0
      },
      "12.00": {
        "count": 198,
        "count_delta": 23,
        "count_delta_per_hour": 11.5,
        "count_delta_per_minute": 0.19166666666666668,
        "percentage": 15.61,
        "percentage_delta": 1.8200000000000003,
        "percentage_delta_per_hour": 0.9100000000000001,
        "percentage_delta_per_minute": 0.015166666666666669
      },
      "15.00": {
        "count": 246,
        "count_delta": 48,
        "count_delta_per_hour": 16,
        "count_delta_per_minute": 0.26666666666666666,
        "percentage": 19.44,
        "percentage_delta": 3.830000000000002,
        "percentage_delta_per_hour": 1.2766666666666673,
        "percentage_delta_per_minute": 0.021277777777777788
      },
      "18.00": {
        "count": 298,
        "count_delta": 52,
        "count_delta_per_hour": 17.333333333333332,
        "count_delta_per_minute": 0.28888888888888886,
        "percentage": 23.5,
        "percentage_delta": 4.059999999999999,
        "percentage_delta_per_hour": 1.3533333333333328,
        "percentage_delta_per_minute": 0.022555555555555547
      },
      "20.00": {
        "count": 355,
        "count_delta": 57,
        "count_delta_per_hour": 28.5,
        "count_delta_per_minute": 0.475,
        "percentage": 28.041074249605057,
        "percentage_delta": 4.541074249605057,
        "percentage_delta_per_hour": 2.2705371248025283,
        "percentage_delta_per_minute": 0.03784228541337547,
        "registered_count": 1266,
        "registered_count_delta": 62,
        "registered_count_delta_per_hour": 5.166666666666667,
        "registered_count_delta_per_minute": 0.08611111111111111
      }
    }
  },
  "metadata": {
    "analysis": {
      "protocol_count": 1,
      "exceeded_papers_count": 0,
      "exceeded_papers_steal_winning": 0,
      "exceeded_papers_provide_extra_places": 0,
      "multiple_winners": 0,
      "checksum_valid": 1
    },
    "voters": {
      "initially_registered_count": 1204,
      "registered_count": 1266,
      "walk_by_count": 355,
      "on_home_count": 0,
      "ahead_of_time_count": 0,
      "exceptional_count": 0,
      "added_count": 62
    },
    "papers": {
      "received_count": 1000,
      "destroyed_count": 645,
      "stationary_box_count": 355,
      "portable_box_count": 0,
      "valid_count": 350,
      "invalid_count": 5,
      "lost_count": 0,
      "ignored_count": 0,
      "taken_home_count": 0
    }
  },
  "entries": [
    {
      "name": "Всероссийская политическая партия \"ЕДИНАЯ РОССИЯ\"",
      "position": 2,
      "party_id": 5,
      "official_result": {
        "votes_count": 94,
        "place": 1,
        "percentage": 26.478873239436616,
        "valid_percentage": 26.857142857142858,
        "registered_percentage": 7.424960505529225,
        "display_percentage": 26.48,
        "winner": true
      },
      "result_without_other_entry": {
        "1": {
          "percentage": 31.02310231023102,
          "valid_percentage": 31.543624161073826
        },
        "3": {
          "percentage": 27.246376811594203,
          "valid_percentage": 27.647058823529413
        },
        "4": {
          "percentage": 29.19254658385093,
          "valid_percentage": 29.652996845425868
        },