{
  "commission_name": "УИК №963",
  "ballot_name": "Выборы депутатов Законодательного Собрания Санкт-Петербурга седьмого созыва",
  "name": "Результаты выборов по одномандатному (многомандатному) округу",
  "protocol_scope": {
    "type": "uik",
    "id": 963
  },
  "electoral_district": {
    "type": "city",
    "id": 7
  },
  "data_id": 27820001915220,
  "ballot_data_id": 4784007523957,
  "has_koib": false,
  "generated_date": 1632120545000,
  "official_result": {
    "winner": {
      "id": 55,
      "position": 1,
      "percentage": 28.614008941877795,
      "valid_percentage": 29.046898638426626,
      "registered_percentage": 9.989594172736732
    },
    "turnout": {
      "count": 676,
      "percentage": 35.17169614984391,
      "walk_by_count": 532,
      "walk_by_percentage": 27.679500520291363,
      "on_home_count": 144,
      "on_home_percentage": 7.492195629552549,
      "ahead_of_time_count": 0,
      "ahead_of_time_percentage": 0,
      "valid_count": 661,
      "valid_percentage": 34.391259105098854,
      "invalid_count": 10,
      "invalid_percentage": 0.5202913631633715,
      "taken_home_count": 5,
      "taken_home_percentage": 0.2601456815816858,
      "lost_count": 0,
      "lost_percentage": 0
    },
    "votes_stats": {
      "winning_count": 192,
      "winning_percentage": 28.614008941877795,
      "effective_count": 661,
      "losing_count": 469,
      "losing_percentage": 69.89567809239941,
      "other_count": 10,
      "other_percentage": 1.4903129657228018,
      "by_place": {
        "#1": {
          "count": 192,
          "percentage": 28.614008941877795
        },
        "#2": {
          "count": 182,
          "percentage": 27.123695976154995,
          "supported_by_smart_vote": true
        },
        "#3": {
          "count": 120,
          "percentage": 17.883755588673623
        },
        "#4": {
          "count": 95,
          "percentage": 14.157973174366617
        },
        "#5": {
          "count": 34,
          "percentage": 5.067064083457526
        },
        "#6": {
          "count": 24,
          "percentage": 3.5767511177347244
        },
        "#7": {
          "count": 14,
          "percentage": 2.086438152011923
        }
      }
    }
  },
  "turnout_protocols": {
    "17.09.2021": {
      "15.00": {
        "count": 83,
        "count_delta": 83,
        "count_delta_per_hour": 11.857142857142858,
        "count_delta_per_minute": 0.1976190476190476,
        "percentage": 4.34,
        "percentage_delta": 4.34,
        "percentage_delta_per_hour": 0.62,
        "percentage_delta_per_minute": 0.010333333333333333,
        "registered_count": 1912,
        "registered_count_delta": 1912,
        "registered_count_delta_per_hour": 273.14285714285717,
        "registered_count_delta_per_minute": 4.552380952380952
      },
      "20.00": {
        "count": 176,
        "count_delta": 93,
        "count_delta_per_hour": 18.6,
        "count_delta_per_minute": 0.31,
        "percentage": 9.2,
        "percentage_delta": 4.859999999999999,
        "percentage_delta_per_hour": 0.9719999999999999,
        "percentage_delta_per_minute": 0.0162,
        "registered_count": 1913,
        "registered_count_delta": 1,
        "registered_count_delta_per_hour": 0.2,
        "registered_count_delta_per_minute": 0.0033333333333333335
      }
    },
    "18.09.2021": {
      "15.00": {
        "count": 224,
        "count_delta": 48,
        "count_delta_per_hour": 6.857142857142857,
        "count_delta_per_minute": 0.11428571428571428,
        "percentage": 11.71,
        "percentage_delta": 2.5100000000000016,
        "percentage_delta_per_hour": 0.3585714285714288,
        "percentage_delta_per_minute": 0.0059761904761904796,
        "registered_count": 1913,
        "registered_count_delta": 0,
        "registered_count_delta_per_hour": 0,
        "registered_count_delta_per_minute": 0
      },
      "20.00": {
        "count": 359,
        "count_delta": 135,
        "count_delta_per_hour": 27,
        "count_delta_per_minute": 0.45,
        "percentage": 18.77,
        "percentage_delta": 7.059999999999999,
        "percentage_delta_per_hour": 1.4119999999999997,
        "percentage_delta_per_minute": 0.02353333333333333,
        "registered_count": 1913,
        "registered_count_delta": 0,
        "registered_count_delta_per_hour": 0,
        "registered_count_delta_per_minute": 0
      }
    },
    "19.09.2021": {
      "10.00": {
        "count": 366,
        "count_delta": 7,
        "count_delta_per_hour": 3.5,
        "count_delta_per_minute": 0.058333333333333334,
        "percentage": 19.03,
        "percentage_delta": 0.26000000000000156,
        "percentage_delta_per_hour": 0.13000000000000078,
        "percentage_delta_per_minute": 0.0021666666666666796
      },
      "12.00": {
        "count": 388,
        "count_delta": 22,
        "count_delta_per_hour": 11,
        "count_delta_per_minute": 0.18333333333333332,
        "percentage": 20.18,
        "percentage_delta": 1.1499999999999986,
        "percentage_delta_per_hour": 0.5749999999999993,
        "percentage_delta_per_minute": 0.009583333333333322
      },
      "15.00": {
        "count": 479,
        "count_delta": 91,
        "count_delta_per_hour": 30.333333333333332,
        "count_delta_per_minute": 0.5055555555555555,
        "percentage": 24.93,
        "percentage_delta": 4.75,
        "percentage_delta_per_hour": 1.5833333333333333,
        "percentage_delta_per_minute": 0.02638888888888889
      },
      "18.00": {
        "count": 559,
        "count_delta": 80,
        "count_delta_per_hour": 26.666666666666668,
        "count_delta_per_minute": 0.4444444444444444,
        "percentage": 29.06,
        "percentage_delta": 4.129999999999999,
        "percentage_delta_per_hour": 1.3766666666666663,
        "percentage_delta_per_minute": 0.022944444444444437
      },
      "20.00": {
        "count": 676,
        "count_delta": 117,
        "count_delta_per_hour": 58.5,
        "count_delta_per_minute": 0.975,
        "percentage": 35.17169614984391,
        "percentage_delta": 6.111696149843912,
        "percentage_delta_per_hour": 3.055848074921956,
        "percentage_delta_per_minute": 0.05093080124869927,
        "registered_count": 1922,
        "registered_count_delta": 9,
        "registered_count_delta_per_hour": 0.75,
        "registered_count_delta_per_minute": 0.0125
      }
    }
  },
  "metadata": {
    "analysis": {
      "protocol_count": 1,
      "exceeded_papers_count": 0,
      "exceeded_papers_steal_winning": 0,
      "checksum_valid": 1,
      "stuffed_protocol_for_55": 1,
      "stuffed_votes_for_55": 113.83333333333334
    },
    "voters": {
      "initially_registered_count": 1913,
      "registered_count": 1922,
      "walk_by_count": 532,
      "on_home_count": 144,
      "ahead_of_time_count": 0,
      "exceptional_count": 0,
      "added_count": 9
    },
    "papers": {
      "received_count": 1500,
      "destroyed_count": 824,
      "stationary_box_count": 527,
      "portable_box_count": 144,
      "valid_count": 661,
      "invalid_count": 10,
      "lost_count": 0,
      "ignored_count": 0,
      "taken_home_count": 5
    }
  },
  "entries": [
    {
      "name": "Абдин Александр Александрович",
      "position": 1,
      "candidate_id": 55,
      "supported_by_people": true,
      "official_result": {
        "votes_count": 192,
        "place": 1,
        "percentage": 28.614008941877795,
        "valid_percentage": 29.046898638426626,
        "registered_percentage": 9.989594172736732,
        "display_percentage": 28.61,
        "winner": true
      },
      "result_without_other_entry": {
        "51": {
          "percentage": 34.84573502722323,
          "valid_percentage": 35.48983364140481
        },
        "53": {
          "percentage": 30.141287284144425,
          "valid_percentage": 30.62200956937799
        },