{
  "commission_name": "УИК №2021",
  "ballot_name": "Выборы депутатов Законодательного Собрания Санкт-Петербурга седьмого созыва",
  "name": "Результаты выборов по единому округу",
  "protocol_scope": {
    "type": "uik",
    "id": 2021
  },
  "electoral_district": {
    "type": "city",
    "id": 0
  },
  "data_id": 27820001915220,
  "ballot_data_id": 478405986487,
  "has_koib": false,
  "generated_date": 1632124905000,
  "official_result": {
    "winner": {
      "id": 5,
      "position": 2,
      "percentage": 28.443113772455092,
      "valid_percentage": 29.275808936825886,
      "registered_percentage": 9.30004894762604
    },
    "turnout": {
      "count": 668,
      "percentage": 32.69701419481155,
      "walk_by_count": 624,
      "walk_by_percentage": 30.54331864904552,
      "on_home_count": 44,
      "on_home_percentage": 2.15369554576603,
      "ahead_of_time_count": 0,
      "ahead_of_time_percentage": 0,
      "valid_count": 649,
      "valid_percentage": 31.767009300048947,
      "invalid_count": 19,
      "invalid_percentage": 0.9300048947626041,
      "taken_home_count": 0,
      "taken_home_percentage": 0,
      "lost_count": 0,
      "lost_percentage": 0
    },
    "votes_stats": {
      "winning_count": 190,
      "winning_percentage": 28.443113772455092,
      "effective_count": 649,
      "losing_count": 459,
      "losing_percentage": 68.7125748502994,
      "other_count": 19,
      "other_percentage": 2.844311377245509,
      "by_place": {
        "#1": {
          "count": 190,
          "percentage": 28.443113772455092
        },
        "#2": {
          "count": 136,
          "percentage": 20.35928143712575
        },
        "#3": {
          "count": 122,
          "percentage": 18.263473053892216
        },
        "#4": {
          "count": 61,
          "percentage": 9.131736526946108
        },
        "#5": {
          "count": 58,
          "percentage": 8.682634730538922
        },
        "#6": {
          "count": 51,
          "percentage": 7.634730538922156
        },
        "#7": {
          "count": 17,
          "percentage": 2.5449101796407185
        },
        "#8": {
          "count": 14,
          "percentage": 2.095808383233533
        }
      }
    }
  },
  "turnout_protocols": {
    "17.09.2021": {
      "15.00": {
        "count": 87,
        "count_delta": 87,
        "count_delta_per_hour": 12.428571428571429,
        "count_delta_per_minute": 0.20714285714285716,
        "percentage": 4.37,
        "percentage_delta": 4.37,
        "percentage_delta_per_hour": 0.6242857142857143,
        "percentage_delta_per_minute": 0.010404761904761905,
        "registered_count": 1991,
        "registered_count_delta": 1991,
        "registered_count_delta_per_hour": 284.42857142857144,
        "registered_count_delta_per_minute": 4.7404761904761905
      },
      "20.00": {
        "count": 208,
        "count_delta": 121,
        "count_delta_per_hour": 24.2,
        "count_delta_per_minute": 0.4033333333333333,
        "percentage": 10.42,
        "percentage_delta": 6.05,
        "percentage_delta_per_hour": 1.21,
        "percentage_delta_per_minute": 0.020166666666666666,
        "registered_count": 1996,
        "registered_count_delta": 5,
        "registered_count_delta_per_hour": 1,
        "registered_count_delta_per_minute": 0.016666666666666666
      }
    },
    "18.09.2021": {
      "15.00": {
        "count": 316,
        "count_delta": 108,
        "count_delta_per_hour": 15.428571428571429,
        "count_delta_per_minute": 0.2571428571428571,
        "percentage": 15.82,
        "percentage_delta": 5.4,
        "percentage_delta_per_hour": 0.7714285714285715,
        "percentage_delta_per_minute": 0.012857142857142859,
        "registered_count": 1997,
        "registered_count_delta": 1,
        "registered_count_delta_per_hour": 0.14285714285714285,
        "registered_count_delta_per_minute": 0.002380952380952381
      },
      "20.00": {
        "count": 370,
        "count_delta": 54,
        "count_delta_per_hour": 10.8,
        "count_delta_per_minute": 0.18,
        "percentage": 18.53,
        "percentage_delta": 2.710000000000001,
        "percentage_delta_per_hour": 0.5420000000000001,
        "percentage_delta_per_minute": 0.009033333333333336,
        "registered_count": 1997,
        "registered_count_delta": 0,
        "registered_count_delta_per_hour": 0,
        "registered_count_delta_per_minute": 0
      }
    },
    "19.09.2021": {
      "10.00": {
        "count": 404,
        "count_delta": 34,
        "count_delta_per_hour": 17,
        "count_delta_per_minute": 0.2833333333333333,
        "percentage": 19.78,
        "percentage_delta": 1.25,
        "percentage_delta_per_hour": 0.625,
        "percentage_delta_per_minute": 0.010416666666666666
      },
      "12.00": {
        "count": 426,
        "count_delta": 22,
        "count_delta_per_hour": 11,
        "count_delta_per_minute": 0.18333333333333332,
        "percentage": 20.83,
        "percentage_delta": 1.0499999999999972,
        "percentage_delta_per_hour": 0.5249999999999986,
        "percentage_delta_per_minute": 0.008749999999999977
      },
      "15.00": {
        "count": 519,
        "count_delta": 93,
        "count_delta_per_hour": 31,
        "count_delta_per_minute": 0.5166666666666667,
        "percentage": 25.39,
        "percentage_delta": 4.560000000000002,
        "percentage_delta_per_hour": 1.5200000000000007,
        "percentage_delta_per_minute": 0.025333333333333347
      },
      "18.00": {
        "count": 567,
        "count_delta": 48,
        "count_delta_per_hour": 16,
        "count_delta_per_minute": 0.26666666666666666,
        "percentage": 27.74,
        "percentage_delta": 2.349999999999998,
        "percentage_delta_per_hour": 0.7833333333333327,
        "percentage_delta_per_minute": 0.013055555555555544
      },
      "20.00": {
        "count": 668,
        "count_delta": 101,
        "count_delta_per_hour": 50.5,
        "count_delta_per_minute": 0.8416666666666667,
        "percentage": 32.69701419481155,
        "percentage_delta": 4.957014194811553,
        "percentage_delta_per_hour": 2.4785070974057763,
        "percentage_delta_per_minute": 0.0413084516234296,
        "registered_count": 2043,
        "registered_count_delta": 46,
        "registered_count_delta_per_hour": 3.8333333333333335,
        "registered_count_delta_per_minute": 0.06388888888888888
      }
    }
  },
  "metadata": {
    "analysis": {
      "protocol_count": 1,
      "exceeded_papers_count": 0,
      "exceeded_papers_steal_winning": 0,
      "exceeded_papers_provide_extra_places": 0,
      "multiple_winners": 0,
      "checksum_valid": 1
    },
    "voters": {
      "initially_registered_count": 1972,
      "registered_count": 2043,
      "walk_by_count": 624,
      "on_home_count": 44,
      "ahead_of_time_count": 0,
      "exceptional_count": 0,
      "added_count": 71
    },
    "papers": {
      "received_count": 1500,
      "destroyed_count": 832,
      "stationary_box_count": 624,
      "portable_box_count": 44,
      "valid_count": 649,
      "invalid_count": 19,
      "lost_count": 0,
      "ignored_count": 0,
      "taken_home_count": 0
    }
  },
  "entries": [
    {
      "name": "Всероссийская политическая партия \"ЕДИНАЯ РОССИЯ\"",
      "position": 2,
      "party_id": 5,
      "official_result": {
        "votes_count": 190,
        "place": 1,
        "percentage": 28.443113772455092,
        "valid_percentage": 29.275808936825886,
        "registered_percentage": 9.30004894762604,
        "display_percentage": 28.44,
        "winner": true
      },
      "result_without_other_entry": {
        "1": {
          "percentage": 35.714285714285715,
          "valid_percentage": 37.03703703703704
        },
        "3": {
          "percentage": 30.79416531604538,
          "valid_percentage": 31.77257525083612
        },