{
  "commission_name": "УИК №280",
  "ballot_name": "Выборы депутатов Законодательного Собрания Санкт-Петербурга седьмого созыва",
  "name": "Результаты выборов по единому округу",
  "protocol_scope": {
    "type": "uik",
    "id": 280
  },
  "electoral_district": {
    "type": "city",
    "id": 0
  },
  "data_id": 27820001915220,
  "ballot_data_id": 4784035124132,
  "has_koib": false,
  "generated_date": 1632123159000,
  "official_result": {
    "winner": {
      "id": 5,
      "position": 2,
      "percentage": 34.036144578313255,
      "valid_percentage": 34.76923076923077,
      "registered_percentage": 9.942806863176418
    },
    "turnout": {
      "count": 664,
      "percentage": 29.21249450065992,
      "walk_by_count": 636,
      "walk_by_percentage": 27.980642322921252,
      "on_home_count": 28,
      "on_home_percentage": 1.2318521777386713,
      "ahead_of_time_count": 0,
      "ahead_of_time_percentage": 0,
      "valid_count": 650,
      "valid_percentage": 28.596568411790585,
      "invalid_count": 14,
      "invalid_percentage": 0.6159260888693356,
      "taken_home_count": 0,
      "taken_home_percentage": 0,
      "lost_count": 0,
      "lost_percentage": 0
    },
    "votes_stats": {
      "winning_count": 226,
      "winning_percentage": 34.036144578313255,
      "effective_count": 650,
      "losing_count": 424,
      "losing_percentage": 63.85542168674698,
      "other_count": 14,
      "other_percentage": 2.108433734939759,
      "by_place": {
        "#1": {
          "count": 226,
          "percentage": 34.036144578313255
        },
        "#2": {
          "count": 129,
          "percentage": 19.427710843373493
        },
        "#3": {
          "count": 90,
          "percentage": 13.55421686746988
        },
        "#4": {
          "count": 60,
          "percentage": 9.036144578313253
        },
        "#5": {
          "count": 57,
          "percentage": 8.58433734939759
        },
        "#6": {
          "count": 53,
          "percentage": 7.981927710843372
        },
        "#7": {
          "count": 18,
          "percentage": 2.710843373493976
        },
        "#8": {
          "count": 17,
          "percentage": 2.5602409638554215
        }
      }
    }
  },
  "turnout_protocols": {
    "17.09.2021": {
      "15.00": {
        "count": 156,
        "count_delta": 156,
        "count_delta_per_hour": 22.285714285714285,
        "count_delta_per_minute": 0.37142857142857144,
        "percentage": 6.97,
        "percentage_delta": 6.97,
        "percentage_delta_per_hour": 0.9957142857142857,
        "percentage_delta_per_minute": 0.016595238095238093,
        "registered_count": 2238,
        "registered_count_delta": 2238,
        "registered_count_delta_per_hour": 319.7142857142857,
        "registered_count_delta_per_minute": 5.328571428571428
      },
      "20.00": {
        "count": 238,
        "count_delta": 82,
        "count_delta_per_hour": 16.4,
        "count_delta_per_minute": 0.2733333333333333,
        "percentage": 10.63,
        "percentage_delta": 3.660000000000001,
        "percentage_delta_per_hour": 0.7320000000000002,
        "percentage_delta_per_minute": 0.012200000000000004,
        "registered_count": 2239,
        "registered_count_delta": 1,
        "registered_count_delta_per_hour": 0.2,
        "registered_count_delta_per_minute": 0.0033333333333333335
      }
    },
    "18.09.2021": {
      "15.00": {
        "count": 312,
        "count_delta": 74,
        "count_delta_per_hour": 10.571428571428571,
        "count_delta_per_minute": 0.1761904761904762,
        "percentage": 13.94,
        "percentage_delta": 3.3099999999999987,
        "percentage_delta_per_hour": 0.4728571428571427,
        "percentage_delta_per_minute": 0.007880952380952377,
        "registered_count": 2238,
        "registered_count_delta": -1,
        "registered_count_delta_per_hour": -0.14285714285714285,
        "registered_count_delta_per_minute": -0.002380952380952381
      },
      "20.00": {
        "count": 387,
        "count_delta": 75,
        "count_delta_per_hour": 15,
        "count_delta_per_minute": 0.25,
        "percentage": 17.29,
        "percentage_delta": 3.3499999999999996,
        "percentage_delta_per_hour": 0.6699999999999999,
        "percentage_delta_per_minute": 0.011166666666666665,
        "registered_count": 2238,
        "registered_count_delta": 0,
        "registered_count_delta_per_hour": 0,
        "registered_count_delta_per_minute": 0
      }
    },
    "19.09.2021": {
      "10.00": {
        "count": 394,
        "count_delta": 7,
        "count_delta_per_hour": 3.5,
        "count_delta_per_minute": 0.058333333333333334,
        "percentage": 17.34,
        "percentage_delta": 0.05000000000000071,
        "percentage_delta_per_hour": 0.025000000000000355,
        "percentage_delta_per_minute": 0.0004166666666666726
      },
      "12.00": {
        "count": 469,
        "count_delta": 75,
        "count_delta_per_hour": 37.5,
        "count_delta_per_minute": 0.625,
        "percentage": 20.64,
        "percentage_delta": 3.3000000000000007,
        "percentage_delta_per_hour": 1.6500000000000004,
        "percentage_delta_per_minute": 0.027500000000000007
      },
      "15.00": {
        "count": 586,
        "count_delta": 117,
        "count_delta_per_hour": 39,
        "count_delta_per_minute": 0.65,
        "percentage": 25.78,
        "percentage_delta": 5.140000000000001,
        "percentage_delta_per_hour": 1.7133333333333336,
        "percentage_delta_per_minute": 0.02855555555555556
      },
      "18.00": {
        "count": 789,
        "count_delta": 203,
        "count_delta_per_hour": 67.66666666666667,
        "count_delta_per_minute": 1.1277777777777778,
        "percentage": 34.72,
        "percentage_delta": 8.939999999999998,
        "percentage_delta_per_hour": 2.979999999999999,
        "percentage_delta_per_minute": 0.04966666666666665
      },
      "20.00": {
        "count": 664,
        "count_delta": -125,
        "count_delta_per_hour": -62.5,
        "count_delta_per_minute": -1.0416666666666667,
        "percentage": 29.21249450065992,
        "percentage_delta": -5.5075054993400805,
        "percentage_delta_per_hour": -2.7537527496700402,
        "percentage_delta_per_minute": -0.04589587916116734,
        "registered_count": 2273,
        "registered_count_delta": 35,
        "registered_count_delta_per_hour": 2.9166666666666665,
        "registered_count_delta_per_minute": 0.04861111111111111
      }
    }
  },
  "metadata": {
    "analysis": {
      "negative_turnout_registered_count_protocols": 1,
      "negative_turnout_registered_count": 1,
      "negative_turnout_percentage_protocols": 1,
      "negative_turnout_percentage": 5.5075054993400805,
      "negative_turnout_count_protocols": 1,
      "negative_turnout_count": 125,
      "protocol_count": 1,
      "exceeded_papers_count": 0,
      "exceeded_papers_steal_winning": 0,
      "exceeded_papers_provide_extra_places": 0,
      "multiple_winners": 0,
      "checksum_valid": 1
    },
    "voters": {
      "initially_registered_count": 2238,
      "registered_count": 2273,
      "walk_by_count": 636,
      "on_home_count": 28,
      "ahead_of_time_count": 0,
      "exceptional_count": 0,
      "added_count": 35
    },
    "papers": {
      "received_count": 2000,
      "destroyed_count": 1336,
      "stationary_box_count": 636,
      "portable_box_count": 28,
      "valid_count": 650,
      "invalid_count": 14,
      "lost_count": 0,
      "ignored_count": 0,
      "taken_home_count": 0
    }
  },
  "entries": [
    {
      "name": "Всероссийская политическая партия \"ЕДИНАЯ РОССИЯ\"",
      "position": 2,
      "party_id": 5,
      "official_result": {
        "votes_count": 226,
        "place": 1,
        "percentage": 34.036144578313255,
        "valid_percentage": 34.76923076923077,
        "registered_percentage": 9.942806863176418,