{
  "commission_name": "УИК №263",
  "ballot_name": "Выборы депутатов Законодательного Собрания Санкт-Петербурга седьмого созыва",
  "name": "Результаты выборов по единому округу",
  "protocol_scope": {
    "type": "uik",
    "id": 263
  },
  "electoral_district": {
    "type": "city",
    "id": 0
  },
  "data_id": 27820001915220,
  "ballot_data_id": 4784035124115,
  "has_koib": false,
  "generated_date": 1632127134000,
  "official_result": {
    "winner": {
      "id": 4,
      "position": 1,
      "percentage": 39.15237134207871,
      "valid_percentage": 40.8421052631579,
      "registered_percentage": 18.609112709832136
    },
    "turnout": {
      "count": 1002,
      "percentage": 48.05755395683453,
      "walk_by_count": 757,
      "walk_by_percentage": 36.30695443645084,
      "on_home_count": 245,
      "on_home_percentage": 11.750599520383693,
      "ahead_of_time_count": 0,
      "ahead_of_time_percentage": 0,
      "valid_count": 950,
      "valid_percentage": 45.563549160671464,
      "invalid_count": 41,
      "invalid_percentage": 1.9664268585131892,
      "taken_home_count": 11,
      "taken_home_percentage": 0.5275779376498801,
      "lost_count": 0,
      "lost_percentage": 0
    },
    "votes_stats": {
      "winning_count": 388,
      "winning_percentage": 39.15237134207871,
      "effective_count": 950,
      "losing_count": 562,
      "losing_percentage": 56.71039354187689,
      "other_count": 41,
      "other_percentage": 4.137235116044399,
      "by_place": {
        "#1": {
          "count": 388,
          "percentage": 39.15237134207871
        },
        "#2": {
          "count": 313,
          "percentage": 31.58425832492432
        },
        "#3": {
          "count": 98,
          "percentage": 9.889001009081735
        },
        "#4": {
          "count": 51,
          "percentage": 5.146316851664985
        },
        "#5": {
          "count": 36,
          "percentage": 3.632694248234107
        },
        "#6": {
          "count": 33,
          "percentage": 3.3299697275479314
        },
        "#7": {
          "count": 20,
          "percentage": 2.0181634712411705
        },
        "#8": {
          "count": 11,
          "percentage": 1.109989909182644
        }
      }
    }
  },
  "turnout_protocols": {
    "17.09.2021": {
      "15.00": {
        "count": 167,
        "count_delta": 167,
        "count_delta_per_hour": 23.857142857142858,
        "count_delta_per_minute": 0.3976190476190476,
        "percentage": 8.1,
        "percentage_delta": 8.1,
        "percentage_delta_per_hour": 1.157142857142857,
        "percentage_delta_per_minute": 0.019285714285714285,
        "registered_count": 2062,
        "registered_count_delta": 2062,
        "registered_count_delta_per_hour": 294.57142857142856,
        "registered_count_delta_per_minute": 4.90952380952381
      },
      "20.00": {
        "count": 459,
        "count_delta": 292,
        "count_delta_per_hour": 58.4,
        "count_delta_per_minute": 0.9733333333333334,
        "percentage": 22.25,
        "percentage_delta": 14.15,
        "percentage_delta_per_hour": 2.83,
        "percentage_delta_per_minute": 0.04716666666666667,
        "registered_count": 2063,
        "registered_count_delta": 1,
        "registered_count_delta_per_hour": 0.2,
        "registered_count_delta_per_minute": 0.0033333333333333335
      }
    },
    "18.09.2021": {
      "15.00": {
        "count": 550,
        "count_delta": 91,
        "count_delta_per_hour": 13,
        "count_delta_per_minute": 0.21666666666666667,
        "percentage": 26.66,
        "percentage_delta": 4.41,
        "percentage_delta_per_hour": 0.63,
        "percentage_delta_per_minute": 0.0105,
        "registered_count": 2063,
        "registered_count_delta": 0,
        "registered_count_delta_per_hour": 0,
        "registered_count_delta_per_minute": 0
      },
      "20.00": {
        "count": 620,
        "count_delta": 70,
        "count_delta_per_hour": 14,
        "count_delta_per_minute": 0.23333333333333334,
        "percentage": 30.05,
        "percentage_delta": 3.3900000000000006,
        "percentage_delta_per_hour": 0.6780000000000002,
        "percentage_delta_per_minute": 0.011300000000000003,
        "registered_count": 2063,
        "registered_count_delta": 0,
        "registered_count_delta_per_hour": 0,
        "registered_count_delta_per_minute": 0
      }
    },
    "19.09.2021": {
      "10.00": {
        "count": 633,
        "count_delta": 13,
        "count_delta_per_hour": 6.5,
        "count_delta_per_minute": 0.10833333333333334,
        "percentage": 30.34,
        "percentage_delta": 0.28999999999999915,
        "percentage_delta_per_hour": 0.14499999999999957,
        "percentage_delta_per_minute": 0.0024166666666666594
      },
      "12.00": {
        "count": 675,
        "count_delta": 42,
        "count_delta_per_hour": 21,
        "count_delta_per_minute": 0.35,
        "percentage": 32.38,
        "percentage_delta": 2.0400000000000027,
        "percentage_delta_per_hour": 1.0200000000000014,
        "percentage_delta_per_minute": 0.017000000000000022
      },
      "15.00": {
        "count": 778,
        "count_delta": 103,
        "count_delta_per_hour": 34.333333333333336,
        "count_delta_per_minute": 0.5722222222222222,
        "percentage": 37.32,
        "percentage_delta": 4.939999999999998,
        "percentage_delta_per_hour": 1.6466666666666658,
        "percentage_delta_per_minute": 0.02744444444444443
      },
      "18.00": {
        "count": 798,
        "count_delta": 20,
        "count_delta_per_hour": 6.666666666666667,
        "count_delta_per_minute": 0.1111111111111111,
        "percentage": 38.29,
        "percentage_delta": 0.9699999999999989,
        "percentage_delta_per_hour": 0.323333333333333,
        "percentage_delta_per_minute": 0.005388888888888882
      },
      "20.00": {
        "count": 1002,
        "count_delta": 204,
        "count_delta_per_hour": 102,
        "count_delta_per_minute": 1.7,
        "percentage": 48.05755395683453,
        "percentage_delta": 9.767553956834533,
        "percentage_delta_per_hour": 4.883776978417266,
        "percentage_delta_per_minute": 0.0813962829736211,
        "registered_count": 2085,
        "registered_count_delta": 22,
        "registered_count_delta_per_hour": 1.8333333333333333,
        "registered_count_delta_per_minute": 0.030555555555555555
      }
    }
  },
  "metadata": {
    "analysis": {
      "protocol_count": 1,
      "exceeded_papers_count": 0,
      "exceeded_papers_steal_winning": 0,
      "exceeded_papers_provide_extra_places": 0,
      "multiple_winners": 0,
      "checksum_valid": 1
    },
    "voters": {
      "initially_registered_count": 2063,
      "registered_count": 2085,
      "walk_by_count": 757,
      "on_home_count": 245,
      "ahead_of_time_count": 0,
      "exceptional_count": 0,
      "added_count": 22
    },
    "papers": {
      "received_count": 2000,
      "destroyed_count": 998,
      "stationary_box_count": 746,
      "portable_box_count": 245,
      "valid_count": 950,
      "invalid_count": 41,
      "lost_count": 0,
      "ignored_count": 0,
      "taken_home_count": 11
    }
  },
  "entries": [
    {
      "name": "Политическая партия \"НОВЫЕ ЛЮДИ\"",
      "position": 1,
      "party_id": 4,
      "official_result": {
        "votes_count": 388,
        "place": 1,
        "percentage": 39.15237134207871,
        "valid_percentage": 40.8421052631579,
        "registered_percentage": 18.609112709832136,
        "display_percentage": 39.15,
        "winner": true
      },
      "result_without_other_entry": {
        "1": {
          "percentage": 41.27659574468085,
          "valid_percentage": 43.159065628476085
        },
        "3": {
          "percentage": 40.50104384133611,
          "valid_percentage": 42.31188658669575
        },
        "5": {
          "percentage": 43.44904815229563,