{
  "commission_name": "УИК №1772",
  "ballot_name": "Выборы депутатов Законодательного Собрания Санкт-Петербурга седьмого созыва",
  "name": "Результаты выборов по одномандатному (многомандатному) округу",
  "protocol_scope": {
    "type": "uik",
    "id": 1772
  },
  "electoral_district": {
    "type": "city",
    "id": 13
  },
  "data_id": 27820001915220,
  "ballot_data_id": 4784014358307,
  "has_koib": false,
  "generated_date": 1632112481000,
  "official_result": {
    "winner": {
      "id": 176,
      "position": 1,
      "percentage": 37.721893491124256,
      "valid_percentage": 40.348101265822784,
      "registered_percentage": 13.949671772428884,
      "supported_by_smart_vote": true
    },
    "turnout": {
      "count": 676,
      "percentage": 36.98030634573304,
      "walk_by_count": 670,
      "walk_by_percentage": 36.65207877461707,
      "on_home_count": 6,
      "on_home_percentage": 0.3282275711159737,
      "ahead_of_time_count": 0,
      "ahead_of_time_percentage": 0,
      "valid_count": 632,
      "valid_percentage": 34.57330415754923,
      "invalid_count": 44,
      "invalid_percentage": 2.4070021881838075,
      "taken_home_count": 0,
      "taken_home_percentage": 0,
      "lost_count": 0,
      "lost_percentage": 0
    },
    "votes_stats": {
      "winning_count": 255,
      "winning_percentage": 37.721893491124256,
      "effective_count": 632,
      "losing_count": 377,
      "losing_percentage": 55.769230769230774,
      "other_count": 44,
      "other_percentage": 6.508875739644971,
      "by_place": {
        "#1": {
          "count": 255,
          "percentage": 37.721893491124256,
          "supported_by_smart_vote": true
        },
        "#2": {
          "count": 195,
          "percentage": 28.846153846153843
        },
        "#3": {
          "count": 68,
          "percentage": 10.059171597633137
        },
        "#4": {
          "count": 64,
          "percentage": 9.467455621301776
        },
        "#5": {
          "count": 50,
          "percentage": 7.396449704142012
        }
      }
    }
  },
  "turnout_protocols": {
    "17.09.2021": {
      "15.00": {
        "count": 129,
        "count_delta": 129,
        "count_delta_per_hour": 18.428571428571427,
        "count_delta_per_minute": 0.30714285714285716,
        "percentage": 7.06,
        "percentage_delta": 7.06,
        "percentage_delta_per_hour": 1.0085714285714285,
        "percentage_delta_per_minute": 0.01680952380952381,
        "registered_count": 1827,
        "registered_count_delta": 1827,
        "registered_count_delta_per_hour": 261,
        "registered_count_delta_per_minute": 4.35
      },
      "20.00": {
        "count": 193,
        "count_delta": 64,
        "count_delta_per_hour": 12.8,
        "count_delta_per_minute": 0.21333333333333335,
        "percentage": 10.56,
        "percentage_delta": 3.500000000000001,
        "percentage_delta_per_hour": 0.7000000000000002,
        "percentage_delta_per_minute": 0.011666666666666669,
        "registered_count": 1828,
        "registered_count_delta": 1,
        "registered_count_delta_per_hour": 0.2,
        "registered_count_delta_per_minute": 0.0033333333333333335
      }
    },
    "18.09.2021": {
      "15.00": {
        "count": 322,
        "count_delta": 129,
        "count_delta_per_hour": 18.428571428571427,
        "count_delta_per_minute": 0.30714285714285716,
        "percentage": 17.61,
        "percentage_delta": 7.049999999999999,
        "percentage_delta_per_hour": 1.007142857142857,
        "percentage_delta_per_minute": 0.016785714285714282,
        "registered_count": 1829,
        "registered_count_delta": 1,
        "registered_count_delta_per_hour": 0.14285714285714285,
        "registered_count_delta_per_minute": 0.002380952380952381
      },
      "20.00": {
        "count": 571,
        "count_delta": 249,
        "count_delta_per_hour": 49.8,
        "count_delta_per_minute": 0.83,
        "percentage": 31.24,
        "percentage_delta": 13.629999999999999,
        "percentage_delta_per_hour": 2.726,
        "percentage_delta_per_minute": 0.04543333333333333,
        "registered_count": 1828,
        "registered_count_delta": -1,
        "registered_count_delta_per_hour": -0.2,
        "registered_count_delta_per_minute": -0.0033333333333333335
      }
    },
    "19.09.2021": {
      "10.00": {
        "count": 347,
        "count_delta": -224,
        "count_delta_per_hour": -112,
        "count_delta_per_minute": -1.8666666666666667,
        "percentage": 18.98,
        "percentage_delta": -12.259999999999998,
        "percentage_delta_per_hour": -6.129999999999999,
        "percentage_delta_per_minute": -0.10216666666666666
      },
      "12.00": {
        "count": 385,
        "count_delta": 38,
        "count_delta_per_hour": 19,
        "count_delta_per_minute": 0.31666666666666665,
        "percentage": 21.06,
        "percentage_delta": 2.0799999999999983,
        "percentage_delta_per_hour": 1.0399999999999991,
        "percentage_delta_per_minute": 0.01733333333333332
      },
      "15.00": {
        "count": 496,
        "count_delta": 111,
        "count_delta_per_hour": 37,
        "count_delta_per_minute": 0.6166666666666667,
        "percentage": 27.13,
        "percentage_delta": 6.07,
        "percentage_delta_per_hour": 2.0233333333333334,
        "percentage_delta_per_minute": 0.03372222222222222
      },
      "18.00": {
        "count": 600,
        "count_delta": 104,
        "count_delta_per_hour": 34.666666666666664,
        "count_delta_per_minute": 0.5777777777777777,
        "percentage": 32.82,
        "percentage_delta": 5.690000000000001,
        "percentage_delta_per_hour": 1.8966666666666672,
        "percentage_delta_per_minute": 0.03161111111111112
      },
      "20.00": {
        "count": 676,
        "count_delta": 76,
        "count_delta_per_hour": 38,
        "count_delta_per_minute": 0.6333333333333333,
        "percentage": 36.98030634573304,
        "percentage_delta": 4.160306345733041,
        "percentage_delta_per_hour": 2.0801531728665204,
        "percentage_delta_per_minute": 0.03466921954777534,
        "registered_count": 1828,
        "registered_count_delta": 0,
        "registered_count_delta_per_hour": 0,
        "registered_count_delta_per_minute": 0
      }
    }
  },
  "metadata": {
    "analysis": {
      "negative_turnout_registered_count_protocols": 1,
      "negative_turnout_registered_count": 1,
      "negative_turnout_percentage_protocols": 1,
      "negative_turnout_percentage": 12.259999999999998,
      "negative_turnout_count_protocols": 1,
      "negative_turnout_count": 224,
      "protocol_count": 1,
      "exceeded_papers_count": 0,
      "exceeded_papers_steal_winning": 0,
      "checksum_valid": 1
    },
    "voters": {
      "initially_registered_count": 1828,
      "registered_count": 1828,
      "walk_by_count": 670,
      "on_home_count": 6,
      "ahead_of_time_count": 0,
      "exceptional_count": 0
    },
    "papers": {
      "received_count": 1500,
      "destroyed_count": 824,
      "stationary_box_count": 670,
      "portable_box_count": 6,
      "valid_count": 632,
      "invalid_count": 44,
      "lost_count": 0,
      "ignored_count": 0,
      "taken_home_count": 0
    }
  },
  "entries": [
    {
      "name": "Богачев Алексей Михайлович",
      "position": 1,
      "candidate_id": 176,
      "supported_by_party_id": 1,
      "supported_by_smart_vote": true,
      "official_result": {
        "votes_count": 255,
        "place": 1,
        "percentage": 37.721893491124256,
        "valid_percentage": 40.348101265822784,
        "registered_percentage": 13.949671772428884,
        "display_percentage": 37.72,
        "winner": true
      },
      "result_without_other_entry": {
        "177": {
          "percentage": 41.94078947368421,
          "valid_percentage": 45.21276595744681
        },
        "178": {
          "percentage": 53.01455301455301,