{
  "commission_name": "УИК №1883",
  "ballot_name": "Выборы депутатов Законодательного Собрания Санкт-Петербурга седьмого созыва",
  "name": "Результаты выборов по одномандатному (многомандатному) округу",
  "protocol_scope": {
    "type": "uik",
    "id": 1883
  },
  "electoral_district": {
    "type": "city",
    "id": 12
  },
  "data_id": 27820001915220,
  "ballot_data_id": 4784028395280,
  "has_koib": false,
  "generated_date": 1632129865000,
  "official_result": {
    "winner": {
      "id": 242,
      "position": 1,
      "percentage": 26.81992337164751,
      "valid_percentage": 27.631578947368425,
      "registered_percentage": 8.049060942889996
    },
    "turnout": {
      "count": 783,
      "percentage": 30.01149865848984,
      "walk_by_count": 766,
      "walk_by_percentage": 29.359908010732084,
      "on_home_count": 17,
      "on_home_percentage": 0.6515906477577615,
      "ahead_of_time_count": 0,
      "ahead_of_time_percentage": 0,
      "valid_count": 760,
      "valid_percentage": 29.129934840935224,
      "invalid_count": 23,
      "invalid_percentage": 0.8815638175546185,
      "taken_home_count": 0,
      "taken_home_percentage": 0,
      "lost_count": 0,
      "lost_percentage": 0
    },
    "votes_stats": {
      "winning_count": 210,
      "winning_percentage": 26.81992337164751,
      "effective_count": 760,
      "losing_count": 550,
      "losing_percentage": 70.242656449553,
      "other_count": 23,
      "other_percentage": 2.937420178799489,
      "by_place": {
        "#1": {
          "count": 210,
          "percentage": 26.81992337164751
        },
        "#2": {
          "count": 193,
          "percentage": 24.648786717752238,
          "supported_by_smart_vote": true
        },
        "#3": {
          "count": 167,
          "percentage": 21.328224776500637
        },
        "#4": {
          "count": 72,
          "percentage": 9.195402298850574
        },
        "#5": {
          "count": 68,
          "percentage": 8.684546615581098
        },
        "#6": {
          "count": 50,
          "percentage": 6.385696040868455
        }
      }
    }
  },
  "turnout_protocols": {
    "17.09.2021": {
      "15.00": {
        "count": 127,
        "count_delta": 127,
        "count_delta_per_hour": 18.142857142857142,
        "count_delta_per_minute": 0.30238095238095236,
        "percentage": 4.87,
        "percentage_delta": 4.87,
        "percentage_delta_per_hour": 0.6957142857142857,
        "percentage_delta_per_minute": 0.011595238095238096,
        "registered_count": 2608,
        "registered_count_delta": 2608,
        "registered_count_delta_per_hour": 372.57142857142856,
        "registered_count_delta_per_minute": 6.20952380952381
      },
      "20.00": {
        "count": 208,
        "count_delta": 81,
        "count_delta_per_hour": 16.2,
        "count_delta_per_minute": 0.27,
        "percentage": 7.97,
        "percentage_delta": 3.0999999999999996,
        "percentage_delta_per_hour": 0.6199999999999999,
        "percentage_delta_per_minute": 0.010333333333333332,
        "registered_count": 2610,
        "registered_count_delta": 2,
        "registered_count_delta_per_hour": 0.4,
        "registered_count_delta_per_minute": 0.006666666666666667
      }
    },
    "18.09.2021": {
      "15.00": {
        "count": 318,
        "count_delta": 110,
        "count_delta_per_hour": 15.714285714285714,
        "count_delta_per_minute": 0.2619047619047619,
        "percentage": 12.19,
        "percentage_delta": 4.22,
        "percentage_delta_per_hour": 0.6028571428571429,
        "percentage_delta_per_minute": 0.010047619047619047,
        "registered_count": 2609,
        "registered_count_delta": -1,
        "registered_count_delta_per_hour": -0.14285714285714285,
        "registered_count_delta_per_minute": -0.002380952380952381
      },
      "20.00": {
        "count": 376,
        "count_delta": 58,
        "count_delta_per_hour": 11.6,
        "count_delta_per_minute": 0.19333333333333333,
        "percentage": 14.41,
        "percentage_delta": 2.2200000000000006,
        "percentage_delta_per_hour": 0.4440000000000001,
        "percentage_delta_per_minute": 0.007400000000000002,
        "registered_count": 2609,
        "registered_count_delta": 0,
        "registered_count_delta_per_hour": 0,
        "registered_count_delta_per_minute": 0
      }
    },
    "19.09.2021": {
      "10.00": {
        "count": 397,
        "count_delta": 21,
        "count_delta_per_hour": 10.5,
        "count_delta_per_minute": 0.175,
        "percentage": 15.22,
        "percentage_delta": 0.8100000000000005,
        "percentage_delta_per_hour": 0.40500000000000025,
        "percentage_delta_per_minute": 0.006750000000000004
      },
      "12.00": {
        "count": 459,
        "count_delta": 62,
        "count_delta_per_hour": 31,
        "count_delta_per_minute": 0.5166666666666667,
        "percentage": 17.59,
        "percentage_delta": 2.369999999999999,
        "percentage_delta_per_hour": 1.1849999999999996,
        "percentage_delta_per_minute": 0.019749999999999993
      },
      "15.00": {
        "count": 570,
        "count_delta": 111,
        "count_delta_per_hour": 37,
        "count_delta_per_minute": 0.6166666666666667,
        "percentage": 21.85,
        "percentage_delta": 4.260000000000002,
        "percentage_delta_per_hour": 1.4200000000000006,
        "percentage_delta_per_minute": 0.023666666666666676
      },
      "18.00": {
        "count": 706,
        "count_delta": 136,
        "count_delta_per_hour": 45.333333333333336,
        "count_delta_per_minute": 0.7555555555555555,
        "percentage": 27.06,
        "percentage_delta": 5.209999999999997,
        "percentage_delta_per_hour": 1.7366666666666657,
        "percentage_delta_per_minute": 0.02894444444444443
      },
      "20.00": {
        "count": 783,
        "count_delta": 77,
        "count_delta_per_hour": 38.5,
        "count_delta_per_minute": 0.6416666666666667,
        "percentage": 30.01149865848984,
        "percentage_delta": 2.951498658489843,
        "percentage_delta_per_hour": 1.4757493292449215,
        "percentage_delta_per_minute": 0.024595822154082025,
        "registered_count": 2609,
        "registered_count_delta": 0,
        "registered_count_delta_per_hour": 0,
        "registered_count_delta_per_minute": 0
      }
    }
  },
  "metadata": {
    "analysis": {
      "negative_turnout_registered_count_protocols": 1,
      "negative_turnout_registered_count": 1,
      "protocol_count": 1,
      "exceeded_papers_count": 0,
      "exceeded_papers_steal_winning": 0,
      "checksum_valid": 1
    },
    "voters": {
      "initially_registered_count": 2609,
      "registered_count": 2609,
      "walk_by_count": 766,
      "on_home_count": 17,
      "ahead_of_time_count": 0,
      "exceptional_count": 0
    },
    "papers": {
      "received_count": 2000,
      "destroyed_count": 1217,
      "stationary_box_count": 766,
      "portable_box_count": 17,
      "valid_count": 760,
      "invalid_count": 23,
      "lost_count": 0,
      "ignored_count": 0,
      "taken_home_count": 0
    }
  },
  "entries": [
    {
      "name": "Бондаренко Николай Леонидович",
      "position": 1,
      "candidate_id": 242,
      "supported_by_party_id": 5,
      "official_result": {
        "votes_count": 210,
        "place": 1,
        "percentage": 26.81992337164751,
        "valid_percentage": 27.631578947368425,
        "registered_percentage": 8.049060942889996,
        "display_percentage": 26.82,
        "winner": true
      },
      "result_without_other_entry": {
        "243": {
          "percentage": 29.535864978902953,
          "valid_percentage": 30.523255813953487
        },
        "244": {
          "percentage": 35.59322033898305,
          "valid_percentage": 37.03703703703704
        },
        "245": {
          "percentage": 28.6493860845839,