{
  "commission_name": "УИК №255",
  "ballot_name": "Выборы депутатов Законодательного Собрания Санкт-Петербурга седьмого созыва",
  "name": "Результаты выборов по единому округу",
  "protocol_scope": {
    "type": "uik",
    "id": 255
  },
  "electoral_district": {
    "type": "city",
    "id": 0
  },
  "data_id": 27820001915220,
  "ballot_data_id": 4784035124107,
  "has_koib": false,
  "generated_date": 1632127134000,
  "official_result": {
    "winner": {
      "id": 5,
      "position": 2,
      "percentage": 26.65985699693565,
      "valid_percentage": 27.27272727272727,
      "registered_percentage": 10.776218001651527
    },
    "turnout": {
      "count": 991,
      "percentage": 40.91659785301404,
      "walk_by_count": 942,
      "walk_by_percentage": 38.8934764657308,
      "on_home_count": 49,
      "on_home_percentage": 2.023121387283237,
      "ahead_of_time_count": 0,
      "ahead_of_time_percentage": 0,
      "valid_count": 957,
      "valid_percentage": 39.512799339388934,
      "invalid_count": 22,
      "invalid_percentage": 0.9083402146985963,
      "taken_home_count": 12,
      "taken_home_percentage": 0.495458298926507,
      "lost_count": 0,
      "lost_percentage": 0
    },
    "votes_stats": {
      "winning_count": 261,
      "winning_percentage": 26.65985699693565,
      "effective_count": 957,
      "losing_count": 696,
      "losing_percentage": 71.0929519918284,
      "other_count": 22,
      "other_percentage": 2.247191011235955,
      "by_place": {
        "#1": {
          "count": 261,
          "percentage": 26.65985699693565
        },
        "#2": {
          "count": 184,
          "percentage": 18.794688457609805
        },
        "#3": {
          "count": 134,
          "percentage": 13.687436159346273
        },
        "#4": {
          "count": 129,
          "percentage": 13.176710929519919
        },
        "#5": {
          "count": 127,
          "percentage": 12.972420837589377
        },
        "#6": {
          "count": 62,
          "percentage": 6.332992849846783
        },
        "#7": {
          "count": 38,
          "percentage": 3.881511746680286
        },
        "#8": {
          "count": 22,
          "percentage": 2.247191011235955
        }
      }
    }
  },
  "turnout_protocols": {
    "17.09.2021": {
      "15.00": {
        "count": 155,
        "count_delta": 155,
        "count_delta_per_hour": 22.142857142857142,
        "count_delta_per_minute": 0.36904761904761907,
        "percentage": 6.48,
        "percentage_delta": 6.48,
        "percentage_delta_per_hour": 0.9257142857142858,
        "percentage_delta_per_minute": 0.01542857142857143,
        "registered_count": 2392,
        "registered_count_delta": 2392,
        "registered_count_delta_per_hour": 341.7142857142857,
        "registered_count_delta_per_minute": 5.695238095238095
      },
      "20.00": {
        "count": 285,
        "count_delta": 130,
        "count_delta_per_hour": 26,
        "count_delta_per_minute": 0.43333333333333335,
        "percentage": 11.91,
        "percentage_delta": 5.43,
        "percentage_delta_per_hour": 1.0859999999999999,
        "percentage_delta_per_minute": 0.018099999999999998,
        "registered_count": 2393,
        "registered_count_delta": 1,
        "registered_count_delta_per_hour": 0.2,
        "registered_count_delta_per_minute": 0.0033333333333333335
      }
    },
    "18.09.2021": {
      "15.00": {
        "count": 386,
        "count_delta": 101,
        "count_delta_per_hour": 14.428571428571429,
        "count_delta_per_minute": 0.24047619047619048,
        "percentage": 16.13,
        "percentage_delta": 4.219999999999999,
        "percentage_delta_per_hour": 0.6028571428571426,
        "percentage_delta_per_minute": 0.010047619047619045,
        "registered_count": 2393,
        "registered_count_delta": 0,
        "registered_count_delta_per_hour": 0,
        "registered_count_delta_per_minute": 0
      },
      "20.00": {
        "count": 473,
        "count_delta": 87,
        "count_delta_per_hour": 17.4,
        "count_delta_per_minute": 0.29,
        "percentage": 19.77,
        "percentage_delta": 3.6400000000000006,
        "percentage_delta_per_hour": 0.7280000000000001,
        "percentage_delta_per_minute": 0.012133333333333335,
        "registered_count": 2393,
        "registered_count_delta": 0,
        "registered_count_delta_per_hour": 0,
        "registered_count_delta_per_minute": 0
      }
    },
    "19.09.2021": {
      "10.00": {
        "count": 481,
        "count_delta": 8,
        "count_delta_per_hour": 4,
        "count_delta_per_minute": 0.06666666666666667,
        "percentage": 19.85,
        "percentage_delta": 0.08000000000000185,
        "percentage_delta_per_hour": 0.040000000000000924,
        "percentage_delta_per_minute": 0.000666666666666682
      },
      "12.00": {
        "count": 548,
        "count_delta": 67,
        "count_delta_per_hour": 33.5,
        "count_delta_per_minute": 0.5583333333333333,
        "percentage": 22.61,
        "percentage_delta": 2.759999999999998,
        "percentage_delta_per_hour": 1.379999999999999,
        "percentage_delta_per_minute": 0.022999999999999982
      },
      "15.00": {
        "count": 697,
        "count_delta": 149,
        "count_delta_per_hour": 49.666666666666664,
        "count_delta_per_minute": 0.8277777777777777,
        "percentage": 28.79,
        "percentage_delta": 6.18,
        "percentage_delta_per_hour": 2.06,
        "percentage_delta_per_minute": 0.034333333333333334
      },
      "18.00": {
        "count": 1062,
        "count_delta": 365,
        "count_delta_per_hour": 121.66666666666667,
        "count_delta_per_minute": 2.0277777777777777,
        "percentage": 43.84,
        "percentage_delta": 15.050000000000004,
        "percentage_delta_per_hour": 5.016666666666668,
        "percentage_delta_per_minute": 0.08361111111111114
      },
      "20.00": {
        "count": 991,
        "count_delta": -71,
        "count_delta_per_hour": -35.5,
        "count_delta_per_minute": -0.5916666666666667,
        "percentage": 40.91659785301404,
        "percentage_delta": -2.923402146985964,
        "percentage_delta_per_hour": -1.461701073492982,
        "percentage_delta_per_minute": -0.024361684558216367,
        "registered_count": 2422,
        "registered_count_delta": 29,
        "registered_count_delta_per_hour": 2.4166666666666665,
        "registered_count_delta_per_minute": 0.04027777777777778
      }
    }
  },
  "metadata": {
    "analysis": {
      "negative_turnout_percentage_protocols": 1,
      "negative_turnout_percentage": 2.923402146985964,
      "negative_turnout_count_protocols": 1,
      "negative_turnout_count": 71,
      "protocol_count": 1,
      "exceeded_papers_count": 0,
      "exceeded_papers_steal_winning": 0,
      "exceeded_papers_provide_extra_places": 0,
      "multiple_winners": 0,
      "checksum_valid": 1
    },
    "voters": {
      "initially_registered_count": 2393,
      "registered_count": 2422,
      "walk_by_count": 942,
      "on_home_count": 49,
      "ahead_of_time_count": 0,
      "exceptional_count": 0,
      "added_count": 29
    },
    "papers": {
      "received_count": 2000,
      "destroyed_count": 1009,
      "stationary_box_count": 930,
      "portable_box_count": 49,
      "valid_count": 957,
      "invalid_count": 22,
      "lost_count": 0,
      "ignored_count": 0,
      "taken_home_count": 12
    }
  },
  "entries": [
    {
      "name": "Всероссийская политическая партия \"ЕДИНАЯ РОССИЯ\"",
      "position": 2,
      "party_id": 5,
      "official_result": {
        "votes_count": 261,
        "place": 1,
        "percentage": 26.65985699693565,
        "valid_percentage": 27.27272727272727,
        "registered_percentage": 10.776218001651527,
        "display_percentage": 26.66,
        "winner": true
      },