{
  "commission_name": "УИК №1911",
  "ballot_name": "Выборы депутатов Законодательного Собрания Санкт-Петербурга седьмого созыва",
  "name": "Результаты выборов по единому округу",
  "protocol_scope": {
    "type": "uik",
    "id": 1911
  },
  "electoral_district": {
    "type": "city",
    "id": 0
  },
  "data_id": 27820001915220,
  "ballot_data_id": 478405781855,
  "has_koib": false,
  "generated_date": 1632127259000,
  "official_result": {
    "winner": {
      "id": 5,
      "position": 2,
      "percentage": 28.09278350515464,
      "valid_percentage": 29.10547396528705,
      "registered_percentage": 9.37231298366294
    },
    "turnout": {
      "count": 779,
      "percentage": 33.49097162510748,
      "walk_by_count": 775,
      "walk_by_percentage": 33.319002579535685,
      "on_home_count": 4,
      "on_home_percentage": 0.17196904557179707,
      "ahead_of_time_count": 0,
      "ahead_of_time_percentage": 0,
      "valid_count": 749,
      "valid_percentage": 32.201203783319,
      "invalid_count": 27,
      "invalid_percentage": 1.1607910576096303,
      "taken_home_count": 3,
      "taken_home_percentage": 0.1289767841788478,
      "lost_count": 0,
      "lost_percentage": 0
    },
    "votes_stats": {
      "winning_count": 218,
      "winning_percentage": 28.09278350515464,
      "effective_count": 749,
      "losing_count": 531,
      "losing_percentage": 68.4278350515464,
      "other_count": 27,
      "other_percentage": 3.479381443298969,
      "by_place": {
        "#1": {
          "count": 218,
          "percentage": 28.09278350515464
        },
        "#2": {
          "count": 169,
          "percentage": 21.778350515463917
        },
        "#3": {
          "count": 155,
          "percentage": 19.974226804123713
        },
        "#4.5": {
          "count": 118,
          "percentage": 15.206185567010309
        },
        "#5": {
          "count": 49,
          "percentage": 6.314432989690721
        },
        "#6": {
          "count": 31,
          "percentage": 3.994845360824742
        },
        "#7": {
          "count": 9,
          "percentage": 1.1597938144329898
        }
      }
    }
  },
  "turnout_protocols": {
    "17.09.2021": {
      "15.00": {
        "count": 117,
        "count_delta": 117,
        "count_delta_per_hour": 16.714285714285715,
        "count_delta_per_minute": 0.2785714285714286,
        "percentage": 5.03,
        "percentage_delta": 5.03,
        "percentage_delta_per_hour": 0.7185714285714286,
        "percentage_delta_per_minute": 0.011976190476190477,
        "registered_count": 2326,
        "registered_count_delta": 2326,
        "registered_count_delta_per_hour": 332.2857142857143,
        "registered_count_delta_per_minute": 5.538095238095238
      },
      "20.00": {
        "count": 207,
        "count_delta": 90,
        "count_delta_per_hour": 18,
        "count_delta_per_minute": 0.3,
        "percentage": 8.9,
        "percentage_delta": 3.87,
        "percentage_delta_per_hour": 0.774,
        "percentage_delta_per_minute": 0.0129,
        "registered_count": 2326,
        "registered_count_delta": 0,
        "registered_count_delta_per_hour": 0,
        "registered_count_delta_per_minute": 0
      }
    },
    "18.09.2021": {
      "15.00": {
        "count": 367,
        "count_delta": 160,
        "count_delta_per_hour": 22.857142857142858,
        "count_delta_per_minute": 0.38095238095238093,
        "percentage": 15.78,
        "percentage_delta": 6.879999999999999,
        "percentage_delta_per_hour": 0.9828571428571428,
        "percentage_delta_per_minute": 0.016380952380952378,
        "registered_count": 2326,
        "registered_count_delta": 0,
        "registered_count_delta_per_hour": 0,
        "registered_count_delta_per_minute": 0
      },
      "20.00": {
        "count": 721,
        "count_delta": 354,
        "count_delta_per_hour": 70.8,
        "count_delta_per_minute": 1.18,
        "percentage": 31,
        "percentage_delta": 15.22,
        "percentage_delta_per_hour": 3.044,
        "percentage_delta_per_minute": 0.05073333333333334,
        "registered_count": 2326,
        "registered_count_delta": 0,
        "registered_count_delta_per_hour": 0,
        "registered_count_delta_per_minute": 0
      }
    },
    "19.09.2021": {
      "10.00": {
        "count": 414,
        "count_delta": -307,
        "count_delta_per_hour": -153.5,
        "count_delta_per_minute": -2.558333333333333,
        "percentage": 17.8,
        "percentage_delta": -13.2,
        "percentage_delta_per_hour": -6.6,
        "percentage_delta_per_minute": -0.11
      },
      "12.00": {
        "count": 456,
        "count_delta": 42,
        "count_delta_per_hour": 21,
        "count_delta_per_minute": 0.35,
        "percentage": 19.6,
        "percentage_delta": 1.8000000000000007,
        "percentage_delta_per_hour": 0.9000000000000004,
        "percentage_delta_per_minute": 0.015000000000000006
      },
      "15.00": {
        "count": 575,
        "count_delta": 119,
        "count_delta_per_hour": 39.666666666666664,
        "count_delta_per_minute": 0.6611111111111111,
        "percentage": 24.72,
        "percentage_delta": 5.119999999999997,
        "percentage_delta_per_hour": 1.7066666666666659,
        "percentage_delta_per_minute": 0.028444444444444432
      },
      "18.00": {
        "count": 704,
        "count_delta": 129,
        "count_delta_per_hour": 43,
        "count_delta_per_minute": 0.7166666666666667,
        "percentage": 30.27,
        "percentage_delta": 5.550000000000001,
        "percentage_delta_per_hour": 1.8500000000000003,
        "percentage_delta_per_minute": 0.030833333333333338
      },
      "20.00": {
        "count": 779,
        "count_delta": 75,
        "count_delta_per_hour": 37.5,
        "count_delta_per_minute": 0.625,
        "percentage": 33.49097162510748,
        "percentage_delta": 3.2209716251074774,
        "percentage_delta_per_hour": 1.6104858125537387,
        "percentage_delta_per_minute": 0.026841430209228977,
        "registered_count": 2326,
        "registered_count_delta": 0,
        "registered_count_delta_per_hour": 0,
        "registered_count_delta_per_minute": 0
      }
    }
  },
  "metadata": {
    "analysis": {
      "negative_turnout_percentage_protocols": 1,
      "negative_turnout_percentage": 13.2,
      "negative_turnout_count_protocols": 1,
      "negative_turnout_count": 307,
      "protocol_count": 1,
      "exceeded_papers_count": 0,
      "exceeded_papers_steal_winning": 0,
      "exceeded_papers_provide_extra_places": 0,
      "multiple_winners": 0,
      "checksum_valid": 1
    },
    "voters": {
      "initially_registered_count": 2326,
      "registered_count": 2326,
      "walk_by_count": 775,
      "on_home_count": 4,
      "ahead_of_time_count": 0,
      "exceptional_count": 0
    },
    "papers": {
      "received_count": 2300,
      "destroyed_count": 1521,
      "stationary_box_count": 772,
      "portable_box_count": 4,
      "valid_count": 749,
      "invalid_count": 27,
      "lost_count": 0,
      "ignored_count": 0,
      "taken_home_count": 3
    }
  },
  "entries": [
    {
      "name": "Всероссийская политическая партия \"ЕДИНАЯ РОССИЯ\"",
      "position": 2,
      "party_id": 5,
      "official_result": {
        "votes_count": 218,
        "place": 1,
        "percentage": 28.09278350515464,
        "valid_percentage": 29.10547396528705,
        "registered_percentage": 9.37231298366294,
        "display_percentage": 28.09,
        "winner": true
      },
      "result_without_other_entry": {
        "1": {
          "percentage": 35.914332784184516,
          "valid_percentage": 37.58620689655172
        },
        "3": {
          "percentage": 29.98624484181568,
          "valid_percentage": 31.142857142857146
        },
        "4": {
          "percentage": 30.404463040446306,
          "valid_percentage": 31.594202898550726
        },