{
  "commission_name": "УИК №617",
  "ballot_name": "Выборы депутатов Законодательного Собрания Санкт-Петербурга седьмого созыва",
  "name": "Результаты выборов по одномандатному (многомандатному) округу",
  "protocol_scope": {
    "type": "uik",
    "id": 617
  },
  "electoral_district": {
    "type": "city",
    "id": 17
  },
  "data_id": 27820001915220,
  "ballot_data_id": 9789005585525,
  "has_koib": false,
  "generated_date": 1632209869000,
  "official_result": {
    "winner": {
      "id": 44,
      "position": 7,
      "percentage": 35.92233009708738,
      "valid_percentage": 37.212643678160916,
      "registered_percentage": 10.640920295809368
    },
    "turnout": {
      "count": 723,
      "percentage": 29.70419063270337,
      "walk_by_count": 716,
      "walk_by_percentage": 29.41659819227609,
      "on_home_count": 7,
      "on_home_percentage": 0.2875924404272802,
      "ahead_of_time_count": 0,
      "ahead_of_time_percentage": 0,
      "valid_count": 696,
      "valid_percentage": 28.594905505341,
      "invalid_count": 25,
      "invalid_percentage": 1.0271158586688578,
      "taken_home_count": 2,
      "taken_home_percentage": 0.08216926869350863,
      "lost_count": 0,
      "lost_percentage": 0
    },
    "votes_stats": {
      "winning_count": 259,
      "winning_percentage": 35.92233009708738,
      "effective_count": 696,
      "losing_count": 437,
      "losing_percentage": 60.61026352288488,
      "other_count": 25,
      "other_percentage": 3.467406380027739,
      "by_place": {
        "#1": {
          "count": 259,
          "percentage": 35.92233009708738
        },
        "#2": {
          "count": 120,
          "percentage": 16.643550624133148,
          "supported_by_smart_vote": true
        },
        "#3": {
          "count": 115,
          "percentage": 15.950069348127602
        },
        "#4": {
          "count": 110,
          "percentage": 15.256588072122051
        },
        "#5": {
          "count": 43,
          "percentage": 5.9639389736477115
        },
        "#6": {
          "count": 34,
          "percentage": 4.715672676837725
        },
        "#7": {
          "count": 15,
          "percentage": 2.0804438280166435
        }
      }
    }
  },
  "turnout_protocols": {
    "17.09.2021": {
      "15.00": {
        "count": 134,
        "count_delta": 134,
        "count_delta_per_hour": 19.142857142857142,
        "count_delta_per_minute": 0.319047619047619,
        "percentage": 5.56,
        "percentage_delta": 5.56,
        "percentage_delta_per_hour": 0.7942857142857143,
        "percentage_delta_per_minute": 0.013238095238095236,
        "registered_count": 2410,
        "registered_count_delta": 2410,
        "registered_count_delta_per_hour": 344.2857142857143,
        "registered_count_delta_per_minute": 5.738095238095238
      },
      "20.00": {
        "count": 241,
        "count_delta": 107,
        "count_delta_per_hour": 21.4,
        "count_delta_per_minute": 0.3566666666666667,
        "percentage": 9.98,
        "percentage_delta": 4.420000000000001,
        "percentage_delta_per_hour": 0.8840000000000001,
        "percentage_delta_per_minute": 0.014733333333333336,
        "registered_count": 2415,
        "registered_count_delta": 5,
        "registered_count_delta_per_hour": 1,
        "registered_count_delta_per_minute": 0.016666666666666666
      }
    },
    "18.09.2021": {
      "15.00": {
        "count": 326,
        "count_delta": 85,
        "count_delta_per_hour": 12.142857142857142,
        "count_delta_per_minute": 0.20238095238095238,
        "percentage": 13.5,
        "percentage_delta": 3.5199999999999996,
        "percentage_delta_per_hour": 0.5028571428571428,
        "percentage_delta_per_minute": 0.00838095238095238,
        "registered_count": 2415,
        "registered_count_delta": 0,
        "registered_count_delta_per_hour": 0,
        "registered_count_delta_per_minute": 0
      },
      "20.00": {
        "count": 395,
        "count_delta": 69,
        "count_delta_per_hour": 13.8,
        "count_delta_per_minute": 0.23,
        "percentage": 16.36,
        "percentage_delta": 2.8599999999999994,
        "percentage_delta_per_hour": 0.5719999999999998,
        "percentage_delta_per_minute": 0.009533333333333331,
        "registered_count": 2414,
        "registered_count_delta": -1,
        "registered_count_delta_per_hour": -0.2,
        "registered_count_delta_per_minute": -0.0033333333333333335
      }
    },
    "19.09.2021": {
      "10.00": {
        "count": 409,
        "count_delta": 14,
        "count_delta_per_hour": 7,
        "count_delta_per_minute": 0.11666666666666667,
        "percentage": 16.82,
        "percentage_delta": 0.46000000000000085,
        "percentage_delta_per_hour": 0.23000000000000043,
        "percentage_delta_per_minute": 0.0038333333333333405
      },
      "12.00": {
        "count": 466,
        "count_delta": 57,
        "count_delta_per_hour": 28.5,
        "count_delta_per_minute": 0.475,
        "percentage": 19.14,
        "percentage_delta": 2.3200000000000003,
        "percentage_delta_per_hour": 1.1600000000000001,
        "percentage_delta_per_minute": 0.019333333333333334
      },
      "15.00": {
        "count": 595,
        "count_delta": 129,
        "count_delta_per_hour": 43,
        "count_delta_per_minute": 0.7166666666666667,
        "percentage": 24.44,
        "percentage_delta": 5.300000000000001,
        "percentage_delta_per_hour": 1.7666666666666668,
        "percentage_delta_per_minute": 0.029444444444444447
      },
      "18.00": {
        "count": 665,
        "count_delta": 70,
        "count_delta_per_hour": 23.333333333333332,
        "count_delta_per_minute": 0.3888888888888889,
        "percentage": 27.34,
        "percentage_delta": 2.8999999999999986,
        "percentage_delta_per_hour": 0.9666666666666662,
        "percentage_delta_per_minute": 0.016111111111111104
      },
      "20.00": {
        "count": 723,
        "count_delta": 58,
        "count_delta_per_hour": 29,
        "count_delta_per_minute": 0.48333333333333334,
        "percentage": 29.70419063270337,
        "percentage_delta": 2.3641906327033695,
        "percentage_delta_per_hour": 1.1820953163516847,
        "percentage_delta_per_minute": 0.019701588605861412,
        "registered_count": 2434,
        "registered_count_delta": 20,
        "registered_count_delta_per_hour": 1.6666666666666667,
        "registered_count_delta_per_minute": 0.027777777777777776
      }
    }
  },
  "metadata": {
    "analysis": {
      "negative_turnout_registered_count_protocols": 1,
      "negative_turnout_registered_count": 1,
      "protocol_count": 1,
      "exceeded_papers_count": 0,
      "exceeded_papers_steal_winning": 0,
      "checksum_valid": 1
    },
    "voters": {
      "initially_registered_count": 2414,
      "registered_count": 2434,
      "walk_by_count": 716,
      "on_home_count": 7,
      "ahead_of_time_count": 0,
      "exceptional_count": 0,
      "added_count": 20
    },
    "papers": {
      "received_count": 2000,
      "destroyed_count": 1277,
      "stationary_box_count": 714,
      "portable_box_count": 7,
      "valid_count": 696,
      "invalid_count": 25,
      "lost_count": 0,
      "ignored_count": 0,
      "taken_home_count": 2
    }
  },
  "entries": [
    {
      "name": "Четырбок Денис Александрович",
      "position": 7,
      "candidate_id": 44,
      "supported_by_party_id": 5,
      "official_result": {
        "votes_count": 259,
        "place": 1,
        "percentage": 35.92233009708738,
        "valid_percentage": 37.212643678160916,
        "registered_percentage": 10.640920295809368,
        "display_percentage": 35.92,
        "winner": true
      },
      "result_without_other_entry": {
        "38": {
          "percentage": 36.68555240793201,
          "valid_percentage": 38.032305433186494
        },
        "39": {
          "percentage": 42.73927392739274,