{
  "commission_name": "УИК №1535",
  "ballot_name": "Выборы депутатов Законодательного Собрания Санкт-Петербурга седьмого созыва",
  "name": "Результаты выборов по одномандатному (многомандатному) округу",
  "protocol_scope": {
    "type": "uik",
    "id": 1535
  },
  "electoral_district": {
    "type": "city",
    "id": 9
  },
  "data_id": 27820001915220,
  "ballot_data_id": 4784011517203,
  "has_koib": false,
  "generated_date": 1632123791000,
  "official_result": {
    "winner": {
      "id": 71,
      "position": 1,
      "percentage": 61.95445920303605,
      "valid_percentage": 63.21393998063891,
      "registered_percentage": 23.67657722987672
    },
    "turnout": {
      "count": 1054,
      "percentage": 38.21609862218999,
      "walk_by_count": 1037,
      "walk_by_percentage": 37.599709934735316,
      "on_home_count": 17,
      "on_home_percentage": 0.6163886874546773,
      "ahead_of_time_count": 0,
      "ahead_of_time_percentage": 0,
      "valid_count": 1033,
      "valid_percentage": 37.45467730239304,
      "invalid_count": 21,
      "invalid_percentage": 0.7614213197969544,
      "taken_home_count": 0,
      "taken_home_percentage": 0,
      "lost_count": 0,
      "lost_percentage": 0
    },
    "votes_stats": {
      "winning_count": 653,
      "winning_percentage": 61.95445920303605,
      "effective_count": 1033,
      "losing_count": 380,
      "losing_percentage": 36.05313092979127,
      "other_count": 21,
      "other_percentage": 1.9924098671726755,
      "by_place": {
        "#1": {
          "count": 653,
          "percentage": 61.95445920303605
        },
        "#2": {
          "count": 141,
          "percentage": 13.377609108159394,
          "supported_by_smart_vote": true
        },
        "#3": {
          "count": 126,
          "percentage": 11.954459203036052
        },
        "#4": {
          "count": 49,
          "percentage": 4.648956356736242
        },
        "#5": {
          "count": 36,
          "percentage": 3.415559772296015
        },
        "#6": {
          "count": 28,
          "percentage": 2.6565464895635675
        }
      }
    }
  },
  "turnout_protocols": {
    "17.09.2021": {
      "15.00": {
        "count": 223,
        "count_delta": 223,
        "count_delta_per_hour": 31.857142857142858,
        "count_delta_per_minute": 0.530952380952381,
        "percentage": 8.93,
        "percentage_delta": 8.93,
        "percentage_delta_per_hour": 1.2757142857142856,
        "percentage_delta_per_minute": 0.02126190476190476,
        "registered_count": 2497,
        "registered_count_delta": 2497,
        "registered_count_delta_per_hour": 356.7142857142857,
        "registered_count_delta_per_minute": 5.945238095238095
      },
      "20.00": {
        "count": 396,
        "count_delta": 173,
        "count_delta_per_hour": 34.6,
        "count_delta_per_minute": 0.5766666666666667,
        "percentage": 15.85,
        "percentage_delta": 6.92,
        "percentage_delta_per_hour": 1.384,
        "percentage_delta_per_minute": 0.023066666666666666,
        "registered_count": 2498,
        "registered_count_delta": 1,
        "registered_count_delta_per_hour": 0.2,
        "registered_count_delta_per_minute": 0.0033333333333333335
      }
    },
    "18.09.2021": {
      "15.00": {
        "count": 519,
        "count_delta": 123,
        "count_delta_per_hour": 17.571428571428573,
        "count_delta_per_minute": 0.29285714285714287,
        "percentage": 20.78,
        "percentage_delta": 4.9300000000000015,
        "percentage_delta_per_hour": 0.7042857142857145,
        "percentage_delta_per_minute": 0.011738095238095242,
        "registered_count": 2498,
        "registered_count_delta": 0,
        "registered_count_delta_per_hour": 0,
        "registered_count_delta_per_minute": 0
      },
      "20.00": {
        "count": 584,
        "count_delta": 65,
        "count_delta_per_hour": 13,
        "count_delta_per_minute": 0.21666666666666667,
        "percentage": 23.38,
        "percentage_delta": 2.599999999999998,
        "percentage_delta_per_hour": 0.5199999999999996,
        "percentage_delta_per_minute": 0.00866666666666666,
        "registered_count": 2498,
        "registered_count_delta": 0,
        "registered_count_delta_per_hour": 0,
        "registered_count_delta_per_minute": 0
      }
    },
    "19.09.2021": {
      "10.00": {
        "count": 659,
        "count_delta": 75,
        "count_delta_per_hour": 37.5,
        "count_delta_per_minute": 0.625,
        "percentage": 23.9,
        "percentage_delta": 0.5199999999999996,
        "percentage_delta_per_hour": 0.2599999999999998,
        "percentage_delta_per_minute": 0.00433333333333333
      },
      "12.00": {
        "count": 732,
        "count_delta": 73,
        "count_delta_per_hour": 36.5,
        "count_delta_per_minute": 0.6083333333333333,
        "percentage": 26.54,
        "percentage_delta": 2.6400000000000006,
        "percentage_delta_per_hour": 1.3200000000000003,
        "percentage_delta_per_minute": 0.022000000000000006
      },
      "15.00": {
        "count": 902,
        "count_delta": 170,
        "count_delta_per_hour": 56.666666666666664,
        "count_delta_per_minute": 0.9444444444444444,
        "percentage": 32.71,
        "percentage_delta": 6.170000000000002,
        "percentage_delta_per_hour": 2.056666666666667,
        "percentage_delta_per_minute": 0.03427777777777779
      },
      "18.00": {
        "count": 1054,
        "count_delta": 152,
        "count_delta_per_hour": 50.666666666666664,
        "count_delta_per_minute": 0.8444444444444444,
        "percentage": 38.23,
        "percentage_delta": 5.519999999999996,
        "percentage_delta_per_hour": 1.8399999999999987,
        "percentage_delta_per_minute": 0.030666666666666644
      },
      "20.00": {
        "count": 1054,
        "count_delta": 0,
        "count_delta_per_hour": 0,
        "count_delta_per_minute": 0,
        "percentage": 38.21609862218999,
        "percentage_delta": -0.013901377810007887,
        "percentage_delta_per_hour": -0.006950688905003943,
        "percentage_delta_per_minute": -0.00011584481508339906,
        "registered_count": 2758,
        "registered_count_delta": 260,
        "registered_count_delta_per_hour": 21.666666666666668,
        "registered_count_delta_per_minute": 0.3611111111111111
      }
    }
  },
  "metadata": {
    "analysis": {
      "negative_turnout_percentage_protocols": 1,
      "negative_turnout_percentage": 0.013901377810007887,
      "protocol_count": 1,
      "exceeded_papers_count": 0,
      "exceeded_papers_steal_winning": 0,
      "checksum_valid": 1
    },
    "voters": {
      "initially_registered_count": 2498,
      "registered_count": 2758,
      "walk_by_count": 1037,
      "on_home_count": 17,
      "ahead_of_time_count": 0,
      "exceptional_count": 0,
      "added_count": 260
    },
    "papers": {
      "received_count": 2000,
      "destroyed_count": 946,
      "stationary_box_count": 1037,
      "portable_box_count": 17,
      "valid_count": 1033,
      "invalid_count": 21,
      "lost_count": 0,
      "ignored_count": 0,
      "taken_home_count": 0
    }
  },
  "entries": [
    {
      "name": "Высоцкий Игорь Владимирович",
      "position": 1,
      "candidate_id": 71,
      "supported_by_party_id": 5,
      "official_result": {
        "votes_count": 653,
        "place": 1,
        "percentage": 61.95445920303605,
        "valid_percentage": 63.21393998063891,
        "registered_percentage": 23.67657722987672,
        "display_percentage": 61.95,
        "winner": true
      },
      "result_without_other_entry": {
        "65": {
          "percentage": 71.52245345016429,
          "valid_percentage": 73.20627802690582
        },
        "67": {
          "percentage": 64.97512437810946,
          "valid_percentage": 66.36178861788618
        },
        "72": {
          "percentage": 63.64522417153996,