{
  "commission_name": "УИК №1708",
  "ballot_name": "Выборы депутатов Законодательного Собрания Санкт-Петербурга седьмого созыва",
  "name": "Результаты выборов по одномандатному (многомандатному) округу",
  "protocol_scope": {
    "type": "uik",
    "id": 1708
  },
  "electoral_district": {
    "type": "city",
    "id": 19
  },
  "data_id": 27820001915220,
  "ballot_data_id": 478405586509,
  "has_koib": true,
  "generated_date": 1632115569000,
  "official_result": {
    "winner": {
      "id": 99,
      "position": 1,
      "percentage": 45.38745387453875,
      "valid_percentage": 47.906523855890946,
      "registered_percentage": 16.774633481077394
    },
    "turnout": {
      "count": 1114,
      "percentage": 37.981588816911014,
      "walk_by_count": 1092,
      "walk_by_percentage": 37.23150357995227,
      "on_home_count": 22,
      "on_home_percentage": 0.7500852369587453,
      "ahead_of_time_count": 0,
      "ahead_of_time_percentage": 0,
      "valid_count": 1027,
      "valid_percentage": 35.015342652574155,
      "invalid_count": 57,
      "invalid_percentage": 1.943402659393113,
      "taken_home_count": 30,
      "taken_home_percentage": 1.0228435049437437,
      "lost_count": 0,
      "lost_percentage": 0
    },
    "votes_stats": {
      "winning_count": 492,
      "winning_percentage": 45.38745387453875,
      "effective_count": 1027,
      "losing_count": 535,
      "losing_percentage": 49.35424354243542,
      "other_count": 57,
      "other_percentage": 5.258302583025831,
      "by_place": {
        "#1": {
          "count": 492,
          "percentage": 45.38745387453875
        },
        "#2": {
          "count": 207,
          "percentage": 19.095940959409592,
          "supported_by_smart_vote": true
        },
        "#3": {
          "count": 162,
          "percentage": 14.944649446494465
        },
        "#4": {
          "count": 66,
          "percentage": 6.088560885608856
        },
        "#5": {
          "count": 60,
          "percentage": 5.535055350553505
        },
        "#6": {
          "count": 40,
          "percentage": 3.6900369003690034
        }
      }
    }
  },
  "turnout_protocols": {
    "17.09.2021": {
      "15.00": {
        "count": 284,
        "count_delta": 284,
        "count_delta_per_hour": 40.57142857142857,
        "count_delta_per_minute": 0.6761904761904762,
        "percentage": 9.79,
        "percentage_delta": 9.79,
        "percentage_delta_per_hour": 1.3985714285714284,
        "percentage_delta_per_minute": 0.023309523809523808,
        "registered_count": 2901,
        "registered_count_delta": 2901,
        "registered_count_delta_per_hour": 414.42857142857144,
        "registered_count_delta_per_minute": 6.9071428571428575
      },
      "20.00": {
        "count": 402,
        "count_delta": 118,
        "count_delta_per_hour": 23.6,
        "count_delta_per_minute": 0.3933333333333333,
        "percentage": 13.83,
        "percentage_delta": 4.040000000000001,
        "percentage_delta_per_hour": 0.8080000000000002,
        "percentage_delta_per_minute": 0.01346666666666667,
        "registered_count": 2907,
        "registered_count_delta": 6,
        "registered_count_delta_per_hour": 1.2,
        "registered_count_delta_per_minute": 0.02
      }
    },
    "18.09.2021": {
      "15.00": {
        "count": 548,
        "count_delta": 146,
        "count_delta_per_hour": 20.857142857142858,
        "count_delta_per_minute": 0.3476190476190476,
        "percentage": 18.83,
        "percentage_delta": 4.999999999999998,
        "percentage_delta_per_hour": 0.7142857142857141,
        "percentage_delta_per_minute": 0.0119047619047619,
        "registered_count": 2910,
        "registered_count_delta": 3,
        "registered_count_delta_per_hour": 0.42857142857142855,
        "registered_count_delta_per_minute": 0.007142857142857143
      },
      "20.00": {
        "count": 647,
        "count_delta": 99,
        "count_delta_per_hour": 19.8,
        "count_delta_per_minute": 0.33,
        "percentage": 22.23,
        "percentage_delta": 3.400000000000002,
        "percentage_delta_per_hour": 0.6800000000000004,
        "percentage_delta_per_minute": 0.011333333333333341,
        "registered_count": 2910,
        "registered_count_delta": 0,
        "registered_count_delta_per_hour": 0,
        "registered_count_delta_per_minute": 0
      }
    },
    "19.09.2021": {
      "10.00": {
        "count": 672,
        "count_delta": 25,
        "count_delta_per_hour": 12.5,
        "count_delta_per_minute": 0.20833333333333334,
        "percentage": 22.91,
        "percentage_delta": 0.6799999999999997,
        "percentage_delta_per_hour": 0.33999999999999986,
        "percentage_delta_per_minute": 0.0056666666666666645
      },
      "12.00": {
        "count": 716,
        "count_delta": 44,
        "count_delta_per_hour": 22,
        "count_delta_per_minute": 0.36666666666666664,
        "percentage": 24.4,
        "percentage_delta": 1.4899999999999984,
        "percentage_delta_per_hour": 0.7449999999999992,
        "percentage_delta_per_minute": 0.012416666666666654
      },
      "15.00": {
        "count": 837,
        "count_delta": 121,
        "count_delta_per_hour": 40.333333333333336,
        "count_delta_per_minute": 0.6722222222222223,
        "percentage": 28.53,
        "percentage_delta": 4.130000000000003,
        "percentage_delta_per_hour": 1.3766666666666676,
        "percentage_delta_per_minute": 0.02294444444444446
      },
      "18.00": {
        "count": 943,
        "count_delta": 106,
        "count_delta_per_hour": 35.333333333333336,
        "count_delta_per_minute": 0.5888888888888889,
        "percentage": 32.15,
        "percentage_delta": 3.6199999999999974,
        "percentage_delta_per_hour": 1.2066666666666659,
        "percentage_delta_per_minute": 0.020111111111111097
      },
      "20.00": {
        "count": 1114,
        "count_delta": 171,
        "count_delta_per_hour": 85.5,
        "count_delta_per_minute": 1.425,
        "percentage": 37.981588816911014,
        "percentage_delta": 5.831588816911015,
        "percentage_delta_per_hour": 2.9157944084555076,
        "percentage_delta_per_minute": 0.04859657347425846,
        "registered_count": 2933,
        "registered_count_delta": 23,
        "registered_count_delta_per_hour": 1.9166666666666667,
        "registered_count_delta_per_minute": 0.03194444444444444
      }
    }
  },
  "metadata": {
    "analysis": {
      "protocol_count": 1,
      "exceeded_papers_count": 0,
      "exceeded_papers_steal_winning": 0,
      "checksum_valid": 1
    },
    "voters": {
      "initially_registered_count": 2886,
      "registered_count": 2933,
      "walk_by_count": 1092,
      "on_home_count": 22,
      "ahead_of_time_count": 0,
      "exceptional_count": 0,
      "added_count": 47
    },
    "papers": {
      "received_count": 2500,
      "destroyed_count": 1386,
      "stationary_box_count": 1062,
      "portable_box_count": 22,
      "valid_count": 1027,
      "invalid_count": 57,
      "lost_count": 0,
      "ignored_count": 0,
      "taken_home_count": 30
    }
  },
  "entries": [
    {
      "name": "Барышников Михаил Иванович",
      "position": 1,
      "candidate_id": 99,
      "supported_by_party_id": 5,
      "official_result": {
        "votes_count": 492,
        "place": 1,
        "percentage": 45.38745387453875,
        "valid_percentage": 47.906523855890946,
        "registered_percentage": 16.774633481077394,
        "display_percentage": 45.39,
        "winner": true
      },
      "result_without_other_entry": {
        "82": {
          "percentage": 53.36225596529284,
          "valid_percentage": 56.87861271676301
        },
        "100": {
          "percentage": 47.12643678160919,
          "valid_percentage": 49.848024316109424
        },
        "101": {
          "percentage": 48.046875,
          "valid_percentage": 50.87900723888315
        },