{
  "commission_name": "УИК №1652",
  "ballot_name": "Выборы депутатов Законодательного Собрания Санкт-Петербурга седьмого созыва",
  "name": "Результаты выборов по единому округу",
  "protocol_scope": {
    "type": "uik",
    "id": 1652
  },
  "electoral_district": {
    "type": "city",
    "id": 0
  },
  "data_id": 27820001915220,
  "ballot_data_id": 478405483880,
  "has_koib": false,
  "generated_date": 1632132369000,
  "official_result": {
    "winner": {
      "id": 5,
      "position": 2,
      "percentage": 32.91925465838509,
      "valid_percentage": 33.97435897435898,
      "registered_percentage": 9.397163120567376
    },
    "turnout": {
      "count": 322,
      "percentage": 28.54609929078014,
      "walk_by_count": 311,
      "walk_by_percentage": 27.570921985815605,
      "on_home_count": 11,
      "on_home_percentage": 0.975177304964539,
      "ahead_of_time_count": 0,
      "ahead_of_time_percentage": 0,
      "valid_count": 312,
      "valid_percentage": 27.659574468085108,
      "invalid_count": 10,
      "invalid_percentage": 0.8865248226950355,
      "taken_home_count": 0,
      "taken_home_percentage": 0,
      "lost_count": 0,
      "lost_percentage": 0
    },
    "votes_stats": {
      "winning_count": 106,
      "winning_percentage": 32.91925465838509,
      "effective_count": 312,
      "losing_count": 206,
      "losing_percentage": 63.975155279503106,
      "other_count": 10,
      "other_percentage": 3.1055900621118013,
      "by_place": {
        "#1": {
          "count": 106,
          "percentage": 32.91925465838509
        },
        "#2": {
          "count": 54,
          "percentage": 16.77018633540373
        },
        "#3": {
          "count": 39,
          "percentage": 12.111801242236025
        },
        "#4": {
          "count": 37,
          "percentage": 11.490683229813664
        },
        "#5": {
          "count": 30,
          "percentage": 9.316770186335404
        },
        "#6": {
          "count": 25,
          "percentage": 7.763975155279502
        },
        "#7": {
          "count": 13,
          "percentage": 4.037267080745342
        },
        "#8": {
          "count": 8,
          "percentage": 2.484472049689441
        }
      }
    }
  },
  "turnout_protocols": {
    "17.09.2021": {
      "15.00": {
        "count": 52,
        "count_delta": 52,
        "count_delta_per_hour": 7.428571428571429,
        "count_delta_per_minute": 0.12380952380952381,
        "percentage": 4.6,
        "percentage_delta": 4.6,
        "percentage_delta_per_hour": 0.6571428571428571,
        "percentage_delta_per_minute": 0.010952380952380951,
        "registered_count": 1130,
        "registered_count_delta": 1130,
        "registered_count_delta_per_hour": 161.42857142857142,
        "registered_count_delta_per_minute": 2.6904761904761907
      },
      "20.00": {
        "count": 98,
        "count_delta": 46,
        "count_delta_per_hour": 9.2,
        "count_delta_per_minute": 0.15333333333333332,
        "percentage": 8.67,
        "percentage_delta": 4.07,
        "percentage_delta_per_hour": 0.8140000000000001,
        "percentage_delta_per_minute": 0.013566666666666668,
        "registered_count": 1130,
        "registered_count_delta": 0,
        "registered_count_delta_per_hour": 0,
        "registered_count_delta_per_minute": 0
      }
    },
    "18.09.2021": {
      "15.00": {
        "count": 152,
        "count_delta": 54,
        "count_delta_per_hour": 7.714285714285714,
        "count_delta_per_minute": 0.12857142857142856,
        "percentage": 13.45,
        "percentage_delta": 4.779999999999999,
        "percentage_delta_per_hour": 0.6828571428571427,
        "percentage_delta_per_minute": 0.011380952380952379,
        "registered_count": 1130,
        "registered_count_delta": 0,
        "registered_count_delta_per_hour": 0,
        "registered_count_delta_per_minute": 0
      },
      "20.00": {
        "count": 181,
        "count_delta": 29,
        "count_delta_per_hour": 5.8,
        "count_delta_per_minute": 0.09666666666666666,
        "percentage": 16.02,
        "percentage_delta": 2.5700000000000003,
        "percentage_delta_per_hour": 0.514,
        "percentage_delta_per_minute": 0.008566666666666667,
        "registered_count": 1130,
        "registered_count_delta": 0,
        "registered_count_delta_per_hour": 0,
        "registered_count_delta_per_minute": 0
      }
    },
    "19.09.2021": {
      "10.00": {
        "count": 181,
        "count_delta": 0,
        "count_delta_per_hour": 0,
        "count_delta_per_minute": 0,
        "percentage": 16.02,
        "percentage_delta": 0,
        "percentage_delta_per_hour": 0,
        "percentage_delta_per_minute": 0
      },
      "12.00": {
        "count": 205,
        "count_delta": 24,
        "count_delta_per_hour": 12,
        "count_delta_per_minute": 0.2,
        "percentage": 18.14,
        "percentage_delta": 2.120000000000001,
        "percentage_delta_per_hour": 1.0600000000000005,
        "percentage_delta_per_minute": 0.017666666666666674
      },
      "15.00": {
        "count": 231,
        "count_delta": 26,
        "count_delta_per_hour": 8.666666666666666,
        "count_delta_per_minute": 0.14444444444444443,
        "percentage": 20.44,
        "percentage_delta": 2.3000000000000007,
        "percentage_delta_per_hour": 0.7666666666666669,
        "percentage_delta_per_minute": 0.012777777777777782
      },
      "18.00": {
        "count": 280,
        "count_delta": 49,
        "count_delta_per_hour": 16.333333333333332,
        "count_delta_per_minute": 0.2722222222222222,
        "percentage": 24.78,
        "percentage_delta": 4.34,
        "percentage_delta_per_hour": 1.4466666666666665,
        "percentage_delta_per_minute": 0.02411111111111111
      },
      "20.00": {
        "count": 322,
        "count_delta": 42,
        "count_delta_per_hour": 21,
        "count_delta_per_minute": 0.35,
        "percentage": 28.54609929078014,
        "percentage_delta": 3.76609929078014,
        "percentage_delta_per_hour": 1.88304964539007,
        "percentage_delta_per_minute": 0.03138416075650117,
        "registered_count": 1128,
        "registered_count_delta": -2,
        "registered_count_delta_per_hour": -0.16666666666666666,
        "registered_count_delta_per_minute": -0.002777777777777778
      }
    }
  },
  "metadata": {
    "analysis": {
      "negative_turnout_registered_count_protocols": 1,
      "negative_turnout_registered_count": 2,
      "protocol_count": 1,
      "exceeded_papers_count": 0,
      "exceeded_papers_steal_winning": 0,
      "exceeded_papers_provide_extra_places": 0,
      "multiple_winners": 0,
      "checksum_valid": 1
    },
    "voters": {
      "initially_registered_count": 1130,
      "registered_count": 1128,
      "walk_by_count": 311,
      "on_home_count": 11,
      "ahead_of_time_count": 0,
      "exceptional_count": 0,
      "removed_count": 2
    },
    "papers": {
      "received_count": 1000,
      "destroyed_count": 678,
      "stationary_box_count": 311,
      "portable_box_count": 11,
      "valid_count": 312,
      "invalid_count": 10,
      "lost_count": 0,
      "ignored_count": 0,
      "taken_home_count": 0
    }
  },
  "entries": [
    {
      "name": "Всероссийская политическая партия \"ЕДИНАЯ РОССИЯ\"",
      "position": 2,
      "party_id": 5,
      "official_result": {
        "votes_count": 106,
        "place": 1,
        "percentage": 32.91925465838509,
        "valid_percentage": 33.97435897435898,
        "registered_percentage": 9.397163120567376,
        "display_percentage": 32.92,
        "winner": true
      },
      "result_without_other_entry": {
        "1": {
          "percentage": 37.19298245614035,
          "valid_percentage": 38.54545454545455
        },
        "3": {
          "percentage": 36.3013698630137,
          "valid_percentage": 37.5886524822695
        },