{
  "commission_name": "УИК №1637",
  "ballot_name": "Выборы депутатов Законодательного Собрания Санкт-Петербурга седьмого созыва",
  "name": "Результаты выборов по единому округу",
  "protocol_scope": {
    "type": "uik",
    "id": 1637
  },
  "electoral_district": {
    "type": "city",
    "id": 0
  },
  "data_id": 27820001915220,
  "ballot_data_id": 4784012321666,
  "has_koib": false,
  "generated_date": 1632133463000,
  "official_result": {
    "winner": {
      "id": 5,
      "position": 2,
      "percentage": 69.751166407465,
      "valid_percentage": 70.29780564263322,
      "registered_percentage": 32.476466328747286
    },
    "turnout": {
      "count": 1286,
      "percentage": 46.56046343229544,
      "walk_by_count": 1271,
      "walk_by_percentage": 46.017378711078926,
      "on_home_count": 15,
      "on_home_percentage": 0.5430847212165097,
      "ahead_of_time_count": 0,
      "ahead_of_time_percentage": 0,
      "valid_count": 1276,
      "valid_percentage": 46.198406951484436,
      "invalid_count": 10,
      "invalid_percentage": 0.3620564808110065,
      "taken_home_count": 0,
      "taken_home_percentage": 0,
      "lost_count": 0,
      "lost_percentage": 0
    },
    "votes_stats": {
      "winning_count": 897,
      "winning_percentage": 69.751166407465,
      "effective_count": 1276,
      "losing_count": 379,
      "losing_percentage": 29.471228615863144,
      "other_count": 10,
      "other_percentage": 0.7776049766718507,
      "by_place": {
        "#1": {
          "count": 897,
          "percentage": 69.751166407465
        },
        "#2": {
          "count": 117,
          "percentage": 9.097978227060652
        },
        "#3": {
          "count": 105,
          "percentage": 8.164852255054432
        },
        "#4": {
          "count": 67,
          "percentage": 5.209953343701399
        },
        "#5": {
          "count": 33,
          "percentage": 2.5660964230171075
        },
        "#6": {
          "count": 24,
          "percentage": 1.8662519440124419
        },
        "#7": {
          "count": 17,
          "percentage": 1.3219284603421462
        },
        "#8": {
          "count": 16,
          "percentage": 1.244167962674961
        }
      }
    }
  },
  "turnout_protocols": {
    "17.09.2021": {
      "15.00": {
        "count": 98,
        "count_delta": 98,
        "count_delta_per_hour": 14,
        "count_delta_per_minute": 0.23333333333333334,
        "percentage": 3.57,
        "percentage_delta": 3.57,
        "percentage_delta_per_hour": 0.51,
        "percentage_delta_per_minute": 0.008499999999999999,
        "registered_count": 2745,
        "registered_count_delta": 2745,
        "registered_count_delta_per_hour": 392.14285714285717,
        "registered_count_delta_per_minute": 6.535714285714286
      },
      "20.00": {
        "count": 169,
        "count_delta": 71,
        "count_delta_per_hour": 14.2,
        "count_delta_per_minute": 0.23666666666666666,
        "percentage": 6.15,
        "percentage_delta": 2.5800000000000005,
        "percentage_delta_per_hour": 0.5160000000000001,
        "percentage_delta_per_minute": 0.008600000000000002,
        "registered_count": 2748,
        "registered_count_delta": 3,
        "registered_count_delta_per_hour": 0.6,
        "registered_count_delta_per_minute": 0.01
      }
    },
    "18.09.2021": {
      "15.00": {
        "count": 296,
        "count_delta": 127,
        "count_delta_per_hour": 18.142857142857142,
        "count_delta_per_minute": 0.30238095238095236,
        "percentage": 10.78,
        "percentage_delta": 4.629999999999999,
        "percentage_delta_per_hour": 0.6614285714285713,
        "percentage_delta_per_minute": 0.01102380952380952,
        "registered_count": 2746,
        "registered_count_delta": -2,
        "registered_count_delta_per_hour": -0.2857142857142857,
        "registered_count_delta_per_minute": -0.004761904761904762
      },
      "20.00": {
        "count": 371,
        "count_delta": 75,
        "count_delta_per_hour": 15,
        "count_delta_per_minute": 0.25,
        "percentage": 13.51,
        "percentage_delta": 2.7300000000000004,
        "percentage_delta_per_hour": 0.546,
        "percentage_delta_per_minute": 0.009100000000000002,
        "registered_count": 2746,
        "registered_count_delta": 0,
        "registered_count_delta_per_hour": 0,
        "registered_count_delta_per_minute": 0
      }
    },
    "19.09.2021": {
      "10.00": {
        "count": 374,
        "count_delta": 3,
        "count_delta_per_hour": 1.5,
        "count_delta_per_minute": 0.025,
        "percentage": 13.54,
        "percentage_delta": 0.02999999999999936,
        "percentage_delta_per_hour": 0.01499999999999968,
        "percentage_delta_per_minute": 0.0002499999999999947
      },
      "12.00": {
        "count": 375,
        "count_delta": 1,
        "count_delta_per_hour": 0.5,
        "count_delta_per_minute": 0.008333333333333333,
        "percentage": 13.58,
        "percentage_delta": 0.040000000000000924,
        "percentage_delta_per_hour": 0.020000000000000462,
        "percentage_delta_per_minute": 0.000333333333333341
      },
      "15.00": {
        "count": 574,
        "count_delta": 199,
        "count_delta_per_hour": 66.33333333333333,
        "count_delta_per_minute": 1.1055555555555556,
        "percentage": 20.79,
        "percentage_delta": 7.209999999999999,
        "percentage_delta_per_hour": 2.403333333333333,
        "percentage_delta_per_minute": 0.04005555555555555
      },
      "18.00": {
        "count": 750,
        "count_delta": 176,
        "count_delta_per_hour": 58.666666666666664,
        "count_delta_per_minute": 0.9777777777777777,
        "percentage": 27.16,
        "percentage_delta": 6.370000000000001,
        "percentage_delta_per_hour": 2.1233333333333335,
        "percentage_delta_per_minute": 0.03538888888888889
      },
      "20.00": {
        "count": 1286,
        "count_delta": 536,
        "count_delta_per_hour": 268,
        "count_delta_per_minute": 4.466666666666667,
        "percentage": 46.56046343229544,
        "percentage_delta": 19.400463432295442,
        "percentage_delta_per_hour": 9.700231716147721,
        "percentage_delta_per_minute": 0.16167052860246203,
        "registered_count": 2762,
        "registered_count_delta": 16,
        "registered_count_delta_per_hour": 1.3333333333333333,
        "registered_count_delta_per_minute": 0.022222222222222223
      }
    }
  },
  "metadata": {
    "analysis": {
      "negative_turnout_registered_count_protocols": 1,
      "negative_turnout_registered_count": 2,
      "protocol_count": 1,
      "exceeded_papers_count": 0,
      "exceeded_papers_steal_winning": 0,
      "exceeded_papers_provide_extra_places": 0,
      "multiple_winners": 0,
      "checksum_valid": 1
    },
    "voters": {
      "initially_registered_count": 2747,
      "registered_count": 2762,
      "walk_by_count": 1271,
      "on_home_count": 15,
      "ahead_of_time_count": 0,
      "exceptional_count": 0,
      "added_count": 15
    },
    "papers": {
      "received_count": 2500,
      "destroyed_count": 1214,
      "stationary_box_count": 1271,
      "portable_box_count": 15,
      "valid_count": 1276,
      "invalid_count": 10,
      "lost_count": 0,
      "ignored_count": 0,
      "taken_home_count": 0
    }
  },
  "entries": [
    {
      "name": "Всероссийская политическая партия \"ЕДИНАЯ РОССИЯ\"",
      "position": 2,
      "party_id": 5,
      "official_result": {
        "votes_count": 897,
        "place": 1,
        "percentage": 69.751166407465,
        "valid_percentage": 70.29780564263322,
        "registered_percentage": 32.476466328747286,
        "display_percentage": 69.75,
        "winner": true
      },
      "result_without_other_entry": {
        "1": {
          "percentage": 76.732249786142,
          "valid_percentage": 77.39430543572044
        },