{
  "commission_name": "УИК №210",
  "ballot_name": "Выборы депутатов Законодательного Собрания Санкт-Петербурга седьмого созыва",
  "name": "Результаты выборов по одномандатному (многомандатному) округу",
  "protocol_scope": {
    "type": "uik",
    "id": 210
  },
  "electoral_district": {
    "type": "city",
    "id": 11
  },
  "data_id": 27820001915220,
  "ballot_data_id": 478403482876,
  "has_koib": false,
  "generated_date": 1632112491000,
  "official_result": {
    "winner": {
      "id": 157,
      "position": 5,
      "percentage": 31.41542002301496,
      "valid_percentage": 33.252131546894034,
      "registered_percentage": 11.691648822269807
    },
    "turnout": {
      "count": 870,
      "percentage": 37.25910064239829,
      "walk_by_count": 793,
      "walk_by_percentage": 33.96145610278373,
      "on_home_count": 77,
      "on_home_percentage": 3.297644539614561,
      "ahead_of_time_count": 0,
      "ahead_of_time_percentage": 0,
      "valid_count": 821,
      "valid_percentage": 35.16059957173447,
      "invalid_count": 48,
      "invalid_percentage": 2.0556745182012848,
      "taken_home_count": 1,
      "taken_home_percentage": 0.042826552462526764,
      "lost_count": 0,
      "lost_percentage": 0
    },
    "votes_stats": {
      "winning_count": 273,
      "winning_percentage": 31.41542002301496,
      "effective_count": 821,
      "losing_count": 548,
      "losing_percentage": 63.06098964326813,
      "other_count": 48,
      "other_percentage": 5.523590333716916,
      "by_place": {
        "#1": {
          "count": 273,
          "percentage": 31.41542002301496
        },
        "#2": {
          "count": 152,
          "percentage": 17.491369390103568,
          "supported_by_smart_vote": true
        },
        "#3": {
          "count": 125,
          "percentage": 14.384349827387801
        },
        "#4": {
          "count": 100,
          "percentage": 11.507479861910241
        },
        "#5": {
          "count": 83,
          "percentage": 9.551208285385501
        },
        "#6": {
          "count": 46,
          "percentage": 5.293440736478711
        },
        "#7": {
          "count": 42,
          "percentage": 4.833141542002301
        }
      }
    }
  },
  "turnout_protocols": {
    "17.09.2021": {
      "15.00": {
        "count": 164,
        "count_delta": 164,
        "count_delta_per_hour": 23.428571428571427,
        "count_delta_per_minute": 0.3904761904761905,
        "percentage": 7.07,
        "percentage_delta": 7.07,
        "percentage_delta_per_hour": 1.01,
        "percentage_delta_per_minute": 0.016833333333333336,
        "registered_count": 2320,
        "registered_count_delta": 2320,
        "registered_count_delta_per_hour": 331.42857142857144,
        "registered_count_delta_per_minute": 5.523809523809524
      },
      "20.00": {
        "count": 321,
        "count_delta": 157,
        "count_delta_per_hour": 31.4,
        "count_delta_per_minute": 0.5233333333333333,
        "percentage": 13.83,
        "percentage_delta": 6.76,
        "percentage_delta_per_hour": 1.3519999999999999,
        "percentage_delta_per_minute": 0.022533333333333332,
        "registered_count": 2321,
        "registered_count_delta": 1,
        "registered_count_delta_per_hour": 0.2,
        "registered_count_delta_per_minute": 0.0033333333333333335
      }
    },
    "18.09.2021": {
      "15.00": {
        "count": 420,
        "count_delta": 99,
        "count_delta_per_hour": 14.142857142857142,
        "count_delta_per_minute": 0.2357142857142857,
        "percentage": 18.1,
        "percentage_delta": 4.270000000000001,
        "percentage_delta_per_hour": 0.6100000000000002,
        "percentage_delta_per_minute": 0.01016666666666667,
        "registered_count": 2320,
        "registered_count_delta": -1,
        "registered_count_delta_per_hour": -0.14285714285714285,
        "registered_count_delta_per_minute": -0.002380952380952381
      },
      "20.00": {
        "count": 500,
        "count_delta": 80,
        "count_delta_per_hour": 16,
        "count_delta_per_minute": 0.26666666666666666,
        "percentage": 21.54,
        "percentage_delta": 3.4399999999999977,
        "percentage_delta_per_hour": 0.6879999999999995,
        "percentage_delta_per_minute": 0.01146666666666666,
        "registered_count": 2321,
        "registered_count_delta": 1,
        "registered_count_delta_per_hour": 0.2,
        "registered_count_delta_per_minute": 0.0033333333333333335
      }
    },
    "19.09.2021": {
      "10.00": {
        "count": 525,
        "count_delta": 25,
        "count_delta_per_hour": 12.5,
        "count_delta_per_minute": 0.20833333333333334,
        "percentage": 22.49,
        "percentage_delta": 0.9499999999999993,
        "percentage_delta_per_hour": 0.47499999999999964,
        "percentage_delta_per_minute": 0.00791666666666666
      },
      "12.00": {
        "count": 549,
        "count_delta": 24,
        "count_delta_per_hour": 12,
        "count_delta_per_minute": 0.2,
        "percentage": 23.52,
        "percentage_delta": 1.0300000000000011,
        "percentage_delta_per_hour": 0.5150000000000006,
        "percentage_delta_per_minute": 0.008583333333333342
      },
      "15.00": {
        "count": 683,
        "count_delta": 134,
        "count_delta_per_hour": 44.666666666666664,
        "count_delta_per_minute": 0.7444444444444445,
        "percentage": 29.23,
        "percentage_delta": 5.710000000000001,
        "percentage_delta_per_hour": 1.9033333333333335,
        "percentage_delta_per_minute": 0.03172222222222223
      },
      "18.00": {
        "count": 772,
        "count_delta": 89,
        "count_delta_per_hour": 29.666666666666668,
        "count_delta_per_minute": 0.49444444444444446,
        "percentage": 33.05,
        "percentage_delta": 3.8199999999999967,
        "percentage_delta_per_hour": 1.2733333333333323,
        "percentage_delta_per_minute": 0.021222222222222205
      },
      "20.00": {
        "count": 870,
        "count_delta": 98,
        "count_delta_per_hour": 49,
        "count_delta_per_minute": 0.8166666666666667,
        "percentage": 37.25910064239829,
        "percentage_delta": 4.20910064239829,
        "percentage_delta_per_hour": 2.104550321199145,
        "percentage_delta_per_minute": 0.03507583868665242,
        "registered_count": 2335,
        "registered_count_delta": 14,
        "registered_count_delta_per_hour": 1.1666666666666667,
        "registered_count_delta_per_minute": 0.019444444444444445
      }
    }
  },
  "metadata": {
    "analysis": {
      "negative_turnout_registered_count_protocols": 1,
      "negative_turnout_registered_count": 1,
      "protocol_count": 1,
      "exceeded_papers_count": 0,
      "exceeded_papers_steal_winning": 0,
      "checksum_valid": 1
    },
    "voters": {
      "initially_registered_count": 2321,
      "registered_count": 2335,
      "walk_by_count": 793,
      "on_home_count": 77,
      "ahead_of_time_count": 0,
      "exceptional_count": 0,
      "added_count": 14
    },
    "papers": {
      "received_count": 2000,
      "destroyed_count": 1130,
      "stationary_box_count": 792,
      "portable_box_count": 77,
      "valid_count": 821,
      "invalid_count": 48,
      "lost_count": 0,
      "ignored_count": 0,
      "taken_home_count": 1
    }
  },
  "entries": [
    {
      "name": "Гарнец Валерий Николаевич",
      "position": 5,
      "candidate_id": 157,
      "supported_by_party_id": 5,
      "official_result": {
        "votes_count": 273,
        "place": 1,
        "percentage": 31.41542002301496,
        "valid_percentage": 33.252131546894034,
        "registered_percentage": 11.691648822269807,
        "display_percentage": 31.42,
        "winner": true
      },
      "result_without_other_entry": {
        "31": {
          "percentage": 33.171324422843256,
          "valid_percentage": 35.225806451612904
        },