{
  "commission_name": "УИК №521",
  "ballot_name": "Выборы депутатов Законодательного Собрания Санкт-Петербурга седьмого созыва",
  "name": "Результаты выборов по одномандатному (многомандатному) округу",
  "protocol_scope": {
    "type": "uik",
    "id": 521
  },
  "electoral_district": {
    "type": "city",
    "id": 7
  },
  "data_id": 27820001915220,
  "ballot_data_id": 4784019338376,
  "has_koib": false,
  "generated_date": 1632119265000,
  "official_result": {
    "winner": {
      "id": 57,
      "position": 5,
      "percentage": 28.110599078341014,
      "valid_percentage": 28.978622327790976,
      "registered_percentage": 10.037021801727684,
      "supported_by_smart_vote": true
    },
    "turnout": {
      "count": 869,
      "percentage": 35.74660633484163,
      "walk_by_count": 838,
      "walk_by_percentage": 34.471410941999174,
      "on_home_count": 31,
      "on_home_percentage": 1.2751953928424515,
      "ahead_of_time_count": 0,
      "ahead_of_time_percentage": 0,
      "valid_count": 842,
      "valid_percentage": 34.63595228301111,
      "invalid_count": 26,
      "invalid_percentage": 1.06951871657754,
      "taken_home_count": 1,
      "taken_home_percentage": 0.04113533525298231,
      "lost_count": 0,
      "lost_percentage": 0
    },
    "votes_stats": {
      "winning_count": 244,
      "winning_percentage": 28.110599078341014,
      "effective_count": 842,
      "losing_count": 598,
      "losing_percentage": 68.89400921658986,
      "other_count": 26,
      "other_percentage": 2.995391705069124,
      "by_place": {
        "#1": {
          "count": 244,
          "percentage": 28.110599078341014,
          "supported_by_smart_vote": true
        },
        "#2": {
          "count": 198,
          "percentage": 22.811059907834103
        },
        "#3": {
          "count": 158,
          "percentage": 18.202764976958523
        },
        "#4": {
          "count": 108,
          "percentage": 12.442396313364055
        },
        "#5.5": {
          "count": 100,
          "percentage": 11.52073732718894
        },
        "#6": {
          "count": 34,
          "percentage": 3.9170506912442393
        }
      }
    }
  },
  "turnout_protocols": {
    "17.09.2021": {
      "15.00": {
        "count": 108,
        "count_delta": 108,
        "count_delta_per_hour": 15.428571428571429,
        "count_delta_per_minute": 0.2571428571428571,
        "percentage": 4.48,
        "percentage_delta": 4.48,
        "percentage_delta_per_hour": 0.64,
        "percentage_delta_per_minute": 0.010666666666666668,
        "registered_count": 2411,
        "registered_count_delta": 2411,
        "registered_count_delta_per_hour": 344.42857142857144,
        "registered_count_delta_per_minute": 5.7404761904761905
      },
      "20.00": {
        "count": 334,
        "count_delta": 226,
        "count_delta_per_hour": 45.2,
        "count_delta_per_minute": 0.7533333333333333,
        "percentage": 13.82,
        "percentage_delta": 9.34,
        "percentage_delta_per_hour": 1.8679999999999999,
        "percentage_delta_per_minute": 0.031133333333333332,
        "registered_count": 2417,
        "registered_count_delta": 6,
        "registered_count_delta_per_hour": 1.2,
        "registered_count_delta_per_minute": 0.02
      }
    },
    "18.09.2021": {
      "15.00": {
        "count": 427,
        "count_delta": 93,
        "count_delta_per_hour": 13.285714285714286,
        "count_delta_per_minute": 0.22142857142857142,
        "percentage": 17.67,
        "percentage_delta": 3.8500000000000014,
        "percentage_delta_per_hour": 0.5500000000000002,
        "percentage_delta_per_minute": 0.00916666666666667,
        "registered_count": 2417,
        "registered_count_delta": 0,
        "registered_count_delta_per_hour": 0,
        "registered_count_delta_per_minute": 0
      },
      "20.00": {
        "count": 516,
        "count_delta": 89,
        "count_delta_per_hour": 17.8,
        "count_delta_per_minute": 0.2966666666666667,
        "percentage": 21.33,
        "percentage_delta": 3.6599999999999966,
        "percentage_delta_per_hour": 0.7319999999999993,
        "percentage_delta_per_minute": 0.012199999999999989,
        "registered_count": 2419,
        "registered_count_delta": 2,
        "registered_count_delta_per_hour": 0.4,
        "registered_count_delta_per_minute": 0.006666666666666667
      }
    },
    "19.09.2021": {
      "10.00": {
        "count": 526,
        "count_delta": 10,
        "count_delta_per_hour": 5,
        "count_delta_per_minute": 0.08333333333333333,
        "percentage": 21.62,
        "percentage_delta": 0.2900000000000027,
        "percentage_delta_per_hour": 0.14500000000000135,
        "percentage_delta_per_minute": 0.0024166666666666893
      },
      "12.00": {
        "count": 546,
        "count_delta": 20,
        "count_delta_per_hour": 10,
        "count_delta_per_minute": 0.16666666666666666,
        "percentage": 22.44,
        "percentage_delta": 0.8200000000000003,
        "percentage_delta_per_hour": 0.41000000000000014,
        "percentage_delta_per_minute": 0.006833333333333335
      },
      "15.00": {
        "count": 639,
        "count_delta": 93,
        "count_delta_per_hour": 31,
        "count_delta_per_minute": 0.5166666666666667,
        "percentage": 26.28,
        "percentage_delta": 3.84,
        "percentage_delta_per_hour": 1.28,
        "percentage_delta_per_minute": 0.021333333333333333
      },
      "18.00": {
        "count": 781,
        "count_delta": 142,
        "count_delta_per_hour": 47.333333333333336,
        "count_delta_per_minute": 0.7888888888888889,
        "percentage": 32.12,
        "percentage_delta": 5.839999999999996,
        "percentage_delta_per_hour": 1.9466666666666654,
        "percentage_delta_per_minute": 0.03244444444444442
      },
      "20.00": {
        "count": 869,
        "count_delta": 88,
        "count_delta_per_hour": 44,
        "count_delta_per_minute": 0.7333333333333333,
        "percentage": 35.74660633484163,
        "percentage_delta": 3.6266063348416324,
        "percentage_delta_per_hour": 1.8133031674208162,
        "percentage_delta_per_minute": 0.030221719457013605,
        "registered_count": 2431,
        "registered_count_delta": 12,
        "registered_count_delta_per_hour": 1,
        "registered_count_delta_per_minute": 0.016666666666666666
      }
    }
  },
  "metadata": {
    "analysis": {
      "protocol_count": 1,
      "exceeded_papers_count": 0,
      "exceeded_papers_steal_winning": 0,
      "checksum_valid": 1
    },
    "voters": {
      "initially_registered_count": 2411,
      "registered_count": 2431,
      "walk_by_count": 838,
      "on_home_count": 31,
      "ahead_of_time_count": 0,
      "exceptional_count": 0,
      "added_count": 20
    },
    "papers": {
      "received_count": 1988,
      "destroyed_count": 1119,
      "stationary_box_count": 837,
      "portable_box_count": 31,
      "valid_count": 842,
      "invalid_count": 26,
      "lost_count": 0,
      "ignored_count": 0,
      "taken_home_count": 1
    }
  },
  "entries": [
    {
      "name": "Тихонова Надежда Геннадьевна",
      "position": 5,
      "candidate_id": 57,
      "supported_by_party_id": 6,
      "supported_by_smart_vote": true,
      "official_result": {
        "votes_count": 244,
        "place": 1,
        "percentage": 28.110599078341014,
        "valid_percentage": 28.978622327790976,
        "registered_percentage": 10.037021801727684,
        "display_percentage": 28.11,
        "winner": true
      },
      "result_without_other_entry": {
        "51": {
          "percentage": 36.417910447761194,
          "valid_percentage": 37.88819875776397
        },
        "53": {
          "percentage": 29.82885085574572,
          "valid_percentage": 30.808080808080806
        },
        "55": {
          "percentage": 34.36619718309859,