{
  "commission_name": "УИК №826",
  "ballot_name": "Выборы депутатов Законодательного Собрания Санкт-Петербурга седьмого созыва",
  "name": "Результаты выборов по единому округу",
  "protocol_scope": {
    "type": "uik",
    "id": 826
  },
  "electoral_district": {
    "type": "city",
    "id": 0
  },
  "data_id": 27820001915220,
  "ballot_data_id": 4784006453011,
  "has_koib": true,
  "generated_date": 1632112487000,
  "official_result": {
    "winner": {
      "id": 5,
      "position": 2,
      "percentage": 29.187817258883246,
      "valid_percentage": 30.223390275952696,
      "registered_percentage": 10.737628384687207
    },
    "turnout": {
      "count": 956,
      "percentage": 44.6311858076564,
      "walk_by_count": 790,
      "walk_by_percentage": 36.881419234360415,
      "on_home_count": 166,
      "on_home_percentage": 7.749766573295985,
      "ahead_of_time_count": 0,
      "ahead_of_time_percentage": 0,
      "valid_count": 761,
      "valid_percentage": 35.527544351073765,
      "invalid_count": 27,
      "invalid_percentage": 1.2605042016806722,
      "taken_home_count": 168,
      "taken_home_percentage": 7.8431372549019605,
      "lost_count": 0,
      "lost_percentage": 0
    },
    "votes_stats": {
      "winning_count": 230,
      "winning_percentage": 29.187817258883246,
      "effective_count": 761,
      "losing_count": 531,
      "losing_percentage": 67.38578680203045,
      "other_count": 27,
      "other_percentage": 3.4263959390862944,
      "by_place": {
        "#1": {
          "count": 230,
          "percentage": 29.187817258883246
        },
        "#2": {
          "count": 186,
          "percentage": 23.604060913705585
        },
        "#3": {
          "count": 107,
          "percentage": 13.578680203045684
        },
        "#4": {
          "count": 90,
          "percentage": 11.421319796954315
        },
        "#5": {
          "count": 74,
          "percentage": 9.390862944162437
        },
        "#6": {
          "count": 29,
          "percentage": 3.6802030456852792
        },
        "#7": {
          "count": 28,
          "percentage": 3.5532994923857872
        },
        "#8": {
          "count": 17,
          "percentage": 2.1573604060913705
        }
      }
    }
  },
  "turnout_protocols": {
    "17.09.2021": {
      "15.00": {
        "count": 115,
        "count_delta": 115,
        "count_delta_per_hour": 16.428571428571427,
        "count_delta_per_minute": 0.27380952380952384,
        "percentage": 5.41,
        "percentage_delta": 5.41,
        "percentage_delta_per_hour": 0.7728571428571429,
        "percentage_delta_per_minute": 0.012880952380952382,
        "registered_count": 2126,
        "registered_count_delta": 2126,
        "registered_count_delta_per_hour": 303.7142857142857,
        "registered_count_delta_per_minute": 5.061904761904762
      },
      "20.00": {
        "count": 198,
        "count_delta": 83,
        "count_delta_per_hour": 16.6,
        "count_delta_per_minute": 0.27666666666666667,
        "percentage": 9.31,
        "percentage_delta": 3.9000000000000004,
        "percentage_delta_per_hour": 0.78,
        "percentage_delta_per_minute": 0.013000000000000001,
        "registered_count": 2127,
        "registered_count_delta": 1,
        "registered_count_delta_per_hour": 0.2,
        "registered_count_delta_per_minute": 0.0033333333333333335
      }
    },
    "18.09.2021": {
      "15.00": {
        "count": 305,
        "count_delta": 107,
        "count_delta_per_hour": 15.285714285714286,
        "count_delta_per_minute": 0.25476190476190474,
        "percentage": 14.31,
        "percentage_delta": 5,
        "percentage_delta_per_hour": 0.7142857142857143,
        "percentage_delta_per_minute": 0.011904761904761904,
        "registered_count": 2131,
        "registered_count_delta": 4,
        "registered_count_delta_per_hour": 0.5714285714285714,
        "registered_count_delta_per_minute": 0.009523809523809525
      },
      "20.00": {
        "count": 352,
        "count_delta": 47,
        "count_delta_per_hour": 9.4,
        "count_delta_per_minute": 0.15666666666666668,
        "percentage": 16.49,
        "percentage_delta": 2.179999999999998,
        "percentage_delta_per_hour": 0.4359999999999996,
        "percentage_delta_per_minute": 0.00726666666666666,
        "registered_count": 2135,
        "registered_count_delta": 4,
        "registered_count_delta_per_hour": 0.8,
        "registered_count_delta_per_minute": 0.013333333333333334
      }
    },
    "19.09.2021": {
      "10.00": {
        "count": 361,
        "count_delta": 9,
        "count_delta_per_hour": 4.5,
        "count_delta_per_minute": 0.075,
        "percentage": 16.87,
        "percentage_delta": 0.38000000000000256,
        "percentage_delta_per_hour": 0.19000000000000128,
        "percentage_delta_per_minute": 0.003166666666666688
      },
      "12.00": {
        "count": 426,
        "count_delta": 65,
        "count_delta_per_hour": 32.5,
        "count_delta_per_minute": 0.5416666666666666,
        "percentage": 19.87,
        "percentage_delta": 3,
        "percentage_delta_per_hour": 1.5,
        "percentage_delta_per_minute": 0.025
      },
      "15.00": {
        "count": 520,
        "count_delta": 94,
        "count_delta_per_hour": 31.333333333333332,
        "count_delta_per_minute": 0.5222222222222223,
        "percentage": 24.26,
        "percentage_delta": 4.390000000000001,
        "percentage_delta_per_hour": 1.4633333333333336,
        "percentage_delta_per_minute": 0.02438888888888889
      },
      "18.00": {
        "count": 580,
        "count_delta": 60,
        "count_delta_per_hour": 20,
        "count_delta_per_minute": 0.3333333333333333,
        "percentage": 27.07,
        "percentage_delta": 2.8099999999999987,
        "percentage_delta_per_hour": 0.9366666666666662,
        "percentage_delta_per_minute": 0.015611111111111103
      },
      "20.00": {
        "count": 956,
        "count_delta": 376,
        "count_delta_per_hour": 188,
        "count_delta_per_minute": 3.1333333333333333,
        "percentage": 44.6311858076564,
        "percentage_delta": 17.5611858076564,
        "percentage_delta_per_hour": 8.7805929038282,
        "percentage_delta_per_minute": 0.14634321506380335,
        "registered_count": 2142,
        "registered_count_delta": 7,
        "registered_count_delta_per_hour": 0.5833333333333334,
        "registered_count_delta_per_minute": 0.009722222222222222
      }
    }
  },
  "metadata": {
    "analysis": {
      "protocol_count": 1,
      "exceeded_papers_count": 0,
      "exceeded_papers_steal_winning": 0,
      "exceeded_papers_provide_extra_places": 0,
      "multiple_winners": 0,
      "checksum_valid": 1,
      "stuffed_protocol_for_1": 1,
      "stuffed_votes_for_1": 54.75
    },
    "voters": {
      "initially_registered_count": 2119,
      "registered_count": 2142,
      "walk_by_count": 790,
      "on_home_count": 166,
      "ahead_of_time_count": 0,
      "exceptional_count": 0,
      "added_count": 23
    },
    "papers": {
      "received_count": 2000,
      "destroyed_count": 1044,
      "stationary_box_count": 622,
      "portable_box_count": 166,
      "valid_count": 761,
      "invalid_count": 27,
      "lost_count": 0,
      "ignored_count": 0,
      "taken_home_count": 168
    }
  },
  "entries": [
    {
      "name": "Всероссийская политическая партия \"ЕДИНАЯ РОССИЯ\"",
      "position": 2,
      "party_id": 5,
      "official_result": {
        "votes_count": 230,
        "place": 1,
        "percentage": 29.187817258883246,
        "valid_percentage": 30.223390275952696,
        "registered_percentage": 10.737628384687207,
        "display_percentage": 29.19,
        "winner": true
      },
      "result_without_other_entry": {
        "1": {
          "percentage": 38.205980066445186,
          "valid_percentage": 40
        },