{
  "commission_name": "УИК №1799",
  "ballot_name": "Выборы депутатов Законодательного Собрания Санкт-Петербурга седьмого созыва",
  "name": "Результаты выборов по единому округу",
  "protocol_scope": {
    "type": "uik",
    "id": 1799
  },
  "electoral_district": {
    "type": "city",
    "id": 0
  },
  "data_id": 27820001915220,
  "ballot_data_id": 4784023294347,
  "has_koib": false,
  "generated_date": 1632130987000,
  "official_result": {
    "winner": {
      "id": 5,
      "position": 2,
      "percentage": 62.38532110091744,
      "valid_percentage": 64.2266824085006,
      "registered_percentage": 31.517960602549245
    },
    "turnout": {
      "count": 936,
      "percentage": 54.22943221320974,
      "walk_by_count": 925,
      "walk_by_percentage": 53.59212050984936,
      "on_home_count": 11,
      "on_home_percentage": 0.6373117033603708,
      "ahead_of_time_count": 0,
      "ahead_of_time_percentage": 0,
      "valid_count": 847,
      "valid_percentage": 49.07300115874855,
      "invalid_count": 25,
      "invalid_percentage": 1.4484356894553883,
      "taken_home_count": 64,
      "taken_home_percentage": 3.7079953650057935,
      "lost_count": 0,
      "lost_percentage": 0
    },
    "votes_stats": {
      "winning_count": 544,
      "winning_percentage": 62.38532110091744,
      "effective_count": 847,
      "losing_count": 303,
      "losing_percentage": 34.74770642201835,
      "other_count": 25,
      "other_percentage": 2.86697247706422,
      "by_place": {
        "#1": {
          "count": 544,
          "percentage": 62.38532110091744
        },
        "#2": {
          "count": 76,
          "percentage": 8.715596330275229
        },
        "#3": {
          "count": 74,
          "percentage": 8.486238532110093
        },
        "#4": {
          "count": 50,
          "percentage": 5.73394495412844
        },
        "#5": {
          "count": 36,
          "percentage": 4.128440366972478
        },
        "#6": {
          "count": 31,
          "percentage": 3.555045871559633
        },
        "#7": {
          "count": 29,
          "percentage": 3.325688073394496
        },
        "#8": {
          "count": 7,
          "percentage": 0.8027522935779817
        }
      }
    }
  },
  "turnout_protocols": {
    "17.09.2021": {
      "15.00": {
        "count": 181,
        "count_delta": 181,
        "count_delta_per_hour": 25.857142857142858,
        "count_delta_per_minute": 0.430952380952381,
        "percentage": 10.91,
        "percentage_delta": 10.91,
        "percentage_delta_per_hour": 1.5585714285714285,
        "percentage_delta_per_minute": 0.025976190476190476,
        "registered_count": 1659,
        "registered_count_delta": 1659,
        "registered_count_delta_per_hour": 237,
        "registered_count_delta_per_minute": 3.95
      },
      "20.00": {
        "count": 498,
        "count_delta": 317,
        "count_delta_per_hour": 63.4,
        "count_delta_per_minute": 1.0566666666666666,
        "percentage": 30.02,
        "percentage_delta": 19.11,
        "percentage_delta_per_hour": 3.822,
        "percentage_delta_per_minute": 0.06369999999999999,
        "registered_count": 1659,
        "registered_count_delta": 0,
        "registered_count_delta_per_hour": 0,
        "registered_count_delta_per_minute": 0
      }
    },
    "18.09.2021": {
      "15.00": {
        "count": 556,
        "count_delta": 58,
        "count_delta_per_hour": 8.285714285714286,
        "count_delta_per_minute": 0.1380952380952381,
        "percentage": 33.51,
        "percentage_delta": 3.4899999999999984,
        "percentage_delta_per_hour": 0.49857142857142833,
        "percentage_delta_per_minute": 0.008309523809523807,
        "registered_count": 1659,
        "registered_count_delta": 0,
        "registered_count_delta_per_hour": 0,
        "registered_count_delta_per_minute": 0
      },
      "20.00": {
        "count": 630,
        "count_delta": 74,
        "count_delta_per_hour": 14.8,
        "count_delta_per_minute": 0.24666666666666667,
        "percentage": 37.97,
        "percentage_delta": 4.460000000000001,
        "percentage_delta_per_hour": 0.8920000000000001,
        "percentage_delta_per_minute": 0.014866666666666669,
        "registered_count": 1659,
        "registered_count_delta": 0,
        "registered_count_delta_per_hour": 0,
        "registered_count_delta_per_minute": 0
      }
    },
    "19.09.2021": {
      "10.00": {
        "count": 695,
        "count_delta": 65,
        "count_delta_per_hour": 32.5,
        "count_delta_per_minute": 0.5416666666666666,
        "percentage": 40.27,
        "percentage_delta": 2.3000000000000043,
        "percentage_delta_per_hour": 1.1500000000000021,
        "percentage_delta_per_minute": 0.019166666666666703
      },
      "12.00": {
        "count": 757,
        "count_delta": 62,
        "count_delta_per_hour": 31,
        "count_delta_per_minute": 0.5166666666666667,
        "percentage": 43.88,
        "percentage_delta": 3.6099999999999994,
        "percentage_delta_per_hour": 1.8049999999999997,
        "percentage_delta_per_minute": 0.03008333333333333
      },
      "15.00": {
        "count": 833,
        "count_delta": 76,
        "count_delta_per_hour": 25.333333333333332,
        "count_delta_per_minute": 0.4222222222222222,
        "percentage": 48.28,
        "percentage_delta": 4.399999999999999,
        "percentage_delta_per_hour": 1.4666666666666661,
        "percentage_delta_per_minute": 0.024444444444444435
      },
      "18.00": {
        "count": 928,
        "count_delta": 95,
        "count_delta_per_hour": 31.666666666666668,
        "count_delta_per_minute": 0.5277777777777778,
        "percentage": 53.77,
        "percentage_delta": 5.490000000000002,
        "percentage_delta_per_hour": 1.8300000000000007,
        "percentage_delta_per_minute": 0.03050000000000001
      },
      "20.00": {
        "count": 936,
        "count_delta": 8,
        "count_delta_per_hour": 4,
        "count_delta_per_minute": 0.06666666666666667,
        "percentage": 54.22943221320974,
        "percentage_delta": 0.4594322132097375,
        "percentage_delta_per_hour": 0.22971610660486874,
        "percentage_delta_per_minute": 0.0038286017767478124,
        "registered_count": 1726,
        "registered_count_delta": 67,
        "registered_count_delta_per_hour": 5.583333333333333,
        "registered_count_delta_per_minute": 0.09305555555555556
      }
    }
  },
  "metadata": {
    "analysis": {
      "protocol_count": 1,
      "exceeded_papers_count": 0,
      "exceeded_papers_steal_winning": 0,
      "exceeded_papers_provide_extra_places": 0,
      "multiple_winners": 0,
      "checksum_valid": 1,
      "stuffed_protocol_for_5": 1,
      "stuffed_votes_for_5": 367.39428571428573
    },
    "voters": {
      "initially_registered_count": 1659,
      "registered_count": 1726,
      "walk_by_count": 925,
      "on_home_count": 11,
      "ahead_of_time_count": 0,
      "exceptional_count": 0,
      "added_count": 67
    },
    "papers": {
      "received_count": 1500,
      "destroyed_count": 564,
      "stationary_box_count": 861,
      "portable_box_count": 11,
      "valid_count": 847,
      "invalid_count": 25,
      "lost_count": 0,
      "ignored_count": 0,
      "taken_home_count": 64
    }
  },
  "entries": [
    {
      "name": "Всероссийская политическая партия \"ЕДИНАЯ РОССИЯ\"",
      "position": 2,
      "party_id": 5,
      "official_result": {
        "votes_count": 544,
        "place": 1,
        "percentage": 62.38532110091744,
        "valid_percentage": 64.2266824085006,
        "registered_percentage": 31.517960602549245,
        "display_percentage": 62.39,
        "winner": true
      },
      "result_without_other_entry": {
        "1": {
          "percentage": 68.1704260651629,
          "valid_percentage": 70.3751617076326
        },
        "3": {
          "percentage": 64.5314353499407,