{
  "commission_name": "УИК №183",
  "ballot_name": "Выборы депутатов Законодательного Собрания Санкт-Петербурга седьмого созыва",
  "name": "Результаты выборов по единому округу",
  "protocol_scope": {
    "type": "uik",
    "id": 183
  },
  "electoral_district": {
    "type": "city",
    "id": 0
  },
  "data_id": 27820001915220,
  "ballot_data_id": 478403283783,
  "has_koib": true,
  "generated_date": 1632113651000,
  "official_result": {
    "winner": {
      "id": 7,
      "position": 3,
      "percentage": 21.492537313432834,
      "valid_percentage": 21.88449848024316,
      "registered_percentage": 6.156477126977341
    },
    "turnout": {
      "count": 670,
      "percentage": 28.64471996579735,
      "walk_by_count": 670,
      "walk_by_percentage": 28.64471996579735,
      "on_home_count": 0,
      "on_home_percentage": 0,
      "ahead_of_time_count": 0,
      "ahead_of_time_percentage": 0,
      "valid_count": 658,
      "valid_percentage": 28.131680205215904,
      "invalid_count": 12,
      "invalid_percentage": 0.5130397605814451,
      "taken_home_count": 0,
      "taken_home_percentage": 0,
      "lost_count": 0,
      "lost_percentage": 0
    },
    "votes_stats": {
      "winning_count": 144,
      "winning_percentage": 21.492537313432834,
      "effective_count": 658,
      "losing_count": 514,
      "losing_percentage": 76.71641791044776,
      "other_count": 12,
      "other_percentage": 1.791044776119403,
      "by_place": {
        "#1": {
          "count": 144,
          "percentage": 21.492537313432834
        },
        "#2": {
          "count": 126,
          "percentage": 18.80597014925373
        },
        "#3": {
          "count": 123,
          "percentage": 18.35820895522388
        },
        "#4": {
          "count": 102,
          "percentage": 15.223880597014924
        },
        "#5": {
          "count": 85,
          "percentage": 12.686567164179104
        },
        "#6": {
          "count": 35,
          "percentage": 5.223880597014925
        },
        "#7": {
          "count": 32,
          "percentage": 4.776119402985075
        },
        "#8": {
          "count": 11,
          "percentage": 1.6417910447761193
        }
      }
    }
  },
  "turnout_protocols": {
    "17.09.2021": {
      "15.00": {
        "count": 82,
        "count_delta": 82,
        "count_delta_per_hour": 11.714285714285714,
        "count_delta_per_minute": 0.19523809523809524,
        "percentage": 3.42,
        "percentage_delta": 3.42,
        "percentage_delta_per_hour": 0.48857142857142855,
        "percentage_delta_per_minute": 0.008142857142857143,
        "registered_count": 2398,
        "registered_count_delta": 2398,
        "registered_count_delta_per_hour": 342.57142857142856,
        "registered_count_delta_per_minute": 5.70952380952381
      },
      "20.00": {
        "count": 140,
        "count_delta": 58,
        "count_delta_per_hour": 11.6,
        "count_delta_per_minute": 0.19333333333333333,
        "percentage": 5.84,
        "percentage_delta": 2.42,
        "percentage_delta_per_hour": 0.484,
        "percentage_delta_per_minute": 0.008066666666666666,
        "registered_count": 2397,
        "registered_count_delta": -1,
        "registered_count_delta_per_hour": -0.2,
        "registered_count_delta_per_minute": -0.0033333333333333335
      }
    },
    "18.09.2021": {
      "15.00": {
        "count": 202,
        "count_delta": 62,
        "count_delta_per_hour": 8.857142857142858,
        "count_delta_per_minute": 0.14761904761904762,
        "percentage": 8.43,
        "percentage_delta": 2.59,
        "percentage_delta_per_hour": 0.37,
        "percentage_delta_per_minute": 0.006166666666666667,
        "registered_count": 2396,
        "registered_count_delta": -1,
        "registered_count_delta_per_hour": -0.14285714285714285,
        "registered_count_delta_per_minute": -0.002380952380952381
      },
      "20.00": {
        "count": 273,
        "count_delta": 71,
        "count_delta_per_hour": 14.2,
        "count_delta_per_minute": 0.23666666666666666,
        "percentage": 11.39,
        "percentage_delta": 2.960000000000001,
        "percentage_delta_per_hour": 0.5920000000000002,
        "percentage_delta_per_minute": 0.00986666666666667,
        "registered_count": 2397,
        "registered_count_delta": 1,
        "registered_count_delta_per_hour": 0.2,
        "registered_count_delta_per_minute": 0.0033333333333333335
      }
    },
    "19.09.2021": {
      "10.00": {
        "count": 266,
        "count_delta": -7,
        "count_delta_per_hour": -3.5,
        "count_delta_per_minute": -0.058333333333333334,
        "percentage": 11.39,
        "percentage_delta": 0,
        "percentage_delta_per_hour": 0,
        "percentage_delta_per_minute": 0
      },
      "12.00": {
        "count": 309,
        "count_delta": 43,
        "count_delta_per_hour": 21.5,
        "count_delta_per_minute": 0.35833333333333334,
        "percentage": 13.19,
        "percentage_delta": 1.799999999999999,
        "percentage_delta_per_hour": 0.8999999999999995,
        "percentage_delta_per_minute": 0.01499999999999999
      },
      "15.00": {
        "count": 398,
        "count_delta": 89,
        "count_delta_per_hour": 29.666666666666668,
        "count_delta_per_minute": 0.49444444444444446,
        "percentage": 17.03,
        "percentage_delta": 3.8400000000000016,
        "percentage_delta_per_hour": 1.2800000000000005,
        "percentage_delta_per_minute": 0.021333333333333343
      },
      "18.00": {
        "count": 510,
        "count_delta": 112,
        "count_delta_per_hour": 37.333333333333336,
        "count_delta_per_minute": 0.6222222222222222,
        "percentage": 21.79,
        "percentage_delta": 4.759999999999998,
        "percentage_delta_per_hour": 1.586666666666666,
        "percentage_delta_per_minute": 0.026444444444444434
      },
      "20.00": {
        "count": 670,
        "count_delta": 160,
        "count_delta_per_hour": 80,
        "count_delta_per_minute": 1.3333333333333333,
        "percentage": 28.64471996579735,
        "percentage_delta": 6.854719965797351,
        "percentage_delta_per_hour": 3.4273599828986754,
        "percentage_delta_per_minute": 0.057122666381644586,
        "registered_count": 2339,
        "registered_count_delta": -58,
        "registered_count_delta_per_hour": -4.833333333333333,
        "registered_count_delta_per_minute": -0.08055555555555556
      }
    }
  },
  "metadata": {
    "analysis": {
      "negative_turnout_registered_count_protocols": 1,
      "negative_turnout_registered_count": 58,
      "negative_turnout_count_protocols": 1,
      "negative_turnout_count": 7,
      "protocol_count": 1,
      "exceeded_papers_count": 0,
      "exceeded_papers_steal_winning": 0,
      "exceeded_papers_provide_extra_places": 0,
      "multiple_winners": 0,
      "checksum_valid": 1
    },
    "voters": {
      "initially_registered_count": 2396,
      "registered_count": 2339,
      "walk_by_count": 670,
      "on_home_count": 0,
      "ahead_of_time_count": 0,
      "exceptional_count": 0,
      "removed_count": 57
    },
    "papers": {
      "received_count": 2000,
      "destroyed_count": 1330,
      "stationary_box_count": 670,
      "portable_box_count": 0,
      "valid_count": 658,
      "invalid_count": 12,
      "lost_count": 0,
      "ignored_count": 0,
      "taken_home_count": 0
    }
  },
  "entries": [
    {
      "name": "Политическая партия \"Российская объединенная демократическая партия \"ЯБЛОКО\"",
      "position": 3,
      "party_id": 7,
      "official_result": {
        "votes_count": 144,
        "place": 1,
        "percentage": 21.492537313432834,
        "valid_percentage": 21.88449848024316,
        "registered_percentage": 6.156477126977341,
        "display_percentage": 21.49,
        "winner": true
      },