{
  "commission_name": "УИК №1037",
  "ballot_name": "Выборы депутатов Законодательного Собрания Санкт-Петербурга седьмого созыва",
  "name": "Результаты выборов по единому округу",
  "protocol_scope": {
    "type": "uik",
    "id": 1037
  },
  "electoral_district": {
    "type": "city",
    "id": 0
  },
  "data_id": 27820001915220,
  "ballot_data_id": 478404584734,
  "has_koib": true,
  "generated_date": 1632112518000,
  "official_result": {
    "winner": {
      "id": 5,
      "position": 2,
      "percentage": 41.46341463414634,
      "valid_percentage": 42.17557251908397,
      "registered_percentage": 14.040660736975857
    },
    "turnout": {
      "count": 541,
      "percentage": 34.3710292249047,
      "walk_by_count": 460,
      "walk_by_percentage": 29.224904701397712,
      "on_home_count": 81,
      "on_home_percentage": 5.146124523506988,
      "ahead_of_time_count": 0,
      "ahead_of_time_percentage": 0,
      "valid_count": 524,
      "valid_percentage": 33.29097839898348,
      "invalid_count": 9,
      "invalid_percentage": 0.5717916137229987,
      "taken_home_count": 8,
      "taken_home_percentage": 0.5082592121982211,
      "lost_count": 0,
      "lost_percentage": 0
    },
    "votes_stats": {
      "winning_count": 221,
      "winning_percentage": 41.46341463414634,
      "effective_count": 524,
      "losing_count": 303,
      "losing_percentage": 56.84803001876173,
      "other_count": 9,
      "other_percentage": 1.6885553470919326,
      "by_place": {
        "#1": {
          "count": 221,
          "percentage": 41.46341463414634
        },
        "#2": {
          "count": 92,
          "percentage": 17.26078799249531
        },
        "#3": {
          "count": 67,
          "percentage": 12.570356472795496
        },
        "#4": {
          "count": 42,
          "percentage": 7.879924953095685
        },
        "#5": {
          "count": 40,
          "percentage": 7.5046904315197
        },
        "#6": {
          "count": 37,
          "percentage": 6.941838649155723
        },
        "#7": {
          "count": 18,
          "percentage": 3.377110694183865
        },
        "#8": {
          "count": 7,
          "percentage": 1.3133208255159476
        }
      }
    }
  },
  "turnout_protocols": {
    "17.09.2021": {
      "15.00": {
        "count": 73,
        "count_delta": 73,
        "count_delta_per_hour": 10.428571428571429,
        "count_delta_per_minute": 0.1738095238095238,
        "percentage": 4.65,
        "percentage_delta": 4.65,
        "percentage_delta_per_hour": 0.6642857142857144,
        "percentage_delta_per_minute": 0.011071428571428572,
        "registered_count": 1570,
        "registered_count_delta": 1570,
        "registered_count_delta_per_hour": 224.28571428571428,
        "registered_count_delta_per_minute": 3.738095238095238
      },
      "20.00": {
        "count": 133,
        "count_delta": 60,
        "count_delta_per_hour": 12,
        "count_delta_per_minute": 0.2,
        "percentage": 8.48,
        "percentage_delta": 3.83,
        "percentage_delta_per_hour": 0.766,
        "percentage_delta_per_minute": 0.012766666666666667,
        "registered_count": 1568,
        "registered_count_delta": -2,
        "registered_count_delta_per_hour": -0.4,
        "registered_count_delta_per_minute": -0.006666666666666667
      }
    },
    "18.09.2021": {
      "15.00": {
        "count": 200,
        "count_delta": 67,
        "count_delta_per_hour": 9.571428571428571,
        "count_delta_per_minute": 0.1595238095238095,
        "percentage": 12.75,
        "percentage_delta": 4.27,
        "percentage_delta_per_hour": 0.61,
        "percentage_delta_per_minute": 0.010166666666666666,
        "registered_count": 1569,
        "registered_count_delta": 1,
        "registered_count_delta_per_hour": 0.14285714285714285,
        "registered_count_delta_per_minute": 0.002380952380952381
      },
      "20.00": {
        "count": 323,
        "count_delta": 123,
        "count_delta_per_hour": 24.6,
        "count_delta_per_minute": 0.41,
        "percentage": 20.59,
        "percentage_delta": 7.84,
        "percentage_delta_per_hour": 1.568,
        "percentage_delta_per_minute": 0.02613333333333333,
        "registered_count": 1569,
        "registered_count_delta": 0,
        "registered_count_delta_per_hour": 0,
        "registered_count_delta_per_minute": 0
      }
    },
    "19.09.2021": {
      "10.00": {
        "count": 338,
        "count_delta": 15,
        "count_delta_per_hour": 7.5,
        "count_delta_per_minute": 0.125,
        "percentage": 21.48,
        "percentage_delta": 0.8900000000000006,
        "percentage_delta_per_hour": 0.4450000000000003,
        "percentage_delta_per_minute": 0.007416666666666671
      },
      "12.00": {
        "count": 366,
        "count_delta": 28,
        "count_delta_per_hour": 14,
        "count_delta_per_minute": 0.23333333333333334,
        "percentage": 23.26,
        "percentage_delta": 1.7800000000000011,
        "percentage_delta_per_hour": 0.8900000000000006,
        "percentage_delta_per_minute": 0.014833333333333342
      },
      "15.00": {
        "count": 441,
        "count_delta": 75,
        "count_delta_per_hour": 25,
        "count_delta_per_minute": 0.4166666666666667,
        "percentage": 28.04,
        "percentage_delta": 4.779999999999998,
        "percentage_delta_per_hour": 1.5933333333333326,
        "percentage_delta_per_minute": 0.02655555555555554
      },
      "18.00": {
        "count": 495,
        "count_delta": 54,
        "count_delta_per_hour": 18,
        "count_delta_per_minute": 0.3,
        "percentage": 31.42,
        "percentage_delta": 3.3800000000000026,
        "percentage_delta_per_hour": 1.1266666666666676,
        "percentage_delta_per_minute": 0.018777777777777793
      },
      "20.00": {
        "count": 541,
        "count_delta": 46,
        "count_delta_per_hour": 23,
        "count_delta_per_minute": 0.38333333333333336,
        "percentage": 34.3710292249047,
        "percentage_delta": 2.951029224904701,
        "percentage_delta_per_hour": 1.4755146124523506,
        "percentage_delta_per_minute": 0.02459191020753918,
        "registered_count": 1574,
        "registered_count_delta": 5,
        "registered_count_delta_per_hour": 0.4166666666666667,
        "registered_count_delta_per_minute": 0.006944444444444444
      }
    }
  },
  "metadata": {
    "analysis": {
      "negative_turnout_registered_count_protocols": 1,
      "negative_turnout_registered_count": 2,
      "protocol_count": 1,
      "exceeded_papers_count": 0,
      "exceeded_papers_steal_winning": 0,
      "exceeded_papers_provide_extra_places": 0,
      "multiple_winners": 0,
      "checksum_valid": 1
    },
    "voters": {
      "initially_registered_count": 1569,
      "registered_count": 1574,
      "walk_by_count": 460,
      "on_home_count": 81,
      "ahead_of_time_count": 0,
      "exceptional_count": 0,
      "added_count": 5
    },
    "papers": {
      "received_count": 1200,
      "destroyed_count": 659,
      "stationary_box_count": 452,
      "portable_box_count": 81,
      "valid_count": 524,
      "invalid_count": 9,
      "lost_count": 0,
      "ignored_count": 0,
      "taken_home_count": 8
    }
  },
  "entries": [
    {
      "name": "Всероссийская политическая партия \"ЕДИНАЯ РОССИЯ\"",
      "position": 2,
      "party_id": 5,
      "official_result": {
        "votes_count": 221,
        "place": 1,
        "percentage": 41.46341463414634,
        "valid_percentage": 42.17557251908397,
        "registered_percentage": 14.040660736975857,
        "display_percentage": 41.46,
        "winner": true
      },
      "result_without_other_entry": {
        "1": {
          "percentage": 50.11337868480725,
          "valid_percentage": 51.157407407407405
        },
        "3": {
          "percentage": 45.010183299389,
          "valid_percentage": 45.850622406639005
        },