{
  "commission_name": "УИК №1253",
  "ballot_name": "Выборы депутатов Законодательного Собрания Санкт-Петербурга седьмого созыва",
  "name": "Результаты выборов по одномандатному (многомандатному) округу",
  "protocol_scope": {
    "type": "uik",
    "id": 1253
  },
  "electoral_district": {
    "type": "city",
    "id": 10
  },
  "data_id": 27820001915220,
  "ballot_data_id": 4784009283063,
  "has_koib": false,
  "generated_date": 1632115512000,
  "official_result": {
    "winner": {
      "id": 183,
      "position": 4,
      "percentage": 28.058510638297875,
      "valid_percentage": 29.46927374301676,
      "registered_percentage": 10.64044377206253,
      "supported_by_smart_vote": true
    },
    "turnout": {
      "count": 754,
      "percentage": 38.02319717599597,
      "walk_by_count": 729,
      "walk_by_percentage": 36.7624810892587,
      "on_home_count": 25,
      "on_home_percentage": 1.2607160867372669,
      "ahead_of_time_count": 0,
      "ahead_of_time_percentage": 0,
      "valid_count": 716,
      "valid_percentage": 36.10690872415532,
      "invalid_count": 36,
      "invalid_percentage": 1.8154311649016641,
      "taken_home_count": 2,
      "taken_home_percentage": 0.10085728693898136,
      "lost_count": 0,
      "lost_percentage": 0
    },
    "votes_stats": {
      "winning_count": 211,
      "winning_percentage": 28.058510638297875,
      "effective_count": 716,
      "losing_count": 505,
      "losing_percentage": 67.15425531914893,
      "other_count": 36,
      "other_percentage": 4.787234042553192,
      "by_place": {
        "#1": {
          "count": 211,
          "percentage": 28.058510638297875,
          "supported_by_smart_vote": true
        },
        "#2": {
          "count": 173,
          "percentage": 23.00531914893617
        },
        "#3": {
          "count": 135,
          "percentage": 17.95212765957447
        },
        "#5": {
          "count": 102,
          "percentage": 13.563829787234042
        },
        "#4": {
          "count": 95,
          "percentage": 12.632978723404257
        }
      }
    }
  },
  "turnout_protocols": {
    "17.09.2021": {
      "15.00": {
        "count": 171,
        "count_delta": 171,
        "count_delta_per_hour": 24.428571428571427,
        "count_delta_per_minute": 0.40714285714285714,
        "percentage": 8.66,
        "percentage_delta": 8.66,
        "percentage_delta_per_hour": 1.237142857142857,
        "percentage_delta_per_minute": 0.02061904761904762,
        "registered_count": 1975,
        "registered_count_delta": 1975,
        "registered_count_delta_per_hour": 282.14285714285717,
        "registered_count_delta_per_minute": 4.7023809523809526
      },
      "20.00": {
        "count": 288,
        "count_delta": 117,
        "count_delta_per_hour": 23.4,
        "count_delta_per_minute": 0.39,
        "percentage": 14.59,
        "percentage_delta": 5.93,
        "percentage_delta_per_hour": 1.186,
        "percentage_delta_per_minute": 0.019766666666666665,
        "registered_count": 1974,
        "registered_count_delta": -1,
        "registered_count_delta_per_hour": -0.2,
        "registered_count_delta_per_minute": -0.0033333333333333335
      }
    },
    "18.09.2021": {
      "15.00": {
        "count": 383,
        "count_delta": 95,
        "count_delta_per_hour": 13.571428571428571,
        "count_delta_per_minute": 0.2261904761904762,
        "percentage": 19.37,
        "percentage_delta": 4.780000000000001,
        "percentage_delta_per_hour": 0.682857142857143,
        "percentage_delta_per_minute": 0.011380952380952384,
        "registered_count": 1977,
        "registered_count_delta": 3,
        "registered_count_delta_per_hour": 0.42857142857142855,
        "registered_count_delta_per_minute": 0.007142857142857143
      },
      "20.00": {
        "count": 442,
        "count_delta": 59,
        "count_delta_per_hour": 11.8,
        "count_delta_per_minute": 0.19666666666666666,
        "percentage": 22.35,
        "percentage_delta": 2.9800000000000004,
        "percentage_delta_per_hour": 0.5960000000000001,
        "percentage_delta_per_minute": 0.009933333333333334,
        "registered_count": 1978,
        "registered_count_delta": 1,
        "registered_count_delta_per_hour": 0.2,
        "registered_count_delta_per_minute": 0.0033333333333333335
      }
    },
    "19.09.2021": {
      "10.00": {
        "count": 473,
        "count_delta": 31,
        "count_delta_per_hour": 15.5,
        "count_delta_per_minute": 0.25833333333333336,
        "percentage": 23.86,
        "percentage_delta": 1.509999999999998,
        "percentage_delta_per_hour": 0.754999999999999,
        "percentage_delta_per_minute": 0.012583333333333316
      },
      "12.00": {
        "count": 520,
        "count_delta": 47,
        "count_delta_per_hour": 23.5,
        "count_delta_per_minute": 0.39166666666666666,
        "percentage": 26.23,
        "percentage_delta": 2.370000000000001,
        "percentage_delta_per_hour": 1.1850000000000005,
        "percentage_delta_per_minute": 0.019750000000000007
      },
      "15.00": {
        "count": 596,
        "count_delta": 76,
        "count_delta_per_hour": 25.333333333333332,
        "count_delta_per_minute": 0.4222222222222222,
        "percentage": 30.04,
        "percentage_delta": 3.8099999999999987,
        "percentage_delta_per_hour": 1.2699999999999996,
        "percentage_delta_per_minute": 0.02116666666666666
      },
      "18.00": {
        "count": 683,
        "count_delta": 87,
        "count_delta_per_hour": 29,
        "count_delta_per_minute": 0.48333333333333334,
        "percentage": 34.46,
        "percentage_delta": 4.420000000000002,
        "percentage_delta_per_hour": 1.4733333333333338,
        "percentage_delta_per_minute": 0.024555555555555567
      },
      "20.00": {
        "count": 754,
        "count_delta": 71,
        "count_delta_per_hour": 35.5,
        "count_delta_per_minute": 0.5916666666666667,
        "percentage": 38.02319717599597,
        "percentage_delta": 3.563197175995967,
        "percentage_delta_per_hour": 1.7815985879979834,
        "percentage_delta_per_minute": 0.02969330979996639,
        "registered_count": 1983,
        "registered_count_delta": 5,
        "registered_count_delta_per_hour": 0.4166666666666667,
        "registered_count_delta_per_minute": 0.006944444444444444
      }
    }
  },
  "metadata": {
    "analysis": {
      "negative_turnout_registered_count_protocols": 1,
      "negative_turnout_registered_count": 1,
      "protocol_count": 1,
      "exceeded_papers_count": 0,
      "exceeded_papers_steal_winning": 0,
      "checksum_valid": 1
    },
    "voters": {
      "initially_registered_count": 1974,
      "registered_count": 1983,
      "walk_by_count": 729,
      "on_home_count": 25,
      "ahead_of_time_count": 0,
      "exceptional_count": 0,
      "added_count": 9
    },
    "papers": {
      "received_count": 1400,
      "destroyed_count": 646,
      "stationary_box_count": 727,
      "portable_box_count": 25,
      "valid_count": 716,
      "invalid_count": 36,
      "lost_count": 0,
      "ignored_count": 0,
      "taken_home_count": 2
    }
  },
  "entries": [
    {
      "name": "Кривенченко Анатолий Николаевич",
      "position": 4,
      "candidate_id": 183,
      "supported_by_party_id": 6,
      "supported_by_smart_vote": true,
      "official_result": {
        "votes_count": 211,
        "place": 1,
        "percentage": 28.058510638297875,
        "valid_percentage": 29.46927374301676,
        "registered_percentage": 10.64044377206253,
        "display_percentage": 28.06,
        "winner": true
      },
      "result_without_other_entry": {
        "107": {
          "percentage": 30.099857346647646,
          "valid_percentage": 31.72932330827068
        },
        "116": {
          "percentage": 32.115677321156774,
          "valid_percentage": 33.97745571658615
        },