{
  "commission_name": "УИК №175",
  "ballot_name": "Выборы депутатов Законодательного Собрания Санкт-Петербурга седьмого созыва",
  "name": "Результаты выборов по одномандатному (многомандатному) округу",
  "protocol_scope": {
    "type": "uik",
    "id": 175
  },
  "electoral_district": {
    "type": "city",
    "id": 4
  },
  "data_id": 27820001915220,
  "ballot_data_id": 4784002402103,
  "has_koib": true,
  "generated_date": 1632112499000,
  "official_result": {
    "winner": {
      "id": 22,
      "position": 2,
      "percentage": 27.609427609427613,
      "valid_percentage": 28.7215411558669,
      "registered_percentage": 8.884073672806068,
      "supported_by_smart_vote": true
    },
    "turnout": {
      "count": 594,
      "percentage": 32.17768147345612,
      "walk_by_count": 575,
      "walk_by_percentage": 31.14842903575298,
      "on_home_count": 19,
      "on_home_percentage": 1.029252437703142,
      "ahead_of_time_count": 0,
      "ahead_of_time_percentage": 0,
      "valid_count": 571,
      "valid_percentage": 30.931744312026005,
      "invalid_count": 23,
      "invalid_percentage": 1.2459371614301191,
      "taken_home_count": 0,
      "taken_home_percentage": 0,
      "lost_count": 0,
      "lost_percentage": 0
    },
    "votes_stats": {
      "winning_count": 164,
      "winning_percentage": 27.609427609427613,
      "effective_count": 571,
      "losing_count": 407,
      "losing_percentage": 68.51851851851852,
      "other_count": 23,
      "other_percentage": 3.872053872053872,
      "by_place": {
        "#1": {
          "count": 164,
          "percentage": 27.609427609427613,
          "supported_by_smart_vote": true
        },
        "#2": {
          "count": 128,
          "percentage": 21.548821548821547
        },
        "#3": {
          "count": 120,
          "percentage": 20.2020202020202
        },
        "#4.5": {
          "count": 120,
          "percentage": 20.2020202020202
        },
        "#5": {
          "count": 39,
          "percentage": 6.565656565656567
        }
      }
    }
  },
  "turnout_protocols": {
    "17.09.2021": {
      "15.00": {
        "count": 93,
        "count_delta": 93,
        "count_delta_per_hour": 13.285714285714286,
        "count_delta_per_minute": 0.22142857142857142,
        "percentage": 5.05,
        "percentage_delta": 5.05,
        "percentage_delta_per_hour": 0.7214285714285714,
        "percentage_delta_per_minute": 0.012023809523809523,
        "registered_count": 1842,
        "registered_count_delta": 1842,
        "registered_count_delta_per_hour": 263.14285714285717,
        "registered_count_delta_per_minute": 4.385714285714286
      },
      "20.00": {
        "count": 153,
        "count_delta": 60,
        "count_delta_per_hour": 12,
        "count_delta_per_minute": 0.2,
        "percentage": 8.31,
        "percentage_delta": 3.2600000000000007,
        "percentage_delta_per_hour": 0.6520000000000001,
        "percentage_delta_per_minute": 0.010866666666666669,
        "registered_count": 1841,
        "registered_count_delta": -1,
        "registered_count_delta_per_hour": -0.2,
        "registered_count_delta_per_minute": -0.0033333333333333335
      }
    },
    "18.09.2021": {
      "15.00": {
        "count": 228,
        "count_delta": 75,
        "count_delta_per_hour": 10.714285714285714,
        "count_delta_per_minute": 0.17857142857142858,
        "percentage": 12.38,
        "percentage_delta": 4.07,
        "percentage_delta_per_hour": 0.5814285714285715,
        "percentage_delta_per_minute": 0.00969047619047619,
        "registered_count": 1842,
        "registered_count_delta": 1,
        "registered_count_delta_per_hour": 0.14285714285714285,
        "registered_count_delta_per_minute": 0.002380952380952381
      },
      "20.00": {
        "count": 308,
        "count_delta": 80,
        "count_delta_per_hour": 16,
        "count_delta_per_minute": 0.26666666666666666,
        "percentage": 16.72,
        "percentage_delta": 4.339999999999998,
        "percentage_delta_per_hour": 0.8679999999999997,
        "percentage_delta_per_minute": 0.01446666666666666,
        "registered_count": 1842,
        "registered_count_delta": 0,
        "registered_count_delta_per_hour": 0,
        "registered_count_delta_per_minute": 0
      }
    },
    "19.09.2021": {
      "10.00": {
        "count": 309,
        "count_delta": 1,
        "count_delta_per_hour": 0.5,
        "count_delta_per_minute": 0.008333333333333333,
        "percentage": 16.72,
        "percentage_delta": 0,
        "percentage_delta_per_hour": 0,
        "percentage_delta_per_minute": 0
      },
      "12.00": {
        "count": 364,
        "count_delta": 55,
        "count_delta_per_hour": 27.5,
        "count_delta_per_minute": 0.4583333333333333,
        "percentage": 19.71,
        "percentage_delta": 2.990000000000002,
        "percentage_delta_per_hour": 1.495000000000001,
        "percentage_delta_per_minute": 0.024916666666666684
      },
      "15.00": {
        "count": 426,
        "count_delta": 62,
        "count_delta_per_hour": 20.666666666666668,
        "count_delta_per_minute": 0.34444444444444444,
        "percentage": 23.07,
        "percentage_delta": 3.3599999999999994,
        "percentage_delta_per_hour": 1.1199999999999999,
        "percentage_delta_per_minute": 0.018666666666666665
      },
      "18.00": {
        "count": 505,
        "count_delta": 79,
        "count_delta_per_hour": 26.333333333333332,
        "count_delta_per_minute": 0.4388888888888889,
        "percentage": 27.36,
        "percentage_delta": 4.289999999999999,
        "percentage_delta_per_hour": 1.4299999999999997,
        "percentage_delta_per_minute": 0.023833333333333328
      },
      "20.00": {
        "count": 594,
        "count_delta": 89,
        "count_delta_per_hour": 44.5,
        "count_delta_per_minute": 0.7416666666666667,
        "percentage": 32.17768147345612,
        "percentage_delta": 4.817681473456119,
        "percentage_delta_per_hour": 2.4088407367280595,
        "percentage_delta_per_minute": 0.04014734561213432,
        "registered_count": 1846,
        "registered_count_delta": 4,
        "registered_count_delta_per_hour": 0.3333333333333333,
        "registered_count_delta_per_minute": 0.005555555555555556
      }
    }
  },
  "metadata": {
    "analysis": {
      "negative_turnout_registered_count_protocols": 1,
      "negative_turnout_registered_count": 1,
      "protocol_count": 1,
      "exceeded_papers_count": 0,
      "exceeded_papers_steal_winning": 0,
      "checksum_valid": 1,
      "stuffed_protocol_for_8": 1,
      "stuffed_votes_for_8": 39.051282051282044
    },
    "voters": {
      "initially_registered_count": 1842,
      "registered_count": 1846,
      "walk_by_count": 575,
      "on_home_count": 19,
      "ahead_of_time_count": 0,
      "exceptional_count": 0,
      "added_count": 4
    },
    "papers": {
      "received_count": 1500,
      "destroyed_count": 906,
      "stationary_box_count": 575,
      "portable_box_count": 19,
      "valid_count": 571,
      "invalid_count": 23,
      "lost_count": 0,
      "ignored_count": 0,
      "taken_home_count": 0
    }
  },
  "entries": [
    {
      "name": "Вавилина Нэлли Юрьевна",
      "position": 2,
      "candidate_id": 22,
      "supported_by_party_id": 6,
      "supported_by_smart_vote": true,
      "official_result": {
        "votes_count": 164,
        "place": 1,
        "percentage": 27.609427609427613,
        "valid_percentage": 28.7215411558669,
        "registered_percentage": 8.884073672806068,
        "display_percentage": 27.61,
        "winner": true
      },
      "result_without_other_entry": {
        "8": {
          "percentage": 34.59915611814346,
          "valid_percentage": 36.36363636363637
        },
        "21": {
          "percentage": 30.711610486891384,
          "valid_percentage": 32.093933463796475
        },