{
  "commission_name": "УИК №942",
  "ballot_name": "Выборы депутатов Законодательного Собрания Санкт-Петербурга седьмого созыва",
  "name": "Результаты выборов по единому округу",
  "protocol_scope": {
    "type": "uik",
    "id": 942
  },
  "electoral_district": {
    "type": "city",
    "id": 0
  },
  "data_id": 27820001915220,
  "ballot_data_id": 478404483456,
  "has_koib": true,
  "generated_date": 1632112493000,
  "official_result": {
    "winner": {
      "id": 5,
      "position": 2,
      "percentage": 28.450106157112526,
      "valid_percentage": 29.067245119305856,
      "registered_percentage": 8.921438082556591
    },
    "turnout": {
      "count": 471,
      "percentage": 31.358189081225035,
      "walk_by_count": 456,
      "walk_by_percentage": 30.359520639147803,
      "on_home_count": 15,
      "on_home_percentage": 0.9986684420772304,
      "ahead_of_time_count": 0,
      "ahead_of_time_percentage": 0,
      "valid_count": 461,
      "valid_percentage": 30.692410119840215,
      "invalid_count": 10,
      "invalid_percentage": 0.6657789613848202,
      "taken_home_count": 0,
      "taken_home_percentage": 0,
      "lost_count": 0,
      "lost_percentage": 0
    },
    "votes_stats": {
      "winning_count": 134,
      "winning_percentage": 28.450106157112526,
      "effective_count": 461,
      "losing_count": 327,
      "losing_percentage": 69.42675159235668,
      "other_count": 10,
      "other_percentage": 2.1231422505307855,
      "by_place": {
        "#1": {
          "count": 134,
          "percentage": 28.450106157112526
        },
        "#2": {
          "count": 78,
          "percentage": 16.560509554140125
        },
        "#3": {
          "count": 73,
          "percentage": 15.498938428874734
        },
        "#4": {
          "count": 63,
          "percentage": 13.375796178343949
        },
        "#5": {
          "count": 36,
          "percentage": 7.643312101910828
        },
        "#6": {
          "count": 33,
          "percentage": 7.006369426751593
        },
        "#7": {
          "count": 29,
          "percentage": 6.1571125265392785
        },
        "#8": {
          "count": 15,
          "percentage": 3.1847133757961785
        }
      }
    }
  },
  "turnout_protocols": {
    "17.09.2021": {
      "15.00": {
        "count": 67,
        "count_delta": 67,
        "count_delta_per_hour": 9.571428571428571,
        "count_delta_per_minute": 0.1595238095238095,
        "percentage": 4.38,
        "percentage_delta": 4.38,
        "percentage_delta_per_hour": 0.6257142857142857,
        "percentage_delta_per_minute": 0.010428571428571428,
        "registered_count": 1530,
        "registered_count_delta": 1530,
        "registered_count_delta_per_hour": 218.57142857142858,
        "registered_count_delta_per_minute": 3.642857142857143
      },
      "20.00": {
        "count": 108,
        "count_delta": 41,
        "count_delta_per_hour": 8.2,
        "count_delta_per_minute": 0.13666666666666666,
        "percentage": 7.06,
        "percentage_delta": 2.6799999999999997,
        "percentage_delta_per_hour": 0.5359999999999999,
        "percentage_delta_per_minute": 0.008933333333333333,
        "registered_count": 1530,
        "registered_count_delta": 0,
        "registered_count_delta_per_hour": 0,
        "registered_count_delta_per_minute": 0
      }
    },
    "18.09.2021": {
      "15.00": {
        "count": 180,
        "count_delta": 72,
        "count_delta_per_hour": 10.285714285714286,
        "count_delta_per_minute": 0.17142857142857143,
        "percentage": 11.77,
        "percentage_delta": 4.71,
        "percentage_delta_per_hour": 0.6728571428571428,
        "percentage_delta_per_minute": 0.011214285714285715,
        "registered_count": 1529,
        "registered_count_delta": -1,
        "registered_count_delta_per_hour": -0.14285714285714285,
        "registered_count_delta_per_minute": -0.002380952380952381
      },
      "20.00": {
        "count": 227,
        "count_delta": 47,
        "count_delta_per_hour": 9.4,
        "count_delta_per_minute": 0.15666666666666668,
        "percentage": 14.85,
        "percentage_delta": 3.08,
        "percentage_delta_per_hour": 0.616,
        "percentage_delta_per_minute": 0.010266666666666667,
        "registered_count": 1529,
        "registered_count_delta": 0,
        "registered_count_delta_per_hour": 0,
        "registered_count_delta_per_minute": 0
      }
    },
    "19.09.2021": {
      "10.00": {
        "count": 229,
        "count_delta": 2,
        "count_delta_per_hour": 1,
        "count_delta_per_minute": 0.016666666666666666,
        "percentage": 15.24,
        "percentage_delta": 0.39000000000000057,
        "percentage_delta_per_hour": 0.19500000000000028,
        "percentage_delta_per_minute": 0.0032500000000000046
      },
      "12.00": {
        "count": 249,
        "count_delta": 20,
        "count_delta_per_hour": 10,
        "count_delta_per_minute": 0.16666666666666666,
        "percentage": 16.61,
        "percentage_delta": 1.3699999999999992,
        "percentage_delta_per_hour": 0.6849999999999996,
        "percentage_delta_per_minute": 0.01141666666666666
      },
      "15.00": {
        "count": 347,
        "count_delta": 98,
        "count_delta_per_hour": 32.666666666666664,
        "count_delta_per_minute": 0.5444444444444444,
        "percentage": 23.09,
        "percentage_delta": 6.48,
        "percentage_delta_per_hour": 2.16,
        "percentage_delta_per_minute": 0.036000000000000004
      },
      "18.00": {
        "count": 392,
        "count_delta": 45,
        "count_delta_per_hour": 15,
        "count_delta_per_minute": 0.25,
        "percentage": 26.1,
        "percentage_delta": 3.0100000000000016,
        "percentage_delta_per_hour": 1.0033333333333339,
        "percentage_delta_per_minute": 0.016722222222222232
      },
      "20.00": {
        "count": 471,
        "count_delta": 79,
        "count_delta_per_hour": 39.5,
        "count_delta_per_minute": 0.6583333333333333,
        "percentage": 31.358189081225035,
        "percentage_delta": 5.258189081225034,
        "percentage_delta_per_hour": 2.629094540612517,
        "percentage_delta_per_minute": 0.043818242343541945,
        "registered_count": 1502,
        "registered_count_delta": -27,
        "registered_count_delta_per_hour": -2.25,
        "registered_count_delta_per_minute": -0.0375
      }
    }
  },
  "metadata": {
    "analysis": {
      "negative_turnout_registered_count_protocols": 1,
      "negative_turnout_registered_count": 27,
      "protocol_count": 1,
      "exceeded_papers_count": 0,
      "exceeded_papers_steal_winning": 0,
      "exceeded_papers_provide_extra_places": 0,
      "multiple_winners": 0,
      "checksum_valid": 1
    },
    "voters": {
      "initially_registered_count": 1529,
      "registered_count": 1502,
      "walk_by_count": 456,
      "on_home_count": 15,
      "ahead_of_time_count": 0,
      "exceptional_count": 0,
      "removed_count": 27
    },
    "papers": {
      "received_count": 1500,
      "destroyed_count": 1029,
      "stationary_box_count": 456,
      "portable_box_count": 15,
      "valid_count": 461,
      "invalid_count": 10,
      "lost_count": 0,
      "ignored_count": 0,
      "taken_home_count": 0
    }
  },
  "entries": [
    {
      "name": "Всероссийская политическая партия \"ЕДИНАЯ РОССИЯ\"",
      "position": 2,
      "party_id": 5,
      "official_result": {
        "votes_count": 134,
        "place": 1,
        "percentage": 28.450106157112526,
        "valid_percentage": 29.067245119305856,
        "registered_percentage": 8.921438082556591,
        "display_percentage": 28.45,
        "winner": true
      },
      "result_without_other_entry": {
        "1": {
          "percentage": 34.096692111959285,
          "valid_percentage": 34.9869451697128
        },
        "3": {
          "percentage": 30.316742081447963,