{
  "commission_name": "УИК №1826",
  "ballot_name": "Выборы депутатов Законодательного Собрания Санкт-Петербурга седьмого созыва",
  "name": "Результаты выборов по единому округу",
  "protocol_scope": {
    "type": "uik",
    "id": 1826
  },
  "electoral_district": {
    "type": "city",
    "id": 0
  },
  "data_id": 27820001915220,
  "ballot_data_id": 478405883669,
  "has_koib": false,
  "generated_date": 1632129547000,
  "official_result": {
    "winner": {
      "id": 5,
      "position": 2,
      "percentage": 26.486486486486488,
      "valid_percentage": 26.87385740402194,
      "registered_percentage": 8.112582781456954
    },
    "turnout": {
      "count": 555,
      "percentage": 30.629139072847682,
      "walk_by_count": 552,
      "walk_by_percentage": 30.4635761589404,
      "on_home_count": 3,
      "on_home_percentage": 0.16556291390728478,
      "ahead_of_time_count": 0,
      "ahead_of_time_percentage": 0,
      "valid_count": 547,
      "valid_percentage": 30.187637969094922,
      "invalid_count": 8,
      "invalid_percentage": 0.44150110375275936,
      "taken_home_count": 0,
      "taken_home_percentage": 0,
      "lost_count": 0,
      "lost_percentage": 0
    },
    "votes_stats": {
      "winning_count": 147,
      "winning_percentage": 26.486486486486488,
      "effective_count": 547,
      "losing_count": 400,
      "losing_percentage": 72.07207207207207,
      "other_count": 8,
      "other_percentage": 1.4414414414414414,
      "by_place": {
        "#1": {
          "count": 147,
          "percentage": 26.486486486486488
        },
        "#2": {
          "count": 135,
          "percentage": 24.324324324324326
        },
        "#3": {
          "count": 90,
          "percentage": 16.216216216216218
        },
        "#4": {
          "count": 52,
          "percentage": 9.36936936936937
        },
        "#5": {
          "count": 51,
          "percentage": 9.18918918918919
        },
        "#6": {
          "count": 41,
          "percentage": 7.3873873873873865
        },
        "#7": {
          "count": 16,
          "percentage": 2.8828828828828827
        },
        "#8": {
          "count": 15,
          "percentage": 2.7027027027027026
        }
      }
    }
  },
  "turnout_protocols": {
    "17.09.2021": {
      "15.00": {
        "count": 85,
        "count_delta": 85,
        "count_delta_per_hour": 12.142857142857142,
        "count_delta_per_minute": 0.20238095238095238,
        "percentage": 4.69,
        "percentage_delta": 4.69,
        "percentage_delta_per_hour": 0.67,
        "percentage_delta_per_minute": 0.011166666666666667,
        "registered_count": 1812,
        "registered_count_delta": 1812,
        "registered_count_delta_per_hour": 258.85714285714283,
        "registered_count_delta_per_minute": 4.314285714285714
      },
      "20.00": {
        "count": 159,
        "count_delta": 74,
        "count_delta_per_hour": 14.8,
        "count_delta_per_minute": 0.24666666666666667,
        "percentage": 8.77,
        "percentage_delta": 4.079999999999999,
        "percentage_delta_per_hour": 0.8159999999999998,
        "percentage_delta_per_minute": 0.013599999999999998,
        "registered_count": 1813,
        "registered_count_delta": 1,
        "registered_count_delta_per_hour": 0.2,
        "registered_count_delta_per_minute": 0.0033333333333333335
      }
    },
    "18.09.2021": {
      "15.00": {
        "count": 263,
        "count_delta": 104,
        "count_delta_per_hour": 14.857142857142858,
        "count_delta_per_minute": 0.24761904761904763,
        "percentage": 14.51,
        "percentage_delta": 5.74,
        "percentage_delta_per_hour": 0.8200000000000001,
        "percentage_delta_per_minute": 0.013666666666666667,
        "registered_count": 1813,
        "registered_count_delta": 0,
        "registered_count_delta_per_hour": 0,
        "registered_count_delta_per_minute": 0
      },
      "20.00": {
        "count": 277,
        "count_delta": 14,
        "count_delta_per_hour": 2.8,
        "count_delta_per_minute": 0.04666666666666667,
        "percentage": 15.29,
        "percentage_delta": 0.7799999999999994,
        "percentage_delta_per_hour": 0.15599999999999986,
        "percentage_delta_per_minute": 0.0025999999999999977,
        "registered_count": 1812,
        "registered_count_delta": -1,
        "registered_count_delta_per_hour": -0.2,
        "registered_count_delta_per_minute": -0.0033333333333333335
      }
    },
    "19.09.2021": {
      "10.00": {
        "count": 299,
        "count_delta": 22,
        "count_delta_per_hour": 11,
        "count_delta_per_minute": 0.18333333333333332,
        "percentage": 16.5,
        "percentage_delta": 1.2100000000000009,
        "percentage_delta_per_hour": 0.6050000000000004,
        "percentage_delta_per_minute": 0.01008333333333334
      },
      "12.00": {
        "count": 318,
        "count_delta": 19,
        "count_delta_per_hour": 9.5,
        "count_delta_per_minute": 0.15833333333333333,
        "percentage": 17.55,
        "percentage_delta": 1.0500000000000007,
        "percentage_delta_per_hour": 0.5250000000000004,
        "percentage_delta_per_minute": 0.008750000000000006
      },
      "15.00": {
        "count": 455,
        "count_delta": 137,
        "count_delta_per_hour": 45.666666666666664,
        "count_delta_per_minute": 0.7611111111111111,
        "percentage": 25.11,
        "percentage_delta": 7.559999999999999,
        "percentage_delta_per_hour": 2.5199999999999996,
        "percentage_delta_per_minute": 0.041999999999999996
      },
      "18.00": {
        "count": 504,
        "count_delta": 49,
        "count_delta_per_hour": 16.333333333333332,
        "count_delta_per_minute": 0.2722222222222222,
        "percentage": 27.81,
        "percentage_delta": 2.6999999999999993,
        "percentage_delta_per_hour": 0.8999999999999998,
        "percentage_delta_per_minute": 0.014999999999999996
      },
      "20.00": {
        "count": 555,
        "count_delta": 51,
        "count_delta_per_hour": 25.5,
        "count_delta_per_minute": 0.425,
        "percentage": 30.629139072847682,
        "percentage_delta": 2.8191390728476833,
        "percentage_delta_per_hour": 1.4095695364238416,
        "percentage_delta_per_minute": 0.023492825607064026,
        "registered_count": 1812,
        "registered_count_delta": 0,
        "registered_count_delta_per_hour": 0,
        "registered_count_delta_per_minute": 0
      }
    }
  },
  "metadata": {
    "analysis": {
      "negative_turnout_registered_count_protocols": 1,
      "negative_turnout_registered_count": 1,
      "protocol_count": 1,
      "exceeded_papers_count": 0,
      "exceeded_papers_steal_winning": 0,
      "exceeded_papers_provide_extra_places": 0,
      "multiple_winners": 0,
      "checksum_valid": 1
    },
    "voters": {
      "initially_registered_count": 1812,
      "registered_count": 1812,
      "walk_by_count": 552,
      "on_home_count": 3,
      "ahead_of_time_count": 0,
      "exceptional_count": 0
    },
    "papers": {
      "received_count": 1500,
      "destroyed_count": 945,
      "stationary_box_count": 552,
      "portable_box_count": 3,
      "valid_count": 547,
      "invalid_count": 8,
      "lost_count": 0,
      "ignored_count": 0,
      "taken_home_count": 0
    }
  },
  "entries": [
    {
      "name": "Всероссийская политическая партия \"ЕДИНАЯ РОССИЯ\"",
      "position": 2,
      "party_id": 5,
      "official_result": {
        "votes_count": 147,
        "place": 1,
        "percentage": 26.486486486486488,
        "valid_percentage": 26.87385740402194,
        "registered_percentage": 8.112582781456954,
        "display_percentage": 26.49,
        "winner": true
      },
      "result_without_other_entry": {
        "1": {
          "percentage": 31.61290322580645,
          "valid_percentage": 32.16630196936542
        },