{
  "commission_name": "УИК №1480",
  "ballot_name": "Выборы депутатов Законодательного Собрания Санкт-Петербурга седьмого созыва",
  "name": "Результаты выборов по единому округу",
  "protocol_scope": {
    "type": "uik",
    "id": 1480
  },
  "electoral_district": {
    "type": "city",
    "id": 0
  },
  "data_id": 27820001915220,
  "ballot_data_id": 478405286296,
  "has_koib": false,
  "generated_date": 1632113522000,
  "official_result": {
    "winner": {
      "id": 5,
      "position": 2,
      "percentage": 40.935005701254276,
      "valid_percentage": 42.08675263774912,
      "registered_percentage": 15.192551840880236
    },
    "turnout": {
      "count": 877,
      "percentage": 37.113838341091835,
      "walk_by_count": 852,
      "walk_by_percentage": 36.05586119339822,
      "on_home_count": 25,
      "on_home_percentage": 1.0579771476936097,
      "ahead_of_time_count": 0,
      "ahead_of_time_percentage": 0,
      "valid_count": 853,
      "valid_percentage": 36.09818027930597,
      "invalid_count": 24,
      "invalid_percentage": 1.0156580617858655,
      "taken_home_count": 0,
      "taken_home_percentage": 0,
      "lost_count": 0,
      "lost_percentage": 0
    },
    "votes_stats": {
      "winning_count": 359,
      "winning_percentage": 40.935005701254276,
      "effective_count": 853,
      "losing_count": 494,
      "losing_percentage": 56.32839224629419,
      "other_count": 24,
      "other_percentage": 2.7366020524515395,
      "by_place": {
        "#1": {
          "count": 359,
          "percentage": 40.935005701254276
        },
        "#2": {
          "count": 155,
          "percentage": 17.67388825541619
        },
        "#3": {
          "count": 128,
          "percentage": 14.59521094640821
        },
        "#4.5": {
          "count": 126,
          "percentage": 14.367160775370582
        },
        "#5": {
          "count": 47,
          "percentage": 5.359179019384264
        },
        "#6": {
          "count": 26,
          "percentage": 2.9646522234891677
        },
        "#7": {
          "count": 12,
          "percentage": 1.3683010262257698
        }
      }
    }
  },
  "turnout_protocols": {
    "17.09.2021": {
      "15.00": {
        "count": 196,
        "count_delta": 196,
        "count_delta_per_hour": 28,
        "count_delta_per_minute": 0.4666666666666667,
        "percentage": 8.03,
        "percentage_delta": 8.03,
        "percentage_delta_per_hour": 1.147142857142857,
        "percentage_delta_per_minute": 0.01911904761904762,
        "registered_count": 2441,
        "registered_count_delta": 2441,
        "registered_count_delta_per_hour": 348.7142857142857,
        "registered_count_delta_per_minute": 5.811904761904762
      },
      "20.00": {
        "count": 306,
        "count_delta": 110,
        "count_delta_per_hour": 22,
        "count_delta_per_minute": 0.36666666666666664,
        "percentage": 12.54,
        "percentage_delta": 4.51,
        "percentage_delta_per_hour": 0.9019999999999999,
        "percentage_delta_per_minute": 0.015033333333333333,
        "registered_count": 2440,
        "registered_count_delta": -1,
        "registered_count_delta_per_hour": -0.2,
        "registered_count_delta_per_minute": -0.0033333333333333335
      }
    },
    "18.09.2021": {
      "15.00": {
        "count": 404,
        "count_delta": 98,
        "count_delta_per_hour": 14,
        "count_delta_per_minute": 0.23333333333333334,
        "percentage": 16.56,
        "percentage_delta": 4.02,
        "percentage_delta_per_hour": 0.5742857142857142,
        "percentage_delta_per_minute": 0.009571428571428571,
        "registered_count": 2440,
        "registered_count_delta": 0,
        "registered_count_delta_per_hour": 0,
        "registered_count_delta_per_minute": 0
      },
      "20.00": {
        "count": 476,
        "count_delta": 72,
        "count_delta_per_hour": 14.4,
        "count_delta_per_minute": 0.24,
        "percentage": 19.4,
        "percentage_delta": 2.84,
        "percentage_delta_per_hour": 0.568,
        "percentage_delta_per_minute": 0.009466666666666667,
        "registered_count": 2454,
        "registered_count_delta": 14,
        "registered_count_delta_per_hour": 2.8,
        "registered_count_delta_per_minute": 0.04666666666666667
      }
    },
    "19.09.2021": {
      "10.00": {
        "count": 462,
        "count_delta": -14,
        "count_delta_per_hour": -7,
        "count_delta_per_minute": -0.11666666666666667,
        "percentage": 19.56,
        "percentage_delta": 0.16000000000000014,
        "percentage_delta_per_hour": 0.08000000000000007,
        "percentage_delta_per_minute": 0.0013333333333333346
      },
      "12.00": {
        "count": 477,
        "count_delta": 15,
        "count_delta_per_hour": 7.5,
        "count_delta_per_minute": 0.125,
        "percentage": 20.17,
        "percentage_delta": 0.610000000000003,
        "percentage_delta_per_hour": 0.3050000000000015,
        "percentage_delta_per_minute": 0.005083333333333358
      },
      "15.00": {
        "count": 514,
        "count_delta": 37,
        "count_delta_per_hour": 12.333333333333334,
        "count_delta_per_minute": 0.20555555555555555,
        "percentage": 21.76,
        "percentage_delta": 1.5899999999999999,
        "percentage_delta_per_hour": 0.5299999999999999,
        "percentage_delta_per_minute": 0.008833333333333332
      },
      "18.00": {
        "count": 756,
        "count_delta": 242,
        "count_delta_per_hour": 80.66666666666667,
        "count_delta_per_minute": 1.3444444444444446,
        "percentage": 31.99,
        "percentage_delta": 10.229999999999997,
        "percentage_delta_per_hour": 3.409999999999999,
        "percentage_delta_per_minute": 0.05683333333333332
      },
      "20.00": {
        "count": 877,
        "count_delta": 121,
        "count_delta_per_hour": 60.5,
        "count_delta_per_minute": 1.0083333333333333,
        "percentage": 37.113838341091835,
        "percentage_delta": 5.123838341091837,
        "percentage_delta_per_hour": 2.5619191705459183,
        "percentage_delta_per_minute": 0.042698652842431975,
        "registered_count": 2363,
        "registered_count_delta": -91,
        "registered_count_delta_per_hour": -7.583333333333333,
        "registered_count_delta_per_minute": -0.12638888888888888
      }
    }
  },
  "metadata": {
    "analysis": {
      "negative_turnout_registered_count_protocols": 1,
      "negative_turnout_registered_count": 91,
      "negative_turnout_count_protocols": 1,
      "negative_turnout_count": 14,
      "protocol_count": 1,
      "exceeded_papers_count": 0,
      "exceeded_papers_steal_winning": 0,
      "exceeded_papers_provide_extra_places": 0,
      "multiple_winners": 0,
      "checksum_valid": 1
    },
    "voters": {
      "initially_registered_count": 2440,
      "registered_count": 2363,
      "walk_by_count": 852,
      "on_home_count": 25,
      "ahead_of_time_count": 0,
      "exceptional_count": 0,
      "removed_count": 77
    },
    "papers": {
      "received_count": 1800,
      "destroyed_count": 923,
      "stationary_box_count": 852,
      "portable_box_count": 25,
      "valid_count": 853,
      "invalid_count": 24,
      "lost_count": 0,
      "ignored_count": 0,
      "taken_home_count": 0
    }
  },
  "entries": [
    {
      "name": "Всероссийская политическая партия \"ЕДИНАЯ РОССИЯ\"",
      "position": 2,
      "party_id": 5,
      "official_result": {
        "votes_count": 359,
        "place": 1,
        "percentage": 40.935005701254276,
        "valid_percentage": 42.08675263774912,
        "registered_percentage": 15.192551840880236,
        "display_percentage": 40.94,
        "winner": true
      },
      "result_without_other_entry": {
        "1": {
          "percentage": 49.72299168975069,
          "valid_percentage": 51.43266475644699
        },
        "3": {
          "percentage": 43.25301204819277,