{
  "commission_name": "УИК №1965",
  "ballot_name": "Выборы депутатов Законодательного Собрания Санкт-Петербурга седьмого созыва",
  "name": "Результаты выборов по единому округу",
  "protocol_scope": {
    "type": "uik",
    "id": 1965
  },
  "electoral_district": {
    "type": "city",
    "id": 0
  },
  "data_id": 27820001915220,
  "ballot_data_id": 4784015408831,
  "has_koib": false,
  "generated_date": 1632130370000,
  "official_result": {
    "winner": {
      "id": 4,
      "position": 1,
      "percentage": 32.76955602536998,
      "valid_percentage": 33.22615219721329,
      "registered_percentage": 15.361744301288404
    },
    "turnout": {
      "count": 946,
      "percentage": 46.8780971258672,
      "walk_by_count": 824,
      "walk_by_percentage": 40.83250743310208,
      "on_home_count": 122,
      "on_home_percentage": 6.045589692765114,
      "ahead_of_time_count": 0,
      "ahead_of_time_percentage": 0,
      "valid_count": 933,
      "valid_percentage": 46.23389494549058,
      "invalid_count": 13,
      "invalid_percentage": 0.6442021803766105,
      "taken_home_count": 0,
      "taken_home_percentage": 0,
      "lost_count": 0,
      "lost_percentage": 0
    },
    "votes_stats": {
      "winning_count": 310,
      "winning_percentage": 32.76955602536998,
      "effective_count": 933,
      "losing_count": 623,
      "losing_percentage": 65.85623678646935,
      "other_count": 13,
      "other_percentage": 1.3742071881606766,
      "by_place": {
        "#1": {
          "count": 310,
          "percentage": 32.76955602536998
        },
        "#2": {
          "count": 182,
          "percentage": 19.23890063424947
        },
        "#3": {
          "count": 130,
          "percentage": 13.742071881606766
        },
        "#4": {
          "count": 104,
          "percentage": 10.993657505285412
        },
        "#5": {
          "count": 97,
          "percentage": 10.253699788583509
        },
        "#6": {
          "count": 52,
          "percentage": 5.496828752642706
        },
        "#7": {
          "count": 45,
          "percentage": 4.7568710359408035
        },
        "#8": {
          "count": 13,
          "percentage": 1.3742071881606766
        }
      }
    }
  },
  "turnout_protocols": {
    "17.09.2021": {
      "15.00": {
        "count": 129,
        "count_delta": 129,
        "count_delta_per_hour": 18.428571428571427,
        "count_delta_per_minute": 0.30714285714285716,
        "percentage": 6.39,
        "percentage_delta": 6.39,
        "percentage_delta_per_hour": 0.9128571428571428,
        "percentage_delta_per_minute": 0.015214285714285713,
        "registered_count": 2019,
        "registered_count_delta": 2019,
        "registered_count_delta_per_hour": 288.42857142857144,
        "registered_count_delta_per_minute": 4.807142857142857
      },
      "20.00": {
        "count": 444,
        "count_delta": 315,
        "count_delta_per_hour": 63,
        "count_delta_per_minute": 1.05,
        "percentage": 21.99,
        "percentage_delta": 15.599999999999998,
        "percentage_delta_per_hour": 3.1199999999999997,
        "percentage_delta_per_minute": 0.05199999999999999,
        "registered_count": 2019,
        "registered_count_delta": 0,
        "registered_count_delta_per_hour": 0,
        "registered_count_delta_per_minute": 0
      }
    },
    "18.09.2021": {
      "15.00": {
        "count": 496,
        "count_delta": 52,
        "count_delta_per_hour": 7.428571428571429,
        "count_delta_per_minute": 0.12380952380952381,
        "percentage": 24.57,
        "percentage_delta": 2.580000000000002,
        "percentage_delta_per_hour": 0.3685714285714288,
        "percentage_delta_per_minute": 0.006142857142857147,
        "registered_count": 2019,
        "registered_count_delta": 0,
        "registered_count_delta_per_hour": 0,
        "registered_count_delta_per_minute": 0
      },
      "20.00": {
        "count": 615,
        "count_delta": 119,
        "count_delta_per_hour": 23.8,
        "count_delta_per_minute": 0.39666666666666667,
        "percentage": 30.46,
        "percentage_delta": 5.890000000000001,
        "percentage_delta_per_hour": 1.1780000000000002,
        "percentage_delta_per_minute": 0.019633333333333336,
        "registered_count": 2019,
        "registered_count_delta": 0,
        "registered_count_delta_per_hour": 0,
        "registered_count_delta_per_minute": 0
      }
    },
    "19.09.2021": {
      "10.00": {
        "count": 624,
        "count_delta": 9,
        "count_delta_per_hour": 4.5,
        "count_delta_per_minute": 0.075,
        "percentage": 30.91,
        "percentage_delta": 0.4499999999999993,
        "percentage_delta_per_hour": 0.22499999999999964,
        "percentage_delta_per_minute": 0.0037499999999999942
      },
      "12.00": {
        "count": 632,
        "count_delta": 8,
        "count_delta_per_hour": 4,
        "count_delta_per_minute": 0.06666666666666667,
        "percentage": 31.3,
        "percentage_delta": 0.39000000000000057,
        "percentage_delta_per_hour": 0.19500000000000028,
        "percentage_delta_per_minute": 0.0032500000000000046
      },
      "15.00": {
        "count": 743,
        "count_delta": 111,
        "count_delta_per_hour": 37,
        "count_delta_per_minute": 0.6166666666666667,
        "percentage": 36.8,
        "percentage_delta": 5.4999999999999964,
        "percentage_delta_per_hour": 1.8333333333333321,
        "percentage_delta_per_minute": 0.030555555555555537
      },
      "18.00": {
        "count": 873,
        "count_delta": 130,
        "count_delta_per_hour": 43.333333333333336,
        "count_delta_per_minute": 0.7222222222222222,
        "percentage": 43.24,
        "percentage_delta": 6.440000000000005,
        "percentage_delta_per_hour": 2.1466666666666683,
        "percentage_delta_per_minute": 0.035777777777777804
      },
      "20.00": {
        "count": 946,
        "count_delta": 73,
        "count_delta_per_hour": 36.5,
        "count_delta_per_minute": 0.6083333333333333,
        "percentage": 46.8780971258672,
        "percentage_delta": 3.6380971258671977,
        "percentage_delta_per_hour": 1.8190485629335988,
        "percentage_delta_per_minute": 0.030317476048893312,
        "registered_count": 2018,
        "registered_count_delta": -1,
        "registered_count_delta_per_hour": -0.08333333333333333,
        "registered_count_delta_per_minute": -0.001388888888888889
      }
    }
  },
  "metadata": {
    "analysis": {
      "negative_turnout_registered_count_protocols": 1,
      "negative_turnout_registered_count": 1,
      "protocol_count": 1,
      "exceeded_papers_count": 0,
      "exceeded_papers_steal_winning": 0,
      "exceeded_papers_provide_extra_places": 0,
      "multiple_winners": 0,
      "checksum_valid": 1,
      "stuffed_protocol_for_4": 1,
      "stuffed_votes_for_4": 214.77843601895734
    },
    "voters": {
      "initially_registered_count": 2019,
      "registered_count": 2018,
      "walk_by_count": 824,
      "on_home_count": 122,
      "ahead_of_time_count": 0,
      "exceptional_count": 0,
      "removed_count": 1
    },
    "papers": {
      "received_count": 1500,
      "destroyed_count": 554,
      "stationary_box_count": 824,
      "portable_box_count": 122,
      "valid_count": 933,
      "invalid_count": 13,
      "lost_count": 0,
      "ignored_count": 0,
      "taken_home_count": 0
    }
  },
  "entries": [
    {
      "name": "Политическая партия \"НОВЫЕ ЛЮДИ\"",
      "position": 1,
      "party_id": 4,
      "official_result": {
        "votes_count": 310,
        "place": 1,
        "percentage": 32.76955602536998,
        "valid_percentage": 33.22615219721329,
        "registered_percentage": 15.361744301288404,
        "display_percentage": 32.77,
        "winner": true
      },
      "result_without_other_entry": {
        "1": {
          "percentage": 37.99019607843137,