{
  "commission_name": "УИК №2259",
  "ballot_name": "Выборы депутатов Законодательного Собрания Санкт-Петербурга седьмого созыва",
  "name": "Результаты выборов по единому округу",
  "protocol_scope": {
    "type": "uik",
    "id": 2259
  },
  "electoral_district": {
    "type": "city",
    "id": 0
  },
  "data_id": 27820001915220,
  "ballot_data_id": 4784030295501,
  "has_koib": false,
  "generated_date": 1632125585000,
  "official_result": {
    "winner": {
      "id": [
        5,
        6
      ],
      "position": [
        2,
        5
      ],
      "percentage": [
        22.446043165467625,
        22.446043165467625
      ],
      "valid_percentage": [
        23.14540059347181,
        23.14540059347181
      ],
      "registered_percentage": [
        7.282913165266107,
        7.282913165266107
      ]
    },
    "turnout": {
      "count": 699,
      "percentage": 32.63305322128851,
      "walk_by_count": 684,
      "walk_by_percentage": 31.932773109243694,
      "on_home_count": 15,
      "on_home_percentage": 0.700280112044818,
      "ahead_of_time_count": 0,
      "ahead_of_time_percentage": 0,
      "valid_count": 674,
      "valid_percentage": 31.465919701213817,
      "invalid_count": 21,
      "invalid_percentage": 0.9803921568627451,
      "taken_home_count": 4,
      "taken_home_percentage": 0.18674136321195145,
      "lost_count": 0,
      "lost_percentage": 0
    },
    "votes_stats": {
      "winning_count": 312,
      "winning_percentage": 44.89208633093525,
      "effective_count": 674,
      "losing_count": 362,
      "losing_percentage": 52.0863309352518,
      "other_count": 21,
      "other_percentage": 3.0215827338129495,
      "by_place": {
        "#1.5": {
          "count": 312,
          "percentage": 44.89208633093525
        },
        "#2": {
          "count": 123,
          "percentage": 17.697841726618705
        },
        "#3": {
          "count": 114,
          "percentage": 16.402877697841728
        },
        "#4": {
          "count": 50,
          "percentage": 7.194244604316546
        },
        "#5": {
          "count": 42,
          "percentage": 6.043165467625899
        },
        "#6": {
          "count": 23,
          "percentage": 3.3093525179856114
        },
        "#7": {
          "count": 10,
          "percentage": 1.4388489208633095
        }
      }
    }
  },
  "turnout_protocols": {
    "17.09.2021": {
      "15.00": {
        "count": 120,
        "count_delta": 120,
        "count_delta_per_hour": 17.142857142857142,
        "count_delta_per_minute": 0.2857142857142857,
        "percentage": 5.69,
        "percentage_delta": 5.69,
        "percentage_delta_per_hour": 0.812857142857143,
        "percentage_delta_per_minute": 0.013547619047619048,
        "registered_count": 2109,
        "registered_count_delta": 2109,
        "registered_count_delta_per_hour": 301.2857142857143,
        "registered_count_delta_per_minute": 5.021428571428571
      },
      "20.00": {
        "count": 199,
        "count_delta": 79,
        "count_delta_per_hour": 15.8,
        "count_delta_per_minute": 0.2633333333333333,
        "percentage": 9.4,
        "percentage_delta": 3.71,
        "percentage_delta_per_hour": 0.742,
        "percentage_delta_per_minute": 0.012366666666666666,
        "registered_count": 2117,
        "registered_count_delta": 8,
        "registered_count_delta_per_hour": 1.6,
        "registered_count_delta_per_minute": 0.02666666666666667
      }
    },
    "18.09.2021": {
      "15.00": {
        "count": 255,
        "count_delta": 56,
        "count_delta_per_hour": 8,
        "count_delta_per_minute": 0.13333333333333333,
        "percentage": 12.03,
        "percentage_delta": 2.629999999999999,
        "percentage_delta_per_hour": 0.37571428571428556,
        "percentage_delta_per_minute": 0.006261904761904759,
        "registered_count": 2120,
        "registered_count_delta": 3,
        "registered_count_delta_per_hour": 0.42857142857142855,
        "registered_count_delta_per_minute": 0.007142857142857143
      },
      "20.00": {
        "count": 327,
        "count_delta": 72,
        "count_delta_per_hour": 14.4,
        "count_delta_per_minute": 0.24,
        "percentage": 15.4,
        "percentage_delta": 3.370000000000001,
        "percentage_delta_per_hour": 0.6740000000000002,
        "percentage_delta_per_minute": 0.011233333333333336,
        "registered_count": 2123,
        "registered_count_delta": 3,
        "registered_count_delta_per_hour": 0.6,
        "registered_count_delta_per_minute": 0.01
      }
    },
    "19.09.2021": {
      "10.00": {
        "count": 336,
        "count_delta": 9,
        "count_delta_per_hour": 4.5,
        "count_delta_per_minute": 0.075,
        "percentage": 15.69,
        "percentage_delta": 0.28999999999999915,
        "percentage_delta_per_hour": 0.14499999999999957,
        "percentage_delta_per_minute": 0.0024166666666666594
      },
      "12.00": {
        "count": 371,
        "count_delta": 35,
        "count_delta_per_hour": 17.5,
        "count_delta_per_minute": 0.2916666666666667,
        "percentage": 17.33,
        "percentage_delta": 1.6399999999999988,
        "percentage_delta_per_hour": 0.8199999999999994,
        "percentage_delta_per_minute": 0.013666666666666657
      },
      "15.00": {
        "count": 473,
        "count_delta": 102,
        "count_delta_per_hour": 34,
        "count_delta_per_minute": 0.5666666666666667,
        "percentage": 22.1,
        "percentage_delta": 4.770000000000003,
        "percentage_delta_per_hour": 1.590000000000001,
        "percentage_delta_per_minute": 0.026500000000000017
      },
      "18.00": {
        "count": 602,
        "count_delta": 129,
        "count_delta_per_hour": 43,
        "count_delta_per_minute": 0.7166666666666667,
        "percentage": 28.11,
        "percentage_delta": 6.009999999999998,
        "percentage_delta_per_hour": 2.0033333333333325,
        "percentage_delta_per_minute": 0.03338888888888888
      },
      "20.00": {
        "count": 699,
        "count_delta": 97,
        "count_delta_per_hour": 48.5,
        "count_delta_per_minute": 0.8083333333333333,
        "percentage": 32.63305322128851,
        "percentage_delta": 4.523053221288514,
        "percentage_delta_per_hour": 2.261526610644257,
        "percentage_delta_per_minute": 0.03769211017740428,
        "registered_count": 2142,
        "registered_count_delta": 19,
        "registered_count_delta_per_hour": 1.5833333333333333,
        "registered_count_delta_per_minute": 0.02638888888888889
      }
    }
  },
  "metadata": {
    "analysis": {
      "protocol_count": 1,
      "exceeded_papers_count": 0,
      "exceeded_papers_steal_winning": 0,
      "exceeded_papers_provide_extra_places": 0,
      "multiple_winners": 1,
      "checksum_valid": 1
    },
    "voters": {
      "initially_registered_count": 2106,
      "registered_count": 2142,
      "walk_by_count": 684,
      "on_home_count": 15,
      "ahead_of_time_count": 0,
      "exceptional_count": 0,
      "added_count": 36
    },
    "papers": {
      "received_count": 2000,
      "destroyed_count": 1301,
      "stationary_box_count": 680,
      "portable_box_count": 15,
      "valid_count": 674,
      "invalid_count": 21,
      "lost_count": 0,
      "ignored_count": 0,
      "taken_home_count": 4
    }
  },
  "entries": [
    {
      "name": "Всероссийская политическая партия \"ЕДИНАЯ РОССИЯ\"",
      "position": 2,
      "party_id": 5,
      "official_result": {
        "votes_count": 156,
        "place": 1.5,
        "percentage": 22.446043165467625,
        "valid_percentage": 23.14540059347181,
        "registered_percentage": 7.282913165266107,
        "display_percentage": 22.45,
        "winner": true,
        "same_place_candidate_count": 2
      },
      "result_without_other_entry": {
        "1": {
          "percentage": 26.850258175559382,