{
  "commission_name": "УИК №314",
  "ballot_name": "Выборы депутатов Законодательного Собрания Санкт-Петербурга седьмого созыва",
  "name": "Результаты выборов по единому округу",
  "protocol_scope": {
    "type": "uik",
    "id": 314
  },
  "electoral_district": {
    "type": "city",
    "id": 0
  },
  "data_id": 27820001915220,
  "ballot_data_id": 4784018429881,
  "has_koib": false,
  "generated_date": 1632128552000,
  "official_result": {
    "winner": {
      "id": 1,
      "position": 6,
      "percentage": 24.456521739130434,
      "valid_percentage": 25.210084033613445,
      "registered_percentage": 7.29631130928253
    },
    "turnout": {
      "count": 736,
      "percentage": 29.833806242399675,
      "walk_by_count": 732,
      "walk_by_percentage": 29.671665991082286,
      "on_home_count": 4,
      "on_home_percentage": 0.16214025131738954,
      "ahead_of_time_count": 0,
      "ahead_of_time_percentage": 0,
      "valid_count": 714,
      "valid_percentage": 28.94203486015403,
      "invalid_count": 22,
      "invalid_percentage": 0.8917713822456425,
      "taken_home_count": 0,
      "taken_home_percentage": 0,
      "lost_count": 0,
      "lost_percentage": 0
    },
    "votes_stats": {
      "winning_count": 180,
      "winning_percentage": 24.456521739130434,
      "effective_count": 714,
      "losing_count": 534,
      "losing_percentage": 72.55434782608695,
      "other_count": 22,
      "other_percentage": 2.989130434782609,
      "by_place": {
        "#1": {
          "count": 180,
          "percentage": 24.456521739130434
        },
        "#2": {
          "count": 162,
          "percentage": 22.01086956521739
        },
        "#3": {
          "count": 95,
          "percentage": 12.907608695652172
        },
        "#4": {
          "count": 86,
          "percentage": 11.684782608695652
        },
        "#5": {
          "count": 84,
          "percentage": 11.41304347826087
        },
        "#6": {
          "count": 66,
          "percentage": 8.967391304347826
        },
        "#7": {
          "count": 22,
          "percentage": 2.989130434782609
        },
        "#8": {
          "count": 19,
          "percentage": 2.5815217391304346
        }
      }
    }
  },
  "turnout_protocols": {
    "17.09.2021": {
      "15.00": {
        "count": 116,
        "count_delta": 116,
        "count_delta_per_hour": 16.571428571428573,
        "count_delta_per_minute": 0.2761904761904762,
        "percentage": 4.83,
        "percentage_delta": 4.83,
        "percentage_delta_per_hour": 0.6900000000000001,
        "percentage_delta_per_minute": 0.0115,
        "registered_count": 2402,
        "registered_count_delta": 2402,
        "registered_count_delta_per_hour": 343.14285714285717,
        "registered_count_delta_per_minute": 5.719047619047619
      },
      "20.00": {
        "count": 197,
        "count_delta": 81,
        "count_delta_per_hour": 16.2,
        "count_delta_per_minute": 0.27,
        "percentage": 8.2,
        "percentage_delta": 3.369999999999999,
        "percentage_delta_per_hour": 0.6739999999999998,
        "percentage_delta_per_minute": 0.011233333333333331,
        "registered_count": 2402,
        "registered_count_delta": 0,
        "registered_count_delta_per_hour": 0,
        "registered_count_delta_per_minute": 0
      }
    },
    "18.09.2021": {
      "15.00": {
        "count": 260,
        "count_delta": 63,
        "count_delta_per_hour": 9,
        "count_delta_per_minute": 0.15,
        "percentage": 10.83,
        "percentage_delta": 2.630000000000001,
        "percentage_delta_per_hour": 0.37571428571428583,
        "percentage_delta_per_minute": 0.006261904761904764,
        "registered_count": 2401,
        "registered_count_delta": -1,
        "registered_count_delta_per_hour": -0.14285714285714285,
        "registered_count_delta_per_minute": -0.002380952380952381
      },
      "20.00": {
        "count": 356,
        "count_delta": 96,
        "count_delta_per_hour": 19.2,
        "count_delta_per_minute": 0.32,
        "percentage": 14.83,
        "percentage_delta": 4,
        "percentage_delta_per_hour": 0.8,
        "percentage_delta_per_minute": 0.013333333333333334,
        "registered_count": 2401,
        "registered_count_delta": 0,
        "registered_count_delta_per_hour": 0,
        "registered_count_delta_per_minute": 0
      }
    },
    "19.09.2021": {
      "10.00": {
        "count": 368,
        "count_delta": 12,
        "count_delta_per_hour": 6,
        "count_delta_per_minute": 0.1,
        "percentage": 14.93,
        "percentage_delta": 0.09999999999999964,
        "percentage_delta_per_hour": 0.04999999999999982,
        "percentage_delta_per_minute": 0.0008333333333333304
      },
      "12.00": {
        "count": 395,
        "count_delta": 27,
        "count_delta_per_hour": 13.5,
        "count_delta_per_minute": 0.225,
        "percentage": 16.03,
        "percentage_delta": 1.1000000000000014,
        "percentage_delta_per_hour": 0.5500000000000007,
        "percentage_delta_per_minute": 0.009166666666666679
      },
      "15.00": {
        "count": 562,
        "count_delta": 167,
        "count_delta_per_hour": 55.666666666666664,
        "count_delta_per_minute": 0.9277777777777778,
        "percentage": 22.78,
        "percentage_delta": 6.75,
        "percentage_delta_per_hour": 2.25,
        "percentage_delta_per_minute": 0.0375
      },
      "18.00": {
        "count": 835,
        "count_delta": 273,
        "count_delta_per_hour": 91,
        "count_delta_per_minute": 1.5166666666666666,
        "percentage": 33.83,
        "percentage_delta": 11.049999999999997,
        "percentage_delta_per_hour": 3.6833333333333322,
        "percentage_delta_per_minute": 0.061388888888888875
      },
      "20.00": {
        "count": 736,
        "count_delta": -99,
        "count_delta_per_hour": -49.5,
        "count_delta_per_minute": -0.825,
        "percentage": 29.833806242399675,
        "percentage_delta": -3.9961937576003237,
        "percentage_delta_per_hour": -1.9980968788001618,
        "percentage_delta_per_minute": -0.033301614646669364,
        "registered_count": 2467,
        "registered_count_delta": 66,
        "registered_count_delta_per_hour": 5.5,
        "registered_count_delta_per_minute": 0.09166666666666666
      }
    }
  },
  "metadata": {
    "analysis": {
      "negative_turnout_registered_count_protocols": 1,
      "negative_turnout_registered_count": 1,
      "negative_turnout_percentage_protocols": 1,
      "negative_turnout_percentage": 3.9961937576003237,
      "negative_turnout_count_protocols": 1,
      "negative_turnout_count": 99,
      "protocol_count": 1,
      "exceeded_papers_count": 0,
      "exceeded_papers_steal_winning": 0,
      "exceeded_papers_provide_extra_places": 0,
      "multiple_winners": 0,
      "checksum_valid": 1
    },
    "voters": {
      "initially_registered_count": 2401,
      "registered_count": 2467,
      "walk_by_count": 732,
      "on_home_count": 4,
      "ahead_of_time_count": 0,
      "exceptional_count": 0,
      "added_count": 66
    },
    "papers": {
      "received_count": 2000,
      "destroyed_count": 1264,
      "stationary_box_count": 732,
      "portable_box_count": 4,
      "valid_count": 714,
      "invalid_count": 22,
      "lost_count": 0,
      "ignored_count": 0,
      "taken_home_count": 0
    }
  },
  "entries": [
    {
      "name": "Политическая партия \"КОММУНИСТИЧЕСКАЯ ПАРТИЯ РОССИЙСКОЙ ФЕДЕРАЦИИ\"",
      "position": 6,
      "party_id": 1,
      "official_result": {
        "votes_count": 180,
        "place": 1,
        "percentage": 24.456521739130434,
        "valid_percentage": 25.210084033613445,
        "registered_percentage": 7.29631130928253,
        "display_percentage": 24.46,
        "winner": true
      },
      "result_without_other_entry": {
        "3": {
          "percentage": 26.865671641791046,