{
  "commission_name": "УИК №20",
  "ballot_name": "Выборы депутатов Законодательного Собрания Санкт-Петербурга седьмого созыва",
  "name": "Результаты выборов по одномандатному (многомандатному) округу",
  "protocol_scope": {
    "type": "uik",
    "id": 20
  },
  "electoral_district": {
    "type": "city",
    "id": 1
  },
  "data_id": 27820001915220,
  "ballot_data_id": 4784001384368,
  "has_koib": false,
  "generated_date": 1632127510000,
  "official_result": {
    "winner": {
      "id": 14,
      "position": 1,
      "percentage": 49.63235294117647,
      "valid_percentage": 50.75187969924813,
      "registered_percentage": 18.23092505064146
    },
    "turnout": {
      "count": 549,
      "percentage": 37.069547602970964,
      "walk_by_count": 531,
      "walk_by_percentage": 35.85415259959487,
      "on_home_count": 18,
      "on_home_percentage": 1.2153950033760972,
      "ahead_of_time_count": 0,
      "ahead_of_time_percentage": 0,
      "valid_count": 532,
      "valid_percentage": 35.921674544226875,
      "invalid_count": 12,
      "invalid_percentage": 0.8102633355840648,
      "taken_home_count": 5,
      "taken_home_percentage": 0.337609723160027,
      "lost_count": 0,
      "lost_percentage": 0
    },
    "votes_stats": {
      "winning_count": 270,
      "winning_percentage": 49.63235294117647,
      "effective_count": 532,
      "losing_count": 262,
      "losing_percentage": 48.161764705882355,
      "other_count": 12,
      "other_percentage": 2.2058823529411766,
      "by_place": {
        "#1": {
          "count": 270,
          "percentage": 49.63235294117647
        },
        "#2": {
          "count": 119,
          "percentage": 21.875,
          "supported_by_smart_vote": true
        },
        "#3": {
          "count": 60,
          "percentage": 11.029411764705882
        },
        "#4": {
          "count": 29,
          "percentage": 5.330882352941177
        },
        "#5": {
          "count": 24,
          "percentage": 4.411764705882353
        },
        "#6": {
          "count": 19,
          "percentage": 3.4926470588235294
        },
        "#7": {
          "count": 11,
          "percentage": 2.0220588235294117
        }
      }
    }
  },
  "turnout_protocols": {
    "17.09.2021": {
      "15.00": {
        "count": 130,
        "count_delta": 130,
        "count_delta_per_hour": 18.571428571428573,
        "count_delta_per_minute": 0.30952380952380953,
        "percentage": 8.69,
        "percentage_delta": 8.69,
        "percentage_delta_per_hour": 1.2414285714285713,
        "percentage_delta_per_minute": 0.02069047619047619,
        "registered_count": 1496,
        "registered_count_delta": 1496,
        "registered_count_delta_per_hour": 213.71428571428572,
        "registered_count_delta_per_minute": 3.5619047619047617
      },
      "20.00": {
        "count": 195,
        "count_delta": 65,
        "count_delta_per_hour": 13,
        "count_delta_per_minute": 0.21666666666666667,
        "percentage": 13.03,
        "percentage_delta": 4.34,
        "percentage_delta_per_hour": 0.868,
        "percentage_delta_per_minute": 0.014466666666666666,
        "registered_count": 1497,
        "registered_count_delta": 1,
        "registered_count_delta_per_hour": 0.2,
        "registered_count_delta_per_minute": 0.0033333333333333335
      }
    },
    "18.09.2021": {
      "15.00": {
        "count": 263,
        "count_delta": 68,
        "count_delta_per_hour": 9.714285714285714,
        "count_delta_per_minute": 0.1619047619047619,
        "percentage": 17.58,
        "percentage_delta": 4.549999999999999,
        "percentage_delta_per_hour": 0.6499999999999998,
        "percentage_delta_per_minute": 0.01083333333333333,
        "registered_count": 1496,
        "registered_count_delta": -1,
        "registered_count_delta_per_hour": -0.14285714285714285,
        "registered_count_delta_per_minute": -0.002380952380952381
      },
      "20.00": {
        "count": 307,
        "count_delta": 44,
        "count_delta_per_hour": 8.8,
        "count_delta_per_minute": 0.14666666666666667,
        "percentage": 20.52,
        "percentage_delta": 2.9400000000000013,
        "percentage_delta_per_hour": 0.5880000000000003,
        "percentage_delta_per_minute": 0.009800000000000005,
        "registered_count": 1496,
        "registered_count_delta": 0,
        "registered_count_delta_per_hour": 0,
        "registered_count_delta_per_minute": 0
      }
    },
    "19.09.2021": {
      "10.00": {
        "count": 307,
        "count_delta": 0,
        "count_delta_per_hour": 0,
        "count_delta_per_minute": 0,
        "percentage": 20.72,
        "percentage_delta": 0.1999999999999993,
        "percentage_delta_per_hour": 0.09999999999999964,
        "percentage_delta_per_minute": 0.0016666666666666607
      },
      "12.00": {
        "count": 328,
        "count_delta": 21,
        "count_delta_per_hour": 10.5,
        "count_delta_per_minute": 0.175,
        "percentage": 22.13,
        "percentage_delta": 1.4100000000000001,
        "percentage_delta_per_hour": 0.7050000000000001,
        "percentage_delta_per_minute": 0.011750000000000002
      },
      "15.00": {
        "count": 391,
        "count_delta": 63,
        "count_delta_per_hour": 21,
        "count_delta_per_minute": 0.35,
        "percentage": 26.4,
        "percentage_delta": 4.27,
        "percentage_delta_per_hour": 1.4233333333333331,
        "percentage_delta_per_minute": 0.02372222222222222
      },
      "18.00": {
        "count": 564,
        "count_delta": 173,
        "count_delta_per_hour": 57.666666666666664,
        "count_delta_per_minute": 0.9611111111111111,
        "percentage": 38.1,
        "percentage_delta": 11.700000000000003,
        "percentage_delta_per_hour": 3.900000000000001,
        "percentage_delta_per_minute": 0.06500000000000002
      },
      "20.00": {
        "count": 549,
        "count_delta": -15,
        "count_delta_per_hour": -7.5,
        "count_delta_per_minute": -0.125,
        "percentage": 37.069547602970964,
        "percentage_delta": -1.0304523970290376,
        "percentage_delta_per_hour": -0.5152261985145188,
        "percentage_delta_per_minute": -0.008587103308575313,
        "registered_count": 1481,
        "registered_count_delta": -15,
        "registered_count_delta_per_hour": -1.25,
        "registered_count_delta_per_minute": -0.020833333333333332
      }
    }
  },
  "metadata": {
    "analysis": {
      "negative_turnout_registered_count_protocols": 1,
      "negative_turnout_registered_count": 15,
      "negative_turnout_percentage_protocols": 1,
      "negative_turnout_percentage": 1.0304523970290376,
      "negative_turnout_count_protocols": 1,
      "negative_turnout_count": 15,
      "protocol_count": 1,
      "exceeded_papers_count": 0,
      "exceeded_papers_steal_winning": 0,
      "checksum_valid": 1
    },
    "voters": {
      "initially_registered_count": 1496,
      "registered_count": 1481,
      "walk_by_count": 531,
      "on_home_count": 18,
      "ahead_of_time_count": 0,
      "exceptional_count": 0,
      "removed_count": 15
    },
    "papers": {
      "received_count": 1100,
      "destroyed_count": 551,
      "stationary_box_count": 526,
      "portable_box_count": 18,
      "valid_count": 532,
      "invalid_count": 12,
      "lost_count": 0,
      "ignored_count": 0,
      "taken_home_count": 5
    }
  },
  "entries": [
    {
      "name": "Астахова Наталия Владимировна",
      "position": 1,
      "candidate_id": 14,
      "supported_by_party_id": 5,
      "official_result": {
        "votes_count": 270,
        "place": 1,
        "percentage": 49.63235294117647,
        "valid_percentage": 50.75187969924813,
        "registered_percentage": 18.23092505064146,
        "display_percentage": 49.63,
        "winner": true
      },
      "result_without_other_entry": {
        "15": {
          "percentage": 63.52941176470588,