{
  "commission_name": "УИК №1190",
  "ballot_name": "Выборы депутатов Законодательного Собрания Санкт-Петербурга седьмого созыва",
  "name": "Результаты выборов по единому округу",
  "protocol_scope": {
    "type": "uik",
    "id": 1190
  },
  "electoral_district": {
    "type": "city",
    "id": 0
  },
  "data_id": 27820001915220,
  "ballot_data_id": 4784026409806,
  "has_koib": true,
  "generated_date": 1632118502000,
  "official_result": {
    "winner": {
      "id": 5,
      "position": 2,
      "percentage": 29.36936936936937,
      "valid_percentage": 30.129390018484287,
      "registered_percentage": 8.858695652173914
    },
    "turnout": {
      "count": 555,
      "percentage": 30.16304347826087,
      "walk_by_count": 549,
      "walk_by_percentage": 29.836956521739133,
      "on_home_count": 6,
      "on_home_percentage": 0.32608695652173914,
      "ahead_of_time_count": 0,
      "ahead_of_time_percentage": 0,
      "valid_count": 541,
      "valid_percentage": 29.402173913043477,
      "invalid_count": 14,
      "invalid_percentage": 0.7608695652173914,
      "taken_home_count": 0,
      "taken_home_percentage": 0,
      "lost_count": 0,
      "lost_percentage": 0
    },
    "votes_stats": {
      "winning_count": 163,
      "winning_percentage": 29.36936936936937,
      "effective_count": 541,
      "losing_count": 378,
      "losing_percentage": 68.10810810810811,
      "other_count": 14,
      "other_percentage": 2.5225225225225225,
      "by_place": {
        "#1": {
          "count": 163,
          "percentage": 29.36936936936937
        },
        "#2": {
          "count": 119,
          "percentage": 21.44144144144144
        },
        "#3": {
          "count": 77,
          "percentage": 13.873873873873874
        },
        "#4": {
          "count": 73,
          "percentage": 13.153153153153152
        },
        "#5": {
          "count": 61,
          "percentage": 10.99099099099099
        },
        "#6": {
          "count": 27,
          "percentage": 4.864864864864865
        },
        "#7": {
          "count": 14,
          "percentage": 2.5225225225225225
        },
        "#8": {
          "count": 7,
          "percentage": 1.2612612612612613
        }
      }
    }
  },
  "turnout_protocols": {
    "17.09.2021": {
      "15.00": {
        "count": 69,
        "count_delta": 69,
        "count_delta_per_hour": 9.857142857142858,
        "count_delta_per_minute": 0.16428571428571428,
        "percentage": 3.83,
        "percentage_delta": 3.83,
        "percentage_delta_per_hour": 0.5471428571428572,
        "percentage_delta_per_minute": 0.009119047619047619,
        "registered_count": 1802,
        "registered_count_delta": 1802,
        "registered_count_delta_per_hour": 257.42857142857144,
        "registered_count_delta_per_minute": 4.29047619047619
      },
      "20.00": {
        "count": 159,
        "count_delta": 90,
        "count_delta_per_hour": 18,
        "count_delta_per_minute": 0.3,
        "percentage": 8.78,
        "percentage_delta": 4.949999999999999,
        "percentage_delta_per_hour": 0.9899999999999999,
        "percentage_delta_per_minute": 0.016499999999999997,
        "registered_count": 1811,
        "registered_count_delta": 9,
        "registered_count_delta_per_hour": 1.8,
        "registered_count_delta_per_minute": 0.03
      }
    },
    "18.09.2021": {
      "15.00": {
        "count": 250,
        "count_delta": 91,
        "count_delta_per_hour": 13,
        "count_delta_per_minute": 0.21666666666666667,
        "percentage": 13.75,
        "percentage_delta": 4.970000000000001,
        "percentage_delta_per_hour": 0.7100000000000001,
        "percentage_delta_per_minute": 0.011833333333333335,
        "registered_count": 1818,
        "registered_count_delta": 7,
        "registered_count_delta_per_hour": 1,
        "registered_count_delta_per_minute": 0.016666666666666666
      },
      "20.00": {
        "count": 316,
        "count_delta": 66,
        "count_delta_per_hour": 13.2,
        "count_delta_per_minute": 0.22,
        "percentage": 17.34,
        "percentage_delta": 3.59,
        "percentage_delta_per_hour": 0.718,
        "percentage_delta_per_minute": 0.011966666666666665,
        "registered_count": 1822,
        "registered_count_delta": 4,
        "registered_count_delta_per_hour": 0.8,
        "registered_count_delta_per_minute": 0.013333333333333334
      }
    },
    "19.09.2021": {
      "10.00": {
        "count": 322,
        "count_delta": 6,
        "count_delta_per_hour": 3,
        "count_delta_per_minute": 0.05,
        "percentage": 17.49,
        "percentage_delta": 0.14999999999999858,
        "percentage_delta_per_hour": 0.07499999999999929,
        "percentage_delta_per_minute": 0.001249999999999988
      },
      "12.00": {
        "count": 349,
        "count_delta": 27,
        "count_delta_per_hour": 13.5,
        "count_delta_per_minute": 0.225,
        "percentage": 18.96,
        "percentage_delta": 1.4700000000000024,
        "percentage_delta_per_hour": 0.7350000000000012,
        "percentage_delta_per_minute": 0.01225000000000002
      },
      "15.00": {
        "count": 434,
        "count_delta": 85,
        "count_delta_per_hour": 28.333333333333332,
        "count_delta_per_minute": 0.4722222222222222,
        "percentage": 23.56,
        "percentage_delta": 4.599999999999998,
        "percentage_delta_per_hour": 1.5333333333333325,
        "percentage_delta_per_minute": 0.025555555555555543
      },
      "18.00": {
        "count": 481,
        "count_delta": 47,
        "count_delta_per_hour": 15.666666666666666,
        "count_delta_per_minute": 0.2611111111111111,
        "percentage": 26.14,
        "percentage_delta": 2.580000000000002,
        "percentage_delta_per_hour": 0.8600000000000007,
        "percentage_delta_per_minute": 0.014333333333333344
      },
      "20.00": {
        "count": 555,
        "count_delta": 74,
        "count_delta_per_hour": 37,
        "count_delta_per_minute": 0.6166666666666667,
        "percentage": 30.16304347826087,
        "percentage_delta": 4.02304347826087,
        "percentage_delta_per_hour": 2.011521739130435,
        "percentage_delta_per_minute": 0.03352536231884059,
        "registered_count": 1840,
        "registered_count_delta": 18,
        "registered_count_delta_per_hour": 1.5,
        "registered_count_delta_per_minute": 0.025
      }
    }
  },
  "metadata": {
    "analysis": {
      "protocol_count": 1,
      "exceeded_papers_count": 0,
      "exceeded_papers_steal_winning": 0,
      "exceeded_papers_provide_extra_places": 0,
      "multiple_winners": 0,
      "checksum_valid": 1
    },
    "voters": {
      "initially_registered_count": 1801,
      "registered_count": 1840,
      "walk_by_count": 549,
      "on_home_count": 6,
      "ahead_of_time_count": 0,
      "exceptional_count": 0,
      "added_count": 39
    },
    "papers": {
      "received_count": 1500,
      "destroyed_count": 945,
      "stationary_box_count": 549,
      "portable_box_count": 6,
      "valid_count": 541,
      "invalid_count": 14,
      "lost_count": 0,
      "ignored_count": 0,
      "taken_home_count": 0
    }
  },
  "entries": [
    {
      "name": "Всероссийская политическая партия \"ЕДИНАЯ РОССИЯ\"",
      "position": 2,
      "party_id": 5,
      "official_result": {
        "votes_count": 163,
        "place": 1,
        "percentage": 29.36936936936937,
        "valid_percentage": 30.129390018484287,
        "registered_percentage": 8.858695652173914,
        "display_percentage": 29.37,
        "winner": true
      },
      "result_without_other_entry": {
        "1": {
          "percentage": 37.38532110091743,
          "valid_percentage": 38.62559241706161
        },
        "3": {
          "percentage": 32.99595141700405,
          "valid_percentage": 33.958333333333336
        },
        "4": {
          "percentage": 33.81742738589212,