{
  "commission_name": "УИК №398",
  "ballot_name": "Выборы депутатов Законодательного Собрания Санкт-Петербурга седьмого созыва",
  "name": "Результаты выборов по одномандатному (многомандатному) округу",
  "protocol_scope": {
    "type": "uik",
    "id": 398
  },
  "electoral_district": {
    "type": "city",
    "id": 5
  },
  "data_id": 27820001915220,
  "ballot_data_id": 478403681308,
  "has_koib": false,
  "generated_date": 1632132213000,
  "official_result": {
    "winner": {
      "id": 146,
      "position": 3,
      "percentage": 26.910299003322258,
      "valid_percentage": 28.621908127208478,
      "registered_percentage": 9.854014598540147
    },
    "turnout": {
      "count": 602,
      "percentage": 36.61800486618005,
      "walk_by_count": 588,
      "walk_by_percentage": 35.76642335766424,
      "on_home_count": 14,
      "on_home_percentage": 0.851581508515815,
      "ahead_of_time_count": 0,
      "ahead_of_time_percentage": 0,
      "valid_count": 566,
      "valid_percentage": 34.42822384428224,
      "invalid_count": 36,
      "invalid_percentage": 2.18978102189781,
      "taken_home_count": 0,
      "taken_home_percentage": 0,
      "lost_count": 0,
      "lost_percentage": 0
    },
    "votes_stats": {
      "winning_count": 162,
      "winning_percentage": 26.910299003322258,
      "effective_count": 566,
      "losing_count": 404,
      "losing_percentage": 67.109634551495,
      "other_count": 36,
      "other_percentage": 5.980066445182724,
      "by_place": {
        "#1": {
          "count": 162,
          "percentage": 26.910299003322258
        },
        "#2": {
          "count": 137,
          "percentage": 22.757475083056477
        },
        "#3": {
          "count": 89,
          "percentage": 14.784053156146179,
          "supported_by_smart_vote": true
        },
        "#4": {
          "count": 52,
          "percentage": 8.637873754152823
        },
        "#5": {
          "count": 50,
          "percentage": 8.305647840531561
        },
        "#6": {
          "count": 43,
          "percentage": 7.142857142857142
        },
        "#7": {
          "count": 33,
          "percentage": 5.48172757475083
        }
      }
    }
  },
  "turnout_protocols": {
    "17.09.2021": {
      "15.00": {
        "count": 127,
        "count_delta": 127,
        "count_delta_per_hour": 18.142857142857142,
        "count_delta_per_minute": 0.30238095238095236,
        "percentage": 7.78,
        "percentage_delta": 7.78,
        "percentage_delta_per_hour": 1.1114285714285714,
        "percentage_delta_per_minute": 0.018523809523809526,
        "registered_count": 1632,
        "registered_count_delta": 1632,
        "registered_count_delta_per_hour": 233.14285714285714,
        "registered_count_delta_per_minute": 3.8857142857142857
      },
      "20.00": {
        "count": 202,
        "count_delta": 75,
        "count_delta_per_hour": 15,
        "count_delta_per_minute": 0.25,
        "percentage": 12.38,
        "percentage_delta": 4.6000000000000005,
        "percentage_delta_per_hour": 0.9200000000000002,
        "percentage_delta_per_minute": 0.015333333333333336,
        "registered_count": 1632,
        "registered_count_delta": 0,
        "registered_count_delta_per_hour": 0,
        "registered_count_delta_per_minute": 0
      }
    },
    "18.09.2021": {
      "15.00": {
        "count": 205,
        "count_delta": 3,
        "count_delta_per_hour": 0.42857142857142855,
        "count_delta_per_minute": 0.007142857142857143,
        "percentage": 12.56,
        "percentage_delta": 0.17999999999999972,
        "percentage_delta_per_hour": 0.025714285714285672,
        "percentage_delta_per_minute": 0.0004285714285714279,
        "registered_count": 1632,
        "registered_count_delta": 0,
        "registered_count_delta_per_hour": 0,
        "registered_count_delta_per_minute": 0
      },
      "20.00": {
        "count": 356,
        "count_delta": 151,
        "count_delta_per_hour": 30.2,
        "count_delta_per_minute": 0.5033333333333333,
        "percentage": 21.81,
        "percentage_delta": 9.249999999999998,
        "percentage_delta_per_hour": 1.8499999999999996,
        "percentage_delta_per_minute": 0.030833333333333327,
        "registered_count": 1632,
        "registered_count_delta": 0,
        "registered_count_delta_per_hour": 0,
        "registered_count_delta_per_minute": 0
      }
    },
    "19.09.2021": {
      "10.00": {
        "count": 359,
        "count_delta": 3,
        "count_delta_per_hour": 1.5,
        "count_delta_per_minute": 0.025,
        "percentage": 21.81,
        "percentage_delta": 0,
        "percentage_delta_per_hour": 0,
        "percentage_delta_per_minute": 0
      },
      "12.00": {
        "count": 394,
        "count_delta": 35,
        "count_delta_per_hour": 17.5,
        "count_delta_per_minute": 0.2916666666666667,
        "percentage": 23.96,
        "percentage_delta": 2.150000000000002,
        "percentage_delta_per_hour": 1.075000000000001,
        "percentage_delta_per_minute": 0.017916666666666685
      },
      "15.00": {
        "count": 469,
        "count_delta": 75,
        "count_delta_per_hour": 25,
        "count_delta_per_minute": 0.4166666666666667,
        "percentage": 28.55,
        "percentage_delta": 4.59,
        "percentage_delta_per_hour": 1.53,
        "percentage_delta_per_minute": 0.0255
      },
      "18.00": {
        "count": 524,
        "count_delta": 55,
        "count_delta_per_hour": 18.333333333333332,
        "count_delta_per_minute": 0.3055555555555556,
        "percentage": 31.86,
        "percentage_delta": 3.3099999999999987,
        "percentage_delta_per_hour": 1.1033333333333328,
        "percentage_delta_per_minute": 0.01838888888888888
      },
      "20.00": {
        "count": 602,
        "count_delta": 78,
        "count_delta_per_hour": 39,
        "count_delta_per_minute": 0.65,
        "percentage": 36.61800486618005,
        "percentage_delta": 4.758004866180052,
        "percentage_delta_per_hour": 2.379002433090026,
        "percentage_delta_per_minute": 0.03965004055150043,
        "registered_count": 1644,
        "registered_count_delta": 12,
        "registered_count_delta_per_hour": 1,
        "registered_count_delta_per_minute": 0.016666666666666666
      }
    }
  },
  "metadata": {
    "analysis": {
      "protocol_count": 1,
      "exceeded_papers_count": 0,
      "exceeded_papers_steal_winning": 0,
      "checksum_valid": 1,
      "stuffed_protocol_for_146": 1,
      "stuffed_votes_for_146": 40.02141327623126
    },
    "voters": {
      "initially_registered_count": 1632,
      "registered_count": 1644,
      "walk_by_count": 588,
      "on_home_count": 14,
      "ahead_of_time_count": 0,
      "exceptional_count": 0,
      "added_count": 12
    },
    "papers": {
      "received_count": 1500,
      "destroyed_count": 898,
      "stationary_box_count": 588,
      "portable_box_count": 14,
      "valid_count": 566,
      "invalid_count": 36,
      "lost_count": 0,
      "ignored_count": 0,
      "taken_home_count": 0
    }
  },
  "entries": [
    {
      "name": "Иванова Ирина Владимировна",
      "position": 3,
      "candidate_id": 146,
      "supported_by_party_id": 1,
      "official_result": {
        "votes_count": 162,
        "place": 1,
        "percentage": 26.910299003322258,
        "valid_percentage": 28.621908127208478,
        "registered_percentage": 9.854014598540147,
        "display_percentage": 26.91,
        "winner": true
      },
      "result_without_other_entry": {
        "147": {
          "percentage": 28.980322003577818,
          "valid_percentage": 30.975143403441685
        },
        "158": {
          "percentage": 31.57894736842105,
          "valid_percentage": 33.9622641509434
        },
        "159": {
          "percentage": 34.83870967741935,
          "valid_percentage": 37.76223776223776
        },