{
  "commission_name": "УИК №1252",
  "ballot_name": "Выборы депутатов Законодательного Собрания Санкт-Петербурга седьмого созыва",
  "name": "Результаты выборов по единому округу",
  "protocol_scope": {
    "type": "uik",
    "id": 1252
  },
  "electoral_district": {
    "type": "city",
    "id": 0
  },
  "data_id": 27820001915220,
  "ballot_data_id": 4784009283061,
  "has_koib": false,
  "generated_date": 1632115512000,
  "official_result": {
    "winner": {
      "id": 5,
      "position": 2,
      "percentage": 34.06432748538012,
      "valid_percentage": 35.09036144578313,
      "registered_percentage": 13.657678780773741
    },
    "turnout": {
      "count": 684,
      "percentage": 40.093786635404456,
      "walk_by_count": 666,
      "walk_by_percentage": 39.038686987104334,
      "on_home_count": 18,
      "on_home_percentage": 1.0550996483001172,
      "ahead_of_time_count": 0,
      "ahead_of_time_percentage": 0,
      "valid_count": 664,
      "valid_percentage": 38.921453692848765,
      "invalid_count": 20,
      "invalid_percentage": 1.1723329425556859,
      "taken_home_count": 0,
      "taken_home_percentage": 0,
      "lost_count": 0,
      "lost_percentage": 0
    },
    "votes_stats": {
      "winning_count": 233,
      "winning_percentage": 34.06432748538012,
      "effective_count": 664,
      "losing_count": 431,
      "losing_percentage": 63.01169590643275,
      "other_count": 20,
      "other_percentage": 2.923976608187134,
      "by_place": {
        "#1": {
          "count": 233,
          "percentage": 34.06432748538012
        },
        "#2": {
          "count": 112,
          "percentage": 16.374269005847953
        },
        "#3": {
          "count": 89,
          "percentage": 13.011695906432749
        },
        "#4": {
          "count": 70,
          "percentage": 10.23391812865497
        },
        "#5": {
          "count": 62,
          "percentage": 9.064327485380117
        },
        "#6": {
          "count": 46,
          "percentage": 6.725146198830409
        },
        "#7": {
          "count": 35,
          "percentage": 5.116959064327485
        },
        "#8": {
          "count": 17,
          "percentage": 2.4853801169590644
        }
      }
    }
  },
  "turnout_protocols": {
    "17.09.2021": {
      "15.00": {
        "count": 173,
        "count_delta": 173,
        "count_delta_per_hour": 24.714285714285715,
        "count_delta_per_minute": 0.4119047619047619,
        "percentage": 10.16,
        "percentage_delta": 10.16,
        "percentage_delta_per_hour": 1.4514285714285715,
        "percentage_delta_per_minute": 0.02419047619047619,
        "registered_count": 1703,
        "registered_count_delta": 1703,
        "registered_count_delta_per_hour": 243.28571428571428,
        "registered_count_delta_per_minute": 4.054761904761905
      },
      "20.00": {
        "count": 234,
        "count_delta": 61,
        "count_delta_per_hour": 12.2,
        "count_delta_per_minute": 0.20333333333333334,
        "percentage": 13.75,
        "percentage_delta": 3.59,
        "percentage_delta_per_hour": 0.718,
        "percentage_delta_per_minute": 0.011966666666666665,
        "registered_count": 1702,
        "registered_count_delta": -1,
        "registered_count_delta_per_hour": -0.2,
        "registered_count_delta_per_minute": -0.0033333333333333335
      }
    },
    "18.09.2021": {
      "15.00": {
        "count": 355,
        "count_delta": 121,
        "count_delta_per_hour": 17.285714285714285,
        "count_delta_per_minute": 0.28809523809523807,
        "percentage": 20.85,
        "percentage_delta": 7.100000000000001,
        "percentage_delta_per_hour": 1.0142857142857145,
        "percentage_delta_per_minute": 0.01690476190476191,
        "registered_count": 1703,
        "registered_count_delta": 1,
        "registered_count_delta_per_hour": 0.14285714285714285,
        "registered_count_delta_per_minute": 0.002380952380952381
      },
      "20.00": {
        "count": 421,
        "count_delta": 66,
        "count_delta_per_hour": 13.2,
        "count_delta_per_minute": 0.22,
        "percentage": 24.72,
        "percentage_delta": 3.8699999999999974,
        "percentage_delta_per_hour": 0.7739999999999995,
        "percentage_delta_per_minute": 0.012899999999999991,
        "registered_count": 1703,
        "registered_count_delta": 0,
        "registered_count_delta_per_hour": 0,
        "registered_count_delta_per_minute": 0
      }
    },
    "19.09.2021": {
      "10.00": {
        "count": 427,
        "count_delta": 6,
        "count_delta_per_hour": 3,
        "count_delta_per_minute": 0.05,
        "percentage": 25.01,
        "percentage_delta": 0.2900000000000027,
        "percentage_delta_per_hour": 0.14500000000000135,
        "percentage_delta_per_minute": 0.0024166666666666893
      },
      "12.00": {
        "count": 468,
        "count_delta": 41,
        "count_delta_per_hour": 20.5,
        "count_delta_per_minute": 0.3416666666666667,
        "percentage": 27.42,
        "percentage_delta": 2.41,
        "percentage_delta_per_hour": 1.205,
        "percentage_delta_per_minute": 0.020083333333333335
      },
      "15.00": {
        "count": 567,
        "count_delta": 99,
        "count_delta_per_hour": 33,
        "count_delta_per_minute": 0.55,
        "percentage": 33.26,
        "percentage_delta": 5.839999999999996,
        "percentage_delta_per_hour": 1.9466666666666654,
        "percentage_delta_per_minute": 0.03244444444444442
      },
      "18.00": {
        "count": 640,
        "count_delta": 73,
        "count_delta_per_hour": 24.333333333333332,
        "count_delta_per_minute": 0.40555555555555556,
        "percentage": 37.54,
        "percentage_delta": 4.280000000000001,
        "percentage_delta_per_hour": 1.426666666666667,
        "percentage_delta_per_minute": 0.023777777777777783
      },
      "20.00": {
        "count": 684,
        "count_delta": 44,
        "count_delta_per_hour": 22,
        "count_delta_per_minute": 0.36666666666666664,
        "percentage": 40.093786635404456,
        "percentage_delta": 2.5537866354044567,
        "percentage_delta_per_hour": 1.2768933177022284,
        "percentage_delta_per_minute": 0.021281555295037138,
        "registered_count": 1706,
        "registered_count_delta": 3,
        "registered_count_delta_per_hour": 0.25,
        "registered_count_delta_per_minute": 0.004166666666666667
      }
    }
  },
  "metadata": {
    "analysis": {
      "negative_turnout_registered_count_protocols": 1,
      "negative_turnout_registered_count": 1,
      "protocol_count": 1,
      "exceeded_papers_count": 0,
      "exceeded_papers_steal_winning": 0,
      "exceeded_papers_provide_extra_places": 0,
      "multiple_winners": 0,
      "checksum_valid": 1
    },
    "voters": {
      "initially_registered_count": 1702,
      "registered_count": 1706,
      "walk_by_count": 666,
      "on_home_count": 18,
      "ahead_of_time_count": 0,
      "exceptional_count": 0,
      "added_count": 4
    },
    "papers": {
      "received_count": 1200,
      "destroyed_count": 516,
      "stationary_box_count": 666,
      "portable_box_count": 18,
      "valid_count": 664,
      "invalid_count": 20,
      "lost_count": 0,
      "ignored_count": 0,
      "taken_home_count": 0
    }
  },
  "entries": [
    {
      "name": "Всероссийская политическая партия \"ЕДИНАЯ РОССИЯ\"",
      "position": 2,
      "party_id": 5,
      "official_result": {
        "votes_count": 233,
        "place": 1,
        "percentage": 34.06432748538012,
        "valid_percentage": 35.09036144578313,
        "registered_percentage": 13.657678780773741,
        "display_percentage": 34.06,
        "winner": true
      },
      "result_without_other_entry": {
        "1": {
          "percentage": 40.73426573426573,
          "valid_percentage": 42.210144927536234
        },
        "3": {
          "percentage": 37.94788273615635,