{
  "commission_name": "УИК №976",
  "ballot_name": "Выборы депутатов Законодательного Собрания Санкт-Петербурга седьмого созыва",
  "name": "Результаты выборов по единому округу",
  "protocol_scope": {
    "type": "uik",
    "id": 976
  },
  "electoral_district": {
    "type": "city",
    "id": 0
  },
  "data_id": 27820001915220,
  "ballot_data_id": 4784025362354,
  "has_koib": false,
  "generated_date": 1632113775000,
  "official_result": {
    "winner": {
      "id": 5,
      "position": 2,
      "percentage": 36.37515842839037,
      "valid_percentage": 36.98453608247423,
      "registered_percentage": 12.00836820083682
    },
    "turnout": {
      "count": 789,
      "percentage": 33.01255230125523,
      "walk_by_count": 770,
      "walk_by_percentage": 32.21757322175732,
      "on_home_count": 19,
      "on_home_percentage": 0.7949790794979079,
      "ahead_of_time_count": 0,
      "ahead_of_time_percentage": 0,
      "valid_count": 776,
      "valid_percentage": 32.46861924686193,
      "invalid_count": 13,
      "invalid_percentage": 0.5439330543933054,
      "taken_home_count": 0,
      "taken_home_percentage": 0,
      "lost_count": 0,
      "lost_percentage": 0
    },
    "votes_stats": {
      "winning_count": 287,
      "winning_percentage": 36.37515842839037,
      "effective_count": 776,
      "losing_count": 489,
      "losing_percentage": 61.97718631178707,
      "other_count": 13,
      "other_percentage": 1.6476552598225602,
      "by_place": {
        "#1": {
          "count": 287,
          "percentage": 36.37515842839037
        },
        "#2": {
          "count": 125,
          "percentage": 15.842839036755388
        },
        "#3": {
          "count": 116,
          "percentage": 14.702154626109
        },
        "#4": {
          "count": 74,
          "percentage": 9.37896070975919
        },
        "#5": {
          "count": 66,
          "percentage": 8.365019011406844
        },
        "#6": {
          "count": 63,
          "percentage": 7.984790874524715
        },
        "#7": {
          "count": 32,
          "percentage": 4.055766793409378
        },
        "#8": {
          "count": 13,
          "percentage": 1.6476552598225602
        }
      }
    }
  },
  "turnout_protocols": {
    "17.09.2021": {
      "15.00": {
        "count": 159,
        "count_delta": 159,
        "count_delta_per_hour": 22.714285714285715,
        "count_delta_per_minute": 0.37857142857142856,
        "percentage": 6.62,
        "percentage_delta": 6.62,
        "percentage_delta_per_hour": 0.9457142857142857,
        "percentage_delta_per_minute": 0.01576190476190476,
        "registered_count": 2402,
        "registered_count_delta": 2402,
        "registered_count_delta_per_hour": 343.14285714285717,
        "registered_count_delta_per_minute": 5.719047619047619
      },
      "20.00": {
        "count": 246,
        "count_delta": 87,
        "count_delta_per_hour": 17.4,
        "count_delta_per_minute": 0.29,
        "percentage": 10.24,
        "percentage_delta": 3.62,
        "percentage_delta_per_hour": 0.724,
        "percentage_delta_per_minute": 0.012066666666666667,
        "registered_count": 2402,
        "registered_count_delta": 0,
        "registered_count_delta_per_hour": 0,
        "registered_count_delta_per_minute": 0
      }
    },
    "18.09.2021": {
      "15.00": {
        "count": 344,
        "count_delta": 98,
        "count_delta_per_hour": 14,
        "count_delta_per_minute": 0.23333333333333334,
        "percentage": 14.32,
        "percentage_delta": 4.08,
        "percentage_delta_per_hour": 0.5828571428571429,
        "percentage_delta_per_minute": 0.009714285714285715,
        "registered_count": 2402,
        "registered_count_delta": 0,
        "registered_count_delta_per_hour": 0,
        "registered_count_delta_per_minute": 0
      },
      "20.00": {
        "count": 447,
        "count_delta": 103,
        "count_delta_per_hour": 20.6,
        "count_delta_per_minute": 0.3433333333333333,
        "percentage": 18.6,
        "percentage_delta": 4.280000000000001,
        "percentage_delta_per_hour": 0.8560000000000002,
        "percentage_delta_per_minute": 0.01426666666666667,
        "registered_count": 2403,
        "registered_count_delta": 1,
        "registered_count_delta_per_hour": 0.2,
        "registered_count_delta_per_minute": 0.0033333333333333335
      }
    },
    "19.09.2021": {
      "10.00": {
        "count": 455,
        "count_delta": 8,
        "count_delta_per_hour": 4,
        "count_delta_per_minute": 0.06666666666666667,
        "percentage": 19.02,
        "percentage_delta": 0.41999999999999815,
        "percentage_delta_per_hour": 0.20999999999999908,
        "percentage_delta_per_minute": 0.0034999999999999845
      },
      "12.00": {
        "count": 509,
        "count_delta": 54,
        "count_delta_per_hour": 27,
        "count_delta_per_minute": 0.45,
        "percentage": 21.31,
        "percentage_delta": 2.289999999999999,
        "percentage_delta_per_hour": 1.1449999999999996,
        "percentage_delta_per_minute": 0.019083333333333327
      },
      "15.00": {
        "count": 629,
        "count_delta": 120,
        "count_delta_per_hour": 40,
        "count_delta_per_minute": 0.6666666666666666,
        "percentage": 26.3,
        "percentage_delta": 4.990000000000002,
        "percentage_delta_per_hour": 1.663333333333334,
        "percentage_delta_per_minute": 0.027722222222222235
      },
      "18.00": {
        "count": 717,
        "count_delta": 88,
        "count_delta_per_hour": 29.333333333333332,
        "count_delta_per_minute": 0.4888888888888889,
        "percentage": 30,
        "percentage_delta": 3.6999999999999993,
        "percentage_delta_per_hour": 1.2333333333333332,
        "percentage_delta_per_minute": 0.020555555555555553
      },
      "20.00": {
        "count": 789,
        "count_delta": 72,
        "count_delta_per_hour": 36,
        "count_delta_per_minute": 0.6,
        "percentage": 33.01255230125523,
        "percentage_delta": 3.0125523012552335,
        "percentage_delta_per_hour": 1.5062761506276168,
        "percentage_delta_per_minute": 0.02510460251046028,
        "registered_count": 2390,
        "registered_count_delta": -13,
        "registered_count_delta_per_hour": -1.0833333333333333,
        "registered_count_delta_per_minute": -0.018055555555555554
      }
    }
  },
  "metadata": {
    "analysis": {
      "negative_turnout_registered_count_protocols": 1,
      "negative_turnout_registered_count": 13,
      "protocol_count": 1,
      "exceeded_papers_count": 0,
      "exceeded_papers_steal_winning": 0,
      "exceeded_papers_provide_extra_places": 0,
      "multiple_winners": 0,
      "checksum_valid": 1
    },
    "voters": {
      "initially_registered_count": 2403,
      "registered_count": 2390,
      "walk_by_count": 770,
      "on_home_count": 19,
      "ahead_of_time_count": 0,
      "exceptional_count": 0,
      "removed_count": 13
    },
    "papers": {
      "received_count": 2000,
      "destroyed_count": 1211,
      "stationary_box_count": 770,
      "portable_box_count": 19,
      "valid_count": 776,
      "invalid_count": 13,
      "lost_count": 0,
      "ignored_count": 0,
      "taken_home_count": 0
    }
  },
  "entries": [
    {
      "name": "Всероссийская политическая партия \"ЕДИНАЯ РОССИЯ\"",
      "position": 2,
      "party_id": 5,
      "official_result": {
        "votes_count": 287,
        "place": 1,
        "percentage": 36.37515842839037,
        "valid_percentage": 36.98453608247423,
        "registered_percentage": 12.00836820083682,
        "display_percentage": 36.38,
        "winner": true
      },
      "result_without_other_entry": {
        "1": {
          "percentage": 43.22289156626506,
          "valid_percentage": 44.086021505376344
        },
        "3": {
          "percentage": 40.13986013986014,