{
  "commission_name": "УИК №1520",
  "ballot_name": "Выборы депутатов Законодательного Собрания Санкт-Петербурга седьмого созыва",
  "name": "Результаты выборов по единому округу",
  "protocol_scope": {
    "type": "uik",
    "id": 1520
  },
  "electoral_district": {
    "type": "city",
    "id": 0
  },
  "data_id": 27820001915220,
  "ballot_data_id": 4784011517190,
  "has_koib": false,
  "generated_date": 1632112488000,
  "official_result": {
    "winner": {
      "id": 5,
      "position": 2,
      "percentage": 45.2947259565667,
      "valid_percentage": 46.10526315789474,
      "registered_percentage": 19.380530973451325
    },
    "turnout": {
      "count": 973,
      "percentage": 43.05309734513275,
      "walk_by_count": 967,
      "walk_by_percentage": 42.78761061946902,
      "on_home_count": 6,
      "on_home_percentage": 0.2654867256637168,
      "ahead_of_time_count": 0,
      "ahead_of_time_percentage": 0,
      "valid_count": 950,
      "valid_percentage": 42.0353982300885,
      "invalid_count": 17,
      "invalid_percentage": 0.7522123893805309,
      "taken_home_count": 6,
      "taken_home_percentage": 0.2654867256637168,
      "lost_count": 0,
      "lost_percentage": 0
    },
    "votes_stats": {
      "winning_count": 438,
      "winning_percentage": 45.2947259565667,
      "effective_count": 950,
      "losing_count": 512,
      "losing_percentage": 52.94725956566702,
      "other_count": 17,
      "other_percentage": 1.7580144777662874,
      "by_place": {
        "#1": {
          "count": 438,
          "percentage": 45.2947259565667
        },
        "#2": {
          "count": 179,
          "percentage": 18.510858324715613
        },
        "#3": {
          "count": 114,
          "percentage": 11.789038262668045
        },
        "#4": {
          "count": 80,
          "percentage": 8.273009307135471
        },
        "#5": {
          "count": 71,
          "percentage": 7.34229576008273
        },
        "#6": {
          "count": 39,
          "percentage": 4.033092037228542
        },
        "#7": {
          "count": 17,
          "percentage": 1.7580144777662874
        },
        "#8": {
          "count": 12,
          "percentage": 1.2409513960703205
        }
      }
    }
  },
  "turnout_protocols": {
    "17.09.2021": {
      "15.00": {
        "count": 208,
        "count_delta": 208,
        "count_delta_per_hour": 29.714285714285715,
        "count_delta_per_minute": 0.49523809523809526,
        "percentage": 9.23,
        "percentage_delta": 9.23,
        "percentage_delta_per_hour": 1.3185714285714287,
        "percentage_delta_per_minute": 0.021976190476190476,
        "registered_count": 2254,
        "registered_count_delta": 2254,
        "registered_count_delta_per_hour": 322,
        "registered_count_delta_per_minute": 5.366666666666666
      },
      "20.00": {
        "count": 449,
        "count_delta": 241,
        "count_delta_per_hour": 48.2,
        "count_delta_per_minute": 0.8033333333333333,
        "percentage": 19.91,
        "percentage_delta": 10.68,
        "percentage_delta_per_hour": 2.136,
        "percentage_delta_per_minute": 0.0356,
        "registered_count": 2255,
        "registered_count_delta": 1,
        "registered_count_delta_per_hour": 0.2,
        "registered_count_delta_per_minute": 0.0033333333333333335
      }
    },
    "18.09.2021": {
      "15.00": {
        "count": 528,
        "count_delta": 79,
        "count_delta_per_hour": 11.285714285714286,
        "count_delta_per_minute": 0.1880952380952381,
        "percentage": 23.41,
        "percentage_delta": 3.5,
        "percentage_delta_per_hour": 0.5,
        "percentage_delta_per_minute": 0.008333333333333333,
        "registered_count": 2255,
        "registered_count_delta": 0,
        "registered_count_delta_per_hour": 0,
        "registered_count_delta_per_minute": 0
      },
      "20.00": {
        "count": 590,
        "count_delta": 62,
        "count_delta_per_hour": 12.4,
        "count_delta_per_minute": 0.20666666666666667,
        "percentage": 26.14,
        "percentage_delta": 2.7300000000000004,
        "percentage_delta_per_hour": 0.546,
        "percentage_delta_per_minute": 0.009100000000000002,
        "registered_count": 2257,
        "registered_count_delta": 2,
        "registered_count_delta_per_hour": 0.4,
        "registered_count_delta_per_minute": 0.006666666666666667
      }
    },
    "19.09.2021": {
      "10.00": {
        "count": 595,
        "count_delta": 5,
        "count_delta_per_hour": 2.5,
        "count_delta_per_minute": 0.041666666666666664,
        "percentage": 26.32,
        "percentage_delta": 0.17999999999999972,
        "percentage_delta_per_hour": 0.08999999999999986,
        "percentage_delta_per_minute": 0.0014999999999999976
      },
      "12.00": {
        "count": 648,
        "count_delta": 53,
        "count_delta_per_hour": 26.5,
        "count_delta_per_minute": 0.44166666666666665,
        "percentage": 28.67,
        "percentage_delta": 2.3500000000000014,
        "percentage_delta_per_hour": 1.1750000000000007,
        "percentage_delta_per_minute": 0.019583333333333345
      },
      "15.00": {
        "count": 796,
        "count_delta": 148,
        "count_delta_per_hour": 49.333333333333336,
        "count_delta_per_minute": 0.8222222222222222,
        "percentage": 35.24,
        "percentage_delta": 6.57,
        "percentage_delta_per_hour": 2.19,
        "percentage_delta_per_minute": 0.036500000000000005
      },
      "18.00": {
        "count": 882,
        "count_delta": 86,
        "count_delta_per_hour": 28.666666666666668,
        "count_delta_per_minute": 0.4777777777777778,
        "percentage": 39.03,
        "percentage_delta": 3.789999999999999,
        "percentage_delta_per_hour": 1.263333333333333,
        "percentage_delta_per_minute": 0.02105555555555555
      },
      "20.00": {
        "count": 973,
        "count_delta": 91,
        "count_delta_per_hour": 45.5,
        "count_delta_per_minute": 0.7583333333333333,
        "percentage": 43.05309734513275,
        "percentage_delta": 4.023097345132747,
        "percentage_delta_per_hour": 2.0115486725663736,
        "percentage_delta_per_minute": 0.03352581120943956,
        "registered_count": 2260,
        "registered_count_delta": 3,
        "registered_count_delta_per_hour": 0.25,
        "registered_count_delta_per_minute": 0.004166666666666667
      }
    }
  },
  "metadata": {
    "analysis": {
      "protocol_count": 1,
      "exceeded_papers_count": 0,
      "exceeded_papers_steal_winning": 0,
      "exceeded_papers_provide_extra_places": 0,
      "multiple_winners": 0,
      "checksum_valid": 1
    },
    "voters": {
      "initially_registered_count": 2251,
      "registered_count": 2260,
      "walk_by_count": 967,
      "on_home_count": 6,
      "ahead_of_time_count": 0,
      "exceptional_count": 0,
      "added_count": 9
    },
    "papers": {
      "received_count": 2000,
      "destroyed_count": 1027,
      "stationary_box_count": 961,
      "portable_box_count": 6,
      "valid_count": 950,
      "invalid_count": 17,
      "lost_count": 0,
      "ignored_count": 0,
      "taken_home_count": 6
    }
  },
  "entries": [
    {
      "name": "Всероссийская политическая партия \"ЕДИНАЯ РОССИЯ\"",
      "position": 2,
      "party_id": 5,
      "official_result": {
        "votes_count": 438,
        "place": 1,
        "percentage": 45.2947259565667,
        "valid_percentage": 46.10526315789474,
        "registered_percentage": 19.380530973451325,
        "display_percentage": 45.29,
        "winner": true
      },
      "result_without_other_entry": {
        "1": {
          "percentage": 55.58375634517766,
          "valid_percentage": 56.809338521400775
        },
        "3": {
          "percentage": 47.19827586206897,
          "valid_percentage": 48.07903402854007
        },
        "4": {
          "percentage": 48.88392857142857,