{
  "commission_name": "УИК №1520",
  "ballot_name": "Выборы депутатов Законодательного Собрания Санкт-Петербурга седьмого созыва",
  "name": "Результаты выборов по одномандатному (многомандатному) округу",
  "protocol_scope": {
    "type": "uik",
    "id": 1520
  },
  "electoral_district": {
    "type": "city",
    "id": 9
  },
  "data_id": 27820001915220,
  "ballot_data_id": 4784011517190,
  "has_koib": false,
  "generated_date": 1632112488000,
  "official_result": {
    "winner": {
      "id": 71,
      "position": 1,
      "percentage": 58.84177869700103,
      "valid_percentage": 60.211640211640216,
      "registered_percentage": 25.17699115044248
    },
    "turnout": {
      "count": 973,
      "percentage": 43.05309734513275,
      "walk_by_count": 967,
      "walk_by_percentage": 42.78761061946902,
      "on_home_count": 6,
      "on_home_percentage": 0.2654867256637168,
      "ahead_of_time_count": 0,
      "ahead_of_time_percentage": 0,
      "valid_count": 945,
      "valid_percentage": 41.8141592920354,
      "invalid_count": 22,
      "invalid_percentage": 0.9734513274336283,
      "taken_home_count": 6,
      "taken_home_percentage": 0.2654867256637168,
      "lost_count": 0,
      "lost_percentage": 0
    },
    "votes_stats": {
      "winning_count": 569,
      "winning_percentage": 58.84177869700103,
      "effective_count": 945,
      "losing_count": 376,
      "losing_percentage": 38.88314374353671,
      "other_count": 22,
      "other_percentage": 2.2750775594622543,
      "by_place": {
        "#1": {
          "count": 569,
          "percentage": 58.84177869700103
        },
        "#2": {
          "count": 146,
          "percentage": 15.098241985522234,
          "supported_by_smart_vote": true
        },
        "#3": {
          "count": 123,
          "percentage": 12.719751809720787
        },
        "#4": {
          "count": 56,
          "percentage": 5.791106514994829
        },
        "#5": {
          "count": 29,
          "percentage": 2.998965873836608
        },
        "#6": {
          "count": 22,
          "percentage": 2.2750775594622543
        }
      }
    }
  },
  "turnout_protocols": {
    "17.09.2021": {
      "15.00": {
        "count": 208,
        "count_delta": 208,
        "count_delta_per_hour": 29.714285714285715,
        "count_delta_per_minute": 0.49523809523809526,
        "percentage": 9.23,
        "percentage_delta": 9.23,
        "percentage_delta_per_hour": 1.3185714285714287,
        "percentage_delta_per_minute": 0.021976190476190476,
        "registered_count": 2254,
        "registered_count_delta": 2254,
        "registered_count_delta_per_hour": 322,
        "registered_count_delta_per_minute": 5.366666666666666
      },
      "20.00": {
        "count": 449,
        "count_delta": 241,
        "count_delta_per_hour": 48.2,
        "count_delta_per_minute": 0.8033333333333333,
        "percentage": 19.91,
        "percentage_delta": 10.68,
        "percentage_delta_per_hour": 2.136,
        "percentage_delta_per_minute": 0.0356,
        "registered_count": 2255,
        "registered_count_delta": 1,
        "registered_count_delta_per_hour": 0.2,
        "registered_count_delta_per_minute": 0.0033333333333333335
      }
    },
    "18.09.2021": {
      "15.00": {
        "count": 528,
        "count_delta": 79,
        "count_delta_per_hour": 11.285714285714286,
        "count_delta_per_minute": 0.1880952380952381,
        "percentage": 23.41,
        "percentage_delta": 3.5,
        "percentage_delta_per_hour": 0.5,
        "percentage_delta_per_minute": 0.008333333333333333,
        "registered_count": 2255,
        "registered_count_delta": 0,
        "registered_count_delta_per_hour": 0,
        "registered_count_delta_per_minute": 0
      },
      "20.00": {
        "count": 590,
        "count_delta": 62,
        "count_delta_per_hour": 12.4,
        "count_delta_per_minute": 0.20666666666666667,
        "percentage": 26.14,
        "percentage_delta": 2.7300000000000004,
        "percentage_delta_per_hour": 0.546,
        "percentage_delta_per_minute": 0.009100000000000002,
        "registered_count": 2257,
        "registered_count_delta": 2,
        "registered_count_delta_per_hour": 0.4,
        "registered_count_delta_per_minute": 0.006666666666666667
      }
    },
    "19.09.2021": {
      "10.00": {
        "count": 595,
        "count_delta": 5,
        "count_delta_per_hour": 2.5,
        "count_delta_per_minute": 0.041666666666666664,
        "percentage": 26.32,
        "percentage_delta": 0.17999999999999972,
        "percentage_delta_per_hour": 0.08999999999999986,
        "percentage_delta_per_minute": 0.0014999999999999976
      },
      "12.00": {
        "count": 648,
        "count_delta": 53,
        "count_delta_per_hour": 26.5,
        "count_delta_per_minute": 0.44166666666666665,
        "percentage": 28.67,
        "percentage_delta": 2.3500000000000014,
        "percentage_delta_per_hour": 1.1750000000000007,
        "percentage_delta_per_minute": 0.019583333333333345
      },
      "15.00": {
        "count": 796,
        "count_delta": 148,
        "count_delta_per_hour": 49.333333333333336,
        "count_delta_per_minute": 0.8222222222222222,
        "percentage": 35.24,
        "percentage_delta": 6.57,
        "percentage_delta_per_hour": 2.19,
        "percentage_delta_per_minute": 0.036500000000000005
      },
      "18.00": {
        "count": 882,
        "count_delta": 86,
        "count_delta_per_hour": 28.666666666666668,
        "count_delta_per_minute": 0.4777777777777778,
        "percentage": 39.03,
        "percentage_delta": 3.789999999999999,
        "percentage_delta_per_hour": 1.263333333333333,
        "percentage_delta_per_minute": 0.02105555555555555
      },
      "20.00": {
        "count": 973,
        "count_delta": 91,
        "count_delta_per_hour": 45.5,
        "count_delta_per_minute": 0.7583333333333333,
        "percentage": 43.05309734513275,
        "percentage_delta": 4.023097345132747,
        "percentage_delta_per_hour": 2.0115486725663736,
        "percentage_delta_per_minute": 0.03352581120943956,
        "registered_count": 2260,
        "registered_count_delta": 3,
        "registered_count_delta_per_hour": 0.25,
        "registered_count_delta_per_minute": 0.004166666666666667
      }
    }
  },
  "metadata": {
    "analysis": {
      "protocol_count": 1,
      "exceeded_papers_count": 0,
      "exceeded_papers_steal_winning": 0,
      "checksum_valid": 1,
      "stuffed_protocol_for_71": 1,
      "stuffed_votes_for_71": 122.84486373165618
    },
    "voters": {
      "initially_registered_count": 2251,
      "registered_count": 2260,
      "walk_by_count": 967,
      "on_home_count": 6,
      "ahead_of_time_count": 0,
      "exceptional_count": 0,
      "added_count": 9
    },
    "papers": {
      "received_count": 2000,
      "destroyed_count": 1027,
      "stationary_box_count": 961,
      "portable_box_count": 6,
      "valid_count": 945,
      "invalid_count": 22,
      "lost_count": 0,
      "ignored_count": 0,
      "taken_home_count": 6
    }
  },
  "entries": [
    {
      "name": "Высоцкий Игорь Владимирович",
      "position": 1,
      "candidate_id": 71,
      "supported_by_party_id": 5,
      "official_result": {
        "votes_count": 569,
        "place": 1,
        "percentage": 58.84177869700103,
        "valid_percentage": 60.211640211640216,
        "registered_percentage": 25.17699115044248,
        "display_percentage": 58.84,
        "winner": true
      },
      "result_without_other_entry": {
        "65": {
          "percentage": 69.30572472594397,
          "valid_percentage": 71.21401752190238
        },
        "67": {
          "percentage": 62.45883644346871,
          "valid_percentage": 64.0044994375703
        },
        "72": {
          "percentage": 60.211640211640216,
          "valid_percentage": 61.64680390032503
        },