{
  "commission_name": "УИК №448",
  "ballot_name": "Выборы депутатов Законодательного Собрания Санкт-Петербурга седьмого созыва",
  "name": "Результаты выборов по единому округу",
  "protocol_scope": {
    "type": "uik",
    "id": 448
  },
  "electoral_district": {
    "type": "city",
    "id": 0
  },
  "data_id": 27820001915220,
  "ballot_data_id": 478404080709,
  "has_koib": false,
  "generated_date": 1632126029000,
  "official_result": {
    "winner": {
      "id": 5,
      "position": 2,
      "percentage": 30.72983354673495,
      "valid_percentage": 31.537450722733247,
      "registered_percentage": 9.768009768009769
    },
    "turnout": {
      "count": 799,
      "percentage": 32.519332519332515,
      "walk_by_count": 789,
      "walk_by_percentage": 32.11233211233211,
      "on_home_count": 10,
      "on_home_percentage": 0.40700040700040696,
      "ahead_of_time_count": 0,
      "ahead_of_time_percentage": 0,
      "valid_count": 761,
      "valid_percentage": 30.97273097273097,
      "invalid_count": 20,
      "invalid_percentage": 0.8140008140008139,
      "taken_home_count": 18,
      "taken_home_percentage": 0.7326007326007326,
      "lost_count": 0,
      "lost_percentage": 0
    },
    "votes_stats": {
      "winning_count": 240,
      "winning_percentage": 30.72983354673495,
      "effective_count": 761,
      "losing_count": 521,
      "losing_percentage": 66.70934699103714,
      "other_count": 20,
      "other_percentage": 2.560819462227913,
      "by_place": {
        "#1": {
          "count": 240,
          "percentage": 30.72983354673495
        },
        "#2": {
          "count": 165,
          "percentage": 21.12676056338028
        },
        "#3": {
          "count": 119,
          "percentage": 15.236875800256081
        },
        "#4": {
          "count": 86,
          "percentage": 11.011523687580025
        },
        "#5": {
          "count": 60,
          "percentage": 7.682458386683738
        },
        "#6": {
          "count": 51,
          "percentage": 6.530089628681178
        },
        "#7": {
          "count": 30,
          "percentage": 3.841229193341869
        },
        "#8": {
          "count": 10,
          "percentage": 1.2804097311139564
        }
      }
    }
  },
  "turnout_protocols": {
    "17.09.2021": {
      "15.00": {
        "count": 155,
        "count_delta": 155,
        "count_delta_per_hour": 22.142857142857142,
        "count_delta_per_minute": 0.36904761904761907,
        "percentage": 6.34,
        "percentage_delta": 6.34,
        "percentage_delta_per_hour": 0.9057142857142857,
        "percentage_delta_per_minute": 0.015095238095238096,
        "registered_count": 2445,
        "registered_count_delta": 2445,
        "registered_count_delta_per_hour": 349.2857142857143,
        "registered_count_delta_per_minute": 5.821428571428571
      },
      "20.00": {
        "count": 254,
        "count_delta": 99,
        "count_delta_per_hour": 19.8,
        "count_delta_per_minute": 0.33,
        "percentage": 10.39,
        "percentage_delta": 4.050000000000001,
        "percentage_delta_per_hour": 0.8100000000000002,
        "percentage_delta_per_minute": 0.013500000000000002,
        "registered_count": 2445,
        "registered_count_delta": 0,
        "registered_count_delta_per_hour": 0,
        "registered_count_delta_per_minute": 0
      }
    },
    "18.09.2021": {
      "15.00": {
        "count": 334,
        "count_delta": 80,
        "count_delta_per_hour": 11.428571428571429,
        "count_delta_per_minute": 0.19047619047619047,
        "percentage": 13.66,
        "percentage_delta": 3.2699999999999996,
        "percentage_delta_per_hour": 0.4671428571428571,
        "percentage_delta_per_minute": 0.007785714285714285,
        "registered_count": 2445,
        "registered_count_delta": 0,
        "registered_count_delta_per_hour": 0,
        "registered_count_delta_per_minute": 0
      },
      "20.00": {
        "count": 412,
        "count_delta": 78,
        "count_delta_per_hour": 15.6,
        "count_delta_per_minute": 0.26,
        "percentage": 16.85,
        "percentage_delta": 3.1900000000000013,
        "percentage_delta_per_hour": 0.6380000000000002,
        "percentage_delta_per_minute": 0.010633333333333338,
        "registered_count": 2445,
        "registered_count_delta": 0,
        "registered_count_delta_per_hour": 0,
        "registered_count_delta_per_minute": 0
      }
    },
    "19.09.2021": {
      "10.00": {
        "count": 416,
        "count_delta": 4,
        "count_delta_per_hour": 2,
        "count_delta_per_minute": 0.03333333333333333,
        "percentage": 16.93,
        "percentage_delta": 0.0799999999999983,
        "percentage_delta_per_hour": 0.03999999999999915,
        "percentage_delta_per_minute": 0.0006666666666666524
      },
      "12.00": {
        "count": 462,
        "count_delta": 46,
        "count_delta_per_hour": 23,
        "count_delta_per_minute": 0.38333333333333336,
        "percentage": 18.81,
        "percentage_delta": 1.879999999999999,
        "percentage_delta_per_hour": 0.9399999999999995,
        "percentage_delta_per_minute": 0.01566666666666666
      },
      "15.00": {
        "count": 628,
        "count_delta": 166,
        "count_delta_per_hour": 55.333333333333336,
        "count_delta_per_minute": 0.9222222222222223,
        "percentage": 25.56,
        "percentage_delta": 6.75,
        "percentage_delta_per_hour": 2.25,
        "percentage_delta_per_minute": 0.0375
      },
      "18.00": {
        "count": 669,
        "count_delta": 41,
        "count_delta_per_hour": 13.666666666666666,
        "count_delta_per_minute": 0.22777777777777777,
        "percentage": 27.24,
        "percentage_delta": 1.6799999999999997,
        "percentage_delta_per_hour": 0.5599999999999999,
        "percentage_delta_per_minute": 0.009333333333333332
      },
      "20.00": {
        "count": 799,
        "count_delta": 130,
        "count_delta_per_hour": 65,
        "count_delta_per_minute": 1.0833333333333333,
        "percentage": 32.519332519332515,
        "percentage_delta": 5.279332519332517,
        "percentage_delta_per_hour": 2.6396662596662583,
        "percentage_delta_per_minute": 0.04399443766110431,
        "registered_count": 2457,
        "registered_count_delta": 12,
        "registered_count_delta_per_hour": 1,
        "registered_count_delta_per_minute": 0.016666666666666666
      }
    }
  },
  "metadata": {
    "analysis": {
      "protocol_count": 1,
      "exceeded_papers_count": 0,
      "exceeded_papers_steal_winning": 0,
      "exceeded_papers_provide_extra_places": 0,
      "multiple_winners": 0,
      "checksum_valid": 1
    },
    "voters": {
      "initially_registered_count": 2445,
      "registered_count": 2457,
      "walk_by_count": 789,
      "on_home_count": 10,
      "ahead_of_time_count": 0,
      "exceptional_count": 0,
      "added_count": 12
    },
    "papers": {
      "received_count": 2000,
      "destroyed_count": 1201,
      "stationary_box_count": 771,
      "portable_box_count": 10,
      "valid_count": 761,
      "invalid_count": 20,
      "lost_count": 0,
      "ignored_count": 0,
      "taken_home_count": 18
    }
  },
  "entries": [
    {
      "name": "Всероссийская политическая партия \"ЕДИНАЯ РОССИЯ\"",
      "position": 2,
      "party_id": 5,
      "official_result": {
        "votes_count": 240,
        "place": 1,
        "percentage": 30.72983354673495,
        "valid_percentage": 31.537450722733247,
        "registered_percentage": 9.768009768009769,
        "display_percentage": 30.73,
        "winner": true
      },
      "result_without_other_entry": {
        "1": {
          "percentage": 38.961038961038966,
          "valid_percentage": 40.26845637583892
        },
        "3": {
          "percentage": 32.87671232876712,
          "valid_percentage": 33.80281690140845
        },