{
  "commission_name": "УИК №1014",
  "ballot_name": "Выборы депутатов Законодательного Собрания Санкт-Петербурга седьмого созыва",
  "name": "Результаты выборов по одномандатному (многомандатному) округу",
  "protocol_scope": {
    "type": "uik",
    "id": 1014
  },
  "electoral_district": {
    "type": "city",
    "id": 8
  },
  "data_id": 27820001915220,
  "ballot_data_id": 4784025362392,
  "has_koib": false,
  "generated_date": 1632113776000,
  "official_result": {
    "winner": {
      "id": 239,
      "position": 3,
      "percentage": 27.35294117647059,
      "valid_percentage": 29.245283018867923,
      "registered_percentage": 9.862142099681867
    },
    "turnout": {
      "count": 680,
      "percentage": 36.05514316012725,
      "walk_by_count": 636,
      "walk_by_percentage": 33.72216330858961,
      "on_home_count": 44,
      "on_home_percentage": 2.332979851537646,
      "ahead_of_time_count": 0,
      "ahead_of_time_percentage": 0,
      "valid_count": 636,
      "valid_percentage": 33.72216330858961,
      "invalid_count": 44,
      "invalid_percentage": 2.332979851537646,
      "taken_home_count": 0,
      "taken_home_percentage": 0,
      "lost_count": 0,
      "lost_percentage": 0
    },
    "votes_stats": {
      "winning_count": 186,
      "winning_percentage": 27.35294117647059,
      "effective_count": 636,
      "losing_count": 450,
      "losing_percentage": 66.17647058823529,
      "other_count": 44,
      "other_percentage": 6.470588235294119,
      "by_place": {
        "#1": {
          "count": 186,
          "percentage": 27.35294117647059
        },
        "#2": {
          "count": 175,
          "percentage": 25.735294117647058,
          "supported_by_smart_vote": true
        },
        "#3": {
          "count": 144,
          "percentage": 21.176470588235293
        },
        "#4": {
          "count": 78,
          "percentage": 11.470588235294118
        },
        "#5": {
          "count": 53,
          "percentage": 7.794117647058823
        }
      }
    }
  },
  "turnout_protocols": {
    "17.09.2021": {
      "15.00": {
        "count": 118,
        "count_delta": 118,
        "count_delta_per_hour": 16.857142857142858,
        "count_delta_per_minute": 0.28095238095238095,
        "percentage": 6.26,
        "percentage_delta": 6.26,
        "percentage_delta_per_hour": 0.8942857142857142,
        "percentage_delta_per_minute": 0.014904761904761905,
        "registered_count": 1885,
        "registered_count_delta": 1885,
        "registered_count_delta_per_hour": 269.2857142857143,
        "registered_count_delta_per_minute": 4.488095238095238
      },
      "20.00": {
        "count": 197,
        "count_delta": 79,
        "count_delta_per_hour": 15.8,
        "count_delta_per_minute": 0.2633333333333333,
        "percentage": 10.45,
        "percentage_delta": 4.1899999999999995,
        "percentage_delta_per_hour": 0.8379999999999999,
        "percentage_delta_per_minute": 0.013966666666666665,
        "registered_count": 1885,
        "registered_count_delta": 0,
        "registered_count_delta_per_hour": 0,
        "registered_count_delta_per_minute": 0
      }
    },
    "18.09.2021": {
      "15.00": {
        "count": 245,
        "count_delta": 48,
        "count_delta_per_hour": 6.857142857142857,
        "count_delta_per_minute": 0.11428571428571428,
        "percentage": 12.99,
        "percentage_delta": 2.540000000000001,
        "percentage_delta_per_hour": 0.362857142857143,
        "percentage_delta_per_minute": 0.00604761904761905,
        "registered_count": 1886,
        "registered_count_delta": 1,
        "registered_count_delta_per_hour": 0.14285714285714285,
        "registered_count_delta_per_minute": 0.002380952380952381
      },
      "20.00": {
        "count": 370,
        "count_delta": 125,
        "count_delta_per_hour": 25,
        "count_delta_per_minute": 0.4166666666666667,
        "percentage": 19.62,
        "percentage_delta": 6.630000000000001,
        "percentage_delta_per_hour": 1.326,
        "percentage_delta_per_minute": 0.0221,
        "registered_count": 1886,
        "registered_count_delta": 0,
        "registered_count_delta_per_hour": 0,
        "registered_count_delta_per_minute": 0
      }
    },
    "19.09.2021": {
      "10.00": {
        "count": 373,
        "count_delta": 3,
        "count_delta_per_hour": 1.5,
        "count_delta_per_minute": 0.025,
        "percentage": 19.78,
        "percentage_delta": 0.16000000000000014,
        "percentage_delta_per_hour": 0.08000000000000007,
        "percentage_delta_per_minute": 0.0013333333333333346
      },
      "12.00": {
        "count": 412,
        "count_delta": 39,
        "count_delta_per_hour": 19.5,
        "count_delta_per_minute": 0.325,
        "percentage": 21.85,
        "percentage_delta": 2.0700000000000003,
        "percentage_delta_per_hour": 1.0350000000000001,
        "percentage_delta_per_minute": 0.01725
      },
      "15.00": {
        "count": 508,
        "count_delta": 96,
        "count_delta_per_hour": 32,
        "count_delta_per_minute": 0.5333333333333333,
        "percentage": 26.94,
        "percentage_delta": 5.09,
        "percentage_delta_per_hour": 1.6966666666666665,
        "percentage_delta_per_minute": 0.028277777777777777
      },
      "18.00": {
        "count": 612,
        "count_delta": 104,
        "count_delta_per_hour": 34.666666666666664,
        "count_delta_per_minute": 0.5777777777777777,
        "percentage": 32.45,
        "percentage_delta": 5.510000000000002,
        "percentage_delta_per_hour": 1.8366666666666671,
        "percentage_delta_per_minute": 0.03061111111111112
      },
      "20.00": {
        "count": 680,
        "count_delta": 68,
        "count_delta_per_hour": 34,
        "count_delta_per_minute": 0.5666666666666667,
        "percentage": 36.05514316012725,
        "percentage_delta": 3.6051431601272483,
        "percentage_delta_per_hour": 1.8025715800636242,
        "percentage_delta_per_minute": 0.03004285966772707,
        "registered_count": 1886,
        "registered_count_delta": 0,
        "registered_count_delta_per_hour": 0,
        "registered_count_delta_per_minute": 0
      }
    }
  },
  "metadata": {
    "analysis": {
      "protocol_count": 1,
      "exceeded_papers_count": 0,
      "exceeded_papers_steal_winning": 0,
      "checksum_valid": 1
    },
    "voters": {
      "initially_registered_count": 1886,
      "registered_count": 1886,
      "walk_by_count": 636,
      "on_home_count": 44,
      "ahead_of_time_count": 0,
      "exceptional_count": 0
    },
    "papers": {
      "received_count": 1500,
      "destroyed_count": 820,
      "stationary_box_count": 636,
      "portable_box_count": 44,
      "valid_count": 636,
      "invalid_count": 44,
      "lost_count": 0,
      "ignored_count": 0,
      "taken_home_count": 0
    }
  },
  "entries": [
    {
      "name": "Кущак Александр Иванович",
      "position": 3,
      "candidate_id": 239,
      "supported_by_party_id": 5,
      "official_result": {
        "votes_count": 186,
        "place": 1,
        "percentage": 27.35294117647059,
        "valid_percentage": 29.245283018867923,
        "registered_percentage": 9.862142099681867,
        "display_percentage": 27.35,
        "winner": true
      },
      "result_without_other_entry": {
        "237": {
          "percentage": 36.83168316831683,
          "valid_percentage": 40.3470715835141
        },
        "238": {
          "percentage": 30.89700996677741,
          "valid_percentage": 33.33333333333333
        },
        "240": {
          "percentage": 34.701492537313435,
          "valid_percentage": 37.80487804878049
        },
        "241": {
          "percentage": 29.665071770334926,
          "valid_percentage": 31.903945111492284
        }
      }
    },
    {
      "name": "Данилов Святослав Игоревич",
      "position": 1,
      "candidate_id": 237,