{
  "commission_name": "УИК №350",
  "ballot_name": "Выборы депутатов Законодательного Собрания Санкт-Петербурга седьмого созыва",
  "name": "Результаты выборов по единому округу",
  "protocol_scope": {
    "type": "uik",
    "id": 350
  },
  "electoral_district": {
    "type": "city",
    "id": 0
  },
  "data_id": 27820001915220,
  "ballot_data_id": 4784024397191,
  "has_koib": false,
  "generated_date": 1632131503000,
  "official_result": {
    "winner": {
      "id": 5,
      "position": 2,
      "percentage": 22.108208955223883,
      "valid_percentage": 22.614503816793892,
      "registered_percentage": 10.556792873051226
    },
    "turnout": {
      "count": 1078,
      "percentage": 48.01781737193764,
      "walk_by_count": 910,
      "walk_by_percentage": 40.53452115812918,
      "on_home_count": 168,
      "on_home_percentage": 7.483296213808463,
      "ahead_of_time_count": 0,
      "ahead_of_time_percentage": 0,
      "valid_count": 1048,
      "valid_percentage": 46.6815144766147,
      "invalid_count": 24,
      "invalid_percentage": 1.0690423162583518,
      "taken_home_count": 6,
      "taken_home_percentage": 0.26726057906458794,
      "lost_count": 0,
      "lost_percentage": 0
    },
    "votes_stats": {
      "winning_count": 237,
      "winning_percentage": 22.108208955223883,
      "effective_count": 1048,
      "losing_count": 811,
      "losing_percentage": 75.65298507462687,
      "other_count": 24,
      "other_percentage": 2.2388059701492535,
      "by_place": {
        "#1": {
          "count": 237,
          "percentage": 22.108208955223883
        },
        "#2": {
          "count": 187,
          "percentage": 17.44402985074627
        },
        "#3": {
          "count": 179,
          "percentage": 16.69776119402985
        },
        "#4": {
          "count": 158,
          "percentage": 14.738805970149254
        },
        "#5": {
          "count": 120,
          "percentage": 11.194029850746269
        },
        "#6": {
          "count": 64,
          "percentage": 5.970149253731343
        },
        "#7": {
          "count": 53,
          "percentage": 4.9440298507462686
        },
        "#8": {
          "count": 50,
          "percentage": 4.664179104477612
        }
      }
    }
  },
  "turnout_protocols": {
    "17.09.2021": {
      "15.00": {
        "count": 202,
        "count_delta": 202,
        "count_delta_per_hour": 28.857142857142858,
        "count_delta_per_minute": 0.48095238095238096,
        "percentage": 9.15,
        "percentage_delta": 9.15,
        "percentage_delta_per_hour": 1.3071428571428572,
        "percentage_delta_per_minute": 0.021785714285714287,
        "registered_count": 2208,
        "registered_count_delta": 2208,
        "registered_count_delta_per_hour": 315.42857142857144,
        "registered_count_delta_per_minute": 5.257142857142857
      },
      "20.00": {
        "count": 369,
        "count_delta": 167,
        "count_delta_per_hour": 33.4,
        "count_delta_per_minute": 0.5566666666666666,
        "percentage": 16.71,
        "percentage_delta": 7.5600000000000005,
        "percentage_delta_per_hour": 1.512,
        "percentage_delta_per_minute": 0.0252,
        "registered_count": 2208,
        "registered_count_delta": 0,
        "registered_count_delta_per_hour": 0,
        "registered_count_delta_per_minute": 0
      }
    },
    "18.09.2021": {
      "15.00": {
        "count": 478,
        "count_delta": 109,
        "count_delta_per_hour": 15.571428571428571,
        "count_delta_per_minute": 0.25952380952380955,
        "percentage": 21.65,
        "percentage_delta": 4.939999999999998,
        "percentage_delta_per_hour": 0.7057142857142854,
        "percentage_delta_per_minute": 0.011761904761904756,
        "registered_count": 2208,
        "registered_count_delta": 0,
        "registered_count_delta_per_hour": 0,
        "registered_count_delta_per_minute": 0
      },
      "20.00": {
        "count": 490,
        "count_delta": 12,
        "count_delta_per_hour": 2.4,
        "count_delta_per_minute": 0.04,
        "percentage": 22.19,
        "percentage_delta": 0.5400000000000027,
        "percentage_delta_per_hour": 0.10800000000000054,
        "percentage_delta_per_minute": 0.001800000000000009,
        "registered_count": 2208,
        "registered_count_delta": 0,
        "registered_count_delta_per_hour": 0,
        "registered_count_delta_per_minute": 0
      }
    },
    "19.09.2021": {
      "10.00": {
        "count": 491,
        "count_delta": 1,
        "count_delta_per_hour": 0.5,
        "count_delta_per_minute": 0.008333333333333333,
        "percentage": 21.88,
        "percentage_delta": -0.3100000000000023,
        "percentage_delta_per_hour": -0.15500000000000114,
        "percentage_delta_per_minute": -0.0025833333333333524
      },
      "12.00": {
        "count": 532,
        "count_delta": 41,
        "count_delta_per_hour": 20.5,
        "count_delta_per_minute": 0.3416666666666667,
        "percentage": 23.69,
        "percentage_delta": 1.8100000000000023,
        "percentage_delta_per_hour": 0.9050000000000011,
        "percentage_delta_per_minute": 0.015083333333333353
      },
      "15.00": {
        "count": 610,
        "count_delta": 78,
        "count_delta_per_hour": 26,
        "count_delta_per_minute": 0.43333333333333335,
        "percentage": 27.17,
        "percentage_delta": 3.4800000000000004,
        "percentage_delta_per_hour": 1.1600000000000001,
        "percentage_delta_per_minute": 0.019333333333333334
      },
      "18.00": {
        "count": 772,
        "count_delta": 162,
        "count_delta_per_hour": 54,
        "count_delta_per_minute": 0.9,
        "percentage": 34.38,
        "percentage_delta": 7.210000000000001,
        "percentage_delta_per_hour": 2.4033333333333338,
        "percentage_delta_per_minute": 0.04005555555555556
      },
      "20.00": {
        "count": 1078,
        "count_delta": 306,
        "count_delta_per_hour": 153,
        "count_delta_per_minute": 2.55,
        "percentage": 48.01781737193764,
        "percentage_delta": 13.637817371937636,
        "percentage_delta_per_hour": 6.818908685968818,
        "percentage_delta_per_minute": 0.1136484780994803,
        "registered_count": 2245,
        "registered_count_delta": 37,
        "registered_count_delta_per_hour": 3.0833333333333335,
        "registered_count_delta_per_minute": 0.05138888888888889
      }
    }
  },
  "metadata": {
    "analysis": {
      "negative_turnout_percentage_protocols": 1,
      "negative_turnout_percentage": 0.3100000000000023,
      "protocol_count": 1,
      "exceeded_papers_count": 0,
      "exceeded_papers_steal_winning": 0,
      "exceeded_papers_provide_extra_places": 0,
      "multiple_winners": 0,
      "checksum_valid": 1
    },
    "voters": {
      "initially_registered_count": 2208,
      "registered_count": 2245,
      "walk_by_count": 910,
      "on_home_count": 168,
      "ahead_of_time_count": 0,
      "exceptional_count": 0,
      "added_count": 37
    },
    "papers": {
      "received_count": 2000,
      "destroyed_count": 922,
      "stationary_box_count": 904,
      "portable_box_count": 168,
      "valid_count": 1048,
      "invalid_count": 24,
      "lost_count": 0,
      "ignored_count": 0,
      "taken_home_count": 6
    }
  },
  "entries": [
    {
      "name": "Всероссийская политическая партия \"ЕДИНАЯ РОССИЯ\"",
      "position": 2,
      "party_id": 5,
      "official_result": {
        "votes_count": 237,
        "place": 1,
        "percentage": 22.108208955223883,
        "valid_percentage": 22.614503816793892,
        "registered_percentage": 10.556792873051226,
        "display_percentage": 22.11,
        "winner": true
      },
      "result_without_other_entry": {
        "1": {
          "percentage": 25.929978118161927,
          "valid_percentage": 26.62921348314607
        },
        "3": {
          "percentage": 23.25809617271835,