{
  "commission_name": "УИК №111",
  "ballot_name": "Выборы депутатов Законодательного Собрания Санкт-Петербурга седьмого созыва",
  "name": "Результаты выборов по одномандатному (многомандатному) округу",
  "protocol_scope": {
    "type": "uik",
    "id": 111
  },
  "electoral_district": {
    "type": "city",
    "id": 4
  },
  "data_id": 27820001915220,
  "ballot_data_id": 478403382223,
  "has_koib": true,
  "generated_date": 1632112506000,
  "official_result": {
    "winner": {
      "id": 25,
      "position": 6,
      "percentage": 30.021598272138228,
      "valid_percentage": 31.376975169300223,
      "registered_percentage": 9.619377162629759
    },
    "turnout": {
      "count": 463,
      "percentage": 32.04152249134948,
      "walk_by_count": 453,
      "walk_by_percentage": 31.349480968858128,
      "on_home_count": 10,
      "on_home_percentage": 0.6920415224913495,
      "ahead_of_time_count": 0,
      "ahead_of_time_percentage": 0,
      "valid_count": 443,
      "valid_percentage": 30.65743944636678,
      "invalid_count": 20,
      "invalid_percentage": 1.384083044982699,
      "taken_home_count": 0,
      "taken_home_percentage": 0,
      "lost_count": 0,
      "lost_percentage": 0
    },
    "votes_stats": {
      "winning_count": 139,
      "winning_percentage": 30.021598272138228,
      "effective_count": 443,
      "losing_count": 304,
      "losing_percentage": 65.65874730021598,
      "other_count": 20,
      "other_percentage": 4.319654427645788,
      "by_place": {
        "#1": {
          "count": 139,
          "percentage": 30.021598272138228
        },
        "#2": {
          "count": 118,
          "percentage": 25.48596112311015,
          "supported_by_smart_vote": true
        },
        "#3": {
          "count": 97,
          "percentage": 20.950323974082075
        },
        "#4": {
          "count": 43,
          "percentage": 9.287257019438446
        },
        "#5": {
          "count": 26,
          "percentage": 5.615550755939525
        },
        "#6": {
          "count": 20,
          "percentage": 4.319654427645788
        }
      }
    }
  },
  "turnout_protocols": {
    "17.09.2021": {
      "15.00": {
        "count": 94,
        "count_delta": 94,
        "count_delta_per_hour": 13.428571428571429,
        "count_delta_per_minute": 0.22380952380952382,
        "percentage": 6.11,
        "percentage_delta": 6.11,
        "percentage_delta_per_hour": 0.8728571428571429,
        "percentage_delta_per_minute": 0.014547619047619049,
        "registered_count": 1538,
        "registered_count_delta": 1538,
        "registered_count_delta_per_hour": 219.71428571428572,
        "registered_count_delta_per_minute": 3.6619047619047618
      },
      "20.00": {
        "count": 144,
        "count_delta": 50,
        "count_delta_per_hour": 10,
        "count_delta_per_minute": 0.16666666666666666,
        "percentage": 9.36,
        "percentage_delta": 3.249999999999999,
        "percentage_delta_per_hour": 0.6499999999999998,
        "percentage_delta_per_minute": 0.01083333333333333,
        "registered_count": 1538,
        "registered_count_delta": 0,
        "registered_count_delta_per_hour": 0,
        "registered_count_delta_per_minute": 0
      }
    },
    "18.09.2021": {
      "15.00": {
        "count": 207,
        "count_delta": 63,
        "count_delta_per_hour": 9,
        "count_delta_per_minute": 0.15,
        "percentage": 13.43,
        "percentage_delta": 4.07,
        "percentage_delta_per_hour": 0.5814285714285715,
        "percentage_delta_per_minute": 0.00969047619047619,
        "registered_count": 1541,
        "registered_count_delta": 3,
        "registered_count_delta_per_hour": 0.42857142857142855,
        "registered_count_delta_per_minute": 0.007142857142857143
      },
      "20.00": {
        "count": 263,
        "count_delta": 56,
        "count_delta_per_hour": 11.2,
        "count_delta_per_minute": 0.18666666666666668,
        "percentage": 17.07,
        "percentage_delta": 3.6400000000000006,
        "percentage_delta_per_hour": 0.7280000000000001,
        "percentage_delta_per_minute": 0.012133333333333335,
        "registered_count": 1541,
        "registered_count_delta": 0,
        "registered_count_delta_per_hour": 0,
        "registered_count_delta_per_minute": 0
      }
    },
    "19.09.2021": {
      "10.00": {
        "count": 256,
        "count_delta": -7,
        "count_delta_per_hour": -3.5,
        "count_delta_per_minute": -0.058333333333333334,
        "percentage": 17.72,
        "percentage_delta": 0.6499999999999986,
        "percentage_delta_per_hour": 0.3249999999999993,
        "percentage_delta_per_minute": 0.005416666666666655
      },
      "12.00": {
        "count": 268,
        "count_delta": 12,
        "count_delta_per_hour": 6,
        "count_delta_per_minute": 0.1,
        "percentage": 18.56,
        "percentage_delta": 0.8399999999999999,
        "percentage_delta_per_hour": 0.41999999999999993,
        "percentage_delta_per_minute": 0.006999999999999998
      },
      "15.00": {
        "count": 327,
        "count_delta": 59,
        "count_delta_per_hour": 19.666666666666668,
        "count_delta_per_minute": 0.3277777777777778,
        "percentage": 22.65,
        "percentage_delta": 4.09,
        "percentage_delta_per_hour": 1.3633333333333333,
        "percentage_delta_per_minute": 0.02272222222222222
      },
      "18.00": {
        "count": 389,
        "count_delta": 62,
        "count_delta_per_hour": 20.666666666666668,
        "count_delta_per_minute": 0.34444444444444444,
        "percentage": 26.93,
        "percentage_delta": 4.280000000000001,
        "percentage_delta_per_hour": 1.426666666666667,
        "percentage_delta_per_minute": 0.023777777777777783
      },
      "20.00": {
        "count": 463,
        "count_delta": 74,
        "count_delta_per_hour": 37,
        "count_delta_per_minute": 0.6166666666666667,
        "percentage": 32.04152249134948,
        "percentage_delta": 5.111522491349483,
        "percentage_delta_per_hour": 2.5557612456747414,
        "percentage_delta_per_minute": 0.04259602076124569,
        "registered_count": 1445,
        "registered_count_delta": -96,
        "registered_count_delta_per_hour": -8,
        "registered_count_delta_per_minute": -0.13333333333333333
      }
    }
  },
  "metadata": {
    "analysis": {
      "negative_turnout_count_protocols": 1,
      "negative_turnout_count": 7,
      "negative_turnout_registered_count_protocols": 1,
      "negative_turnout_registered_count": 96,
      "protocol_count": 1,
      "exceeded_papers_count": 0,
      "exceeded_papers_steal_winning": 0,
      "checksum_valid": 1
    },
    "voters": {
      "initially_registered_count": 1539,
      "registered_count": 1445,
      "walk_by_count": 453,
      "on_home_count": 10,
      "ahead_of_time_count": 0,
      "exceptional_count": 0,
      "removed_count": 94
    },
    "papers": {
      "received_count": 1100,
      "destroyed_count": 637,
      "stationary_box_count": 453,
      "portable_box_count": 10,
      "valid_count": 443,
      "invalid_count": 20,
      "lost_count": 0,
      "ignored_count": 0,
      "taken_home_count": 0
    }
  },
  "entries": [
    {
      "name": "Чебыкин Константин Александрович",
      "position": 6,
      "candidate_id": 25,
      "supported_by_party_id": 5,
      "official_result": {
        "votes_count": 139,
        "place": 1,
        "percentage": 30.021598272138228,
        "valid_percentage": 31.376975169300223,
        "registered_percentage": 9.619377162629759,
        "display_percentage": 30.02,
        "winner": true
      },
      "result_without_other_entry": {
        "8": {
          "percentage": 37.97814207650273,
          "valid_percentage": 40.17341040462428
        },
        "21": {
          "percentage": 33.095238095238095,
          "valid_percentage": 34.75
        },