{
  "commission_name": "УИК №1628",
  "ballot_name": "Выборы депутатов Законодательного Собрания Санкт-Петербурга седьмого созыва",
  "name": "Результаты выборов по одномандатному (многомандатному) округу",
  "protocol_scope": {
    "type": "uik",
    "id": 1628
  },
  "electoral_district": {
    "type": "city",
    "id": 3
  },
  "data_id": 27820001915220,
  "ballot_data_id": 4784012321657,
  "has_koib": false,
  "generated_date": 1632122029000,
  "official_result": {
    "winner": {
      "id": 117,
      "position": 1,
      "percentage": 34.476843910806174,
      "valid_percentage": 36.67883211678832,
      "registered_percentage": 9.512541410317086,
      "supported_by_smart_vote": true
    },
    "turnout": {
      "count": 586,
      "percentage": 27.733080927591104,
      "walk_by_count": 577,
      "walk_by_percentage": 27.30714623757691,
      "on_home_count": 9,
      "on_home_percentage": 0.4259346900141978,
      "ahead_of_time_count": 0,
      "ahead_of_time_percentage": 0,
      "valid_count": 548,
      "valid_percentage": 25.934690014197827,
      "invalid_count": 35,
      "invalid_percentage": 1.6564126833885469,
      "taken_home_count": 3,
      "taken_home_percentage": 0.14197823000473261,
      "lost_count": 0,
      "lost_percentage": 0
    },
    "votes_stats": {
      "winning_count": 201,
      "winning_percentage": 34.476843910806174,
      "effective_count": 548,
      "losing_count": 347,
      "losing_percentage": 59.51972555746141,
      "other_count": 35,
      "other_percentage": 6.003430531732419,
      "by_place": {
        "#1": {
          "count": 201,
          "percentage": 34.476843910806174,
          "supported_by_smart_vote": true
        },
        "#2": {
          "count": 146,
          "percentage": 25.04288164665523
        },
        "#3": {
          "count": 76,
          "percentage": 13.036020583190394
        },
        "#4": {
          "count": 66,
          "percentage": 11.320754716981133
        },
        "#5": {
          "count": 59,
          "percentage": 10.120068610634648
        }
      }
    }
  },
  "turnout_protocols": {
    "17.09.2021": {
      "15.00": {
        "count": 98,
        "count_delta": 98,
        "count_delta_per_hour": 14,
        "count_delta_per_minute": 0.23333333333333334,
        "percentage": 4.64,
        "percentage_delta": 4.64,
        "percentage_delta_per_hour": 0.6628571428571428,
        "percentage_delta_per_minute": 0.011047619047619047,
        "registered_count": 2112,
        "registered_count_delta": 2112,
        "registered_count_delta_per_hour": 301.7142857142857,
        "registered_count_delta_per_minute": 5.0285714285714285
      },
      "20.00": {
        "count": 145,
        "count_delta": 47,
        "count_delta_per_hour": 9.4,
        "count_delta_per_minute": 0.15666666666666668,
        "percentage": 6.88,
        "percentage_delta": 2.24,
        "percentage_delta_per_hour": 0.44800000000000006,
        "percentage_delta_per_minute": 0.0074666666666666675,
        "registered_count": 2108,
        "registered_count_delta": -4,
        "registered_count_delta_per_hour": -0.8,
        "registered_count_delta_per_minute": -0.013333333333333334
      }
    },
    "18.09.2021": {
      "15.00": {
        "count": 208,
        "count_delta": 63,
        "count_delta_per_hour": 9,
        "count_delta_per_minute": 0.15,
        "percentage": 9.88,
        "percentage_delta": 3.000000000000001,
        "percentage_delta_per_hour": 0.4285714285714287,
        "percentage_delta_per_minute": 0.007142857142857145,
        "registered_count": 2105,
        "registered_count_delta": -3,
        "registered_count_delta_per_hour": -0.42857142857142855,
        "registered_count_delta_per_minute": -0.007142857142857143
      },
      "20.00": {
        "count": 270,
        "count_delta": 62,
        "count_delta_per_hour": 12.4,
        "count_delta_per_minute": 0.20666666666666667,
        "percentage": 12.81,
        "percentage_delta": 2.9299999999999997,
        "percentage_delta_per_hour": 0.586,
        "percentage_delta_per_minute": 0.009766666666666667,
        "registered_count": 2108,
        "registered_count_delta": 3,
        "registered_count_delta_per_hour": 0.6,
        "registered_count_delta_per_minute": 0.01
      }
    },
    "19.09.2021": {
      "10.00": {
        "count": 281,
        "count_delta": 11,
        "count_delta_per_hour": 5.5,
        "count_delta_per_minute": 0.09166666666666666,
        "percentage": 13.28,
        "percentage_delta": 0.46999999999999886,
        "percentage_delta_per_hour": 0.23499999999999943,
        "percentage_delta_per_minute": 0.003916666666666657
      },
      "12.00": {
        "count": 330,
        "count_delta": 49,
        "count_delta_per_hour": 24.5,
        "count_delta_per_minute": 0.4083333333333333,
        "percentage": 15.61,
        "percentage_delta": 2.33,
        "percentage_delta_per_hour": 1.165,
        "percentage_delta_per_minute": 0.01941666666666667
      },
      "15.00": {
        "count": 373,
        "count_delta": 43,
        "count_delta_per_hour": 14.333333333333334,
        "count_delta_per_minute": 0.2388888888888889,
        "percentage": 17.65,
        "percentage_delta": 2.039999999999999,
        "percentage_delta_per_hour": 0.6799999999999997,
        "percentage_delta_per_minute": 0.011333333333333329
      },
      "18.00": {
        "count": 515,
        "count_delta": 142,
        "count_delta_per_hour": 47.333333333333336,
        "count_delta_per_minute": 0.7888888888888889,
        "percentage": 24.38,
        "percentage_delta": 6.73,
        "percentage_delta_per_hour": 2.2433333333333336,
        "percentage_delta_per_minute": 0.03738888888888889
      },
      "20.00": {
        "count": 586,
        "count_delta": 71,
        "count_delta_per_hour": 35.5,
        "count_delta_per_minute": 0.5916666666666667,
        "percentage": 27.733080927591104,
        "percentage_delta": 3.3530809275911047,
        "percentage_delta_per_hour": 1.6765404637955523,
        "percentage_delta_per_minute": 0.027942341063259206,
        "registered_count": 2113,
        "registered_count_delta": 5,
        "registered_count_delta_per_hour": 0.4166666666666667,
        "registered_count_delta_per_minute": 0.006944444444444444
      }
    }
  },
  "metadata": {
    "analysis": {
      "negative_turnout_registered_count_protocols": 1,
      "negative_turnout_registered_count": 3,
      "protocol_count": 1,
      "exceeded_papers_count": 0,
      "exceeded_papers_steal_winning": 0,
      "checksum_valid": 1
    },
    "voters": {
      "initially_registered_count": 2112,
      "registered_count": 2113,
      "walk_by_count": 577,
      "on_home_count": 9,
      "ahead_of_time_count": 0,
      "exceptional_count": 0,
      "added_count": 1
    },
    "papers": {
      "received_count": 2000,
      "destroyed_count": 1414,
      "stationary_box_count": 574,
      "portable_box_count": 9,
      "valid_count": 548,
      "invalid_count": 35,
      "lost_count": 0,
      "ignored_count": 0,
      "taken_home_count": 3
    }
  },
  "entries": [
    {
      "name": "Королев Игорь Александрович",
      "position": 1,
      "candidate_id": 117,
      "supported_by_party_id": 6,
      "supported_by_smart_vote": true,
      "official_result": {
        "votes_count": 201,
        "place": 1,
        "percentage": 34.476843910806174,
        "valid_percentage": 36.67883211678832,
        "registered_percentage": 9.512541410317086,
        "display_percentage": 34.48,
        "winner": true
      },
      "result_without_other_entry": {
        "118": {
          "percentage": 38.87814313346228,
          "valid_percentage": 41.70124481327801
        },
        "119": {
          "percentage": 39.64497041420118,
          "valid_percentage": 42.58474576271186
        },
        "120": {
          "percentage": 45.9954233409611,