{
  "commission_name": "УИК №1091",
  "ballot_name": "Выборы депутатов Законодательного Собрания Санкт-Петербурга седьмого созыва",
  "name": "Результаты выборов по единому округу",
  "protocol_scope": {
    "type": "uik",
    "id": 1091
  },
  "electoral_district": {
    "type": "city",
    "id": 0
  },
  "data_id": 27820001915220,
  "ballot_data_id": 478404682710,
  "has_koib": false,
  "generated_date": 1632122793000,
  "official_result": {
    "winner": {
      "id": 5,
      "position": 2,
      "percentage": 26.908396946564885,
      "valid_percentage": 28.031809145129227,
      "registered_percentage": 8.377896613190732
    },
    "turnout": {
      "count": 525,
      "percentage": 31.194295900178254,
      "walk_by_count": 522,
      "walk_by_percentage": 31.016042780748666,
      "on_home_count": 3,
      "on_home_percentage": 0.17825311942959002,
      "ahead_of_time_count": 0,
      "ahead_of_time_percentage": 0,
      "valid_count": 503,
      "valid_percentage": 29.88710635769459,
      "invalid_count": 21,
      "invalid_percentage": 1.2477718360071302,
      "taken_home_count": 1,
      "taken_home_percentage": 0.05941770647653001,
      "lost_count": 0,
      "lost_percentage": 0
    },
    "votes_stats": {
      "winning_count": 141,
      "winning_percentage": 26.908396946564885,
      "effective_count": 503,
      "losing_count": 362,
      "losing_percentage": 69.08396946564885,
      "other_count": 21,
      "other_percentage": 4.007633587786259,
      "by_place": {
        "#1": {
          "count": 141,
          "percentage": 26.908396946564885
        },
        "#2": {
          "count": 118,
          "percentage": 22.519083969465647
        },
        "#3": {
          "count": 85,
          "percentage": 16.221374045801525
        },
        "#4": {
          "count": 67,
          "percentage": 12.786259541984732
        },
        "#5": {
          "count": 42,
          "percentage": 8.015267175572518
        },
        "#6": {
          "count": 24,
          "percentage": 4.580152671755725
        },
        "#7": {
          "count": 19,
          "percentage": 3.6259541984732824
        },
        "#8": {
          "count": 7,
          "percentage": 1.3358778625954197
        }
      }
    }
  },
  "turnout_protocols": {
    "17.09.2021": {
      "15.00": {
        "count": 77,
        "count_delta": 77,
        "count_delta_per_hour": 11,
        "count_delta_per_minute": 0.18333333333333332,
        "percentage": 4.59,
        "percentage_delta": 4.59,
        "percentage_delta_per_hour": 0.6557142857142857,
        "percentage_delta_per_minute": 0.010928571428571428,
        "registered_count": 1678,
        "registered_count_delta": 1678,
        "registered_count_delta_per_hour": 239.71428571428572,
        "registered_count_delta_per_minute": 3.9952380952380953
      },
      "20.00": {
        "count": 133,
        "count_delta": 56,
        "count_delta_per_hour": 11.2,
        "count_delta_per_minute": 0.18666666666666668,
        "percentage": 7.94,
        "percentage_delta": 3.3500000000000005,
        "percentage_delta_per_hour": 0.6700000000000002,
        "percentage_delta_per_minute": 0.011166666666666668,
        "registered_count": 1675,
        "registered_count_delta": -3,
        "registered_count_delta_per_hour": -0.6,
        "registered_count_delta_per_minute": -0.01
      }
    },
    "18.09.2021": {
      "15.00": {
        "count": 192,
        "count_delta": 59,
        "count_delta_per_hour": 8.428571428571429,
        "count_delta_per_minute": 0.14047619047619048,
        "percentage": 11.43,
        "percentage_delta": 3.4899999999999993,
        "percentage_delta_per_hour": 0.4985714285714285,
        "percentage_delta_per_minute": 0.008309523809523808,
        "registered_count": 1680,
        "registered_count_delta": 5,
        "registered_count_delta_per_hour": 0.7142857142857143,
        "registered_count_delta_per_minute": 0.011904761904761904
      },
      "20.00": {
        "count": 258,
        "count_delta": 66,
        "count_delta_per_hour": 13.2,
        "count_delta_per_minute": 0.22,
        "percentage": 15.36,
        "percentage_delta": 3.9299999999999997,
        "percentage_delta_per_hour": 0.7859999999999999,
        "percentage_delta_per_minute": 0.013099999999999999,
        "registered_count": 1680,
        "registered_count_delta": 0,
        "registered_count_delta_per_hour": 0,
        "registered_count_delta_per_minute": 0
      }
    },
    "19.09.2021": {
      "10.00": {
        "count": 266,
        "count_delta": 8,
        "count_delta_per_hour": 4,
        "count_delta_per_minute": 0.06666666666666667,
        "percentage": 15.83,
        "percentage_delta": 0.47000000000000064,
        "percentage_delta_per_hour": 0.23500000000000032,
        "percentage_delta_per_minute": 0.003916666666666672
      },
      "12.00": {
        "count": 321,
        "count_delta": 55,
        "count_delta_per_hour": 27.5,
        "count_delta_per_minute": 0.4583333333333333,
        "percentage": 19.1,
        "percentage_delta": 3.2700000000000014,
        "percentage_delta_per_hour": 1.6350000000000007,
        "percentage_delta_per_minute": 0.02725000000000001
      },
      "15.00": {
        "count": 407,
        "count_delta": 86,
        "count_delta_per_hour": 28.666666666666668,
        "count_delta_per_minute": 0.4777777777777778,
        "percentage": 24.2,
        "percentage_delta": 5.099999999999998,
        "percentage_delta_per_hour": 1.6999999999999993,
        "percentage_delta_per_minute": 0.02833333333333332
      },
      "18.00": {
        "count": 473,
        "count_delta": 66,
        "count_delta_per_hour": 22,
        "count_delta_per_minute": 0.36666666666666664,
        "percentage": 28.09,
        "percentage_delta": 3.8900000000000006,
        "percentage_delta_per_hour": 1.2966666666666669,
        "percentage_delta_per_minute": 0.021611111111111116
      },
      "20.00": {
        "count": 525,
        "count_delta": 52,
        "count_delta_per_hour": 26,
        "count_delta_per_minute": 0.43333333333333335,
        "percentage": 31.194295900178254,
        "percentage_delta": 3.104295900178254,
        "percentage_delta_per_hour": 1.552147950089127,
        "percentage_delta_per_minute": 0.02586913250148545,
        "registered_count": 1683,
        "registered_count_delta": 3,
        "registered_count_delta_per_hour": 0.25,
        "registered_count_delta_per_minute": 0.004166666666666667
      }
    }
  },
  "metadata": {
    "analysis": {
      "negative_turnout_registered_count_protocols": 1,
      "negative_turnout_registered_count": 3,
      "protocol_count": 1,
      "exceeded_papers_count": 0,
      "exceeded_papers_steal_winning": 0,
      "exceeded_papers_provide_extra_places": 0,
      "multiple_winners": 0,
      "checksum_valid": 1
    },
    "voters": {
      "initially_registered_count": 1676,
      "registered_count": 1683,
      "walk_by_count": 522,
      "on_home_count": 3,
      "ahead_of_time_count": 0,
      "exceptional_count": 0,
      "added_count": 7
    },
    "papers": {
      "received_count": 1500,
      "destroyed_count": 975,
      "stationary_box_count": 521,
      "portable_box_count": 3,
      "valid_count": 503,
      "invalid_count": 21,
      "lost_count": 0,
      "ignored_count": 0,
      "taken_home_count": 1
    }
  },
  "entries": [
    {
      "name": "Всероссийская политическая партия \"ЕДИНАЯ РОССИЯ\"",
      "position": 2,
      "party_id": 5,
      "official_result": {
        "votes_count": 141,
        "place": 1,
        "percentage": 26.908396946564885,
        "valid_percentage": 28.031809145129227,
        "registered_percentage": 8.377896613190732,
        "display_percentage": 26.91,
        "winner": true
      },
      "result_without_other_entry": {
        "1": {
          "percentage": 34.72906403940887,
          "valid_percentage": 36.62337662337662
        },