{
  "commission_name": "УИК №555",
  "ballot_name": "Выборы депутатов Законодательного Собрания Санкт-Петербурга седьмого созыва",
  "name": "Результаты выборов по единому округу",
  "protocol_scope": {
    "type": "uik",
    "id": 555
  },
  "electoral_district": {
    "type": "city",
    "id": 0
  },
  "data_id": 27820001915220,
  "ballot_data_id": 478403784408,
  "has_koib": false,
  "generated_date": 1632122292000,
  "official_result": {
    "winner": {
      "id": 5,
      "position": 2,
      "percentage": 29.22318125770654,
      "valid_percentage": 29.88650693568726,
      "registered_percentage": 10.376532399299474
    },
    "turnout": {
      "count": 815,
      "percentage": 35.6830122591944,
      "walk_by_count": 803,
      "walk_by_percentage": 35.15761821366025,
      "on_home_count": 12,
      "on_home_percentage": 0.5253940455341506,
      "ahead_of_time_count": 0,
      "ahead_of_time_percentage": 0,
      "valid_count": 793,
      "valid_percentage": 34.719789842381786,
      "invalid_count": 18,
      "invalid_percentage": 0.7880910683012259,
      "taken_home_count": 4,
      "taken_home_percentage": 0.17513134851138354,
      "lost_count": 0,
      "lost_percentage": 0
    },
    "votes_stats": {
      "winning_count": 237,
      "winning_percentage": 29.22318125770654,
      "effective_count": 793,
      "losing_count": 556,
      "losing_percentage": 68.557336621455,
      "other_count": 18,
      "other_percentage": 2.219482120838471,
      "by_place": {
        "#1": {
          "count": 237,
          "percentage": 29.22318125770654
        },
        "#2": {
          "count": 185,
          "percentage": 22.81134401972873
        },
        "#3": {
          "count": 109,
          "percentage": 13.440197287299629
        },
        "#4": {
          "count": 96,
          "percentage": 11.837237977805179
        },
        "#5": {
          "count": 64,
          "percentage": 7.891491985203452
        },
        "#6": {
          "count": 61,
          "percentage": 7.52157829839704
        },
        "#7": {
          "count": 22,
          "percentage": 2.7127003699136867
        },
        "#8": {
          "count": 19,
          "percentage": 2.342786683107275
        }
      }
    }
  },
  "turnout_protocols": {
    "17.09.2021": {
      "15.00": {
        "count": 122,
        "count_delta": 122,
        "count_delta_per_hour": 17.428571428571427,
        "count_delta_per_minute": 0.2904761904761905,
        "percentage": 5.33,
        "percentage_delta": 5.33,
        "percentage_delta_per_hour": 0.7614285714285715,
        "percentage_delta_per_minute": 0.012690476190476191,
        "registered_count": 2289,
        "registered_count_delta": 2289,
        "registered_count_delta_per_hour": 327,
        "registered_count_delta_per_minute": 5.45
      },
      "20.00": {
        "count": 244,
        "count_delta": 122,
        "count_delta_per_hour": 24.4,
        "count_delta_per_minute": 0.4066666666666667,
        "percentage": 10.66,
        "percentage_delta": 5.33,
        "percentage_delta_per_hour": 1.066,
        "percentage_delta_per_minute": 0.017766666666666667,
        "registered_count": 2289,
        "registered_count_delta": 0,
        "registered_count_delta_per_hour": 0,
        "registered_count_delta_per_minute": 0
      }
    },
    "18.09.2021": {
      "15.00": {
        "count": 346,
        "count_delta": 102,
        "count_delta_per_hour": 14.571428571428571,
        "count_delta_per_minute": 0.24285714285714285,
        "percentage": 15.12,
        "percentage_delta": 4.459999999999999,
        "percentage_delta_per_hour": 0.637142857142857,
        "percentage_delta_per_minute": 0.010619047619047617,
        "registered_count": 2288,
        "registered_count_delta": -1,
        "registered_count_delta_per_hour": -0.14285714285714285,
        "registered_count_delta_per_minute": -0.002380952380952381
      },
      "20.00": {
        "count": 409,
        "count_delta": 63,
        "count_delta_per_hour": 12.6,
        "count_delta_per_minute": 0.21,
        "percentage": 17.88,
        "percentage_delta": 2.76,
        "percentage_delta_per_hour": 0.5519999999999999,
        "percentage_delta_per_minute": 0.0092,
        "registered_count": 2287,
        "registered_count_delta": -1,
        "registered_count_delta_per_hour": -0.2,
        "registered_count_delta_per_minute": -0.0033333333333333335
      }
    },
    "19.09.2021": {
      "10.00": {
        "count": 413,
        "count_delta": 4,
        "count_delta_per_hour": 2,
        "count_delta_per_minute": 0.03333333333333333,
        "percentage": 18.09,
        "percentage_delta": 0.21000000000000085,
        "percentage_delta_per_hour": 0.10500000000000043,
        "percentage_delta_per_minute": 0.0017500000000000072
      },
      "12.00": {
        "count": 441,
        "count_delta": 28,
        "count_delta_per_hour": 14,
        "count_delta_per_minute": 0.23333333333333334,
        "percentage": 19.32,
        "percentage_delta": 1.2300000000000004,
        "percentage_delta_per_hour": 0.6150000000000002,
        "percentage_delta_per_minute": 0.010250000000000004
      },
      "15.00": {
        "count": 516,
        "count_delta": 75,
        "count_delta_per_hour": 25,
        "count_delta_per_minute": 0.4166666666666667,
        "percentage": 22.6,
        "percentage_delta": 3.280000000000001,
        "percentage_delta_per_hour": 1.0933333333333337,
        "percentage_delta_per_minute": 0.01822222222222223
      },
      "18.00": {
        "count": 636,
        "count_delta": 120,
        "count_delta_per_hour": 40,
        "count_delta_per_minute": 0.6666666666666666,
        "percentage": 27.84,
        "percentage_delta": 5.239999999999998,
        "percentage_delta_per_hour": 1.7466666666666661,
        "percentage_delta_per_minute": 0.0291111111111111
      },
      "20.00": {
        "count": 815,
        "count_delta": 179,
        "count_delta_per_hour": 89.5,
        "count_delta_per_minute": 1.4916666666666667,
        "percentage": 35.6830122591944,
        "percentage_delta": 7.843012259194399,
        "percentage_delta_per_hour": 3.9215061295971996,
        "percentage_delta_per_minute": 0.06535843549328665,
        "registered_count": 2284,
        "registered_count_delta": -3,
        "registered_count_delta_per_hour": -0.25,
        "registered_count_delta_per_minute": -0.004166666666666667
      }
    }
  },
  "metadata": {
    "analysis": {
      "negative_turnout_registered_count_protocols": 1,
      "negative_turnout_registered_count": 3,
      "protocol_count": 1,
      "exceeded_papers_count": 0,
      "exceeded_papers_steal_winning": 0,
      "exceeded_papers_provide_extra_places": 0,
      "multiple_winners": 0,
      "checksum_valid": 1
    },
    "voters": {
      "initially_registered_count": 2288,
      "registered_count": 2284,
      "walk_by_count": 803,
      "on_home_count": 12,
      "ahead_of_time_count": 0,
      "exceptional_count": 0,
      "removed_count": 4
    },
    "papers": {
      "received_count": 2000,
      "destroyed_count": 1185,
      "stationary_box_count": 799,
      "portable_box_count": 12,
      "valid_count": 793,
      "invalid_count": 18,
      "lost_count": 0,
      "ignored_count": 0,
      "taken_home_count": 4
    }
  },
  "entries": [
    {
      "name": "Всероссийская политическая партия \"ЕДИНАЯ РОССИЯ\"",
      "position": 2,
      "party_id": 5,
      "official_result": {
        "votes_count": 237,
        "place": 1,
        "percentage": 29.22318125770654,
        "valid_percentage": 29.88650693568726,
        "registered_percentage": 10.376532399299474,
        "display_percentage": 29.22,
        "winner": true
      },
      "result_without_other_entry": {
        "1": {
          "percentage": 37.85942492012779,
          "valid_percentage": 38.98026315789473
        },
        "3": {
          "percentage": 31.6,