{
  "commission_name": "УИК №233",
  "ballot_name": "Выборы депутатов Законодательного Собрания Санкт-Петербурга седьмого созыва",
  "name": "Результаты выборов по одномандатному (многомандатному) округу",
  "protocol_scope": {
    "type": "uik",
    "id": 233
  },
  "electoral_district": {
    "type": "city",
    "id": 5
  },
  "data_id": 27820001915220,
  "ballot_data_id": 4784003325201,
  "has_koib": false,
  "generated_date": 1632131038000,
  "official_result": {
    "winner": {
      "id": 146,
      "position": 3,
      "percentage": 30.501930501930502,
      "valid_percentage": 32.33287858117326,
      "registered_percentage": 11.885656970912738
    },
    "turnout": {
      "count": 779,
      "percentage": 39.06720160481444,
      "walk_by_count": 682,
      "walk_by_percentage": 34.20260782347041,
      "on_home_count": 97,
      "on_home_percentage": 4.864593781344032,
      "ahead_of_time_count": 0,
      "ahead_of_time_percentage": 0,
      "valid_count": 733,
      "valid_percentage": 36.76028084252758,
      "invalid_count": 44,
      "invalid_percentage": 2.206619859578736,
      "taken_home_count": 2,
      "taken_home_percentage": 0.10030090270812438,
      "lost_count": 0,
      "lost_percentage": 0
    },
    "votes_stats": {
      "winning_count": 237,
      "winning_percentage": 30.501930501930502,
      "effective_count": 733,
      "losing_count": 496,
      "losing_percentage": 63.83526383526383,
      "other_count": 44,
      "other_percentage": 5.662805662805663,
      "by_place": {
        "#1": {
          "count": 237,
          "percentage": 30.501930501930502
        },
        "#2": {
          "count": 171,
          "percentage": 22.00772200772201
        },
        "#3": {
          "count": 101,
          "percentage": 12.998712998713,
          "supported_by_smart_vote": true
        },
        "#4": {
          "count": 67,
          "percentage": 8.622908622908623
        },
        "#5": {
          "count": 63,
          "percentage": 8.108108108108109
        },
        "#6": {
          "count": 53,
          "percentage": 6.82110682110682
        },
        "#7": {
          "count": 41,
          "percentage": 5.276705276705277
        }
      }
    }
  },
  "turnout_protocols": {
    "17.09.2021": {
      "15.00": {
        "count": 141,
        "count_delta": 141,
        "count_delta_per_hour": 20.142857142857142,
        "count_delta_per_minute": 0.3357142857142857,
        "percentage": 7.15,
        "percentage_delta": 7.15,
        "percentage_delta_per_hour": 1.0214285714285716,
        "percentage_delta_per_minute": 0.017023809523809524,
        "registered_count": 1972,
        "registered_count_delta": 1972,
        "registered_count_delta_per_hour": 281.7142857142857,
        "registered_count_delta_per_minute": 4.695238095238095
      },
      "20.00": {
        "count": 207,
        "count_delta": 66,
        "count_delta_per_hour": 13.2,
        "count_delta_per_minute": 0.22,
        "percentage": 10.49,
        "percentage_delta": 3.34,
        "percentage_delta_per_hour": 0.6679999999999999,
        "percentage_delta_per_minute": 0.011133333333333334,
        "registered_count": 1973,
        "registered_count_delta": 1,
        "registered_count_delta_per_hour": 0.2,
        "registered_count_delta_per_minute": 0.0033333333333333335
      }
    },
    "18.09.2021": {
      "15.00": {
        "count": 308,
        "count_delta": 101,
        "count_delta_per_hour": 14.428571428571429,
        "count_delta_per_minute": 0.24047619047619048,
        "percentage": 15.61,
        "percentage_delta": 5.119999999999999,
        "percentage_delta_per_hour": 0.7314285714285713,
        "percentage_delta_per_minute": 0.012190476190476189,
        "registered_count": 1973,
        "registered_count_delta": 0,
        "registered_count_delta_per_hour": 0,
        "registered_count_delta_per_minute": 0
      },
      "20.00": {
        "count": 451,
        "count_delta": 143,
        "count_delta_per_hour": 28.6,
        "count_delta_per_minute": 0.4766666666666667,
        "percentage": 22.86,
        "percentage_delta": 7.25,
        "percentage_delta_per_hour": 1.45,
        "percentage_delta_per_minute": 0.024166666666666666,
        "registered_count": 1973,
        "registered_count_delta": 0,
        "registered_count_delta_per_hour": 0,
        "registered_count_delta_per_minute": 0
      }
    },
    "19.09.2021": {
      "10.00": {
        "count": 480,
        "count_delta": 29,
        "count_delta_per_hour": 14.5,
        "count_delta_per_minute": 0.24166666666666667,
        "percentage": 24.08,
        "percentage_delta": 1.2199999999999989,
        "percentage_delta_per_hour": 0.6099999999999994,
        "percentage_delta_per_minute": 0.010166666666666657
      },
      "12.00": {
        "count": 499,
        "count_delta": 19,
        "count_delta_per_hour": 9.5,
        "count_delta_per_minute": 0.15833333333333333,
        "percentage": 25.04,
        "percentage_delta": 0.9600000000000009,
        "percentage_delta_per_hour": 0.4800000000000004,
        "percentage_delta_per_minute": 0.008000000000000007
      },
      "15.00": {
        "count": 703,
        "count_delta": 204,
        "count_delta_per_hour": 68,
        "count_delta_per_minute": 1.1333333333333333,
        "percentage": 35.28,
        "percentage_delta": 10.240000000000002,
        "percentage_delta_per_hour": 3.413333333333334,
        "percentage_delta_per_minute": 0.0568888888888889
      },
      "18.00": {
        "count": 809,
        "count_delta": 106,
        "count_delta_per_hour": 35.333333333333336,
        "count_delta_per_minute": 0.5888888888888889,
        "percentage": 40.55,
        "percentage_delta": 5.269999999999996,
        "percentage_delta_per_hour": 1.7566666666666653,
        "percentage_delta_per_minute": 0.029277777777777757
      },
      "20.00": {
        "count": 779,
        "count_delta": -30,
        "count_delta_per_hour": -15,
        "count_delta_per_minute": -0.25,
        "percentage": 39.06720160481444,
        "percentage_delta": -1.4827983951855543,
        "percentage_delta_per_hour": -0.7413991975927772,
        "percentage_delta_per_minute": -0.012356653293212953,
        "registered_count": 1994,
        "registered_count_delta": 21,
        "registered_count_delta_per_hour": 1.75,
        "registered_count_delta_per_minute": 0.029166666666666667
      }
    }
  },
  "metadata": {
    "analysis": {
      "negative_turnout_percentage_protocols": 1,
      "negative_turnout_percentage": 1.4827983951855543,
      "negative_turnout_count_protocols": 1,
      "negative_turnout_count": 30,
      "protocol_count": 1,
      "exceeded_papers_count": 0,
      "exceeded_papers_steal_winning": 0,
      "checksum_valid": 1,
      "stuffed_protocol_for_146": 1,
      "stuffed_votes_for_146": 98.50649350649351
    },
    "voters": {
      "initially_registered_count": 1973,
      "registered_count": 1994,
      "walk_by_count": 682,
      "on_home_count": 97,
      "ahead_of_time_count": 0,
      "exceptional_count": 0,
      "added_count": 21
    },
    "papers": {
      "received_count": 2000,
      "destroyed_count": 1221,
      "stationary_box_count": 680,
      "portable_box_count": 97,
      "valid_count": 733,
      "invalid_count": 44,
      "lost_count": 0,
      "ignored_count": 0,
      "taken_home_count": 2
    }
  },
  "entries": [
    {
      "name": "Иванова Ирина Владимировна",
      "position": 3,
      "candidate_id": 146,
      "supported_by_party_id": 1,
      "official_result": {
        "votes_count": 237,
        "place": 1,
        "percentage": 30.501930501930502,
        "valid_percentage": 32.33287858117326,
        "registered_percentage": 11.885656970912738,
        "display_percentage": 30.5,
        "winner": true
      },
      "result_without_other_entry": {
        "147": {
          "percentage": 33.38028169014085,