{
  "commission_name": "УИК №1389",
  "ballot_name": "Выборы депутатов Законодательного Собрания Санкт-Петербурга седьмого созыва",
  "name": "Результаты выборов по единому округу",
  "protocol_scope": {
    "type": "uik",
    "id": 1389
  },
  "electoral_district": {
    "type": "city",
    "id": 0
  },
  "data_id": 27820001915220,
  "ballot_data_id": 4784027343391,
  "has_koib": false,
  "generated_date": 1632124737000,
  "official_result": {
    "winner": {
      "id": 5,
      "position": 2,
      "percentage": 56.4673157162726,
      "valid_percentage": 57.42574257425742,
      "registered_percentage": 16.57819518170682
    },
    "turnout": {
      "count": 719,
      "percentage": 29.358922008983257,
      "walk_by_count": 715,
      "walk_by_percentage": 29.195590036749692,
      "on_home_count": 4,
      "on_home_percentage": 0.16333197223356472,
      "ahead_of_time_count": 0,
      "ahead_of_time_percentage": 0,
      "valid_count": 707,
      "valid_percentage": 28.868926092282564,
      "invalid_count": 12,
      "invalid_percentage": 0.4899959167006942,
      "taken_home_count": 0,
      "taken_home_percentage": 0,
      "lost_count": 0,
      "lost_percentage": 0
    },
    "votes_stats": {
      "winning_count": 406,
      "winning_percentage": 56.4673157162726,
      "effective_count": 707,
      "losing_count": 301,
      "losing_percentage": 41.863699582753824,
      "other_count": 12,
      "other_percentage": 1.6689847009735743,
      "by_place": {
        "#1": {
          "count": 406,
          "percentage": 56.4673157162726
        },
        "#2": {
          "count": 106,
          "percentage": 14.74269819193324
        },
        "#3": {
          "count": 73,
          "percentage": 10.15299026425591
        },
        "#4": {
          "count": 39,
          "percentage": 5.4242002781641165
        },
        "#5": {
          "count": 31,
          "percentage": 4.3115438108484
        },
        "#6": {
          "count": 26,
          "percentage": 3.616133518776078
        },
        "#7": {
          "count": 22,
          "percentage": 3.05980528511822
        },
        "#8": {
          "count": 4,
          "percentage": 0.5563282336578581
        }
      }
    }
  },
  "turnout_protocols": {
    "17.09.2021": {
      "15.00": {
        "count": 125,
        "count_delta": 125,
        "count_delta_per_hour": 17.857142857142858,
        "count_delta_per_minute": 0.2976190476190476,
        "percentage": 5.11,
        "percentage_delta": 5.11,
        "percentage_delta_per_hour": 0.7300000000000001,
        "percentage_delta_per_minute": 0.012166666666666668,
        "registered_count": 2446,
        "registered_count_delta": 2446,
        "registered_count_delta_per_hour": 349.42857142857144,
        "registered_count_delta_per_minute": 5.8238095238095235
      },
      "20.00": {
        "count": 196,
        "count_delta": 71,
        "count_delta_per_hour": 14.2,
        "count_delta_per_minute": 0.23666666666666666,
        "percentage": 8.02,
        "percentage_delta": 2.9099999999999993,
        "percentage_delta_per_hour": 0.5819999999999999,
        "percentage_delta_per_minute": 0.009699999999999997,
        "registered_count": 2444,
        "registered_count_delta": -2,
        "registered_count_delta_per_hour": -0.4,
        "registered_count_delta_per_minute": -0.006666666666666667
      }
    },
    "18.09.2021": {
      "15.00": {
        "count": 271,
        "count_delta": 75,
        "count_delta_per_hour": 10.714285714285714,
        "count_delta_per_minute": 0.17857142857142858,
        "percentage": 11.09,
        "percentage_delta": 3.0700000000000003,
        "percentage_delta_per_hour": 0.4385714285714286,
        "percentage_delta_per_minute": 0.00730952380952381,
        "registered_count": 2444,
        "registered_count_delta": 0,
        "registered_count_delta_per_hour": 0,
        "registered_count_delta_per_minute": 0
      },
      "20.00": {
        "count": 363,
        "count_delta": 92,
        "count_delta_per_hour": 18.4,
        "count_delta_per_minute": 0.30666666666666664,
        "percentage": 14.83,
        "percentage_delta": 3.74,
        "percentage_delta_per_hour": 0.748,
        "percentage_delta_per_minute": 0.012466666666666668,
        "registered_count": 2448,
        "registered_count_delta": 4,
        "registered_count_delta_per_hour": 0.8,
        "registered_count_delta_per_minute": 0.013333333333333334
      }
    },
    "19.09.2021": {
      "10.00": {
        "count": 373,
        "count_delta": 10,
        "count_delta_per_hour": 5,
        "count_delta_per_minute": 0.08333333333333333,
        "percentage": 15.24,
        "percentage_delta": 0.41000000000000014,
        "percentage_delta_per_hour": 0.20500000000000007,
        "percentage_delta_per_minute": 0.0034166666666666677
      },
      "12.00": {
        "count": 400,
        "count_delta": 27,
        "count_delta_per_hour": 13.5,
        "count_delta_per_minute": 0.225,
        "percentage": 16.35,
        "percentage_delta": 1.1100000000000012,
        "percentage_delta_per_hour": 0.5550000000000006,
        "percentage_delta_per_minute": 0.00925000000000001
      },
      "15.00": {
        "count": 515,
        "count_delta": 115,
        "count_delta_per_hour": 38.333333333333336,
        "count_delta_per_minute": 0.6388888888888888,
        "percentage": 21.01,
        "percentage_delta": 4.66,
        "percentage_delta_per_hour": 1.5533333333333335,
        "percentage_delta_per_minute": 0.02588888888888889
      },
      "18.00": {
        "count": 623,
        "count_delta": 108,
        "count_delta_per_hour": 36,
        "count_delta_per_minute": 0.6,
        "percentage": 25.44,
        "percentage_delta": 4.43,
        "percentage_delta_per_hour": 1.4766666666666666,
        "percentage_delta_per_minute": 0.024611111111111108
      },
      "20.00": {
        "count": 719,
        "count_delta": 96,
        "count_delta_per_hour": 48,
        "count_delta_per_minute": 0.8,
        "percentage": 29.358922008983257,
        "percentage_delta": 3.9189220089832553,
        "percentage_delta_per_hour": 1.9594610044916276,
        "percentage_delta_per_minute": 0.03265768340819379,
        "registered_count": 2449,
        "registered_count_delta": 1,
        "registered_count_delta_per_hour": 0.08333333333333333,
        "registered_count_delta_per_minute": 0.001388888888888889
      }
    }
  },
  "metadata": {
    "analysis": {
      "negative_turnout_registered_count_protocols": 1,
      "negative_turnout_registered_count": 2,
      "protocol_count": 1,
      "exceeded_papers_count": 0,
      "exceeded_papers_steal_winning": 0,
      "exceeded_papers_provide_extra_places": 0,
      "multiple_winners": 0,
      "checksum_valid": 1,
      "stuffed_protocol_for_5": 1,
      "stuffed_votes_for_5": 126.41004184100422
    },
    "voters": {
      "initially_registered_count": 2443,
      "registered_count": 2449,
      "walk_by_count": 715,
      "on_home_count": 4,
      "ahead_of_time_count": 0,
      "exceptional_count": 0,
      "added_count": 6
    },
    "papers": {
      "received_count": 2200,
      "destroyed_count": 1481,
      "stationary_box_count": 715,
      "portable_box_count": 4,
      "valid_count": 707,
      "invalid_count": 12,
      "lost_count": 0,
      "ignored_count": 0,
      "taken_home_count": 0
    }
  },
  "entries": [
    {
      "name": "Всероссийская политическая партия \"ЕДИНАЯ РОССИЯ\"",
      "position": 2,
      "party_id": 5,
      "official_result": {
        "votes_count": 406,
        "place": 1,
        "percentage": 56.4673157162726,
        "valid_percentage": 57.42574257425742,
        "registered_percentage": 16.57819518170682,
        "display_percentage": 56.47,
        "winner": true
      },
      "result_without_other_entry": {
        "1": {
          "percentage": 66.23164763458401,