{
  "commission_name": "УИК №1295",
  "ballot_name": "Выборы депутатов Законодательного Собрания Санкт-Петербурга седьмого созыва",
  "name": "Результаты выборов по единому округу",
  "protocol_scope": {
    "type": "uik",
    "id": 1295
  },
  "electoral_district": {
    "type": "city",
    "id": 0
  },
  "data_id": 27820001915220,
  "ballot_data_id": 4784010407148,
  "has_koib": false,
  "generated_date": 1632124218000,
  "official_result": {
    "winner": {
      "id": 5,
      "position": 2,
      "percentage": 34.92462311557789,
      "valid_percentage": 34.92462311557789,
      "registered_percentage": 11.346938775510203
    },
    "turnout": {
      "count": 398,
      "percentage": 32.48979591836735,
      "walk_by_count": 382,
      "walk_by_percentage": 31.183673469387756,
      "on_home_count": 16,
      "on_home_percentage": 1.306122448979592,
      "ahead_of_time_count": 0,
      "ahead_of_time_percentage": 0,
      "valid_count": 398,
      "valid_percentage": 32.48979591836735,
      "invalid_count": 0,
      "invalid_percentage": 0,
      "taken_home_count": 0,
      "taken_home_percentage": 0,
      "lost_count": 0,
      "lost_percentage": 0
    },
    "votes_stats": {
      "winning_count": 139,
      "winning_percentage": 34.92462311557789,
      "effective_count": 398,
      "losing_count": 259,
      "losing_percentage": 65.07537688442211,
      "other_count": 0,
      "other_percentage": 0,
      "by_place": {
        "#1": {
          "count": 139,
          "percentage": 34.92462311557789
        },
        "#2": {
          "count": 90,
          "percentage": 22.613065326633166
        },
        "#3": {
          "count": 54,
          "percentage": 13.5678391959799
        },
        "#4": {
          "count": 39,
          "percentage": 9.798994974874372
        },
        "#5": {
          "count": 38,
          "percentage": 9.547738693467336
        },
        "#6": {
          "count": 25,
          "percentage": 6.281407035175879
        },
        "#7": {
          "count": 9,
          "percentage": 2.261306532663317
        },
        "#8": {
          "count": 4,
          "percentage": 1.0050251256281406
        }
      }
    }
  },
  "turnout_protocols": {
    "17.09.2021": {
      "15.00": {
        "count": 55,
        "count_delta": 55,
        "count_delta_per_hour": 7.857142857142857,
        "count_delta_per_minute": 0.13095238095238096,
        "percentage": 4.49,
        "percentage_delta": 4.49,
        "percentage_delta_per_hour": 0.6414285714285715,
        "percentage_delta_per_minute": 0.010690476190476191,
        "registered_count": 1225,
        "registered_count_delta": 1225,
        "registered_count_delta_per_hour": 175,
        "registered_count_delta_per_minute": 2.9166666666666665
      },
      "20.00": {
        "count": 104,
        "count_delta": 49,
        "count_delta_per_hour": 9.8,
        "count_delta_per_minute": 0.16333333333333333,
        "percentage": 8.49,
        "percentage_delta": 4,
        "percentage_delta_per_hour": 0.8,
        "percentage_delta_per_minute": 0.013333333333333334,
        "registered_count": 1225,
        "registered_count_delta": 0,
        "registered_count_delta_per_hour": 0,
        "registered_count_delta_per_minute": 0
      }
    },
    "18.09.2021": {
      "15.00": {
        "count": 159,
        "count_delta": 55,
        "count_delta_per_hour": 7.857142857142857,
        "count_delta_per_minute": 0.13095238095238096,
        "percentage": 12.98,
        "percentage_delta": 4.49,
        "percentage_delta_per_hour": 0.6414285714285715,
        "percentage_delta_per_minute": 0.010690476190476191,
        "registered_count": 1225,
        "registered_count_delta": 0,
        "registered_count_delta_per_hour": 0,
        "registered_count_delta_per_minute": 0
      },
      "20.00": {
        "count": 200,
        "count_delta": 41,
        "count_delta_per_hour": 8.2,
        "count_delta_per_minute": 0.13666666666666666,
        "percentage": 16.33,
        "percentage_delta": 3.349999999999998,
        "percentage_delta_per_hour": 0.6699999999999996,
        "percentage_delta_per_minute": 0.01116666666666666,
        "registered_count": 1225,
        "registered_count_delta": 0,
        "registered_count_delta_per_hour": 0,
        "registered_count_delta_per_minute": 0
      }
    },
    "19.09.2021": {
      "10.00": {
        "count": 203,
        "count_delta": 3,
        "count_delta_per_hour": 1.5,
        "count_delta_per_minute": 0.025,
        "percentage": 16.57,
        "percentage_delta": 0.240000000000002,
        "percentage_delta_per_hour": 0.120000000000001,
        "percentage_delta_per_minute": 0.0020000000000000165
      },
      "12.00": {
        "count": 236,
        "count_delta": 33,
        "count_delta_per_hour": 16.5,
        "count_delta_per_minute": 0.275,
        "percentage": 19.27,
        "percentage_delta": 2.6999999999999993,
        "percentage_delta_per_hour": 1.3499999999999996,
        "percentage_delta_per_minute": 0.022499999999999996
      },
      "15.00": {
        "count": 241,
        "count_delta": 5,
        "count_delta_per_hour": 1.6666666666666667,
        "count_delta_per_minute": 0.027777777777777776,
        "percentage": 19.67,
        "percentage_delta": 0.40000000000000213,
        "percentage_delta_per_hour": 0.13333333333333405,
        "percentage_delta_per_minute": 0.002222222222222234
      },
      "18.00": {
        "count": 341,
        "count_delta": 100,
        "count_delta_per_hour": 33.333333333333336,
        "count_delta_per_minute": 0.5555555555555556,
        "percentage": 27.84,
        "percentage_delta": 8.169999999999998,
        "percentage_delta_per_hour": 2.7233333333333327,
        "percentage_delta_per_minute": 0.04538888888888888
      },
      "20.00": {
        "count": 398,
        "count_delta": 57,
        "count_delta_per_hour": 28.5,
        "count_delta_per_minute": 0.475,
        "percentage": 32.48979591836735,
        "percentage_delta": 4.649795918367349,
        "percentage_delta_per_hour": 2.3248979591836747,
        "percentage_delta_per_minute": 0.03874829931972791,
        "registered_count": 1225,
        "registered_count_delta": 0,
        "registered_count_delta_per_hour": 0,
        "registered_count_delta_per_minute": 0
      }
    }
  },
  "metadata": {
    "analysis": {
      "protocol_count": 1,
      "exceeded_papers_count": 0,
      "exceeded_papers_steal_winning": 0,
      "exceeded_papers_provide_extra_places": 0,
      "multiple_winners": 0,
      "checksum_valid": 1
    },
    "voters": {
      "initially_registered_count": 1225,
      "registered_count": 1225,
      "walk_by_count": 382,
      "on_home_count": 16,
      "ahead_of_time_count": 0,
      "exceptional_count": 0
    },
    "papers": {
      "received_count": 1100,
      "destroyed_count": 702,
      "stationary_box_count": 382,
      "portable_box_count": 16,
      "valid_count": 398,
      "invalid_count": 0,
      "lost_count": 0,
      "ignored_count": 0,
      "taken_home_count": 0
    }
  },
  "entries": [
    {
      "name": "Всероссийская политическая партия \"ЕДИНАЯ РОССИЯ\"",
      "position": 2,
      "party_id": 5,
      "official_result": {
        "votes_count": 139,
        "place": 1,
        "percentage": 34.92462311557789,
        "valid_percentage": 34.92462311557789,
        "registered_percentage": 11.346938775510203,
        "display_percentage": 34.92,
        "winner": true
      },
      "result_without_other_entry": {
        "1": {
          "percentage": 40.406976744186046,
          "valid_percentage": 40.406976744186046
        },
        "3": {
          "percentage": 37.26541554959786,
          "valid_percentage": 37.26541554959786
        },
        "4": {
          "percentage": 38.611111111111114,
          "valid_percentage": 38.611111111111114
        },
        "6": {
          "percentage": 38.71866295264624,