{
  "commission_name": "УИК №1930",
  "ballot_name": "Выборы депутатов Законодательного Собрания Санкт-Петербурга седьмого созыва",
  "name": "Результаты выборов по единому округу",
  "protocol_scope": {
    "type": "uik",
    "id": 1930
  },
  "electoral_district": {
    "type": "city",
    "id": 0
  },
  "data_id": 27820001915220,
  "ballot_data_id": 478405698871,
  "has_koib": false,
  "generated_date": 1632124219000,
  "official_result": {
    "winner": {
      "id": 5,
      "position": 2,
      "percentage": 28.602150537634408,
      "valid_percentage": 29.854096520763186,
      "registered_percentage": 9.74002196997437
    },
    "turnout": {
      "count": 930,
      "percentage": 34.053460270963015,
      "walk_by_count": 917,
      "walk_by_percentage": 33.57744415964848,
      "on_home_count": 13,
      "on_home_percentage": 0.4760161113145368,
      "ahead_of_time_count": 0,
      "ahead_of_time_percentage": 0,
      "valid_count": 891,
      "valid_percentage": 32.62541193701941,
      "invalid_count": 39,
      "invalid_percentage": 1.4280483339436105,
      "taken_home_count": 0,
      "taken_home_percentage": 0,
      "lost_count": 0,
      "lost_percentage": 0
    },
    "votes_stats": {
      "winning_count": 266,
      "winning_percentage": 28.602150537634408,
      "effective_count": 891,
      "losing_count": 625,
      "losing_percentage": 67.20430107526882,
      "other_count": 39,
      "other_percentage": 4.193548387096775,
      "by_place": {
        "#1": {
          "count": 266,
          "percentage": 28.602150537634408
        },
        "#2": {
          "count": 197,
          "percentage": 21.182795698924732
        },
        "#3": {
          "count": 177,
          "percentage": 19.032258064516128
        },
        "#4": {
          "count": 78,
          "percentage": 8.38709677419355
        },
        "#5": {
          "count": 66,
          "percentage": 7.096774193548387
        },
        "#6": {
          "count": 61,
          "percentage": 6.559139784946237
        },
        "#7": {
          "count": 30,
          "percentage": 3.225806451612903
        },
        "#8": {
          "count": 16,
          "percentage": 1.7204301075268817
        }
      }
    }
  },
  "turnout_protocols": {
    "17.09.2021": {
      "15.00": {
        "count": 158,
        "count_delta": 158,
        "count_delta_per_hour": 22.571428571428573,
        "count_delta_per_minute": 0.3761904761904762,
        "percentage": 5.8,
        "percentage_delta": 5.8,
        "percentage_delta_per_hour": 0.8285714285714285,
        "percentage_delta_per_minute": 0.01380952380952381,
        "registered_count": 2724,
        "registered_count_delta": 2724,
        "registered_count_delta_per_hour": 389.14285714285717,
        "registered_count_delta_per_minute": 6.485714285714286
      },
      "20.00": {
        "count": 311,
        "count_delta": 153,
        "count_delta_per_hour": 30.6,
        "count_delta_per_minute": 0.51,
        "percentage": 11.42,
        "percentage_delta": 5.62,
        "percentage_delta_per_hour": 1.124,
        "percentage_delta_per_minute": 0.018733333333333334,
        "registered_count": 2723,
        "registered_count_delta": -1,
        "registered_count_delta_per_hour": -0.2,
        "registered_count_delta_per_minute": -0.0033333333333333335
      }
    },
    "18.09.2021": {
      "15.00": {
        "count": 425,
        "count_delta": 114,
        "count_delta_per_hour": 16.285714285714285,
        "count_delta_per_minute": 0.2714285714285714,
        "percentage": 15.6,
        "percentage_delta": 4.18,
        "percentage_delta_per_hour": 0.5971428571428571,
        "percentage_delta_per_minute": 0.009952380952380952,
        "registered_count": 2724,
        "registered_count_delta": 1,
        "registered_count_delta_per_hour": 0.14285714285714285,
        "registered_count_delta_per_minute": 0.002380952380952381
      },
      "20.00": {
        "count": 484,
        "count_delta": 59,
        "count_delta_per_hour": 11.8,
        "count_delta_per_minute": 0.19666666666666666,
        "percentage": 17.77,
        "percentage_delta": 2.17,
        "percentage_delta_per_hour": 0.434,
        "percentage_delta_per_minute": 0.007233333333333333,
        "registered_count": 2724,
        "registered_count_delta": 0,
        "registered_count_delta_per_hour": 0,
        "registered_count_delta_per_minute": 0
      }
    },
    "19.09.2021": {
      "10.00": {
        "count": 511,
        "count_delta": 27,
        "count_delta_per_hour": 13.5,
        "count_delta_per_minute": 0.225,
        "percentage": 18.72,
        "percentage_delta": 0.9499999999999993,
        "percentage_delta_per_hour": 0.47499999999999964,
        "percentage_delta_per_minute": 0.00791666666666666
      },
      "12.00": {
        "count": 557,
        "count_delta": 46,
        "count_delta_per_hour": 23,
        "count_delta_per_minute": 0.38333333333333336,
        "percentage": 20.41,
        "percentage_delta": 1.6900000000000013,
        "percentage_delta_per_hour": 0.8450000000000006,
        "percentage_delta_per_minute": 0.014083333333333344
      },
      "15.00": {
        "count": 661,
        "count_delta": 104,
        "count_delta_per_hour": 34.666666666666664,
        "count_delta_per_minute": 0.5777777777777777,
        "percentage": 24.19,
        "percentage_delta": 3.780000000000001,
        "percentage_delta_per_hour": 1.2600000000000005,
        "percentage_delta_per_minute": 0.021000000000000005
      },
      "18.00": {
        "count": 799,
        "count_delta": 138,
        "count_delta_per_hour": 46,
        "count_delta_per_minute": 0.7666666666666667,
        "percentage": 29.26,
        "percentage_delta": 5.07,
        "percentage_delta_per_hour": 1.6900000000000002,
        "percentage_delta_per_minute": 0.02816666666666667
      },
      "20.00": {
        "count": 930,
        "count_delta": 131,
        "count_delta_per_hour": 65.5,
        "count_delta_per_minute": 1.0916666666666666,
        "percentage": 34.053460270963015,
        "percentage_delta": 4.793460270963013,
        "percentage_delta_per_hour": 2.3967301354815067,
        "percentage_delta_per_minute": 0.03994550225802511,
        "registered_count": 2731,
        "registered_count_delta": 7,
        "registered_count_delta_per_hour": 0.5833333333333334,
        "registered_count_delta_per_minute": 0.009722222222222222
      }
    }
  },
  "metadata": {
    "analysis": {
      "negative_turnout_registered_count_protocols": 1,
      "negative_turnout_registered_count": 1,
      "protocol_count": 1,
      "exceeded_papers_count": 0,
      "exceeded_papers_steal_winning": 0,
      "exceeded_papers_provide_extra_places": 0,
      "multiple_winners": 0,
      "checksum_valid": 1,
      "stuffed_protocol_for_1": 1,
      "stuffed_votes_for_1": 69.7978436657682
    },
    "voters": {
      "initially_registered_count": 2724,
      "registered_count": 2731,
      "walk_by_count": 917,
      "on_home_count": 13,
      "ahead_of_time_count": 0,
      "exceptional_count": 0,
      "added_count": 7
    },
    "papers": {
      "received_count": 2500,
      "destroyed_count": 1570,
      "stationary_box_count": 917,
      "portable_box_count": 13,
      "valid_count": 891,
      "invalid_count": 39,
      "lost_count": 0,
      "ignored_count": 0,
      "taken_home_count": 0
    }
  },
  "entries": [
    {
      "name": "Всероссийская политическая партия \"ЕДИНАЯ РОССИЯ\"",
      "position": 2,
      "party_id": 5,
      "official_result": {
        "votes_count": 266,
        "place": 1,
        "percentage": 28.602150537634408,
        "valid_percentage": 29.854096520763186,
        "registered_percentage": 9.74002196997437,
        "display_percentage": 28.6,
        "winner": true
      },
      "result_without_other_entry": {
        "1": {
          "percentage": 36.289222373806275,