{
  "commission_name": "УИК №629",
  "ballot_name": "Выборы депутатов Законодательного Собрания Санкт-Петербурга седьмого созыва",
  "name": "Результаты выборов по одномандатному (многомандатному) округу",
  "protocol_scope": {
    "type": "uik",
    "id": 629
  },
  "electoral_district": {
    "type": "city",
    "id": 17
  },
  "data_id": 27820001915220,
  "ballot_data_id": 9789005585537,
  "has_koib": false,
  "generated_date": 1632211035000,
  "official_result": {
    "winner": {
      "id": 44,
      "position": 7,
      "percentage": 41.04134762633997,
      "valid_percentage": 43.15619967793881,
      "registered_percentage": 13.028682547399125
    },
    "turnout": {
      "count": 653,
      "percentage": 31.74526008750608,
      "walk_by_count": 647,
      "walk_by_percentage": 31.45357316480311,
      "on_home_count": 6,
      "on_home_percentage": 0.2916869227029655,
      "ahead_of_time_count": 0,
      "ahead_of_time_percentage": 0,
      "valid_count": 621,
      "valid_percentage": 30.189596499756927,
      "invalid_count": 32,
      "invalid_percentage": 1.5556635877491491,
      "taken_home_count": 0,
      "taken_home_percentage": 0,
      "lost_count": 0,
      "lost_percentage": 0
    },
    "votes_stats": {
      "winning_count": 268,
      "winning_percentage": 41.04134762633997,
      "effective_count": 621,
      "losing_count": 353,
      "losing_percentage": 54.05819295558959,
      "other_count": 32,
      "other_percentage": 4.900459418070445,
      "by_place": {
        "#1": {
          "count": 268,
          "percentage": 41.04134762633997
        },
        "#2": {
          "count": 95,
          "percentage": 14.548238897396631,
          "supported_by_smart_vote": true
        },
        "#3": {
          "count": 92,
          "percentage": 14.088820826952528
        },
        "#4": {
          "count": 84,
          "percentage": 12.863705972434916
        },
        "#5": {
          "count": 36,
          "percentage": 5.51301684532925
        },
        "#6": {
          "count": 27,
          "percentage": 4.134762633996937
        },
        "#7": {
          "count": 19,
          "percentage": 2.909647779479326
        }
      }
    }
  },
  "turnout_protocols": {
    "17.09.2021": {
      "15.00": {
        "count": 144,
        "count_delta": 144,
        "count_delta_per_hour": 20.571428571428573,
        "count_delta_per_minute": 0.34285714285714286,
        "percentage": 7.09,
        "percentage_delta": 7.09,
        "percentage_delta_per_hour": 1.012857142857143,
        "percentage_delta_per_minute": 0.016880952380952382,
        "registered_count": 2031,
        "registered_count_delta": 2031,
        "registered_count_delta_per_hour": 290.14285714285717,
        "registered_count_delta_per_minute": 4.835714285714285
      },
      "20.00": {
        "count": 199,
        "count_delta": 55,
        "count_delta_per_hour": 11,
        "count_delta_per_minute": 0.18333333333333332,
        "percentage": 9.67,
        "percentage_delta": 2.58,
        "percentage_delta_per_hour": 0.516,
        "percentage_delta_per_minute": 0.0086,
        "registered_count": 2058,
        "registered_count_delta": 27,
        "registered_count_delta_per_hour": 5.4,
        "registered_count_delta_per_minute": 0.09
      }
    },
    "18.09.2021": {
      "15.00": {
        "count": 307,
        "count_delta": 108,
        "count_delta_per_hour": 15.428571428571429,
        "count_delta_per_minute": 0.2571428571428571,
        "percentage": 14.92,
        "percentage_delta": 5.25,
        "percentage_delta_per_hour": 0.75,
        "percentage_delta_per_minute": 0.0125,
        "registered_count": 2058,
        "registered_count_delta": 0,
        "registered_count_delta_per_hour": 0,
        "registered_count_delta_per_minute": 0
      },
      "20.00": {
        "count": 351,
        "count_delta": 44,
        "count_delta_per_hour": 8.8,
        "count_delta_per_minute": 0.14666666666666667,
        "percentage": 17.06,
        "percentage_delta": 2.139999999999999,
        "percentage_delta_per_hour": 0.42799999999999977,
        "percentage_delta_per_minute": 0.007133333333333329,
        "registered_count": 2057,
        "registered_count_delta": -1,
        "registered_count_delta_per_hour": -0.2,
        "registered_count_delta_per_minute": -0.0033333333333333335
      }
    },
    "19.09.2021": {
      "10.00": {
        "count": 374,
        "count_delta": 23,
        "count_delta_per_hour": 11.5,
        "count_delta_per_minute": 0.19166666666666668,
        "percentage": 18.18,
        "percentage_delta": 1.120000000000001,
        "percentage_delta_per_hour": 0.5600000000000005,
        "percentage_delta_per_minute": 0.009333333333333341
      },
      "12.00": {
        "count": 398,
        "count_delta": 24,
        "count_delta_per_hour": 12,
        "count_delta_per_minute": 0.2,
        "percentage": 19.35,
        "percentage_delta": 1.1700000000000017,
        "percentage_delta_per_hour": 0.5850000000000009,
        "percentage_delta_per_minute": 0.009750000000000014
      },
      "15.00": {
        "count": 507,
        "count_delta": 109,
        "count_delta_per_hour": 36.333333333333336,
        "count_delta_per_minute": 0.6055555555555555,
        "percentage": 24.65,
        "percentage_delta": 5.299999999999997,
        "percentage_delta_per_hour": 1.7666666666666657,
        "percentage_delta_per_minute": 0.02944444444444443
      },
      "18.00": {
        "count": 592,
        "count_delta": 85,
        "count_delta_per_hour": 28.333333333333332,
        "count_delta_per_minute": 0.4722222222222222,
        "percentage": 28.78,
        "percentage_delta": 4.130000000000003,
        "percentage_delta_per_hour": 1.3766666666666676,
        "percentage_delta_per_minute": 0.02294444444444446
      },
      "20.00": {
        "count": 653,
        "count_delta": 61,
        "count_delta_per_hour": 30.5,
        "count_delta_per_minute": 0.5083333333333333,
        "percentage": 31.74526008750608,
        "percentage_delta": 2.9652600875060777,
        "percentage_delta_per_hour": 1.4826300437530389,
        "percentage_delta_per_minute": 0.024710500729217315,
        "registered_count": 2057,
        "registered_count_delta": 0,
        "registered_count_delta_per_hour": 0,
        "registered_count_delta_per_minute": 0
      }
    }
  },
  "metadata": {
    "analysis": {
      "negative_turnout_registered_count_protocols": 1,
      "negative_turnout_registered_count": 1,
      "protocol_count": 1,
      "exceeded_papers_count": 0,
      "exceeded_papers_steal_winning": 0,
      "checksum_valid": 1,
      "stuffed_protocol_for_44": 1,
      "stuffed_votes_for_44": 62.82994923857868
    },
    "voters": {
      "initially_registered_count": 2057,
      "registered_count": 2057,
      "walk_by_count": 647,
      "on_home_count": 6,
      "ahead_of_time_count": 0,
      "exceptional_count": 0
    },
    "papers": {
      "received_count": 1500,
      "destroyed_count": 847,
      "stationary_box_count": 647,
      "portable_box_count": 6,
      "valid_count": 621,
      "invalid_count": 32,
      "lost_count": 0,
      "ignored_count": 0,
      "taken_home_count": 0
    }
  },
  "entries": [
    {
      "name": "Четырбок Денис Александрович",
      "position": 7,
      "candidate_id": 44,
      "supported_by_party_id": 5,
      "official_result": {
        "votes_count": 268,
        "place": 1,
        "percentage": 41.04134762633997,
        "valid_percentage": 43.15619967793881,
        "registered_percentage": 13.028682547399125,
        "display_percentage": 41.04,
        "winner": true
      },
      "result_without_other_entry": {
        "38": {
          "percentage": 42.27129337539432,
          "valid_percentage": 44.518272425249165
        },
        "39": {
          "percentage": 47.10017574692443,
          "valid_percentage": 49.906890130353815
        },