{
  "commission_name": "УИК №18",
  "ballot_name": "Выборы депутатов Законодательного Собрания Санкт-Петербурга седьмого созыва",
  "name": "Результаты выборов по единому округу",
  "protocol_scope": {
    "type": "uik",
    "id": 18
  },
  "electoral_district": {
    "type": "city",
    "id": 0
  },
  "data_id": 27820001915220,
  "ballot_data_id": 4784001384366,
  "has_koib": false,
  "generated_date": 1632157796000,
  "official_result": {
    "winner": {
      "id": 5,
      "position": 2,
      "percentage": 36.30952380952381,
      "valid_percentage": 37.19512195121951,
      "registered_percentage": 11.890838206627679
    },
    "turnout": {
      "count": 507,
      "percentage": 32.94346978557505,
      "walk_by_count": 489,
      "walk_by_percentage": 31.773879142300192,
      "on_home_count": 18,
      "on_home_percentage": 1.1695906432748537,
      "ahead_of_time_count": 0,
      "ahead_of_time_percentage": 0,
      "valid_count": 492,
      "valid_percentage": 31.968810916179336,
      "invalid_count": 12,
      "invalid_percentage": 0.7797270955165692,
      "taken_home_count": 3,
      "taken_home_percentage": 0.1949317738791423,
      "lost_count": 0,
      "lost_percentage": 0
    },
    "votes_stats": {
      "winning_count": 183,
      "winning_percentage": 36.30952380952381,
      "effective_count": 492,
      "losing_count": 309,
      "losing_percentage": 61.30952380952381,
      "other_count": 12,
      "other_percentage": 2.380952380952381,
      "by_place": {
        "#1": {
          "count": 183,
          "percentage": 36.30952380952381
        },
        "#3.5": {
          "count": 110,
          "percentage": 21.825396825396826
        },
        "#2": {
          "count": 100,
          "percentage": 19.841269841269842
        },
        "#4": {
          "count": 42,
          "percentage": 8.333333333333332
        },
        "#5": {
          "count": 28,
          "percentage": 5.555555555555555
        },
        "#6": {
          "count": 22,
          "percentage": 4.365079365079365
        },
        "#7": {
          "count": 7,
          "percentage": 1.3888888888888888
        }
      }
    }
  },
  "turnout_protocols": {
    "17.09.2021": {
      "15.00": {
        "count": 97,
        "count_delta": 97,
        "count_delta_per_hour": 13.857142857142858,
        "count_delta_per_minute": 0.23095238095238096,
        "percentage": 6.54,
        "percentage_delta": 6.54,
        "percentage_delta_per_hour": 0.9342857142857143,
        "percentage_delta_per_minute": 0.015571428571428571,
        "registered_count": 1483,
        "registered_count_delta": 1483,
        "registered_count_delta_per_hour": 211.85714285714286,
        "registered_count_delta_per_minute": 3.530952380952381
      },
      "20.00": {
        "count": 133,
        "count_delta": 36,
        "count_delta_per_hour": 7.2,
        "count_delta_per_minute": 0.12,
        "percentage": 8.97,
        "percentage_delta": 2.4300000000000006,
        "percentage_delta_per_hour": 0.4860000000000001,
        "percentage_delta_per_minute": 0.008100000000000001,
        "registered_count": 1483,
        "registered_count_delta": 0,
        "registered_count_delta_per_hour": 0,
        "registered_count_delta_per_minute": 0
      }
    },
    "18.09.2021": {
      "15.00": {
        "count": 230,
        "count_delta": 97,
        "count_delta_per_hour": 13.857142857142858,
        "count_delta_per_minute": 0.23095238095238096,
        "percentage": 15.51,
        "percentage_delta": 6.539999999999999,
        "percentage_delta_per_hour": 0.9342857142857142,
        "percentage_delta_per_minute": 0.01557142857142857,
        "registered_count": 1483,
        "registered_count_delta": 0,
        "registered_count_delta_per_hour": 0,
        "registered_count_delta_per_minute": 0
      },
      "20.00": {
        "count": 360,
        "count_delta": 130,
        "count_delta_per_hour": 26,
        "count_delta_per_minute": 0.43333333333333335,
        "percentage": 24.28,
        "percentage_delta": 8.770000000000001,
        "percentage_delta_per_hour": 1.7540000000000002,
        "percentage_delta_per_minute": 0.029233333333333337,
        "registered_count": 1483,
        "registered_count_delta": 0,
        "registered_count_delta_per_hour": 0,
        "registered_count_delta_per_minute": 0
      }
    },
    "19.09.2021": {
      "10.00": {
        "count": 375,
        "count_delta": 15,
        "count_delta_per_hour": 7.5,
        "count_delta_per_minute": 0.125,
        "percentage": 24.34,
        "percentage_delta": 0.05999999999999872,
        "percentage_delta_per_hour": 0.02999999999999936,
        "percentage_delta_per_minute": 0.0004999999999999894
      },
      "12.00": {
        "count": 376,
        "count_delta": 1,
        "count_delta_per_hour": 0.5,
        "count_delta_per_minute": 0.008333333333333333,
        "percentage": 24.41,
        "percentage_delta": 0.07000000000000028,
        "percentage_delta_per_hour": 0.03500000000000014,
        "percentage_delta_per_minute": 0.0005833333333333357
      },
      "15.00": {
        "count": 406,
        "count_delta": 30,
        "count_delta_per_hour": 10,
        "count_delta_per_minute": 0.16666666666666666,
        "percentage": 26.37,
        "percentage_delta": 1.9600000000000009,
        "percentage_delta_per_hour": 0.6533333333333337,
        "percentage_delta_per_minute": 0.010888888888888894
      },
      "18.00": {
        "count": 426,
        "count_delta": 20,
        "count_delta_per_hour": 6.666666666666667,
        "count_delta_per_minute": 0.1111111111111111,
        "percentage": 27.71,
        "percentage_delta": 1.3399999999999999,
        "percentage_delta_per_hour": 0.4466666666666666,
        "percentage_delta_per_minute": 0.007444444444444444
      },
      "20.00": {
        "count": 507,
        "count_delta": 81,
        "count_delta_per_hour": 40.5,
        "count_delta_per_minute": 0.675,
        "percentage": 32.94346978557505,
        "percentage_delta": 5.233469785575046,
        "percentage_delta_per_hour": 2.616734892787523,
        "percentage_delta_per_minute": 0.043612248213125385,
        "registered_count": 1539,
        "registered_count_delta": 56,
        "registered_count_delta_per_hour": 4.666666666666667,
        "registered_count_delta_per_minute": 0.07777777777777778
      }
    }
  },
  "metadata": {
    "analysis": {
      "protocol_count": 1,
      "exceeded_papers_count": 0,
      "exceeded_papers_steal_winning": 0,
      "exceeded_papers_provide_extra_places": 0,
      "multiple_winners": 0,
      "checksum_valid": 1
    },
    "voters": {
      "initially_registered_count": 1483,
      "registered_count": 1539,
      "walk_by_count": 489,
      "on_home_count": 18,
      "ahead_of_time_count": 0,
      "exceptional_count": 0,
      "added_count": 56
    },
    "papers": {
      "received_count": 1100,
      "destroyed_count": 593,
      "stationary_box_count": 486,
      "portable_box_count": 18,
      "valid_count": 492,
      "invalid_count": 12,
      "lost_count": 0,
      "ignored_count": 0,
      "taken_home_count": 3
    }
  },
  "entries": [
    {
      "name": "Всероссийская политическая партия \"ЕДИНАЯ РОССИЯ\"",
      "position": 2,
      "party_id": 5,
      "official_result": {
        "votes_count": 183,
        "place": 1,
        "percentage": 36.30952380952381,
        "valid_percentage": 37.19512195121951,
        "registered_percentage": 11.890838206627679,
        "display_percentage": 36.31,
        "winner": true
      },
      "result_without_other_entry": {
        "1": {
          "percentage": 40.75723830734967,
          "valid_percentage": 41.87643020594965
        },
        "3": {
          "percentage": 38.445378151260506,
          "valid_percentage": 39.439655172413794
        },
        "4": {
          "percentage": 39.61038961038961,