{
  "commission_name": "УИК №1753",
  "ballot_name": "Выборы депутатов Законодательного Собрания Санкт-Петербурга седьмого созыва",
  "name": "Результаты выборов по единому округу",
  "protocol_scope": {
    "type": "uik",
    "id": 1753
  },
  "electoral_district": {
    "type": "city",
    "id": 0
  },
  "data_id": 27820001915220,
  "ballot_data_id": 4784014358288,
  "has_koib": false,
  "generated_date": 1632122510000,
  "official_result": {
    "winner": {
      "id": 5,
      "position": 2,
      "percentage": 28.55263157894737,
      "valid_percentage": 29.443690637720486,
      "registered_percentage": 8.697394789579159
    },
    "turnout": {
      "count": 760,
      "percentage": 30.460921843687377,
      "walk_by_count": 751,
      "walk_by_percentage": 30.1002004008016,
      "on_home_count": 9,
      "on_home_percentage": 0.36072144288577157,
      "ahead_of_time_count": 0,
      "ahead_of_time_percentage": 0,
      "valid_count": 737,
      "valid_percentage": 29.539078156312627,
      "invalid_count": 23,
      "invalid_percentage": 0.9218436873747494,
      "taken_home_count": 0,
      "taken_home_percentage": 0,
      "lost_count": 0,
      "lost_percentage": 0
    },
    "votes_stats": {
      "winning_count": 217,
      "winning_percentage": 28.55263157894737,
      "effective_count": 737,
      "losing_count": 520,
      "losing_percentage": 68.42105263157895,
      "other_count": 23,
      "other_percentage": 3.026315789473684,
      "by_place": {
        "#1": {
          "count": 217,
          "percentage": 28.55263157894737
        },
        "#2": {
          "count": 168,
          "percentage": 22.105263157894736
        },
        "#3": {
          "count": 105,
          "percentage": 13.815789473684212
        },
        "#4": {
          "count": 85,
          "percentage": 11.18421052631579
        },
        "#5": {
          "count": 61,
          "percentage": 8.026315789473685
        },
        "#6": {
          "count": 59,
          "percentage": 7.7631578947368425
        },
        "#7": {
          "count": 27,
          "percentage": 3.552631578947368
        },
        "#8": {
          "count": 15,
          "percentage": 1.9736842105263157
        }
      }
    }
  },
  "turnout_protocols": {
    "17.09.2021": {
      "15.00": {
        "count": 136,
        "count_delta": 136,
        "count_delta_per_hour": 19.428571428571427,
        "count_delta_per_minute": 0.3238095238095238,
        "percentage": 5.46,
        "percentage_delta": 5.46,
        "percentage_delta_per_hour": 0.78,
        "percentage_delta_per_minute": 0.013,
        "registered_count": 2491,
        "registered_count_delta": 2491,
        "registered_count_delta_per_hour": 355.85714285714283,
        "registered_count_delta_per_minute": 5.930952380952381
      },
      "20.00": {
        "count": 221,
        "count_delta": 85,
        "count_delta_per_hour": 17,
        "count_delta_per_minute": 0.2833333333333333,
        "percentage": 8.88,
        "percentage_delta": 3.420000000000001,
        "percentage_delta_per_hour": 0.6840000000000002,
        "percentage_delta_per_minute": 0.011400000000000002,
        "registered_count": 2489,
        "registered_count_delta": -2,
        "registered_count_delta_per_hour": -0.4,
        "registered_count_delta_per_minute": -0.006666666666666667
      }
    },
    "18.09.2021": {
      "15.00": {
        "count": 312,
        "count_delta": 91,
        "count_delta_per_hour": 13,
        "count_delta_per_minute": 0.21666666666666667,
        "percentage": 12.51,
        "percentage_delta": 3.629999999999999,
        "percentage_delta_per_hour": 0.5185714285714285,
        "percentage_delta_per_minute": 0.00864285714285714,
        "registered_count": 2494,
        "registered_count_delta": 5,
        "registered_count_delta_per_hour": 0.7142857142857143,
        "registered_count_delta_per_minute": 0.011904761904761904
      },
      "20.00": {
        "count": 380,
        "count_delta": 68,
        "count_delta_per_hour": 13.6,
        "count_delta_per_minute": 0.22666666666666666,
        "percentage": 15.23,
        "percentage_delta": 2.7200000000000006,
        "percentage_delta_per_hour": 0.5440000000000002,
        "percentage_delta_per_minute": 0.009066666666666669,
        "registered_count": 2495,
        "registered_count_delta": 1,
        "registered_count_delta_per_hour": 0.2,
        "registered_count_delta_per_minute": 0.0033333333333333335
      }
    },
    "19.09.2021": {
      "10.00": {
        "count": 401,
        "count_delta": 21,
        "count_delta_per_hour": 10.5,
        "count_delta_per_minute": 0.175,
        "percentage": 16.07,
        "percentage_delta": 0.8399999999999999,
        "percentage_delta_per_hour": 0.41999999999999993,
        "percentage_delta_per_minute": 0.006999999999999998
      },
      "12.00": {
        "count": 470,
        "count_delta": 69,
        "count_delta_per_hour": 34.5,
        "count_delta_per_minute": 0.575,
        "percentage": 18.84,
        "percentage_delta": 2.7699999999999996,
        "percentage_delta_per_hour": 1.3849999999999998,
        "percentage_delta_per_minute": 0.02308333333333333
      },
      "15.00": {
        "count": 568,
        "count_delta": 98,
        "count_delta_per_hour": 32.666666666666664,
        "count_delta_per_minute": 0.5444444444444444,
        "percentage": 22.77,
        "percentage_delta": 3.9299999999999997,
        "percentage_delta_per_hour": 1.3099999999999998,
        "percentage_delta_per_minute": 0.021833333333333333
      },
      "18.00": {
        "count": 682,
        "count_delta": 114,
        "count_delta_per_hour": 38,
        "count_delta_per_minute": 0.6333333333333333,
        "percentage": 27.33,
        "percentage_delta": 4.559999999999999,
        "percentage_delta_per_hour": 1.5199999999999996,
        "percentage_delta_per_minute": 0.025333333333333326
      },
      "20.00": {
        "count": 760,
        "count_delta": 78,
        "count_delta_per_hour": 39,
        "count_delta_per_minute": 0.65,
        "percentage": 30.460921843687377,
        "percentage_delta": 3.1309218436873785,
        "percentage_delta_per_hour": 1.5654609218436892,
        "percentage_delta_per_minute": 0.026091015364061488,
        "registered_count": 2495,
        "registered_count_delta": 0,
        "registered_count_delta_per_hour": 0,
        "registered_count_delta_per_minute": 0
      }
    }
  },
  "metadata": {
    "analysis": {
      "negative_turnout_registered_count_protocols": 1,
      "negative_turnout_registered_count": 2,
      "protocol_count": 1,
      "exceeded_papers_count": 0,
      "exceeded_papers_steal_winning": 0,
      "exceeded_papers_provide_extra_places": 0,
      "multiple_winners": 0,
      "checksum_valid": 1
    },
    "voters": {
      "initially_registered_count": 2490,
      "registered_count": 2495,
      "walk_by_count": 751,
      "on_home_count": 9,
      "ahead_of_time_count": 0,
      "exceptional_count": 0,
      "added_count": 5
    },
    "papers": {
      "received_count": 2000,
      "destroyed_count": 1240,
      "stationary_box_count": 751,
      "portable_box_count": 9,
      "valid_count": 737,
      "invalid_count": 23,
      "lost_count": 0,
      "ignored_count": 0,
      "taken_home_count": 0
    }
  },
  "entries": [
    {
      "name": "Всероссийская политическая партия \"ЕДИНАЯ РОССИЯ\"",
      "position": 2,
      "party_id": 5,
      "official_result": {
        "votes_count": 217,
        "place": 1,
        "percentage": 28.55263157894737,
        "valid_percentage": 29.443690637720486,
        "registered_percentage": 8.697394789579159,
        "display_percentage": 28.55,
        "winner": true
      },
      "result_without_other_entry": {
        "1": {
          "percentage": 36.6554054054054,
          "valid_percentage": 38.13708260105449
        },
        "3": {
          "percentage": 30.955777460770328,