{
  "commission_name": "УИК №1433",
  "ballot_name": "Выборы депутатов Законодательного Собрания Санкт-Петербурга седьмого созыва",
  "name": "Результаты выборов по одномандатному (многомандатному) округу",
  "protocol_scope": {
    "type": "uik",
    "id": 1433
  },
  "electoral_district": {
    "type": "city",
    "id": 23
  },
  "data_id": 27820001915220,
  "ballot_data_id": 478405182840,
  "has_koib": false,
  "generated_date": 1632127135000,
  "official_result": {
    "winner": {
      "id": 232,
      "position": 1,
      "percentage": 37.752161383285305,
      "valid_percentage": 39.162929745889386,
      "registered_percentage": 12.14649976819657
    },
    "turnout": {
      "count": 698,
      "percentage": 32.35975892443208,
      "walk_by_count": 680,
      "walk_by_percentage": 31.52526657394529,
      "on_home_count": 18,
      "on_home_percentage": 0.8344923504867872,
      "ahead_of_time_count": 0,
      "ahead_of_time_percentage": 0,
      "valid_count": 669,
      "valid_percentage": 31.01529902642559,
      "invalid_count": 25,
      "invalid_percentage": 1.1590171534538711,
      "taken_home_count": 4,
      "taken_home_percentage": 0.18544274455261936,
      "lost_count": 0,
      "lost_percentage": 0
    },
    "votes_stats": {
      "winning_count": 262,
      "winning_percentage": 37.752161383285305,
      "effective_count": 669,
      "losing_count": 407,
      "losing_percentage": 58.64553314121037,
      "other_count": 25,
      "other_percentage": 3.602305475504323,
      "by_place": {
        "#1": {
          "count": 262,
          "percentage": 37.752161383285305
        },
        "#2": {
          "count": 97,
          "percentage": 13.976945244956774
        },
        "#3": {
          "count": 89,
          "percentage": 12.82420749279539,
          "supported_by_smart_vote": true
        },
        "#4": {
          "count": 75,
          "percentage": 10.806916426512968
        },
        "#5": {
          "count": 54,
          "percentage": 7.780979827089338
        },
        "#6": {
          "count": 50,
          "percentage": 7.204610951008646
        },
        "#7": {
          "count": 42,
          "percentage": 6.051873198847262
        }
      }
    }
  },
  "turnout_protocols": {
    "17.09.2021": {
      "15.00": {
        "count": 205,
        "count_delta": 205,
        "count_delta_per_hour": 29.285714285714285,
        "count_delta_per_minute": 0.4880952380952381,
        "percentage": 9.52,
        "percentage_delta": 9.52,
        "percentage_delta_per_hour": 1.3599999999999999,
        "percentage_delta_per_minute": 0.022666666666666665,
        "registered_count": 2153,
        "registered_count_delta": 2153,
        "registered_count_delta_per_hour": 307.57142857142856,
        "registered_count_delta_per_minute": 5.126190476190477
      },
      "20.00": {
        "count": 314,
        "count_delta": 109,
        "count_delta_per_hour": 21.8,
        "count_delta_per_minute": 0.36333333333333334,
        "percentage": 14.58,
        "percentage_delta": 5.0600000000000005,
        "percentage_delta_per_hour": 1.012,
        "percentage_delta_per_minute": 0.01686666666666667,
        "registered_count": 2154,
        "registered_count_delta": 1,
        "registered_count_delta_per_hour": 0.2,
        "registered_count_delta_per_minute": 0.0033333333333333335
      }
    },
    "18.09.2021": {
      "15.00": {
        "count": 409,
        "count_delta": 95,
        "count_delta_per_hour": 13.571428571428571,
        "count_delta_per_minute": 0.2261904761904762,
        "percentage": 18.96,
        "percentage_delta": 4.380000000000001,
        "percentage_delta_per_hour": 0.6257142857142858,
        "percentage_delta_per_minute": 0.010428571428571431,
        "registered_count": 2157,
        "registered_count_delta": 3,
        "registered_count_delta_per_hour": 0.42857142857142855,
        "registered_count_delta_per_minute": 0.007142857142857143
      },
      "20.00": {
        "count": 448,
        "count_delta": 39,
        "count_delta_per_hour": 7.8,
        "count_delta_per_minute": 0.13,
        "percentage": 20.77,
        "percentage_delta": 1.8099999999999987,
        "percentage_delta_per_hour": 0.36199999999999977,
        "percentage_delta_per_minute": 0.006033333333333329,
        "registered_count": 2157,
        "registered_count_delta": 0,
        "registered_count_delta_per_hour": 0,
        "registered_count_delta_per_minute": 0
      }
    },
    "19.09.2021": {
      "10.00": {
        "count": 466,
        "count_delta": 18,
        "count_delta_per_hour": 9,
        "count_delta_per_minute": 0.15,
        "percentage": 21.6,
        "percentage_delta": 0.8300000000000018,
        "percentage_delta_per_hour": 0.4150000000000009,
        "percentage_delta_per_minute": 0.006916666666666682
      },
      "12.00": {
        "count": 500,
        "count_delta": 34,
        "count_delta_per_hour": 17,
        "count_delta_per_minute": 0.2833333333333333,
        "percentage": 23.18,
        "percentage_delta": 1.5799999999999983,
        "percentage_delta_per_hour": 0.7899999999999991,
        "percentage_delta_per_minute": 0.013166666666666653
      },
      "15.00": {
        "count": 588,
        "count_delta": 88,
        "count_delta_per_hour": 29.333333333333332,
        "count_delta_per_minute": 0.4888888888888889,
        "percentage": 27.26,
        "percentage_delta": 4.080000000000002,
        "percentage_delta_per_hour": 1.3600000000000005,
        "percentage_delta_per_minute": 0.022666666666666675
      },
      "18.00": {
        "count": 640,
        "count_delta": 52,
        "count_delta_per_hour": 17.333333333333332,
        "count_delta_per_minute": 0.28888888888888886,
        "percentage": 29.67,
        "percentage_delta": 2.41,
        "percentage_delta_per_hour": 0.8033333333333333,
        "percentage_delta_per_minute": 0.01338888888888889
      },
      "20.00": {
        "count": 698,
        "count_delta": 58,
        "count_delta_per_hour": 29,
        "count_delta_per_minute": 0.48333333333333334,
        "percentage": 32.35975892443208,
        "percentage_delta": 2.689758924432077,
        "percentage_delta_per_hour": 1.3448794622160385,
        "percentage_delta_per_minute": 0.02241465770360064,
        "registered_count": 2157,
        "registered_count_delta": 0,
        "registered_count_delta_per_hour": 0,
        "registered_count_delta_per_minute": 0
      }
    }
  },
  "metadata": {
    "analysis": {
      "protocol_count": 1,
      "exceeded_papers_count": 0,
      "exceeded_papers_steal_winning": 0,
      "checksum_valid": 1
    },
    "voters": {
      "initially_registered_count": 2154,
      "registered_count": 2157,
      "walk_by_count": 680,
      "on_home_count": 18,
      "ahead_of_time_count": 0,
      "exceptional_count": 0,
      "added_count": 3
    },
    "papers": {
      "received_count": 2000,
      "destroyed_count": 1302,
      "stationary_box_count": 676,
      "portable_box_count": 18,
      "valid_count": 669,
      "invalid_count": 25,
      "lost_count": 0,
      "ignored_count": 0,
      "taken_home_count": 4
    }
  },
  "entries": [
    {
      "name": "Авдеев Юрий Васильевич",
      "position": 1,
      "candidate_id": 232,
      "supported_by_party_id": 5,
      "official_result": {
        "votes_count": 262,
        "place": 1,
        "percentage": 37.752161383285305,
        "valid_percentage": 39.162929745889386,
        "registered_percentage": 12.14649976819657,
        "display_percentage": 37.75,
        "winner": true
      },
      "result_without_other_entry": {
        "61": {
          "percentage": 43.30578512396694,
          "valid_percentage": 45.17241379310345
        },
        "64": {
          "percentage": 42.32633279483037,
          "valid_percentage": 44.107744107744104
        },
        "233": {
          "percentage": 40.1840490797546,