{
  "commission_name": "УИК №1232",
  "ballot_name": "Выборы депутатов Законодательного Собрания Санкт-Петербурга седьмого созыва",
  "name": "Результаты выборов по единому округу",
  "protocol_scope": {
    "type": "uik",
    "id": 1232
  },
  "electoral_district": {
    "type": "city",
    "id": 0
  },
  "data_id": 27820001915220,
  "ballot_data_id": 4784021202430,
  "has_koib": true,
  "generated_date": 1632122564000,
  "official_result": {
    "winner": {
      "id": 5,
      "position": 2,
      "percentage": 36.82119205298014,
      "valid_percentage": 38.4508990318119,
      "registered_percentage": 15.461624026696331
    },
    "turnout": {
      "count": 756,
      "percentage": 42.04671857619577,
      "walk_by_count": 734,
      "walk_by_percentage": 40.82313681868743,
      "on_home_count": 22,
      "on_home_percentage": 1.2235817575083427,
      "ahead_of_time_count": 0,
      "ahead_of_time_percentage": 0,
      "valid_count": 723,
      "valid_percentage": 40.21134593993326,
      "invalid_count": 32,
      "invalid_percentage": 1.7797552836484982,
      "taken_home_count": 1,
      "taken_home_percentage": 0.05561735261401557,
      "lost_count": 0,
      "lost_percentage": 0
    },
    "votes_stats": {
      "winning_count": 278,
      "winning_percentage": 36.82119205298014,
      "effective_count": 723,
      "losing_count": 445,
      "losing_percentage": 58.94039735099338,
      "other_count": 32,
      "other_percentage": 4.23841059602649,
      "by_place": {
        "#1": {
          "count": 278,
          "percentage": 36.82119205298014
        },
        "#2": {
          "count": 153,
          "percentage": 20.264900662251655
        },
        "#3": {
          "count": 93,
          "percentage": 12.317880794701987
        },
        "#4": {
          "count": 69,
          "percentage": 9.13907284768212
        },
        "#5": {
          "count": 50,
          "percentage": 6.622516556291391
        },
        "#6": {
          "count": 37,
          "percentage": 4.900662251655629
        },
        "#7": {
          "count": 23,
          "percentage": 3.0463576158940397
        },
        "#8": {
          "count": 20,
          "percentage": 2.6490066225165565
        }
      }
    }
  },
  "turnout_protocols": {
    "17.09.2021": {
      "15.00": {
        "count": 141,
        "count_delta": 141,
        "count_delta_per_hour": 20.142857142857142,
        "count_delta_per_minute": 0.3357142857142857,
        "percentage": 7.86,
        "percentage_delta": 7.86,
        "percentage_delta_per_hour": 1.122857142857143,
        "percentage_delta_per_minute": 0.018714285714285715,
        "registered_count": 1794,
        "registered_count_delta": 1794,
        "registered_count_delta_per_hour": 256.2857142857143,
        "registered_count_delta_per_minute": 4.271428571428571
      },
      "20.00": {
        "count": 256,
        "count_delta": 115,
        "count_delta_per_hour": 23,
        "count_delta_per_minute": 0.38333333333333336,
        "percentage": 14.26,
        "percentage_delta": 6.3999999999999995,
        "percentage_delta_per_hour": 1.2799999999999998,
        "percentage_delta_per_minute": 0.021333333333333333,
        "registered_count": 1795,
        "registered_count_delta": 1,
        "registered_count_delta_per_hour": 0.2,
        "registered_count_delta_per_minute": 0.0033333333333333335
      }
    },
    "18.09.2021": {
      "15.00": {
        "count": 367,
        "count_delta": 111,
        "count_delta_per_hour": 15.857142857142858,
        "count_delta_per_minute": 0.2642857142857143,
        "percentage": 20.41,
        "percentage_delta": 6.15,
        "percentage_delta_per_hour": 0.8785714285714287,
        "percentage_delta_per_minute": 0.014642857142857143,
        "registered_count": 1798,
        "registered_count_delta": 3,
        "registered_count_delta_per_hour": 0.42857142857142855,
        "registered_count_delta_per_minute": 0.007142857142857143
      },
      "20.00": {
        "count": 433,
        "count_delta": 66,
        "count_delta_per_hour": 13.2,
        "count_delta_per_minute": 0.22,
        "percentage": 24.08,
        "percentage_delta": 3.669999999999998,
        "percentage_delta_per_hour": 0.7339999999999997,
        "percentage_delta_per_minute": 0.012233333333333327,
        "registered_count": 1798,
        "registered_count_delta": 0,
        "registered_count_delta_per_hour": 0,
        "registered_count_delta_per_minute": 0
      }
    },
    "19.09.2021": {
      "10.00": {
        "count": 441,
        "count_delta": 8,
        "count_delta_per_hour": 4,
        "count_delta_per_minute": 0.06666666666666667,
        "percentage": 24.53,
        "percentage_delta": 0.45000000000000284,
        "percentage_delta_per_hour": 0.22500000000000142,
        "percentage_delta_per_minute": 0.0037500000000000237
      },
      "12.00": {
        "count": 479,
        "count_delta": 38,
        "count_delta_per_hour": 19,
        "count_delta_per_minute": 0.31666666666666665,
        "percentage": 26.64,
        "percentage_delta": 2.1099999999999994,
        "percentage_delta_per_hour": 1.0549999999999997,
        "percentage_delta_per_minute": 0.01758333333333333
      },
      "15.00": {
        "count": 597,
        "count_delta": 118,
        "count_delta_per_hour": 39.333333333333336,
        "count_delta_per_minute": 0.6555555555555556,
        "percentage": 33.2,
        "percentage_delta": 6.560000000000002,
        "percentage_delta_per_hour": 2.1866666666666674,
        "percentage_delta_per_minute": 0.03644444444444446
      },
      "18.00": {
        "count": 665,
        "count_delta": 68,
        "count_delta_per_hour": 22.666666666666668,
        "count_delta_per_minute": 0.37777777777777777,
        "percentage": 36.99,
        "percentage_delta": 3.789999999999999,
        "percentage_delta_per_hour": 1.263333333333333,
        "percentage_delta_per_minute": 0.02105555555555555
      },
      "20.00": {
        "count": 756,
        "count_delta": 91,
        "count_delta_per_hour": 45.5,
        "count_delta_per_minute": 0.7583333333333333,
        "percentage": 42.04671857619577,
        "percentage_delta": 5.05671857619577,
        "percentage_delta_per_hour": 2.528359288097885,
        "percentage_delta_per_minute": 0.04213932146829809,
        "registered_count": 1798,
        "registered_count_delta": 0,
        "registered_count_delta_per_hour": 0,
        "registered_count_delta_per_minute": 0
      }
    }
  },
  "metadata": {
    "analysis": {
      "protocol_count": 1,
      "exceeded_papers_count": 0,
      "exceeded_papers_steal_winning": 0,
      "exceeded_papers_provide_extra_places": 0,
      "multiple_winners": 0,
      "checksum_valid": 1
    },
    "voters": {
      "initially_registered_count": 1795,
      "registered_count": 1798,
      "walk_by_count": 734,
      "on_home_count": 22,
      "ahead_of_time_count": 0,
      "exceptional_count": 0,
      "added_count": 3
    },
    "papers": {
      "received_count": 1500,
      "destroyed_count": 744,
      "stationary_box_count": 733,
      "portable_box_count": 22,
      "valid_count": 723,
      "invalid_count": 32,
      "lost_count": 0,
      "ignored_count": 0,
      "taken_home_count": 1
    }
  },
  "entries": [
    {
      "name": "Всероссийская политическая партия \"ЕДИНАЯ РОССИЯ\"",
      "position": 2,
      "party_id": 5,
      "official_result": {
        "votes_count": 278,
        "place": 1,
        "percentage": 36.82119205298014,
        "valid_percentage": 38.4508990318119,
        "registered_percentage": 15.461624026696331,
        "display_percentage": 36.82,
        "winner": true
      },
      "result_without_other_entry": {
        "1": {
          "percentage": 46.179401993355484,
          "valid_percentage": 48.771929824561404
        },
        "3": {
          "percentage": 40.524781341107875,