{
  "commission_name": "УИК №853",
  "ballot_name": "Выборы депутатов Законодательного Собрания Санкт-Петербурга седьмого созыва",
  "name": "Результаты выборов по одномандатному (многомандатному) округу",
  "protocol_scope": {
    "type": "uik",
    "id": 853
  },
  "electoral_district": {
    "type": "city",
    "id": 25
  },
  "data_id": 27820001915220,
  "ballot_data_id": 4784006453038,
  "has_koib": true,
  "generated_date": 1632132292000,
  "official_result": {
    "winner": {
      "id": 219,
      "position": 1,
      "percentage": 57.57180156657964,
      "valid_percentage": 59.036144578313255,
      "registered_percentage": 20.136986301369863
    },
    "turnout": {
      "count": 768,
      "percentage": 35.06849315068493,
      "walk_by_count": 723,
      "walk_by_percentage": 33.013698630136986,
      "on_home_count": 45,
      "on_home_percentage": 2.054794520547945,
      "ahead_of_time_count": 0,
      "ahead_of_time_percentage": 0,
      "valid_count": 747,
      "valid_percentage": 34.10958904109589,
      "invalid_count": 19,
      "invalid_percentage": 0.8675799086757991,
      "taken_home_count": 2,
      "taken_home_percentage": 0.091324200913242,
      "lost_count": 0,
      "lost_percentage": 0
    },
    "votes_stats": {
      "winning_count": 441,
      "winning_percentage": 57.57180156657964,
      "effective_count": 747,
      "losing_count": 306,
      "losing_percentage": 39.947780678851174,
      "other_count": 19,
      "other_percentage": 2.4804177545691903,
      "by_place": {
        "#1": {
          "count": 441,
          "percentage": 57.57180156657964
        },
        "#2": {
          "count": 156,
          "percentage": 20.365535248041773,
          "supported_by_smart_vote": true
        },
        "#3": {
          "count": 49,
          "percentage": 6.396866840731071
        },
        "#4": {
          "count": 48,
          "percentage": 6.266318537859007
        },
        "#5": {
          "count": 31,
          "percentage": 4.046997389033943
        },
        "#6": {
          "count": 22,
          "percentage": 2.8720626631853787
        }
      }
    }
  },
  "turnout_protocols": {
    "17.09.2021": {
      "15.00": {
        "count": 172,
        "count_delta": 172,
        "count_delta_per_hour": 24.571428571428573,
        "count_delta_per_minute": 0.4095238095238095,
        "percentage": 7.88,
        "percentage_delta": 7.88,
        "percentage_delta_per_hour": 1.1257142857142857,
        "percentage_delta_per_minute": 0.01876190476190476,
        "registered_count": 2183,
        "registered_count_delta": 2183,
        "registered_count_delta_per_hour": 311.85714285714283,
        "registered_count_delta_per_minute": 5.197619047619048
      },
      "20.00": {
        "count": 268,
        "count_delta": 96,
        "count_delta_per_hour": 19.2,
        "count_delta_per_minute": 0.32,
        "percentage": 12.28,
        "percentage_delta": 4.3999999999999995,
        "percentage_delta_per_hour": 0.8799999999999999,
        "percentage_delta_per_minute": 0.014666666666666665,
        "registered_count": 2182,
        "registered_count_delta": -1,
        "registered_count_delta_per_hour": -0.2,
        "registered_count_delta_per_minute": -0.0033333333333333335
      }
    },
    "18.09.2021": {
      "15.00": {
        "count": 376,
        "count_delta": 108,
        "count_delta_per_hour": 15.428571428571429,
        "count_delta_per_minute": 0.2571428571428571,
        "percentage": 17.22,
        "percentage_delta": 4.9399999999999995,
        "percentage_delta_per_hour": 0.7057142857142856,
        "percentage_delta_per_minute": 0.01176190476190476,
        "registered_count": 2184,
        "registered_count_delta": 2,
        "registered_count_delta_per_hour": 0.2857142857142857,
        "registered_count_delta_per_minute": 0.004761904761904762
      },
      "20.00": {
        "count": 408,
        "count_delta": 32,
        "count_delta_per_hour": 6.4,
        "count_delta_per_minute": 0.10666666666666667,
        "percentage": 18.69,
        "percentage_delta": 1.4700000000000024,
        "percentage_delta_per_hour": 0.2940000000000005,
        "percentage_delta_per_minute": 0.004900000000000008,
        "registered_count": 2183,
        "registered_count_delta": -1,
        "registered_count_delta_per_hour": -0.2,
        "registered_count_delta_per_minute": -0.0033333333333333335
      }
    },
    "19.09.2021": {
      "10.00": {
        "count": 447,
        "count_delta": 39,
        "count_delta_per_hour": 19.5,
        "count_delta_per_minute": 0.325,
        "percentage": 20.42,
        "percentage_delta": 1.7300000000000004,
        "percentage_delta_per_hour": 0.8650000000000002,
        "percentage_delta_per_minute": 0.01441666666666667
      },
      "12.00": {
        "count": 498,
        "count_delta": 51,
        "count_delta_per_hour": 25.5,
        "count_delta_per_minute": 0.425,
        "percentage": 22.75,
        "percentage_delta": 2.3299999999999983,
        "percentage_delta_per_hour": 1.1649999999999991,
        "percentage_delta_per_minute": 0.01941666666666665
      },
      "15.00": {
        "count": 616,
        "count_delta": 118,
        "count_delta_per_hour": 39.333333333333336,
        "count_delta_per_minute": 0.6555555555555556,
        "percentage": 28.11,
        "percentage_delta": 5.359999999999999,
        "percentage_delta_per_hour": 1.7866666666666664,
        "percentage_delta_per_minute": 0.029777777777777775
      },
      "18.00": {
        "count": 707,
        "count_delta": 91,
        "count_delta_per_hour": 30.333333333333332,
        "count_delta_per_minute": 0.5055555555555555,
        "percentage": 32.28,
        "percentage_delta": 4.170000000000002,
        "percentage_delta_per_hour": 1.3900000000000006,
        "percentage_delta_per_minute": 0.023166666666666676
      },
      "20.00": {
        "count": 768,
        "count_delta": 61,
        "count_delta_per_hour": 30.5,
        "count_delta_per_minute": 0.5083333333333333,
        "percentage": 35.06849315068493,
        "percentage_delta": 2.7884931506849284,
        "percentage_delta_per_hour": 1.3942465753424642,
        "percentage_delta_per_minute": 0.023237442922374403,
        "registered_count": 2190,
        "registered_count_delta": 7,
        "registered_count_delta_per_hour": 0.5833333333333334,
        "registered_count_delta_per_minute": 0.009722222222222222
      }
    }
  },
  "metadata": {
    "analysis": {
      "negative_turnout_registered_count_protocols": 1,
      "negative_turnout_registered_count": 1,
      "protocol_count": 1,
      "exceeded_papers_count": 0,
      "exceeded_papers_steal_winning": 0,
      "checksum_valid": 1
    },
    "voters": {
      "initially_registered_count": 2183,
      "registered_count": 2190,
      "walk_by_count": 723,
      "on_home_count": 45,
      "ahead_of_time_count": 0,
      "exceptional_count": 0,
      "added_count": 7
    },
    "papers": {
      "received_count": 2000,
      "destroyed_count": 1232,
      "stationary_box_count": 721,
      "portable_box_count": 45,
      "valid_count": 747,
      "invalid_count": 19,
      "lost_count": 0,
      "ignored_count": 0,
      "taken_home_count": 2
    }
  },
  "entries": [
    {
      "name": "Киселева Елена Юрьевна",
      "position": 1,
      "candidate_id": 219,
      "supported_by_party_id": 5,
      "official_result": {
        "votes_count": 441,
        "place": 1,
        "percentage": 57.57180156657964,
        "valid_percentage": 59.036144578313255,
        "registered_percentage": 20.136986301369863,
        "display_percentage": 57.57,
        "winner": true
      },
      "result_without_other_entry": {
        "214": {
          "percentage": 61.42061281337048,
          "valid_percentage": 63.0901287553648
        },
        "220": {
          "percentage": 59.2741935483871,
          "valid_percentage": 60.827586206896555
        },