{
  "commission_name": "УИК №221",
  "ballot_name": "Выборы депутатов Законодательного Собрания Санкт-Петербурга седьмого созыва",
  "name": "Результаты выборов по единому округу",
  "protocol_scope": {
    "type": "uik",
    "id": 221
  },
  "electoral_district": {
    "type": "city",
    "id": 0
  },
  "data_id": 27820001915220,
  "ballot_data_id": 4784003325214,
  "has_koib": false,
  "generated_date": 1632124737000,
  "official_result": {
    "winner": {
      "id": 5,
      "position": 2,
      "percentage": 31.942215088282506,
      "valid_percentage": 32.622950819672134,
      "registered_percentage": 11.726576311137302
    },
    "turnout": {
      "count": 623,
      "percentage": 36.71184443134944,
      "walk_by_count": 508,
      "walk_by_percentage": 29.935179728933413,
      "on_home_count": 115,
      "on_home_percentage": 6.776664702416029,
      "ahead_of_time_count": 0,
      "ahead_of_time_percentage": 0,
      "valid_count": 610,
      "valid_percentage": 35.94578668238067,
      "invalid_count": 13,
      "invalid_percentage": 0.7660577489687684,
      "taken_home_count": 0,
      "taken_home_percentage": 0,
      "lost_count": 0,
      "lost_percentage": 0
    },
    "votes_stats": {
      "winning_count": 199,
      "winning_percentage": 31.942215088282506,
      "effective_count": 610,
      "losing_count": 411,
      "losing_percentage": 65.97110754414125,
      "other_count": 13,
      "other_percentage": 2.086677367576244,
      "by_place": {
        "#1": {
          "count": 199,
          "percentage": 31.942215088282506
        },
        "#2": {
          "count": 124,
          "percentage": 19.903691813804173
        },
        "#3": {
          "count": 103,
          "percentage": 16.53290529695024
        },
        "#4": {
          "count": 59,
          "percentage": 9.470304975922954
        },
        "#5": {
          "count": 44,
          "percentage": 7.062600321027287
        },
        "#6": {
          "count": 40,
          "percentage": 6.420545746388442
        },
        "#7": {
          "count": 29,
          "percentage": 4.654895666131622
        },
        "#8": {
          "count": 12,
          "percentage": 1.9261637239165328
        }
      }
    }
  },
  "turnout_protocols": {
    "17.09.2021": {
      "15.00": {
        "count": 103,
        "count_delta": 103,
        "count_delta_per_hour": 14.714285714285714,
        "count_delta_per_minute": 0.24523809523809523,
        "percentage": 6.08,
        "percentage_delta": 6.08,
        "percentage_delta_per_hour": 0.8685714285714285,
        "percentage_delta_per_minute": 0.014476190476190476,
        "registered_count": 1694,
        "registered_count_delta": 1694,
        "registered_count_delta_per_hour": 242,
        "registered_count_delta_per_minute": 4.033333333333333
      },
      "20.00": {
        "count": 217,
        "count_delta": 114,
        "count_delta_per_hour": 22.8,
        "count_delta_per_minute": 0.38,
        "percentage": 12.81,
        "percentage_delta": 6.73,
        "percentage_delta_per_hour": 1.346,
        "percentage_delta_per_minute": 0.022433333333333336,
        "registered_count": 1694,
        "registered_count_delta": 0,
        "registered_count_delta_per_hour": 0,
        "registered_count_delta_per_minute": 0
      }
    },
    "18.09.2021": {
      "15.00": {
        "count": 288,
        "count_delta": 71,
        "count_delta_per_hour": 10.142857142857142,
        "count_delta_per_minute": 0.16904761904761906,
        "percentage": 17,
        "percentage_delta": 4.1899999999999995,
        "percentage_delta_per_hour": 0.5985714285714285,
        "percentage_delta_per_minute": 0.009976190476190475,
        "registered_count": 1694,
        "registered_count_delta": 0,
        "registered_count_delta_per_hour": 0,
        "registered_count_delta_per_minute": 0
      },
      "20.00": {
        "count": 402,
        "count_delta": 114,
        "count_delta_per_hour": 22.8,
        "count_delta_per_minute": 0.38,
        "percentage": 23.73,
        "percentage_delta": 6.73,
        "percentage_delta_per_hour": 1.346,
        "percentage_delta_per_minute": 0.022433333333333336,
        "registered_count": 1694,
        "registered_count_delta": 0,
        "registered_count_delta_per_hour": 0,
        "registered_count_delta_per_minute": 0
      }
    },
    "19.09.2021": {
      "10.00": {
        "count": 485,
        "count_delta": 83,
        "count_delta_per_hour": 41.5,
        "count_delta_per_minute": 0.6916666666666667,
        "percentage": 28.57,
        "percentage_delta": 4.84,
        "percentage_delta_per_hour": 2.42,
        "percentage_delta_per_minute": 0.04033333333333333
      },
      "12.00": {
        "count": 512,
        "count_delta": 27,
        "count_delta_per_hour": 13.5,
        "count_delta_per_minute": 0.225,
        "percentage": 30.17,
        "percentage_delta": 1.6000000000000014,
        "percentage_delta_per_hour": 0.8000000000000007,
        "percentage_delta_per_minute": 0.013333333333333345
      },
      "15.00": {
        "count": 602,
        "count_delta": 90,
        "count_delta_per_hour": 30,
        "count_delta_per_minute": 0.5,
        "percentage": 35.48,
        "percentage_delta": 5.309999999999995,
        "percentage_delta_per_hour": 1.7699999999999985,
        "percentage_delta_per_minute": 0.029499999999999974
      },
      "18.00": {
        "count": 602,
        "count_delta": 0,
        "count_delta_per_hour": 0,
        "count_delta_per_minute": 0,
        "percentage": 35.48,
        "percentage_delta": 0,
        "percentage_delta_per_hour": 0,
        "percentage_delta_per_minute": 0
      },
      "20.00": {
        "count": 623,
        "count_delta": 21,
        "count_delta_per_hour": 10.5,
        "count_delta_per_minute": 0.175,
        "percentage": 36.71184443134944,
        "percentage_delta": 1.2318444313494439,
        "percentage_delta_per_hour": 0.6159222156747219,
        "percentage_delta_per_minute": 0.010265370261245365,
        "registered_count": 1697,
        "registered_count_delta": 3,
        "registered_count_delta_per_hour": 0.25,
        "registered_count_delta_per_minute": 0.004166666666666667
      }
    }
  },
  "metadata": {
    "analysis": {
      "protocol_count": 1,
      "exceeded_papers_count": 0,
      "exceeded_papers_steal_winning": 0,
      "exceeded_papers_provide_extra_places": 0,
      "multiple_winners": 0,
      "checksum_valid": 1
    },
    "voters": {
      "initially_registered_count": 1694,
      "registered_count": 1697,
      "walk_by_count": 508,
      "on_home_count": 115,
      "ahead_of_time_count": 0,
      "exceptional_count": 0,
      "added_count": 3
    },
    "papers": {
      "received_count": 1500,
      "destroyed_count": 877,
      "stationary_box_count": 508,
      "portable_box_count": 115,
      "valid_count": 610,
      "invalid_count": 13,
      "lost_count": 0,
      "ignored_count": 0,
      "taken_home_count": 0
    }
  },
  "entries": [
    {
      "name": "Всероссийская политическая партия \"ЕДИНАЯ РОССИЯ\"",
      "position": 2,
      "party_id": 5,
      "official_result": {
        "votes_count": 199,
        "place": 1,
        "percentage": 31.942215088282506,
        "valid_percentage": 32.622950819672134,
        "registered_percentage": 11.726576311137302,
        "display_percentage": 31.94,
        "winner": true
      },
      "result_without_other_entry": {
        "1": {
          "percentage": 38.26923076923077,
          "valid_percentage": 39.25049309664694
        },
        "3": {
          "percentage": 34.133790737564325,
          "valid_percentage": 34.91228070175438
        },
        "4": {
          "percentage": 39.879759519038075,
          "valid_percentage": 40.94650205761317
        },
        "6": {
          "percentage": 35.28368794326241,
          "valid_percentage": 36.116152450090745
        },