{
  "commission_name": "УИК №1391",
  "ballot_name": "Выборы депутатов Законодательного Собрания Санкт-Петербурга седьмого созыва",
  "name": "Результаты выборов по единому округу",
  "protocol_scope": {
    "type": "uik",
    "id": 1391
  },
  "electoral_district": {
    "type": "city",
    "id": 0
  },
  "data_id": 27820001915220,
  "ballot_data_id": 4784027343393,
  "has_koib": false,
  "generated_date": 1632112488000,
  "official_result": {
    "winner": {
      "id": 5,
      "position": 2,
      "percentage": 45.867768595041326,
      "valid_percentage": 48.15618221258134,
      "registered_percentage": 12.873296607712382
    },
    "turnout": {
      "count": 970,
      "percentage": 28.124093940272545,
      "walk_by_count": 955,
      "walk_by_percentage": 27.68918527109307,
      "on_home_count": 15,
      "on_home_percentage": 0.43490866917947235,
      "ahead_of_time_count": 0,
      "ahead_of_time_percentage": 0,
      "valid_count": 922,
      "valid_percentage": 26.732386198898233,
      "invalid_count": 46,
      "invalid_percentage": 1.3337199188170483,
      "taken_home_count": 2,
      "taken_home_percentage": 0.05798782255726297,
      "lost_count": 0,
      "lost_percentage": 0
    },
    "votes_stats": {
      "winning_count": 444,
      "winning_percentage": 45.867768595041326,
      "effective_count": 922,
      "losing_count": 478,
      "losing_percentage": 49.3801652892562,
      "other_count": 46,
      "other_percentage": 4.75206611570248,
      "by_place": {
        "#1": {
          "count": 444,
          "percentage": 45.867768595041326
        },
        "#3.5": {
          "count": 166,
          "percentage": 17.148760330578515
        },
        "#2": {
          "count": 111,
          "percentage": 11.466942148760332
        },
        "#4": {
          "count": 72,
          "percentage": 7.43801652892562
        },
        "#5": {
          "count": 67,
          "percentage": 6.921487603305786
        },
        "#6": {
          "count": 36,
          "percentage": 3.71900826446281
        },
        "#7": {
          "count": 26,
          "percentage": 2.6859504132231407
        }
      }
    }
  },
  "turnout_protocols": {
    "17.09.2021": {
      "15.00": {
        "count": 130,
        "count_delta": 130,
        "count_delta_per_hour": 18.571428571428573,
        "count_delta_per_minute": 0.30952380952380953,
        "percentage": 3.77,
        "percentage_delta": 3.77,
        "percentage_delta_per_hour": 0.5385714285714286,
        "percentage_delta_per_minute": 0.008976190476190476,
        "registered_count": 3448,
        "registered_count_delta": 3448,
        "registered_count_delta_per_hour": 492.57142857142856,
        "registered_count_delta_per_minute": 8.209523809523809
      },
      "20.00": {
        "count": 282,
        "count_delta": 152,
        "count_delta_per_hour": 30.4,
        "count_delta_per_minute": 0.5066666666666667,
        "percentage": 8.18,
        "percentage_delta": 4.41,
        "percentage_delta_per_hour": 0.882,
        "percentage_delta_per_minute": 0.014700000000000001,
        "registered_count": 3447,
        "registered_count_delta": -1,
        "registered_count_delta_per_hour": -0.2,
        "registered_count_delta_per_minute": -0.0033333333333333335
      }
    },
    "18.09.2021": {
      "15.00": {
        "count": 411,
        "count_delta": 129,
        "count_delta_per_hour": 18.428571428571427,
        "count_delta_per_minute": 0.30714285714285716,
        "percentage": 11.92,
        "percentage_delta": 3.74,
        "percentage_delta_per_hour": 0.5342857142857144,
        "percentage_delta_per_minute": 0.008904761904761905,
        "registered_count": 3448,
        "registered_count_delta": 1,
        "registered_count_delta_per_hour": 0.14285714285714285,
        "registered_count_delta_per_minute": 0.002380952380952381
      },
      "20.00": {
        "count": 504,
        "count_delta": 93,
        "count_delta_per_hour": 18.6,
        "count_delta_per_minute": 0.31,
        "percentage": 14.61,
        "percentage_delta": 2.6899999999999995,
        "percentage_delta_per_hour": 0.5379999999999999,
        "percentage_delta_per_minute": 0.008966666666666664,
        "registered_count": 3450,
        "registered_count_delta": 2,
        "registered_count_delta_per_hour": 0.4,
        "registered_count_delta_per_minute": 0.006666666666666667
      }
    },
    "19.09.2021": {
      "10.00": {
        "count": 514,
        "count_delta": 10,
        "count_delta_per_hour": 5,
        "count_delta_per_minute": 0.08333333333333333,
        "percentage": 14.9,
        "percentage_delta": 0.2900000000000009,
        "percentage_delta_per_hour": 0.14500000000000046,
        "percentage_delta_per_minute": 0.002416666666666674
      },
      "12.00": {
        "count": 544,
        "count_delta": 30,
        "count_delta_per_hour": 15,
        "count_delta_per_minute": 0.25,
        "percentage": 15.77,
        "percentage_delta": 0.8699999999999992,
        "percentage_delta_per_hour": 0.4349999999999996,
        "percentage_delta_per_minute": 0.007249999999999993
      },
      "15.00": {
        "count": 708,
        "count_delta": 164,
        "count_delta_per_hour": 54.666666666666664,
        "count_delta_per_minute": 0.9111111111111111,
        "percentage": 20.53,
        "percentage_delta": 4.760000000000002,
        "percentage_delta_per_hour": 1.5866666666666671,
        "percentage_delta_per_minute": 0.026444444444444454
      },
      "18.00": {
        "count": 806,
        "count_delta": 98,
        "count_delta_per_hour": 32.666666666666664,
        "count_delta_per_minute": 0.5444444444444444,
        "percentage": 23.37,
        "percentage_delta": 2.84,
        "percentage_delta_per_hour": 0.9466666666666667,
        "percentage_delta_per_minute": 0.015777777777777776
      },
      "20.00": {
        "count": 970,
        "count_delta": 164,
        "count_delta_per_hour": 82,
        "count_delta_per_minute": 1.3666666666666667,
        "percentage": 28.124093940272545,
        "percentage_delta": 4.7540939402725435,
        "percentage_delta_per_hour": 2.3770469701362718,
        "percentage_delta_per_minute": 0.039617449502271196,
        "registered_count": 3449,
        "registered_count_delta": -1,
        "registered_count_delta_per_hour": -0.08333333333333333,
        "registered_count_delta_per_minute": -0.001388888888888889
      }
    }
  },
  "metadata": {
    "analysis": {
      "negative_turnout_registered_count_protocols": 1,
      "negative_turnout_registered_count": 1,
      "protocol_count": 1,
      "exceeded_papers_count": 0,
      "exceeded_papers_steal_winning": 0,
      "exceeded_papers_provide_extra_places": 0,
      "multiple_winners": 0,
      "checksum_valid": 1
    },
    "voters": {
      "initially_registered_count": 3449,
      "registered_count": 3449,
      "walk_by_count": 955,
      "on_home_count": 15,
      "ahead_of_time_count": 0,
      "exceptional_count": 0
    },
    "papers": {
      "received_count": 3000,
      "destroyed_count": 2030,
      "stationary_box_count": 953,
      "portable_box_count": 15,
      "valid_count": 922,
      "invalid_count": 46,
      "lost_count": 0,
      "ignored_count": 0,
      "taken_home_count": 2
    }
  },
  "entries": [
    {
      "name": "Всероссийская политическая партия \"ЕДИНАЯ РОССИЯ\"",
      "position": 2,
      "party_id": 5,
      "official_result": {
        "votes_count": 444,
        "place": 1,
        "percentage": 45.867768595041326,
        "valid_percentage": 48.15618221258134,
        "registered_percentage": 12.873296607712382,
        "display_percentage": 45.87,
        "winner": true
      },
      "result_without_other_entry": {
        "1": {
          "percentage": 49.55357142857143,
          "valid_percentage": 52.23529411764706
        },
        "3": {
          "percentage": 49.27857935627081,