{
  "commission_name": "УИК №597",
  "ballot_name": "Выборы депутатов Законодательного Собрания Санкт-Петербурга седьмого созыва",
  "name": "Результаты выборов по единому округу",
  "protocol_scope": {
    "type": "uik",
    "id": 597
  },
  "electoral_district": {
    "type": "city",
    "id": 0
  },
  "data_id": 27820001915220,
  "ballot_data_id": 478404190415,
  "has_koib": true,
  "generated_date": 1632112496000,
  "official_result": {
    "winner": {
      "id": 5,
      "position": 2,
      "percentage": 28.043143297380585,
      "valid_percentage": 28.751974723538705,
      "registered_percentage": 8.904109589041095
    },
    "turnout": {
      "count": 649,
      "percentage": 31.751467710371823,
      "walk_by_count": 639,
      "walk_by_percentage": 31.262230919765166,
      "on_home_count": 10,
      "on_home_percentage": 0.4892367906066536,
      "ahead_of_time_count": 0,
      "ahead_of_time_percentage": 0,
      "valid_count": 633,
      "valid_percentage": 30.968688845401175,
      "invalid_count": 16,
      "invalid_percentage": 0.7827788649706457,
      "taken_home_count": 0,
      "taken_home_percentage": 0,
      "lost_count": 0,
      "lost_percentage": 0
    },
    "votes_stats": {
      "winning_count": 182,
      "winning_percentage": 28.043143297380585,
      "effective_count": 633,
      "losing_count": 451,
      "losing_percentage": 69.49152542372882,
      "other_count": 16,
      "other_percentage": 2.465331278890601,
      "by_place": {
        "#1": {
          "count": 182,
          "percentage": 28.043143297380585
        },
        "#2": {
          "count": 142,
          "percentage": 21.879815100154083
        },
        "#3": {
          "count": 106,
          "percentage": 16.33281972265023
        },
        "#4": {
          "count": 72,
          "percentage": 11.093990755007704
        },
        "#5": {
          "count": 52,
          "percentage": 8.012326656394453
        },
        "#6": {
          "count": 42,
          "percentage": 6.471494607087827
        },
        "#7": {
          "count": 29,
          "percentage": 4.468412942989214
        },
        "#8": {
          "count": 8,
          "percentage": 1.2326656394453006
        }
      }
    }
  },
  "turnout_protocols": {
    "17.09.2021": {
      "15.00": {
        "count": 95,
        "count_delta": 95,
        "count_delta_per_hour": 13.571428571428571,
        "count_delta_per_minute": 0.2261904761904762,
        "percentage": 4.69,
        "percentage_delta": 4.69,
        "percentage_delta_per_hour": 0.67,
        "percentage_delta_per_minute": 0.011166666666666667,
        "registered_count": 2026,
        "registered_count_delta": 2026,
        "registered_count_delta_per_hour": 289.42857142857144,
        "registered_count_delta_per_minute": 4.8238095238095235
      },
      "20.00": {
        "count": 170,
        "count_delta": 75,
        "count_delta_per_hour": 15,
        "count_delta_per_minute": 0.25,
        "percentage": 8.36,
        "percentage_delta": 3.669999999999999,
        "percentage_delta_per_hour": 0.7339999999999998,
        "percentage_delta_per_minute": 0.01223333333333333,
        "registered_count": 2033,
        "registered_count_delta": 7,
        "registered_count_delta_per_hour": 1.4,
        "registered_count_delta_per_minute": 0.023333333333333334
      }
    },
    "18.09.2021": {
      "15.00": {
        "count": 260,
        "count_delta": 90,
        "count_delta_per_hour": 12.857142857142858,
        "count_delta_per_minute": 0.21428571428571427,
        "percentage": 12.76,
        "percentage_delta": 4.4,
        "percentage_delta_per_hour": 0.6285714285714287,
        "percentage_delta_per_minute": 0.010476190476190477,
        "registered_count": 2038,
        "registered_count_delta": 5,
        "registered_count_delta_per_hour": 0.7142857142857143,
        "registered_count_delta_per_minute": 0.011904761904761904
      },
      "20.00": {
        "count": 337,
        "count_delta": 77,
        "count_delta_per_hour": 15.4,
        "count_delta_per_minute": 0.25666666666666665,
        "percentage": 16.5,
        "percentage_delta": 3.74,
        "percentage_delta_per_hour": 0.748,
        "percentage_delta_per_minute": 0.012466666666666668,
        "registered_count": 2042,
        "registered_count_delta": 4,
        "registered_count_delta_per_hour": 0.8,
        "registered_count_delta_per_minute": 0.013333333333333334
      }
    },
    "19.09.2021": {
      "10.00": {
        "count": 358,
        "count_delta": 21,
        "count_delta_per_hour": 10.5,
        "count_delta_per_minute": 0.175,
        "percentage": 17.52,
        "percentage_delta": 1.0199999999999996,
        "percentage_delta_per_hour": 0.5099999999999998,
        "percentage_delta_per_minute": 0.008499999999999997
      },
      "12.00": {
        "count": 380,
        "count_delta": 22,
        "count_delta_per_hour": 11,
        "count_delta_per_minute": 0.18333333333333332,
        "percentage": 18.6,
        "percentage_delta": 1.0800000000000018,
        "percentage_delta_per_hour": 0.5400000000000009,
        "percentage_delta_per_minute": 0.009000000000000015
      },
      "15.00": {
        "count": 457,
        "count_delta": 77,
        "count_delta_per_hour": 25.666666666666668,
        "count_delta_per_minute": 0.42777777777777776,
        "percentage": 22.37,
        "percentage_delta": 3.7699999999999996,
        "percentage_delta_per_hour": 1.2566666666666666,
        "percentage_delta_per_minute": 0.020944444444444443
      },
      "18.00": {
        "count": 515,
        "count_delta": 58,
        "count_delta_per_hour": 19.333333333333332,
        "count_delta_per_minute": 0.32222222222222224,
        "percentage": 25.21,
        "percentage_delta": 2.84,
        "percentage_delta_per_hour": 0.9466666666666667,
        "percentage_delta_per_minute": 0.015777777777777776
      },
      "20.00": {
        "count": 649,
        "count_delta": 134,
        "count_delta_per_hour": 67,
        "count_delta_per_minute": 1.1166666666666667,
        "percentage": 31.751467710371823,
        "percentage_delta": 6.541467710371823,
        "percentage_delta_per_hour": 3.2707338551859113,
        "percentage_delta_per_minute": 0.05451223091976519,
        "registered_count": 2044,
        "registered_count_delta": 2,
        "registered_count_delta_per_hour": 0.16666666666666666,
        "registered_count_delta_per_minute": 0.002777777777777778
      }
    }
  },
  "metadata": {
    "analysis": {
      "protocol_count": 1,
      "exceeded_papers_count": 0,
      "exceeded_papers_steal_winning": 0,
      "exceeded_papers_provide_extra_places": 0,
      "multiple_winners": 0,
      "checksum_valid": 1
    },
    "voters": {
      "initially_registered_count": 2014,
      "registered_count": 2044,
      "walk_by_count": 639,
      "on_home_count": 10,
      "ahead_of_time_count": 0,
      "exceptional_count": 0,
      "added_count": 30
    },
    "papers": {
      "received_count": 1500,
      "destroyed_count": 851,
      "stationary_box_count": 639,
      "portable_box_count": 10,
      "valid_count": 633,
      "invalid_count": 16,
      "lost_count": 0,
      "ignored_count": 0,
      "taken_home_count": 0
    }
  },
  "entries": [
    {
      "name": "Всероссийская политическая партия \"ЕДИНАЯ РОССИЯ\"",
      "position": 2,
      "party_id": 5,
      "official_result": {
        "votes_count": 182,
        "place": 1,
        "percentage": 28.043143297380585,
        "valid_percentage": 28.751974723538705,
        "registered_percentage": 8.904109589041095,
        "display_percentage": 28.04,
        "winner": true
      },
      "result_without_other_entry": {
        "1": {
          "percentage": 33.51749539594843,
          "valid_percentage": 34.53510436432637
        },
        "3": {
          "percentage": 29.983525535420096,
          "valid_percentage": 30.79526226734349
        },