{
  "commission_name": "УИК №258",
  "ballot_name": "Выборы депутатов Законодательного Собрания Санкт-Петербурга седьмого созыва",
  "name": "Результаты выборов по одномандатному (многомандатному) округу",
  "protocol_scope": {
    "type": "uik",
    "id": 258
  },
  "electoral_district": {
    "type": "city",
    "id": 11
  },
  "data_id": 27820001915220,
  "ballot_data_id": 4784035124110,
  "has_koib": false,
  "generated_date": 1632127259000,
  "official_result": {
    "winner": {
      "id": 157,
      "position": 5,
      "percentage": 40.508628519527704,
      "valid_percentage": 42.274881516587676,
      "registered_percentage": 18.70020964360587
    },
    "turnout": {
      "count": 1110,
      "percentage": 46.540880503144656,
      "walk_by_count": 861,
      "walk_by_percentage": 36.10062893081761,
      "on_home_count": 249,
      "on_home_percentage": 10.440251572327044,
      "ahead_of_time_count": 0,
      "ahead_of_time_percentage": 0,
      "valid_count": 1055,
      "valid_percentage": 44.23480083857442,
      "invalid_count": 46,
      "invalid_percentage": 1.928721174004193,
      "taken_home_count": 9,
      "taken_home_percentage": 0.37735849056603776,
      "lost_count": 0,
      "lost_percentage": 0
    },
    "votes_stats": {
      "winning_count": 446,
      "winning_percentage": 40.508628519527704,
      "effective_count": 1055,
      "losing_count": 609,
      "losing_percentage": 55.313351498637594,
      "other_count": 46,
      "other_percentage": 4.178019981834695,
      "by_place": {
        "#1": {
          "count": 446,
          "percentage": 40.508628519527704
        },
        "#2": {
          "count": 180,
          "percentage": 16.348773841961854
        },
        "#3": {
          "count": 151,
          "percentage": 13.71480472297911,
          "supported_by_smart_vote": true
        },
        "#4": {
          "count": 145,
          "percentage": 13.169845594913715
        },
        "#5": {
          "count": 67,
          "percentage": 6.085376930063579
        },
        "#6": {
          "count": 43,
          "percentage": 3.905540417801998
        },
        "#7": {
          "count": 23,
          "percentage": 2.0890099909173476
        }
      }
    }
  },
  "turnout_protocols": {
    "17.09.2021": {
      "15.00": {
        "count": 178,
        "count_delta": 178,
        "count_delta_per_hour": 25.428571428571427,
        "count_delta_per_minute": 0.4238095238095238,
        "percentage": 7.55,
        "percentage_delta": 7.55,
        "percentage_delta_per_hour": 1.0785714285714285,
        "percentage_delta_per_minute": 0.017976190476190475,
        "registered_count": 2358,
        "registered_count_delta": 2358,
        "registered_count_delta_per_hour": 336.85714285714283,
        "registered_count_delta_per_minute": 5.614285714285714
      },
      "20.00": {
        "count": 405,
        "count_delta": 227,
        "count_delta_per_hour": 45.4,
        "count_delta_per_minute": 0.7566666666666667,
        "percentage": 17.17,
        "percentage_delta": 9.620000000000001,
        "percentage_delta_per_hour": 1.9240000000000002,
        "percentage_delta_per_minute": 0.03206666666666667,
        "registered_count": 2359,
        "registered_count_delta": 1,
        "registered_count_delta_per_hour": 0.2,
        "registered_count_delta_per_minute": 0.0033333333333333335
      }
    },
    "18.09.2021": {
      "15.00": {
        "count": 532,
        "count_delta": 127,
        "count_delta_per_hour": 18.142857142857142,
        "count_delta_per_minute": 0.30238095238095236,
        "percentage": 22.55,
        "percentage_delta": 5.379999999999999,
        "percentage_delta_per_hour": 0.7685714285714285,
        "percentage_delta_per_minute": 0.012809523809523807,
        "registered_count": 2359,
        "registered_count_delta": 0,
        "registered_count_delta_per_hour": 0,
        "registered_count_delta_per_minute": 0
      },
      "20.00": {
        "count": 844,
        "count_delta": 312,
        "count_delta_per_hour": 62.4,
        "count_delta_per_minute": 1.04,
        "percentage": 35.78,
        "percentage_delta": 13.23,
        "percentage_delta_per_hour": 2.646,
        "percentage_delta_per_minute": 0.0441,
        "registered_count": 2359,
        "registered_count_delta": 0,
        "registered_count_delta_per_hour": 0,
        "registered_count_delta_per_minute": 0
      }
    },
    "19.09.2021": {
      "10.00": {
        "count": 875,
        "count_delta": 31,
        "count_delta_per_hour": 15.5,
        "count_delta_per_minute": 0.25833333333333336,
        "percentage": 36.67,
        "percentage_delta": 0.8900000000000006,
        "percentage_delta_per_hour": 0.4450000000000003,
        "percentage_delta_per_minute": 0.007416666666666671
      },
      "12.00": {
        "count": 934,
        "count_delta": 59,
        "count_delta_per_hour": 29.5,
        "count_delta_per_minute": 0.49166666666666664,
        "percentage": 39.17,
        "percentage_delta": 2.5,
        "percentage_delta_per_hour": 1.25,
        "percentage_delta_per_minute": 0.020833333333333332
      },
      "15.00": {
        "count": 941,
        "count_delta": 7,
        "count_delta_per_hour": 2.3333333333333335,
        "count_delta_per_minute": 0.03888888888888889,
        "percentage": 39.47,
        "percentage_delta": 0.29999999999999716,
        "percentage_delta_per_hour": 0.09999999999999905,
        "percentage_delta_per_minute": 0.001666666666666651
      },
      "18.00": {
        "count": 1054,
        "count_delta": 113,
        "count_delta_per_hour": 37.666666666666664,
        "count_delta_per_minute": 0.6277777777777778,
        "percentage": 44.21,
        "percentage_delta": 4.740000000000002,
        "percentage_delta_per_hour": 1.5800000000000007,
        "percentage_delta_per_minute": 0.026333333333333344
      },
      "20.00": {
        "count": 1110,
        "count_delta": 56,
        "count_delta_per_hour": 28,
        "count_delta_per_minute": 0.4666666666666667,
        "percentage": 46.540880503144656,
        "percentage_delta": 2.3308805031446553,
        "percentage_delta_per_hour": 1.1654402515723277,
        "percentage_delta_per_minute": 0.019424004192872126,
        "registered_count": 2385,
        "registered_count_delta": 26,
        "registered_count_delta_per_hour": 2.1666666666666665,
        "registered_count_delta_per_minute": 0.03611111111111111
      }
    }
  },
  "metadata": {
    "analysis": {
      "protocol_count": 1,
      "exceeded_papers_count": 0,
      "exceeded_papers_steal_winning": 0,
      "checksum_valid": 1
    },
    "voters": {
      "initially_registered_count": 2359,
      "registered_count": 2385,
      "walk_by_count": 861,
      "on_home_count": 249,
      "ahead_of_time_count": 0,
      "exceptional_count": 0,
      "added_count": 26
    },
    "papers": {
      "received_count": 2000,
      "destroyed_count": 890,
      "stationary_box_count": 852,
      "portable_box_count": 249,
      "valid_count": 1055,
      "invalid_count": 46,
      "lost_count": 0,
      "ignored_count": 0,
      "taken_home_count": 9
    }
  },
  "entries": [
    {
      "name": "Гарнец Валерий Николаевич",
      "position": 5,
      "candidate_id": 157,
      "supported_by_party_id": 5,
      "official_result": {
        "votes_count": 446,
        "place": 1,
        "percentage": 40.508628519527704,
        "valid_percentage": 42.274881516587676,
        "registered_percentage": 18.70020964360587,
        "display_percentage": 40.51,
        "winner": true
      },
      "result_without_other_entry": {
        "31": {
          "percentage": 42.15500945179584,
          "valid_percentage": 44.07114624505929
        },
        "143": {
          "percentage": 46.94736842105263,
          "valid_percentage": 49.336283185840706
        },
        "153": {
          "percentage": 48.42562432138979,