{
  "commission_name": "УИК №879",
  "ballot_name": "Выборы депутатов Законодательного Собрания Санкт-Петербурга седьмого созыва",
  "name": "Результаты выборов по единому округу",
  "protocol_scope": {
    "type": "uik",
    "id": 879
  },
  "electoral_district": {
    "type": "city",
    "id": 0
  },
  "data_id": 27820001915220,
  "ballot_data_id": 478404385332,
  "has_koib": true,
  "generated_date": 1632123550000,
  "official_result": {
    "winner": {
      "id": 5,
      "position": 2,
      "percentage": 34.73684210526316,
      "valid_percentage": 36.19744058500914,
      "registered_percentage": 12.065813528336381
    },
    "turnout": {
      "count": 571,
      "percentage": 34.795856185252894,
      "walk_by_count": 558,
      "walk_by_percentage": 34.003656307129795,
      "on_home_count": 13,
      "on_home_percentage": 0.7921998781230957,
      "ahead_of_time_count": 0,
      "ahead_of_time_percentage": 0,
      "valid_count": 547,
      "valid_percentage": 33.33333333333333,
      "invalid_count": 23,
      "invalid_percentage": 1.401584399756246,
      "taken_home_count": 1,
      "taken_home_percentage": 0.06093845216331505,
      "lost_count": 0,
      "lost_percentage": 0
    },
    "votes_stats": {
      "winning_count": 198,
      "winning_percentage": 34.73684210526316,
      "effective_count": 547,
      "losing_count": 349,
      "losing_percentage": 61.228070175438596,
      "other_count": 23,
      "other_percentage": 4.035087719298246,
      "by_place": {
        "#1": {
          "count": 198,
          "percentage": 34.73684210526316
        },
        "#2": {
          "count": 131,
          "percentage": 22.982456140350877
        },
        "#3.5": {
          "count": 112,
          "percentage": 19.649122807017545
        },
        "#4": {
          "count": 41,
          "percentage": 7.192982456140351
        },
        "#5": {
          "count": 27,
          "percentage": 4.736842105263158
        },
        "#6": {
          "count": 26,
          "percentage": 4.56140350877193
        },
        "#7": {
          "count": 12,
          "percentage": 2.1052631578947367
        }
      }
    }
  },
  "turnout_protocols": {
    "17.09.2021": {
      "15.00": {
        "count": 103,
        "count_delta": 103,
        "count_delta_per_hour": 14.714285714285714,
        "count_delta_per_minute": 0.24523809523809523,
        "percentage": 6.32,
        "percentage_delta": 6.32,
        "percentage_delta_per_hour": 0.9028571428571429,
        "percentage_delta_per_minute": 0.015047619047619048,
        "registered_count": 1630,
        "registered_count_delta": 1630,
        "registered_count_delta_per_hour": 232.85714285714286,
        "registered_count_delta_per_minute": 3.880952380952381
      },
      "20.00": {
        "count": 179,
        "count_delta": 76,
        "count_delta_per_hour": 15.2,
        "count_delta_per_minute": 0.25333333333333335,
        "percentage": 10.98,
        "percentage_delta": 4.66,
        "percentage_delta_per_hour": 0.932,
        "percentage_delta_per_minute": 0.015533333333333333,
        "registered_count": 1630,
        "registered_count_delta": 0,
        "registered_count_delta_per_hour": 0,
        "registered_count_delta_per_minute": 0
      }
    },
    "18.09.2021": {
      "15.00": {
        "count": 287,
        "count_delta": 108,
        "count_delta_per_hour": 15.428571428571429,
        "count_delta_per_minute": 0.2571428571428571,
        "percentage": 17.56,
        "percentage_delta": 6.579999999999998,
        "percentage_delta_per_hour": 0.9399999999999997,
        "percentage_delta_per_minute": 0.015666666666666662,
        "registered_count": 1634,
        "registered_count_delta": 4,
        "registered_count_delta_per_hour": 0.5714285714285714,
        "registered_count_delta_per_minute": 0.009523809523809525
      },
      "20.00": {
        "count": 315,
        "count_delta": 28,
        "count_delta_per_hour": 5.6,
        "count_delta_per_minute": 0.09333333333333334,
        "percentage": 19.25,
        "percentage_delta": 1.6900000000000013,
        "percentage_delta_per_hour": 0.33800000000000024,
        "percentage_delta_per_minute": 0.005633333333333337,
        "registered_count": 1636,
        "registered_count_delta": 2,
        "registered_count_delta_per_hour": 0.4,
        "registered_count_delta_per_minute": 0.006666666666666667
      }
    },
    "19.09.2021": {
      "10.00": {
        "count": 330,
        "count_delta": 15,
        "count_delta_per_hour": 7.5,
        "count_delta_per_minute": 0.125,
        "percentage": 20.11,
        "percentage_delta": 0.8599999999999994,
        "percentage_delta_per_hour": 0.4299999999999997,
        "percentage_delta_per_minute": 0.007166666666666662
      },
      "12.00": {
        "count": 380,
        "count_delta": 50,
        "count_delta_per_hour": 25,
        "count_delta_per_minute": 0.4166666666666667,
        "percentage": 23.17,
        "percentage_delta": 3.0600000000000023,
        "percentage_delta_per_hour": 1.5300000000000011,
        "percentage_delta_per_minute": 0.02550000000000002
      },
      "15.00": {
        "count": 483,
        "count_delta": 103,
        "count_delta_per_hour": 34.333333333333336,
        "count_delta_per_minute": 0.5722222222222222,
        "percentage": 29.45,
        "percentage_delta": 6.279999999999998,
        "percentage_delta_per_hour": 2.0933333333333324,
        "percentage_delta_per_minute": 0.03488888888888887
      },
      "18.00": {
        "count": 516,
        "count_delta": 33,
        "count_delta_per_hour": 11,
        "count_delta_per_minute": 0.18333333333333332,
        "percentage": 31.47,
        "percentage_delta": 2.0199999999999996,
        "percentage_delta_per_hour": 0.6733333333333332,
        "percentage_delta_per_minute": 0.01122222222222222
      },
      "20.00": {
        "count": 571,
        "count_delta": 55,
        "count_delta_per_hour": 27.5,
        "count_delta_per_minute": 0.4583333333333333,
        "percentage": 34.795856185252894,
        "percentage_delta": 3.3258561852528956,
        "percentage_delta_per_hour": 1.6629280926264478,
        "percentage_delta_per_minute": 0.027715468210440797,
        "registered_count": 1641,
        "registered_count_delta": 5,
        "registered_count_delta_per_hour": 0.4166666666666667,
        "registered_count_delta_per_minute": 0.006944444444444444
      }
    }
  },
  "metadata": {
    "analysis": {
      "protocol_count": 1,
      "exceeded_papers_count": 0,
      "exceeded_papers_steal_winning": 0,
      "exceeded_papers_provide_extra_places": 0,
      "multiple_winners": 0,
      "checksum_valid": 1
    },
    "voters": {
      "initially_registered_count": 1628,
      "registered_count": 1641,
      "walk_by_count": 558,
      "on_home_count": 13,
      "ahead_of_time_count": 0,
      "exceptional_count": 0,
      "added_count": 13
    },
    "papers": {
      "received_count": 1500,
      "destroyed_count": 929,
      "stationary_box_count": 557,
      "portable_box_count": 13,
      "valid_count": 547,
      "invalid_count": 23,
      "lost_count": 0,
      "ignored_count": 0,
      "taken_home_count": 1
    }
  },
  "entries": [
    {
      "name": "Всероссийская политическая партия \"ЕДИНАЯ РОССИЯ\"",
      "position": 2,
      "party_id": 5,
      "official_result": {
        "votes_count": 198,
        "place": 1,
        "percentage": 34.73684210526316,
        "valid_percentage": 36.19744058500914,
        "registered_percentage": 12.065813528336381,
        "display_percentage": 34.74,
        "winner": true
      },
      "result_without_other_entry": {
        "1": {
          "percentage": 45.10250569476082,
          "valid_percentage": 47.59615384615385
        },
        "3": {
          "percentage": 38.52140077821012,
          "valid_percentage": 40.32586558044807
        },
        "4": {
          "percentage": 37.42911153119093,