{
  "commission_name": "УИК №1621",
  "ballot_name": "Выборы депутатов Законодательного Собрания Санкт-Петербурга седьмого созыва",
  "name": "Результаты выборов по единому округу",
  "protocol_scope": {
    "type": "uik",
    "id": 1621
  },
  "electoral_district": {
    "type": "city",
    "id": 0
  },
  "data_id": 27820001915220,
  "ballot_data_id": 478405483866,
  "has_koib": false,
  "generated_date": 1632129590000,
  "official_result": {
    "winner": {
      "id": 5,
      "position": 2,
      "percentage": 27.180527383367142,
      "valid_percentage": 27.85862785862786,
      "registered_percentage": 7.71889400921659
    },
    "turnout": {
      "count": 513,
      "percentage": 29.55069124423963,
      "walk_by_count": 501,
      "walk_by_percentage": 28.859447004608295,
      "on_home_count": 12,
      "on_home_percentage": 0.6912442396313364,
      "ahead_of_time_count": 0,
      "ahead_of_time_percentage": 0,
      "valid_count": 481,
      "valid_percentage": 27.707373271889402,
      "invalid_count": 12,
      "invalid_percentage": 0.6912442396313364,
      "taken_home_count": 20,
      "taken_home_percentage": 1.1520737327188941,
      "lost_count": 0,
      "lost_percentage": 0
    },
    "votes_stats": {
      "winning_count": 134,
      "winning_percentage": 27.180527383367142,
      "effective_count": 481,
      "losing_count": 347,
      "losing_percentage": 70.38539553752535,
      "other_count": 12,
      "other_percentage": 2.434077079107505,
      "by_place": {
        "#1": {
          "count": 134,
          "percentage": 27.180527383367142
        },
        "#2": {
          "count": 132,
          "percentage": 26.774847870182555
        },
        "#3": {
          "count": 74,
          "percentage": 15.010141987829615
        },
        "#4": {
          "count": 54,
          "percentage": 10.953346855983773
        },
        "#5": {
          "count": 36,
          "percentage": 7.302231237322515
        },
        "#6": {
          "count": 25,
          "percentage": 5.070993914807302
        },
        "#7": {
          "count": 20,
          "percentage": 4.056795131845842
        },
        "#8": {
          "count": 6,
          "percentage": 1.2170385395537524
        }
      }
    }
  },
  "turnout_protocols": {
    "17.09.2021": {
      "15.00": {
        "count": 75,
        "count_delta": 75,
        "count_delta_per_hour": 10.714285714285714,
        "count_delta_per_minute": 0.17857142857142858,
        "percentage": 4.34,
        "percentage_delta": 4.34,
        "percentage_delta_per_hour": 0.62,
        "percentage_delta_per_minute": 0.010333333333333333,
        "registered_count": 1728,
        "registered_count_delta": 1728,
        "registered_count_delta_per_hour": 246.85714285714286,
        "registered_count_delta_per_minute": 4.114285714285714
      },
      "20.00": {
        "count": 124,
        "count_delta": 49,
        "count_delta_per_hour": 9.8,
        "count_delta_per_minute": 0.16333333333333333,
        "percentage": 7.17,
        "percentage_delta": 2.83,
        "percentage_delta_per_hour": 0.5660000000000001,
        "percentage_delta_per_minute": 0.009433333333333334,
        "registered_count": 1729,
        "registered_count_delta": 1,
        "registered_count_delta_per_hour": 0.2,
        "registered_count_delta_per_minute": 0.0033333333333333335
      }
    },
    "18.09.2021": {
      "15.00": {
        "count": 185,
        "count_delta": 61,
        "count_delta_per_hour": 8.714285714285714,
        "count_delta_per_minute": 0.14523809523809525,
        "percentage": 10.69,
        "percentage_delta": 3.5199999999999996,
        "percentage_delta_per_hour": 0.5028571428571428,
        "percentage_delta_per_minute": 0.00838095238095238,
        "registered_count": 1731,
        "registered_count_delta": 2,
        "registered_count_delta_per_hour": 0.2857142857142857,
        "registered_count_delta_per_minute": 0.004761904761904762
      },
      "20.00": {
        "count": 338,
        "count_delta": 153,
        "count_delta_per_hour": 30.6,
        "count_delta_per_minute": 0.51,
        "percentage": 19.53,
        "percentage_delta": 8.840000000000002,
        "percentage_delta_per_hour": 1.7680000000000002,
        "percentage_delta_per_minute": 0.029466666666666672,
        "registered_count": 1731,
        "registered_count_delta": 0,
        "registered_count_delta_per_hour": 0,
        "registered_count_delta_per_minute": 0
      }
    },
    "19.09.2021": {
      "10.00": {
        "count": 342,
        "count_delta": 4,
        "count_delta_per_hour": 2,
        "count_delta_per_minute": 0.03333333333333333,
        "percentage": 19.7,
        "percentage_delta": 0.16999999999999815,
        "percentage_delta_per_hour": 0.08499999999999908,
        "percentage_delta_per_minute": 0.0014166666666666514
      },
      "12.00": {
        "count": 366,
        "count_delta": 24,
        "count_delta_per_hour": 12,
        "count_delta_per_minute": 0.2,
        "percentage": 21.09,
        "percentage_delta": 1.3900000000000006,
        "percentage_delta_per_hour": 0.6950000000000003,
        "percentage_delta_per_minute": 0.011583333333333338
      },
      "15.00": {
        "count": 425,
        "count_delta": 59,
        "count_delta_per_hour": 19.666666666666668,
        "count_delta_per_minute": 0.3277777777777778,
        "percentage": 24.49,
        "percentage_delta": 3.3999999999999986,
        "percentage_delta_per_hour": 1.1333333333333329,
        "percentage_delta_per_minute": 0.018888888888888882
      },
      "18.00": {
        "count": 427,
        "count_delta": 2,
        "count_delta_per_hour": 0.6666666666666666,
        "count_delta_per_minute": 0.011111111111111112,
        "percentage": 24.61,
        "percentage_delta": 0.120000000000001,
        "percentage_delta_per_hour": 0.040000000000000334,
        "percentage_delta_per_minute": 0.0006666666666666722
      },
      "20.00": {
        "count": 513,
        "count_delta": 86,
        "count_delta_per_hour": 43,
        "count_delta_per_minute": 0.7166666666666667,
        "percentage": 29.55069124423963,
        "percentage_delta": 4.9406912442396305,
        "percentage_delta_per_hour": 2.4703456221198152,
        "percentage_delta_per_minute": 0.04117242703533026,
        "registered_count": 1736,
        "registered_count_delta": 5,
        "registered_count_delta_per_hour": 0.4166666666666667,
        "registered_count_delta_per_minute": 0.006944444444444444
      }
    }
  },
  "metadata": {
    "analysis": {
      "protocol_count": 1,
      "exceeded_papers_count": 0,
      "exceeded_papers_steal_winning": 0,
      "exceeded_papers_provide_extra_places": 0,
      "multiple_winners": 0,
      "checksum_valid": 1
    },
    "voters": {
      "initially_registered_count": 1729,
      "registered_count": 1736,
      "walk_by_count": 501,
      "on_home_count": 12,
      "ahead_of_time_count": 0,
      "exceptional_count": 0,
      "added_count": 7
    },
    "papers": {
      "received_count": 1500,
      "destroyed_count": 987,
      "stationary_box_count": 481,
      "portable_box_count": 12,
      "valid_count": 481,
      "invalid_count": 12,
      "lost_count": 0,
      "ignored_count": 0,
      "taken_home_count": 20
    }
  },
  "entries": [
    {
      "name": "Всероссийская политическая партия \"ЕДИНАЯ РОССИЯ\"",
      "position": 2,
      "party_id": 5,
      "official_result": {
        "votes_count": 134,
        "place": 1,
        "percentage": 27.180527383367142,
        "valid_percentage": 27.85862785862786,
        "registered_percentage": 7.71889400921659,
        "display_percentage": 27.18,
        "winner": true
      },
      "result_without_other_entry": {
        "1": {
          "percentage": 31.980906921241047,
          "valid_percentage": 32.923832923832926
        },
        "3": {
          "percentage": 29.321663019693656,