{
  "commission_name": "УИК №2139",
  "ballot_name": "Выборы депутатов Законодательного Собрания Санкт-Петербурга седьмого созыва",
  "name": "Результаты выборов по единому округу",
  "protocol_scope": {
    "type": "uik",
    "id": 2139
  },
  "electoral_district": {
    "type": "city",
    "id": 0
  },
  "data_id": 27820001915220,
  "ballot_data_id": 478406281406,
  "has_koib": false,
  "generated_date": 1632127510000,
  "official_result": {
    "winner": {
      "id": 1,
      "position": 6,
      "percentage": 50.753768844221106,
      "valid_percentage": 53.018372703412076,
      "registered_percentage": 16.283756549778317
    },
    "turnout": {
      "count": 796,
      "percentage": 32.083837162434506,
      "walk_by_count": 792,
      "walk_by_percentage": 31.922611850060463,
      "on_home_count": 4,
      "on_home_percentage": 0.16122531237404272,
      "ahead_of_time_count": 0,
      "ahead_of_time_percentage": 0,
      "valid_count": 762,
      "valid_percentage": 30.713422007255136,
      "invalid_count": 34,
      "invalid_percentage": 1.370415155179363,
      "taken_home_count": 0,
      "taken_home_percentage": 0,
      "lost_count": 0,
      "lost_percentage": 0
    },
    "votes_stats": {
      "winning_count": 404,
      "winning_percentage": 50.753768844221106,
      "effective_count": 762,
      "losing_count": 358,
      "losing_percentage": 44.9748743718593,
      "other_count": 34,
      "other_percentage": 4.271356783919598,
      "by_place": {
        "#1": {
          "count": 404,
          "percentage": 50.753768844221106
        },
        "#2": {
          "count": 231,
          "percentage": 29.020100502512562
        },
        "#3": {
          "count": 57,
          "percentage": 7.160804020100503
        },
        "#5.5": {
          "count": 28,
          "percentage": 3.5175879396984926
        },
        "#4": {
          "count": 17,
          "percentage": 2.135678391959799
        },
        "#6": {
          "count": 13,
          "percentage": 1.6331658291457287
        },
        "#7": {
          "count": 12,
          "percentage": 1.507537688442211
        }
      }
    }
  },
  "turnout_protocols": {
    "17.09.2021": {
      "15.00": {
        "count": 150,
        "count_delta": 150,
        "count_delta_per_hour": 21.428571428571427,
        "count_delta_per_minute": 0.35714285714285715,
        "percentage": 6.05,
        "percentage_delta": 6.05,
        "percentage_delta_per_hour": 0.8642857142857142,
        "percentage_delta_per_minute": 0.014404761904761905,
        "registered_count": 2479,
        "registered_count_delta": 2479,
        "registered_count_delta_per_hour": 354.14285714285717,
        "registered_count_delta_per_minute": 5.902380952380953
      },
      "20.00": {
        "count": 227,
        "count_delta": 77,
        "count_delta_per_hour": 15.4,
        "count_delta_per_minute": 0.25666666666666665,
        "percentage": 9.15,
        "percentage_delta": 3.1000000000000005,
        "percentage_delta_per_hour": 0.6200000000000001,
        "percentage_delta_per_minute": 0.010333333333333335,
        "registered_count": 2481,
        "registered_count_delta": 2,
        "registered_count_delta_per_hour": 0.4,
        "registered_count_delta_per_minute": 0.006666666666666667
      }
    },
    "18.09.2021": {
      "15.00": {
        "count": 359,
        "count_delta": 132,
        "count_delta_per_hour": 18.857142857142858,
        "count_delta_per_minute": 0.3142857142857143,
        "percentage": 14.47,
        "percentage_delta": 5.32,
        "percentage_delta_per_hour": 0.76,
        "percentage_delta_per_minute": 0.012666666666666668,
        "registered_count": 2481,
        "registered_count_delta": 0,
        "registered_count_delta_per_hour": 0,
        "registered_count_delta_per_minute": 0
      },
      "20.00": {
        "count": 414,
        "count_delta": 55,
        "count_delta_per_hour": 11,
        "count_delta_per_minute": 0.18333333333333332,
        "percentage": 16.69,
        "percentage_delta": 2.2200000000000006,
        "percentage_delta_per_hour": 0.4440000000000001,
        "percentage_delta_per_minute": 0.007400000000000002,
        "registered_count": 2481,
        "registered_count_delta": 0,
        "registered_count_delta_per_hour": 0,
        "registered_count_delta_per_minute": 0
      }
    },
    "19.09.2021": {
      "10.00": {
        "count": 436,
        "count_delta": 22,
        "count_delta_per_hour": 11,
        "count_delta_per_minute": 0.18333333333333332,
        "percentage": 17.57,
        "percentage_delta": 0.879999999999999,
        "percentage_delta_per_hour": 0.4399999999999995,
        "percentage_delta_per_minute": 0.007333333333333325
      },
      "12.00": {
        "count": 487,
        "count_delta": 51,
        "count_delta_per_hour": 25.5,
        "count_delta_per_minute": 0.425,
        "percentage": 19.63,
        "percentage_delta": 2.0599999999999987,
        "percentage_delta_per_hour": 1.0299999999999994,
        "percentage_delta_per_minute": 0.017166666666666656
      },
      "15.00": {
        "count": 609,
        "count_delta": 122,
        "count_delta_per_hour": 40.666666666666664,
        "count_delta_per_minute": 0.6777777777777778,
        "percentage": 24.55,
        "percentage_delta": 4.920000000000002,
        "percentage_delta_per_hour": 1.6400000000000006,
        "percentage_delta_per_minute": 0.02733333333333334
      },
      "18.00": {
        "count": 700,
        "count_delta": 91,
        "count_delta_per_hour": 30.333333333333332,
        "count_delta_per_minute": 0.5055555555555555,
        "percentage": 28.21,
        "percentage_delta": 3.66,
        "percentage_delta_per_hour": 1.22,
        "percentage_delta_per_minute": 0.020333333333333335
      },
      "20.00": {
        "count": 796,
        "count_delta": 96,
        "count_delta_per_hour": 48,
        "count_delta_per_minute": 0.8,
        "percentage": 32.083837162434506,
        "percentage_delta": 3.873837162434505,
        "percentage_delta_per_hour": 1.9369185812172525,
        "percentage_delta_per_minute": 0.03228197635362087,
        "registered_count": 2481,
        "registered_count_delta": 0,
        "registered_count_delta_per_hour": 0,
        "registered_count_delta_per_minute": 0
      }
    }
  },
  "metadata": {
    "analysis": {
      "protocol_count": 1,
      "exceeded_papers_count": 0,
      "exceeded_papers_steal_winning": 0,
      "exceeded_papers_provide_extra_places": 0,
      "multiple_winners": 0,
      "checksum_valid": 1
    },
    "voters": {
      "initially_registered_count": 2481,
      "registered_count": 2481,
      "walk_by_count": 792,
      "on_home_count": 4,
      "ahead_of_time_count": 0,
      "exceptional_count": 0
    },
    "papers": {
      "received_count": 2000,
      "destroyed_count": 1204,
      "stationary_box_count": 792,
      "portable_box_count": 4,
      "valid_count": 762,
      "invalid_count": 34,
      "lost_count": 0,
      "ignored_count": 0,
      "taken_home_count": 0
    }
  },
  "entries": [
    {
      "name": "Политическая партия \"КОММУНИСТИЧЕСКАЯ ПАРТИЯ РОССИЙСКОЙ ФЕДЕРАЦИИ\"",
      "position": 6,
      "party_id": 1,
      "official_result": {
        "votes_count": 404,
        "place": 1,
        "percentage": 50.753768844221106,
        "valid_percentage": 53.018372703412076,
        "registered_percentage": 16.283756549778317,
        "display_percentage": 50.75,
        "winner": true
      },
      "result_without_other_entry": {
        "3": {
          "percentage": 71.50442477876106,
          "valid_percentage": 76.08286252354048
        },
        "4": {
          "percentage": 51.66240409207161,
          "valid_percentage": 54.01069518716578
        },
        "5": {
          "percentage": 54.66847090663058,
          "valid_percentage": 57.304964539007095
        },
        "6": {
          "percentage": 51.861360718870344,