{
  "commission_name": "УИК №1178",
  "ballot_name": "Выборы депутатов Законодательного Собрания Санкт-Петербурга седьмого созыва",
  "name": "Результаты выборов по единому округу",
  "protocol_scope": {
    "type": "uik",
    "id": 1178
  },
  "electoral_district": {
    "type": "city",
    "id": 0
  },
  "data_id": 27820001915220,
  "ballot_data_id": 478404682752,
  "has_koib": true,
  "generated_date": 1632132546000,
  "official_result": {
    "winner": {
      "id": 5,
      "position": 2,
      "percentage": 17.36111111111111,
      "valid_percentage": 27.173913043478258,
      "registered_percentage": 5.22466039707419
    },
    "turnout": {
      "count": 576,
      "percentage": 30.094043887147336,
      "walk_by_count": 562,
      "walk_by_percentage": 29.36259143155695,
      "on_home_count": 14,
      "on_home_percentage": 0.7314524555903866,
      "ahead_of_time_count": 0,
      "ahead_of_time_percentage": 0,
      "valid_count": 368,
      "valid_percentage": 19.22675026123302,
      "invalid_count": 208,
      "invalid_percentage": 10.867293625914314,
      "taken_home_count": 0,
      "taken_home_percentage": 0,
      "lost_count": 0,
      "lost_percentage": 0
    },
    "votes_stats": {
      "winning_count": 100,
      "winning_percentage": 17.36111111111111,
      "effective_count": 368,
      "losing_count": 268,
      "losing_percentage": 46.52777777777778,
      "other_count": 208,
      "other_percentage": 36.11111111111111,
      "by_place": {
        "#1": {
          "count": 100,
          "percentage": 17.36111111111111
        },
        "#2": {
          "count": 89,
          "percentage": 15.45138888888889
        },
        "#3": {
          "count": 56,
          "percentage": 9.722222222222223
        },
        "#4": {
          "count": 43,
          "percentage": 7.465277777777778
        },
        "#5": {
          "count": 35,
          "percentage": 6.076388888888888
        },
        "#6": {
          "count": 27,
          "percentage": 4.6875
        },
        "#7": {
          "count": 16,
          "percentage": 2.7777777777777777
        },
        "#8": {
          "count": 2,
          "percentage": 0.3472222222222222
        }
      }
    }
  },
  "turnout_protocols": {
    "17.09.2021": {
      "15.00": {
        "count": 101,
        "count_delta": 101,
        "count_delta_per_hour": 14.428571428571429,
        "count_delta_per_minute": 0.24047619047619048,
        "percentage": 5.29,
        "percentage_delta": 5.29,
        "percentage_delta_per_hour": 0.7557142857142857,
        "percentage_delta_per_minute": 0.012595238095238095,
        "registered_count": 1909,
        "registered_count_delta": 1909,
        "registered_count_delta_per_hour": 272.7142857142857,
        "registered_count_delta_per_minute": 4.545238095238095
      },
      "20.00": {
        "count": 159,
        "count_delta": 58,
        "count_delta_per_hour": 11.6,
        "count_delta_per_minute": 0.19333333333333333,
        "percentage": 8.33,
        "percentage_delta": 3.04,
        "percentage_delta_per_hour": 0.608,
        "percentage_delta_per_minute": 0.010133333333333333,
        "registered_count": 1909,
        "registered_count_delta": 0,
        "registered_count_delta_per_hour": 0,
        "registered_count_delta_per_minute": 0
      }
    },
    "18.09.2021": {
      "15.00": {
        "count": 184,
        "count_delta": 25,
        "count_delta_per_hour": 3.5714285714285716,
        "count_delta_per_minute": 0.05952380952380952,
        "percentage": 9.64,
        "percentage_delta": 1.3100000000000005,
        "percentage_delta_per_hour": 0.18714285714285722,
        "percentage_delta_per_minute": 0.0031190476190476202,
        "registered_count": 1909,
        "registered_count_delta": 0,
        "registered_count_delta_per_hour": 0,
        "registered_count_delta_per_minute": 0
      },
      "20.00": {
        "count": 303,
        "count_delta": 119,
        "count_delta_per_hour": 23.8,
        "count_delta_per_minute": 0.39666666666666667,
        "percentage": 15.88,
        "percentage_delta": 6.24,
        "percentage_delta_per_hour": 1.248,
        "percentage_delta_per_minute": 0.0208,
        "registered_count": 1908,
        "registered_count_delta": -1,
        "registered_count_delta_per_hour": -0.2,
        "registered_count_delta_per_minute": -0.0033333333333333335
      }
    },
    "19.09.2021": {
      "10.00": {
        "count": 324,
        "count_delta": 21,
        "count_delta_per_hour": 10.5,
        "count_delta_per_minute": 0.175,
        "percentage": 16.92,
        "percentage_delta": 1.040000000000001,
        "percentage_delta_per_hour": 0.5200000000000005,
        "percentage_delta_per_minute": 0.008666666666666675
      },
      "12.00": {
        "count": 351,
        "count_delta": 27,
        "count_delta_per_hour": 13.5,
        "count_delta_per_minute": 0.225,
        "percentage": 18.33,
        "percentage_delta": 1.4099999999999966,
        "percentage_delta_per_hour": 0.7049999999999983,
        "percentage_delta_per_minute": 0.011749999999999972
      },
      "15.00": {
        "count": 437,
        "count_delta": 86,
        "count_delta_per_hour": 28.666666666666668,
        "count_delta_per_minute": 0.4777777777777778,
        "percentage": 22.82,
        "percentage_delta": 4.490000000000002,
        "percentage_delta_per_hour": 1.4966666666666673,
        "percentage_delta_per_minute": 0.024944444444444457
      },
      "18.00": {
        "count": 491,
        "count_delta": 54,
        "count_delta_per_hour": 18,
        "count_delta_per_minute": 0.3,
        "percentage": 25.64,
        "percentage_delta": 2.8200000000000003,
        "percentage_delta_per_hour": 0.9400000000000001,
        "percentage_delta_per_minute": 0.01566666666666667
      },
      "20.00": {
        "count": 576,
        "count_delta": 85,
        "count_delta_per_hour": 42.5,
        "count_delta_per_minute": 0.7083333333333334,
        "percentage": 30.094043887147336,
        "percentage_delta": 4.454043887147336,
        "percentage_delta_per_hour": 2.227021943573668,
        "percentage_delta_per_minute": 0.03711703239289446,
        "registered_count": 1914,
        "registered_count_delta": 6,
        "registered_count_delta_per_hour": 0.5,
        "registered_count_delta_per_minute": 0.008333333333333333
      }
    }
  },
  "metadata": {
    "analysis": {
      "negative_turnout_registered_count_protocols": 1,
      "negative_turnout_registered_count": 1,
      "protocol_count": 1,
      "exceeded_papers_count": 0,
      "exceeded_papers_steal_winning": 0,
      "exceeded_papers_provide_extra_places": 0,
      "multiple_winners": 0,
      "checksum_valid": 1
    },
    "voters": {
      "initially_registered_count": 1908,
      "registered_count": 1914,
      "walk_by_count": 562,
      "on_home_count": 14,
      "ahead_of_time_count": 0,
      "exceptional_count": 0,
      "added_count": 6
    },
    "papers": {
      "received_count": 1500,
      "destroyed_count": 924,
      "stationary_box_count": 562,
      "portable_box_count": 14,
      "valid_count": 368,
      "invalid_count": 208,
      "lost_count": 0,
      "ignored_count": 0,
      "taken_home_count": 0
    }
  },
  "entries": [
    {
      "name": "Всероссийская политическая партия \"ЕДИНАЯ РОССИЯ\"",
      "position": 2,
      "party_id": 5,
      "official_result": {
        "votes_count": 100,
        "place": 1,
        "percentage": 17.36111111111111,
        "valid_percentage": 27.173913043478258,
        "registered_percentage": 5.22466039707419,
        "display_percentage": 17.36,
        "winner": true
      },
      "result_without_other_entry": {
        "1": {
          "percentage": 20.533880903490758,
          "valid_percentage": 35.842293906810035
        },
        "3": {
          "percentage": 18.484288354898336,
          "valid_percentage": 30.03003003003003
        },