{
  "commission_name": "УИК №1340",
  "ballot_name": "Выборы депутатов Законодательного Собрания Санкт-Петербурга седьмого созыва",
  "name": "Результаты выборов по одномандатному (многомандатному) округу",
  "protocol_scope": {
    "type": "uik",
    "id": 1340
  },
  "electoral_district": {
    "type": "city",
    "id": 21
  },
  "data_id": 27820001915220,
  "ballot_data_id": 478404882070,
  "has_koib": false,
  "generated_date": 1632125586000,
  "official_result": {
    "winner": {
      "id": 197,
      "position": 1,
      "percentage": 21.826625386996902,
      "valid_percentage": 22.452229299363058,
      "registered_percentage": 6.317204301075269,
      "supported_by_smart_vote": true
    },
    "turnout": {
      "count": 646,
      "percentage": 28.9426523297491,
      "walk_by_count": 644,
      "walk_by_percentage": 28.85304659498208,
      "on_home_count": 2,
      "on_home_percentage": 0.08960573476702509,
      "ahead_of_time_count": 0,
      "ahead_of_time_percentage": 0,
      "valid_count": 628,
      "valid_percentage": 28.136200716845877,
      "invalid_count": 18,
      "invalid_percentage": 0.8064516129032258,
      "taken_home_count": 0,
      "taken_home_percentage": 0,
      "lost_count": 0,
      "lost_percentage": 0
    },
    "votes_stats": {
      "winning_count": 141,
      "winning_percentage": 21.826625386996902,
      "effective_count": 628,
      "losing_count": 487,
      "losing_percentage": 75.38699690402477,
      "other_count": 18,
      "other_percentage": 2.786377708978328,
      "by_place": {
        "#1": {
          "count": 141,
          "percentage": 21.826625386996902,
          "supported_by_smart_vote": true
        },
        "#2": {
          "count": 136,
          "percentage": 21.052631578947366
        },
        "#3": {
          "count": 119,
          "percentage": 18.421052631578945
        },
        "#4": {
          "count": 77,
          "percentage": 11.91950464396285
        },
        "#5": {
          "count": 67,
          "percentage": 10.371517027863778
        },
        "#6": {
          "count": 46,
          "percentage": 7.120743034055728
        },
        "#7": {
          "count": 42,
          "percentage": 6.5015479876160995
        }
      }
    }
  },
  "turnout_protocols": {
    "17.09.2021": {
      "15.00": {
        "count": 134,
        "count_delta": 134,
        "count_delta_per_hour": 19.142857142857142,
        "count_delta_per_minute": 0.319047619047619,
        "percentage": 6.1,
        "percentage_delta": 6.1,
        "percentage_delta_per_hour": 0.8714285714285713,
        "percentage_delta_per_minute": 0.014523809523809522,
        "registered_count": 2197,
        "registered_count_delta": 2197,
        "registered_count_delta_per_hour": 313.85714285714283,
        "registered_count_delta_per_minute": 5.230952380952381
      },
      "20.00": {
        "count": 181,
        "count_delta": 47,
        "count_delta_per_hour": 9.4,
        "count_delta_per_minute": 0.15666666666666668,
        "percentage": 8.19,
        "percentage_delta": 2.09,
        "percentage_delta_per_hour": 0.418,
        "percentage_delta_per_minute": 0.006966666666666666,
        "registered_count": 2210,
        "registered_count_delta": 13,
        "registered_count_delta_per_hour": 2.6,
        "registered_count_delta_per_minute": 0.043333333333333335
      }
    },
    "18.09.2021": {
      "15.00": {
        "count": 217,
        "count_delta": 36,
        "count_delta_per_hour": 5.142857142857143,
        "count_delta_per_minute": 0.08571428571428572,
        "percentage": 9.81,
        "percentage_delta": 1.620000000000001,
        "percentage_delta_per_hour": 0.23142857142857157,
        "percentage_delta_per_minute": 0.0038571428571428593,
        "registered_count": 2212,
        "registered_count_delta": 2,
        "registered_count_delta_per_hour": 0.2857142857142857,
        "registered_count_delta_per_minute": 0.004761904761904762
      },
      "20.00": {
        "count": 312,
        "count_delta": 95,
        "count_delta_per_hour": 19,
        "count_delta_per_minute": 0.31666666666666665,
        "percentage": 14.1,
        "percentage_delta": 4.289999999999999,
        "percentage_delta_per_hour": 0.8579999999999999,
        "percentage_delta_per_minute": 0.014299999999999997,
        "registered_count": 2213,
        "registered_count_delta": 1,
        "registered_count_delta_per_hour": 0.2,
        "registered_count_delta_per_minute": 0.0033333333333333335
      }
    },
    "19.09.2021": {
      "10.00": {
        "count": 319,
        "count_delta": 7,
        "count_delta_per_hour": 3.5,
        "count_delta_per_minute": 0.058333333333333334,
        "percentage": 14.28,
        "percentage_delta": 0.17999999999999972,
        "percentage_delta_per_hour": 0.08999999999999986,
        "percentage_delta_per_minute": 0.0014999999999999976
      },
      "12.00": {
        "count": 336,
        "count_delta": 17,
        "count_delta_per_hour": 8.5,
        "count_delta_per_minute": 0.14166666666666666,
        "percentage": 15.05,
        "percentage_delta": 0.7700000000000014,
        "percentage_delta_per_hour": 0.3850000000000007,
        "percentage_delta_per_minute": 0.006416666666666678
      },
      "15.00": {
        "count": 427,
        "count_delta": 91,
        "count_delta_per_hour": 30.333333333333332,
        "count_delta_per_minute": 0.5055555555555555,
        "percentage": 19.12,
        "percentage_delta": 4.07,
        "percentage_delta_per_hour": 1.3566666666666667,
        "percentage_delta_per_minute": 0.022611111111111113
      },
      "18.00": {
        "count": 543,
        "count_delta": 116,
        "count_delta_per_hour": 38.666666666666664,
        "count_delta_per_minute": 0.6444444444444445,
        "percentage": 24.31,
        "percentage_delta": 5.189999999999998,
        "percentage_delta_per_hour": 1.7299999999999993,
        "percentage_delta_per_minute": 0.028833333333333322
      },
      "20.00": {
        "count": 646,
        "count_delta": 103,
        "count_delta_per_hour": 51.5,
        "count_delta_per_minute": 0.8583333333333333,
        "percentage": 28.9426523297491,
        "percentage_delta": 4.632652329749103,
        "percentage_delta_per_hour": 2.3163261648745515,
        "percentage_delta_per_minute": 0.038605436081242527,
        "registered_count": 2232,
        "registered_count_delta": 19,
        "registered_count_delta_per_hour": 1.5833333333333333,
        "registered_count_delta_per_minute": 0.02638888888888889
      }
    }
  },
  "metadata": {
    "analysis": {
      "protocol_count": 1,
      "exceeded_papers_count": 0,
      "exceeded_papers_steal_winning": 0,
      "checksum_valid": 1
    },
    "voters": {
      "initially_registered_count": 2197,
      "registered_count": 2232,
      "walk_by_count": 644,
      "on_home_count": 2,
      "ahead_of_time_count": 0,
      "exceptional_count": 0,
      "added_count": 35
    },
    "papers": {
      "received_count": 2000,
      "destroyed_count": 1354,
      "stationary_box_count": 644,
      "portable_box_count": 2,
      "valid_count": 628,
      "invalid_count": 18,
      "lost_count": 0,
      "ignored_count": 0,
      "taken_home_count": 0
    }
  },
  "entries": [
    {
      "name": "Галкина Ольга Владимировна",
      "position": 1,
      "candidate_id": 197,
      "supported_by_party_id": 6,
      "supported_by_smart_vote": true,
      "official_result": {
        "votes_count": 141,
        "place": 1,
        "percentage": 21.826625386996902,
        "valid_percentage": 22.452229299363058,
        "registered_percentage": 6.317204301075269,
        "display_percentage": 21.83,
        "winner": true
      },
      "result_without_other_entry": {
        "4": {
          "percentage": 27.647058823529413,
          "valid_percentage": 28.65853658536585
        },
        "77": {
          "percentage": 23.344370860927153,