{
  "commission_name": "УИК №1990",
  "ballot_name": "Выборы депутатов Законодательного Собрания Санкт-Петербурга седьмого созыва",
  "name": "Результаты выборов по единому округу",
  "protocol_scope": {
    "type": "uik",
    "id": 1990
  },
  "electoral_district": {
    "type": "city",
    "id": 0
  },
  "data_id": 27820001915220,
  "ballot_data_id": 4784015408856,
  "has_koib": false,
  "generated_date": 1632130371000,
  "official_result": {
    "winner": {
      "id": 5,
      "position": 2,
      "percentage": 26.937984496124027,
      "valid_percentage": 28.024193548387093,
      "registered_percentage": 11.25506072874494
    },
    "turnout": {
      "count": 516,
      "percentage": 41.78137651821862,
      "walk_by_count": 478,
      "walk_by_percentage": 38.70445344129554,
      "on_home_count": 38,
      "on_home_percentage": 3.076923076923077,
      "ahead_of_time_count": 0,
      "ahead_of_time_percentage": 0,
      "valid_count": 496,
      "valid_percentage": 40.16194331983806,
      "invalid_count": 20,
      "invalid_percentage": 1.6194331983805668,
      "taken_home_count": 0,
      "taken_home_percentage": 0,
      "lost_count": 0,
      "lost_percentage": 0
    },
    "votes_stats": {
      "winning_count": 139,
      "winning_percentage": 26.937984496124027,
      "effective_count": 496,
      "losing_count": 357,
      "losing_percentage": 69.18604651162791,
      "other_count": 20,
      "other_percentage": 3.875968992248062,
      "by_place": {
        "#1": {
          "count": 139,
          "percentage": 26.937984496124027
        },
        "#2": {
          "count": 101,
          "percentage": 19.57364341085271
        },
        "#3": {
          "count": 83,
          "percentage": 16.08527131782946
        },
        "#4": {
          "count": 62,
          "percentage": 12.015503875968992
        },
        "#5": {
          "count": 58,
          "percentage": 11.24031007751938
        },
        "#6": {
          "count": 30,
          "percentage": 5.813953488372093
        },
        "#7": {
          "count": 12,
          "percentage": 2.3255813953488373
        },
        "#8": {
          "count": 11,
          "percentage": 2.131782945736434
        }
      }
    }
  },
  "turnout_protocols": {
    "17.09.2021": {
      "15.00": {
        "count": 119,
        "count_delta": 119,
        "count_delta_per_hour": 17,
        "count_delta_per_minute": 0.2833333333333333,
        "percentage": 9.83,
        "percentage_delta": 9.83,
        "percentage_delta_per_hour": 1.4042857142857144,
        "percentage_delta_per_minute": 0.023404761904761904,
        "registered_count": 1211,
        "registered_count_delta": 1211,
        "registered_count_delta_per_hour": 173,
        "registered_count_delta_per_minute": 2.8833333333333333
      },
      "20.00": {
        "count": 163,
        "count_delta": 44,
        "count_delta_per_hour": 8.8,
        "count_delta_per_minute": 0.14666666666666667,
        "percentage": 13.46,
        "percentage_delta": 3.630000000000001,
        "percentage_delta_per_hour": 0.7260000000000002,
        "percentage_delta_per_minute": 0.012100000000000003,
        "registered_count": 1211,
        "registered_count_delta": 0,
        "registered_count_delta_per_hour": 0,
        "registered_count_delta_per_minute": 0
      }
    },
    "18.09.2021": {
      "15.00": {
        "count": 134,
        "count_delta": -29,
        "count_delta_per_hour": -4.142857142857143,
        "count_delta_per_minute": -0.06904761904761905,
        "percentage": 11.07,
        "percentage_delta": -2.3900000000000006,
        "percentage_delta_per_hour": -0.3414285714285715,
        "percentage_delta_per_minute": -0.005690476190476192,
        "registered_count": 1210,
        "registered_count_delta": -1,
        "registered_count_delta_per_hour": -0.14285714285714285,
        "registered_count_delta_per_minute": -0.002380952380952381
      },
      "20.00": {
        "count": 308,
        "count_delta": 174,
        "count_delta_per_hour": 34.8,
        "count_delta_per_minute": 0.58,
        "percentage": 25.43,
        "percentage_delta": 14.36,
        "percentage_delta_per_hour": 2.872,
        "percentage_delta_per_minute": 0.04786666666666666,
        "registered_count": 1211,
        "registered_count_delta": 1,
        "registered_count_delta_per_hour": 0.2,
        "registered_count_delta_per_minute": 0.0033333333333333335
      }
    },
    "19.09.2021": {
      "10.00": {
        "count": 316,
        "count_delta": 8,
        "count_delta_per_hour": 4,
        "count_delta_per_minute": 0.06666666666666667,
        "percentage": 25.6,
        "percentage_delta": 0.1700000000000017,
        "percentage_delta_per_hour": 0.08500000000000085,
        "percentage_delta_per_minute": 0.0014166666666666809
      },
      "12.00": {
        "count": 316,
        "count_delta": 0,
        "count_delta_per_hour": 0,
        "count_delta_per_minute": 0,
        "percentage": 25.6,
        "percentage_delta": 0,
        "percentage_delta_per_hour": 0,
        "percentage_delta_per_minute": 0
      },
      "15.00": {
        "count": 441,
        "count_delta": 125,
        "count_delta_per_hour": 41.666666666666664,
        "count_delta_per_minute": 0.6944444444444444,
        "percentage": 35.67,
        "percentage_delta": 10.07,
        "percentage_delta_per_hour": 3.356666666666667,
        "percentage_delta_per_minute": 0.05594444444444445
      },
      "18.00": {
        "count": 484,
        "count_delta": 43,
        "count_delta_per_hour": 14.333333333333334,
        "count_delta_per_minute": 0.2388888888888889,
        "percentage": 39.22,
        "percentage_delta": 3.549999999999997,
        "percentage_delta_per_hour": 1.1833333333333325,
        "percentage_delta_per_minute": 0.019722222222222207
      },
      "20.00": {
        "count": 516,
        "count_delta": 32,
        "count_delta_per_hour": 16,
        "count_delta_per_minute": 0.26666666666666666,
        "percentage": 41.78137651821862,
        "percentage_delta": 2.5613765182186228,
        "percentage_delta_per_hour": 1.2806882591093114,
        "percentage_delta_per_minute": 0.021344804318488522,
        "registered_count": 1235,
        "registered_count_delta": 24,
        "registered_count_delta_per_hour": 2,
        "registered_count_delta_per_minute": 0.03333333333333333
      }
    }
  },
  "metadata": {
    "analysis": {
      "negative_turnout_percentage_protocols": 1,
      "negative_turnout_percentage": 2.3900000000000006,
      "negative_turnout_count_protocols": 1,
      "negative_turnout_count": 29,
      "negative_turnout_registered_count_protocols": 1,
      "negative_turnout_registered_count": 1,
      "protocol_count": 1,
      "exceeded_papers_count": 0,
      "exceeded_papers_steal_winning": 0,
      "exceeded_papers_provide_extra_places": 0,
      "multiple_winners": 0,
      "checksum_valid": 1
    },
    "voters": {
      "initially_registered_count": 1211,
      "registered_count": 1235,
      "walk_by_count": 478,
      "on_home_count": 38,
      "ahead_of_time_count": 0,
      "exceptional_count": 0,
      "added_count": 24
    },
    "papers": {
      "received_count": 1000,
      "destroyed_count": 484,
      "stationary_box_count": 478,
      "portable_box_count": 38,
      "valid_count": 496,
      "invalid_count": 20,
      "lost_count": 0,
      "ignored_count": 0,
      "taken_home_count": 0
    }
  },
  "entries": [
    {
      "name": "Всероссийская политическая партия \"ЕДИНАЯ РОССИЯ\"",
      "position": 2,
      "party_id": 5,
      "official_result": {
        "votes_count": 139,
        "place": 1,
        "percentage": 26.937984496124027,
        "valid_percentage": 28.024193548387093,
        "registered_percentage": 11.25506072874494,
        "display_percentage": 26.94,
        "winner": true
      },