{
  "commission_name": "УИК №1265",
  "ballot_name": "Выборы депутатов Законодательного Собрания Санкт-Петербурга седьмого созыва",
  "name": "Результаты выборов по единому округу",
  "protocol_scope": {
    "type": "uik",
    "id": 1265
  },
  "electoral_district": {
    "type": "city",
    "id": 0
  },
  "data_id": 27820001915220,
  "ballot_data_id": 4784009283087,
  "has_koib": false,
  "generated_date": 1632115513000,
  "official_result": {
    "winner": {
      "id": 5,
      "position": 2,
      "percentage": 38.445378151260506,
      "valid_percentage": 39.956331877729255,
      "registered_percentage": 15.940766550522648
    },
    "turnout": {
      "count": 476,
      "percentage": 41.46341463414634,
      "walk_by_count": 459,
      "walk_by_percentage": 39.98257839721254,
      "on_home_count": 17,
      "on_home_percentage": 1.480836236933798,
      "ahead_of_time_count": 0,
      "ahead_of_time_percentage": 0,
      "valid_count": 458,
      "valid_percentage": 39.89547038327526,
      "invalid_count": 18,
      "invalid_percentage": 1.5679442508710801,
      "taken_home_count": 0,
      "taken_home_percentage": 0,
      "lost_count": 0,
      "lost_percentage": 0
    },
    "votes_stats": {
      "winning_count": 183,
      "winning_percentage": 38.445378151260506,
      "effective_count": 458,
      "losing_count": 275,
      "losing_percentage": 57.773109243697476,
      "other_count": 18,
      "other_percentage": 3.7815126050420167,
      "by_place": {
        "#1": {
          "count": 183,
          "percentage": 38.445378151260506
        },
        "#2": {
          "count": 79,
          "percentage": 16.596638655462183
        },
        "#3": {
          "count": 57,
          "percentage": 11.974789915966387
        },
        "#4": {
          "count": 47,
          "percentage": 9.873949579831933
        },
        "#5": {
          "count": 40,
          "percentage": 8.403361344537815
        },
        "#6": {
          "count": 33,
          "percentage": 6.932773109243698
        },
        "#7": {
          "count": 14,
          "percentage": 2.941176470588235
        },
        "#8": {
          "count": 5,
          "percentage": 1.050420168067227
        }
      }
    }
  },
  "turnout_protocols": {
    "17.09.2021": {
      "15.00": {
        "count": 107,
        "count_delta": 107,
        "count_delta_per_hour": 15.285714285714286,
        "count_delta_per_minute": 0.25476190476190474,
        "percentage": 9.38,
        "percentage_delta": 9.38,
        "percentage_delta_per_hour": 1.34,
        "percentage_delta_per_minute": 0.022333333333333334,
        "registered_count": 1141,
        "registered_count_delta": 1141,
        "registered_count_delta_per_hour": 163,
        "registered_count_delta_per_minute": 2.716666666666667
      },
      "20.00": {
        "count": 160,
        "count_delta": 53,
        "count_delta_per_hour": 10.6,
        "count_delta_per_minute": 0.17666666666666667,
        "percentage": 14.02,
        "percentage_delta": 4.639999999999999,
        "percentage_delta_per_hour": 0.9279999999999997,
        "percentage_delta_per_minute": 0.015466666666666663,
        "registered_count": 1141,
        "registered_count_delta": 0,
        "registered_count_delta_per_hour": 0,
        "registered_count_delta_per_minute": 0
      }
    },
    "18.09.2021": {
      "15.00": {
        "count": 226,
        "count_delta": 66,
        "count_delta_per_hour": 9.428571428571429,
        "count_delta_per_minute": 0.15714285714285714,
        "percentage": 19.72,
        "percentage_delta": 5.699999999999999,
        "percentage_delta_per_hour": 0.8142857142857142,
        "percentage_delta_per_minute": 0.01357142857142857,
        "registered_count": 1146,
        "registered_count_delta": 5,
        "registered_count_delta_per_hour": 0.7142857142857143,
        "registered_count_delta_per_minute": 0.011904761904761904
      },
      "20.00": {
        "count": 268,
        "count_delta": 42,
        "count_delta_per_hour": 8.4,
        "count_delta_per_minute": 0.14,
        "percentage": 23.39,
        "percentage_delta": 3.6700000000000017,
        "percentage_delta_per_hour": 0.7340000000000003,
        "percentage_delta_per_minute": 0.012233333333333339,
        "registered_count": 1146,
        "registered_count_delta": 0,
        "registered_count_delta_per_hour": 0,
        "registered_count_delta_per_minute": 0
      }
    },
    "19.09.2021": {
      "10.00": {
        "count": 284,
        "count_delta": 16,
        "count_delta_per_hour": 8,
        "count_delta_per_minute": 0.13333333333333333,
        "percentage": 24.78,
        "percentage_delta": 1.3900000000000006,
        "percentage_delta_per_hour": 0.6950000000000003,
        "percentage_delta_per_minute": 0.011583333333333338
      },
      "12.00": {
        "count": 325,
        "count_delta": 41,
        "count_delta_per_hour": 20.5,
        "count_delta_per_minute": 0.3416666666666667,
        "percentage": 28.33,
        "percentage_delta": 3.549999999999997,
        "percentage_delta_per_hour": 1.7749999999999986,
        "percentage_delta_per_minute": 0.02958333333333331
      },
      "15.00": {
        "count": 359,
        "count_delta": 34,
        "count_delta_per_hour": 11.333333333333334,
        "count_delta_per_minute": 0.18888888888888888,
        "percentage": 31.27,
        "percentage_delta": 2.9400000000000013,
        "percentage_delta_per_hour": 0.9800000000000004,
        "percentage_delta_per_minute": 0.016333333333333342
      },
      "18.00": {
        "count": 429,
        "count_delta": 70,
        "count_delta_per_hour": 23.333333333333332,
        "count_delta_per_minute": 0.3888888888888889,
        "percentage": 37.37,
        "percentage_delta": 6.099999999999998,
        "percentage_delta_per_hour": 2.0333333333333328,
        "percentage_delta_per_minute": 0.03388888888888888
      },
      "20.00": {
        "count": 476,
        "count_delta": 47,
        "count_delta_per_hour": 23.5,
        "count_delta_per_minute": 0.39166666666666666,
        "percentage": 41.46341463414634,
        "percentage_delta": 4.093414634146342,
        "percentage_delta_per_hour": 2.046707317073171,
        "percentage_delta_per_minute": 0.034111788617886184,
        "registered_count": 1148,
        "registered_count_delta": 2,
        "registered_count_delta_per_hour": 0.16666666666666666,
        "registered_count_delta_per_minute": 0.002777777777777778
      }
    }
  },
  "metadata": {
    "analysis": {
      "protocol_count": 1,
      "exceeded_papers_count": 0,
      "exceeded_papers_steal_winning": 0,
      "exceeded_papers_provide_extra_places": 0,
      "multiple_winners": 0,
      "checksum_valid": 1
    },
    "voters": {
      "initially_registered_count": 1141,
      "registered_count": 1148,
      "walk_by_count": 459,
      "on_home_count": 17,
      "ahead_of_time_count": 0,
      "exceptional_count": 0,
      "added_count": 7
    },
    "papers": {
      "received_count": 1000,
      "destroyed_count": 524,
      "stationary_box_count": 459,
      "portable_box_count": 17,
      "valid_count": 458,
      "invalid_count": 18,
      "lost_count": 0,
      "ignored_count": 0,
      "taken_home_count": 0
    }
  },
  "entries": [
    {
      "name": "Всероссийская политическая партия \"ЕДИНАЯ РОССИЯ\"",
      "position": 2,
      "party_id": 5,
      "official_result": {
        "votes_count": 183,
        "place": 1,
        "percentage": 38.445378151260506,
        "valid_percentage": 39.956331877729255,
        "registered_percentage": 15.940766550522648,
        "display_percentage": 38.45,
        "winner": true
      },
      "result_without_other_entry": {
        "1": {
          "percentage": 46.095717884130984,
          "valid_percentage": 48.284960422163586
        },
        "3": {
          "percentage": 41.97247706422018,