{
  "commission_name": "УИК №1013",
  "ballot_name": "Выборы депутатов Законодательного Собрания Санкт-Петербурга седьмого созыва",
  "name": "Результаты выборов по единому округу",
  "protocol_scope": {
    "type": "uik",
    "id": 1013
  },
  "electoral_district": {
    "type": "city",
    "id": 0
  },
  "data_id": 27820001915220,
  "ballot_data_id": 4784025362391,
  "has_koib": false,
  "generated_date": 1632112488000,
  "official_result": {
    "winner": {
      "id": 5,
      "position": 2,
      "percentage": 34.05238828967643,
      "valid_percentage": 35.24720893141946,
      "registered_percentage": 11.258278145695364
    },
    "turnout": {
      "count": 653,
      "percentage": 33.26541008660214,
      "walk_by_count": 621,
      "walk_by_percentage": 31.63525216505349,
      "on_home_count": 32,
      "on_home_percentage": 1.63015792154865,
      "ahead_of_time_count": 0,
      "ahead_of_time_percentage": 0,
      "valid_count": 627,
      "valid_percentage": 31.940906775343862,
      "invalid_count": 22,
      "invalid_percentage": 1.1207335710646968,
      "taken_home_count": 4,
      "taken_home_percentage": 0.20376974019358124,
      "lost_count": 0,
      "lost_percentage": 0
    },
    "votes_stats": {
      "winning_count": 221,
      "winning_percentage": 34.05238828967643,
      "effective_count": 627,
      "losing_count": 406,
      "losing_percentage": 62.557781201849,
      "other_count": 22,
      "other_percentage": 3.389830508474576,
      "by_place": {
        "#1": {
          "count": 221,
          "percentage": 34.05238828967643
        },
        "#2": {
          "count": 125,
          "percentage": 19.26040061633282
        },
        "#3": {
          "count": 106,
          "percentage": 16.33281972265023
        },
        "#4": {
          "count": 57,
          "percentage": 8.782742681047766
        },
        "#5": {
          "count": 53,
          "percentage": 8.166409861325114
        },
        "#6": {
          "count": 41,
          "percentage": 6.317411402157165
        },
        "#7": {
          "count": 13,
          "percentage": 2.0030816640986133
        },
        "#8": {
          "count": 11,
          "percentage": 1.694915254237288
        }
      }
    }
  },
  "turnout_protocols": {
    "17.09.2021": {
      "15.00": {
        "count": 142,
        "count_delta": 142,
        "count_delta_per_hour": 20.285714285714285,
        "count_delta_per_minute": 0.3380952380952381,
        "percentage": 7.23,
        "percentage_delta": 7.23,
        "percentage_delta_per_hour": 1.032857142857143,
        "percentage_delta_per_minute": 0.017214285714285717,
        "registered_count": 1964,
        "registered_count_delta": 1964,
        "registered_count_delta_per_hour": 280.57142857142856,
        "registered_count_delta_per_minute": 4.6761904761904765
      },
      "20.00": {
        "count": 201,
        "count_delta": 59,
        "count_delta_per_hour": 11.8,
        "count_delta_per_minute": 0.19666666666666666,
        "percentage": 10.24,
        "percentage_delta": 3.01,
        "percentage_delta_per_hour": 0.602,
        "percentage_delta_per_minute": 0.010033333333333333,
        "registered_count": 1963,
        "registered_count_delta": -1,
        "registered_count_delta_per_hour": -0.2,
        "registered_count_delta_per_minute": -0.0033333333333333335
      }
    },
    "18.09.2021": {
      "15.00": {
        "count": 308,
        "count_delta": 107,
        "count_delta_per_hour": 15.285714285714286,
        "count_delta_per_minute": 0.25476190476190474,
        "percentage": 15.69,
        "percentage_delta": 5.449999999999999,
        "percentage_delta_per_hour": 0.7785714285714285,
        "percentage_delta_per_minute": 0.012976190476190474,
        "registered_count": 1963,
        "registered_count_delta": 0,
        "registered_count_delta_per_hour": 0,
        "registered_count_delta_per_minute": 0
      },
      "20.00": {
        "count": 369,
        "count_delta": 61,
        "count_delta_per_hour": 12.2,
        "count_delta_per_minute": 0.20333333333333334,
        "percentage": 18.8,
        "percentage_delta": 3.110000000000001,
        "percentage_delta_per_hour": 0.6220000000000002,
        "percentage_delta_per_minute": 0.01036666666666667,
        "registered_count": 1963,
        "registered_count_delta": 0,
        "registered_count_delta_per_hour": 0,
        "registered_count_delta_per_minute": 0
      }
    },
    "19.09.2021": {
      "10.00": {
        "count": 377,
        "count_delta": 8,
        "count_delta_per_hour": 4,
        "count_delta_per_minute": 0.06666666666666667,
        "percentage": 19.21,
        "percentage_delta": 0.41000000000000014,
        "percentage_delta_per_hour": 0.20500000000000007,
        "percentage_delta_per_minute": 0.0034166666666666677
      },
      "12.00": {
        "count": 407,
        "count_delta": 30,
        "count_delta_per_hour": 15,
        "count_delta_per_minute": 0.25,
        "percentage": 20.73,
        "percentage_delta": 1.5199999999999996,
        "percentage_delta_per_hour": 0.7599999999999998,
        "percentage_delta_per_minute": 0.012666666666666663
      },
      "15.00": {
        "count": 487,
        "count_delta": 80,
        "count_delta_per_hour": 26.666666666666668,
        "count_delta_per_minute": 0.4444444444444444,
        "percentage": 24.81,
        "percentage_delta": 4.079999999999998,
        "percentage_delta_per_hour": 1.3599999999999994,
        "percentage_delta_per_minute": 0.022666666666666658
      },
      "18.00": {
        "count": 579,
        "count_delta": 92,
        "count_delta_per_hour": 30.666666666666668,
        "count_delta_per_minute": 0.5111111111111111,
        "percentage": 29.5,
        "percentage_delta": 4.690000000000001,
        "percentage_delta_per_hour": 1.5633333333333337,
        "percentage_delta_per_minute": 0.02605555555555556
      },
      "20.00": {
        "count": 653,
        "count_delta": 74,
        "count_delta_per_hour": 37,
        "count_delta_per_minute": 0.6166666666666667,
        "percentage": 33.26541008660214,
        "percentage_delta": 3.765410086602138,
        "percentage_delta_per_hour": 1.882705043301069,
        "percentage_delta_per_minute": 0.03137841738835115,
        "registered_count": 1963,
        "registered_count_delta": 0,
        "registered_count_delta_per_hour": 0,
        "registered_count_delta_per_minute": 0
      }
    }
  },
  "metadata": {
    "analysis": {
      "negative_turnout_registered_count_protocols": 1,
      "negative_turnout_registered_count": 1,
      "protocol_count": 1,
      "exceeded_papers_count": 0,
      "exceeded_papers_steal_winning": 0,
      "exceeded_papers_provide_extra_places": 0,
      "multiple_winners": 0,
      "checksum_valid": 1
    },
    "voters": {
      "initially_registered_count": 1963,
      "registered_count": 1963,
      "walk_by_count": 621,
      "on_home_count": 32,
      "ahead_of_time_count": 0,
      "exceptional_count": 0
    },
    "papers": {
      "received_count": 1500,
      "destroyed_count": 847,
      "stationary_box_count": 617,
      "portable_box_count": 32,
      "valid_count": 627,
      "invalid_count": 22,
      "lost_count": 0,
      "ignored_count": 0,
      "taken_home_count": 4
    }
  },
  "entries": [
    {
      "name": "Всероссийская политическая партия \"ЕДИНАЯ РОССИЯ\"",
      "position": 2,
      "party_id": 5,
      "official_result": {
        "votes_count": 221,
        "place": 1,
        "percentage": 34.05238828967643,
        "valid_percentage": 35.24720893141946,
        "registered_percentage": 11.258278145695364,
        "display_percentage": 34.05,
        "winner": true
      },
      "result_without_other_entry": {
        "1": {
          "percentage": 42.17557251908397,
          "valid_percentage": 44.02390438247012
        },
        "3": {
          "percentage": 37.080536912751676,