{
  "commission_name": "УИК №988",
  "ballot_name": "Выборы депутатов Законодательного Собрания Санкт-Петербурга седьмого созыва",
  "name": "Результаты выборов по одномандатному (многомандатному) округу",
  "protocol_scope": {
    "type": "uik",
    "id": 988
  },
  "electoral_district": {
    "type": "city",
    "id": 8
  },
  "data_id": 27820001915220,
  "ballot_data_id": 4784025362366,
  "has_koib": false,
  "generated_date": 1632113775000,
  "official_result": {
    "winner": {
      "id": 239,
      "position": 3,
      "percentage": 44.26605504587156,
      "valid_percentage": 46.172248803827756,
      "registered_percentage": 17.86210087922258
    },
    "turnout": {
      "count": 872,
      "percentage": 40.35168903285516,
      "walk_by_count": 688,
      "walk_by_percentage": 31.83711244794077,
      "on_home_count": 184,
      "on_home_percentage": 8.514576584914392,
      "ahead_of_time_count": 0,
      "ahead_of_time_percentage": 0,
      "valid_count": 836,
      "valid_percentage": 38.685793614067556,
      "invalid_count": 36,
      "invalid_percentage": 1.6658954187875983,
      "taken_home_count": 0,
      "taken_home_percentage": 0,
      "lost_count": 0,
      "lost_percentage": 0
    },
    "votes_stats": {
      "winning_count": 386,
      "winning_percentage": 44.26605504587156,
      "effective_count": 836,
      "losing_count": 450,
      "losing_percentage": 51.60550458715596,
      "other_count": 36,
      "other_percentage": 4.128440366972478,
      "by_place": {
        "#1": {
          "count": 386,
          "percentage": 44.26605504587156
        },
        "#2": {
          "count": 177,
          "percentage": 20.298165137614678
        },
        "#3": {
          "count": 154,
          "percentage": 17.660550458715598,
          "supported_by_smart_vote": true
        },
        "#4": {
          "count": 73,
          "percentage": 8.371559633027523
        },
        "#5": {
          "count": 46,
          "percentage": 5.275229357798166
        }
      }
    }
  },
  "turnout_protocols": {
    "17.09.2021": {
      "15.00": {
        "count": 158,
        "count_delta": 158,
        "count_delta_per_hour": 22.571428571428573,
        "count_delta_per_minute": 0.3761904761904762,
        "percentage": 7.31,
        "percentage_delta": 7.31,
        "percentage_delta_per_hour": 1.0442857142857143,
        "percentage_delta_per_minute": 0.017404761904761906,
        "registered_count": 2161,
        "registered_count_delta": 2161,
        "registered_count_delta_per_hour": 308.7142857142857,
        "registered_count_delta_per_minute": 5.145238095238096
      },
      "20.00": {
        "count": 273,
        "count_delta": 115,
        "count_delta_per_hour": 23,
        "count_delta_per_minute": 0.38333333333333336,
        "percentage": 12.63,
        "percentage_delta": 5.320000000000001,
        "percentage_delta_per_hour": 1.0640000000000003,
        "percentage_delta_per_minute": 0.017733333333333337,
        "registered_count": 2162,
        "registered_count_delta": 1,
        "registered_count_delta_per_hour": 0.2,
        "registered_count_delta_per_minute": 0.0033333333333333335
      }
    },
    "18.09.2021": {
      "15.00": {
        "count": 391,
        "count_delta": 118,
        "count_delta_per_hour": 16.857142857142858,
        "count_delta_per_minute": 0.28095238095238095,
        "percentage": 18.09,
        "percentage_delta": 5.459999999999999,
        "percentage_delta_per_hour": 0.7799999999999999,
        "percentage_delta_per_minute": 0.012999999999999998,
        "registered_count": 2161,
        "registered_count_delta": -1,
        "registered_count_delta_per_hour": -0.14285714285714285,
        "registered_count_delta_per_minute": -0.002380952380952381
      },
      "20.00": {
        "count": 494,
        "count_delta": 103,
        "count_delta_per_hour": 20.6,
        "count_delta_per_minute": 0.3433333333333333,
        "percentage": 22.86,
        "percentage_delta": 4.77,
        "percentage_delta_per_hour": 0.954,
        "percentage_delta_per_minute": 0.015899999999999997,
        "registered_count": 2161,
        "registered_count_delta": 0,
        "registered_count_delta_per_hour": 0,
        "registered_count_delta_per_minute": 0
      }
    },
    "19.09.2021": {
      "10.00": {
        "count": 448,
        "count_delta": -46,
        "count_delta_per_hour": -23,
        "count_delta_per_minute": -0.38333333333333336,
        "percentage": 20.73,
        "percentage_delta": -2.129999999999999,
        "percentage_delta_per_hour": -1.0649999999999995,
        "percentage_delta_per_minute": -0.01774999999999999
      },
      "12.00": {
        "count": 538,
        "count_delta": 90,
        "count_delta_per_hour": 45,
        "count_delta_per_minute": 0.75,
        "percentage": 24.9,
        "percentage_delta": 4.169999999999998,
        "percentage_delta_per_hour": 2.084999999999999,
        "percentage_delta_per_minute": 0.03474999999999998
      },
      "15.00": {
        "count": 679,
        "count_delta": 141,
        "count_delta_per_hour": 47,
        "count_delta_per_minute": 0.7833333333333333,
        "percentage": 31.42,
        "percentage_delta": 6.520000000000003,
        "percentage_delta_per_hour": 2.1733333333333342,
        "percentage_delta_per_minute": 0.03622222222222224
      },
      "18.00": {
        "count": 795,
        "count_delta": 116,
        "count_delta_per_hour": 38.666666666666664,
        "count_delta_per_minute": 0.6444444444444445,
        "percentage": 36.79,
        "percentage_delta": 5.369999999999997,
        "percentage_delta_per_hour": 1.7899999999999991,
        "percentage_delta_per_minute": 0.02983333333333332
      },
      "20.00": {
        "count": 872,
        "count_delta": 77,
        "count_delta_per_hour": 38.5,
        "count_delta_per_minute": 0.6416666666666667,
        "percentage": 40.35168903285516,
        "percentage_delta": 3.5616890328551634,
        "percentage_delta_per_hour": 1.7808445164275817,
        "percentage_delta_per_minute": 0.029680741940459696,
        "registered_count": 2161,
        "registered_count_delta": 0,
        "registered_count_delta_per_hour": 0,
        "registered_count_delta_per_minute": 0
      }
    }
  },
  "metadata": {
    "analysis": {
      "negative_turnout_registered_count_protocols": 1,
      "negative_turnout_registered_count": 1,
      "negative_turnout_percentage_protocols": 1,
      "negative_turnout_percentage": 2.129999999999999,
      "negative_turnout_count_protocols": 1,
      "negative_turnout_count": 46,
      "protocol_count": 1,
      "exceeded_papers_count": 0,
      "exceeded_papers_steal_winning": 0,
      "checksum_valid": 1
    },
    "voters": {
      "initially_registered_count": 2161,
      "registered_count": 2161,
      "walk_by_count": 688,
      "on_home_count": 184,
      "ahead_of_time_count": 0,
      "exceptional_count": 0
    },
    "papers": {
      "received_count": 2000,
      "destroyed_count": 1128,
      "stationary_box_count": 688,
      "portable_box_count": 184,
      "valid_count": 836,
      "invalid_count": 36,
      "lost_count": 0,
      "ignored_count": 0,
      "taken_home_count": 0
    }
  },
  "entries": [
    {
      "name": "Кущак Александр Иванович",
      "position": 3,
      "candidate_id": 239,
      "supported_by_party_id": 5,
      "official_result": {
        "votes_count": 386,
        "place": 1,
        "percentage": 44.26605504587156,
        "valid_percentage": 46.172248803827756,
        "registered_percentage": 17.86210087922258,
        "display_percentage": 44.27,
        "winner": true
      },
      "result_without_other_entry": {
        "237": {
          "percentage": 53.760445682451255,
          "valid_percentage": 56.598240469208214
        },
        "238": {
          "percentage": 48.310387984981226,
          "valid_percentage": 50.58977719528178
        },