{
  "commission_name": "УИК №1724",
  "ballot_name": "Выборы депутатов Законодательного Собрания Санкт-Петербурга седьмого созыва",
  "name": "Результаты выборов по единому округу",
  "protocol_scope": {
    "type": "uik",
    "id": 1724
  },
  "electoral_district": {
    "type": "city",
    "id": 0
  },
  "data_id": 27820001915220,
  "ballot_data_id": 478405781835,
  "has_koib": false,
  "generated_date": 1632124470000,
  "official_result": {
    "winner": {
      "id": 5,
      "position": 2,
      "percentage": 30.16759776536313,
      "valid_percentage": 31.858407079646017,
      "registered_percentage": 9.791477787851315
    },
    "turnout": {
      "count": 358,
      "percentage": 32.45693563009973,
      "walk_by_count": 334,
      "walk_by_percentage": 30.28105167724388,
      "on_home_count": 24,
      "on_home_percentage": 2.175883952855848,
      "ahead_of_time_count": 0,
      "ahead_of_time_percentage": 0,
      "valid_count": 339,
      "valid_percentage": 30.734360834088847,
      "invalid_count": 19,
      "invalid_percentage": 1.7225747960108795,
      "taken_home_count": 0,
      "taken_home_percentage": 0,
      "lost_count": 0,
      "lost_percentage": 0
    },
    "votes_stats": {
      "winning_count": 108,
      "winning_percentage": 30.16759776536313,
      "effective_count": 339,
      "losing_count": 231,
      "losing_percentage": 64.52513966480447,
      "other_count": 19,
      "other_percentage": 5.307262569832402,
      "by_place": {
        "#1": {
          "count": 108,
          "percentage": 30.16759776536313
        },
        "#2": {
          "count": 54,
          "percentage": 15.083798882681565
        },
        "#3": {
          "count": 50,
          "percentage": 13.966480446927374
        },
        "#4": {
          "count": 48,
          "percentage": 13.40782122905028
        },
        "#5": {
          "count": 28,
          "percentage": 7.82122905027933
        },
        "#6": {
          "count": 22,
          "percentage": 6.145251396648044
        },
        "#7": {
          "count": 16,
          "percentage": 4.4692737430167595
        },
        "#8": {
          "count": 13,
          "percentage": 3.6312849162011176
        }
      }
    }
  },
  "turnout_protocols": {
    "17.09.2021": {
      "15.00": {
        "count": 40,
        "count_delta": 40,
        "count_delta_per_hour": 5.714285714285714,
        "count_delta_per_minute": 0.09523809523809523,
        "percentage": 3.65,
        "percentage_delta": 3.65,
        "percentage_delta_per_hour": 0.5214285714285715,
        "percentage_delta_per_minute": 0.00869047619047619,
        "registered_count": 1096,
        "registered_count_delta": 1096,
        "registered_count_delta_per_hour": 156.57142857142858,
        "registered_count_delta_per_minute": 2.6095238095238096
      },
      "20.00": {
        "count": 83,
        "count_delta": 43,
        "count_delta_per_hour": 8.6,
        "count_delta_per_minute": 0.14333333333333334,
        "percentage": 7.57,
        "percentage_delta": 3.9200000000000004,
        "percentage_delta_per_hour": 0.784,
        "percentage_delta_per_minute": 0.013066666666666667,
        "registered_count": 1096,
        "registered_count_delta": 0,
        "registered_count_delta_per_hour": 0,
        "registered_count_delta_per_minute": 0
      }
    },
    "18.09.2021": {
      "15.00": {
        "count": 140,
        "count_delta": 57,
        "count_delta_per_hour": 8.142857142857142,
        "count_delta_per_minute": 0.1357142857142857,
        "percentage": 12.75,
        "percentage_delta": 5.18,
        "percentage_delta_per_hour": 0.74,
        "percentage_delta_per_minute": 0.012333333333333333,
        "registered_count": 1098,
        "registered_count_delta": 2,
        "registered_count_delta_per_hour": 0.2857142857142857,
        "registered_count_delta_per_minute": 0.004761904761904762
      },
      "20.00": {
        "count": 168,
        "count_delta": 28,
        "count_delta_per_hour": 5.6,
        "count_delta_per_minute": 0.09333333333333334,
        "percentage": 15.3,
        "percentage_delta": 2.5500000000000007,
        "percentage_delta_per_hour": 0.5100000000000001,
        "percentage_delta_per_minute": 0.008500000000000002,
        "registered_count": 1098,
        "registered_count_delta": 0,
        "registered_count_delta_per_hour": 0,
        "registered_count_delta_per_minute": 0
      }
    },
    "19.09.2021": {
      "10.00": {
        "count": 178,
        "count_delta": 10,
        "count_delta_per_hour": 5,
        "count_delta_per_minute": 0.08333333333333333,
        "percentage": 16.12,
        "percentage_delta": 0.8200000000000003,
        "percentage_delta_per_hour": 0.41000000000000014,
        "percentage_delta_per_minute": 0.006833333333333335
      },
      "12.00": {
        "count": 193,
        "count_delta": 15,
        "count_delta_per_hour": 7.5,
        "count_delta_per_minute": 0.125,
        "percentage": 17.49,
        "percentage_delta": 1.3699999999999974,
        "percentage_delta_per_hour": 0.6849999999999987,
        "percentage_delta_per_minute": 0.011416666666666646
      },
      "15.00": {
        "count": 258,
        "count_delta": 65,
        "count_delta_per_hour": 21.666666666666668,
        "count_delta_per_minute": 0.3611111111111111,
        "percentage": 23.41,
        "percentage_delta": 5.920000000000002,
        "percentage_delta_per_hour": 1.9733333333333338,
        "percentage_delta_per_minute": 0.0328888888888889
      },
      "18.00": {
        "count": 292,
        "count_delta": 34,
        "count_delta_per_hour": 11.333333333333334,
        "count_delta_per_minute": 0.18888888888888888,
        "percentage": 26.5,
        "percentage_delta": 3.09,
        "percentage_delta_per_hour": 1.03,
        "percentage_delta_per_minute": 0.017166666666666667
      },
      "20.00": {
        "count": 358,
        "count_delta": 66,
        "count_delta_per_hour": 33,
        "count_delta_per_minute": 0.55,
        "percentage": 32.45693563009973,
        "percentage_delta": 5.9569356300997285,
        "percentage_delta_per_hour": 2.9784678150498642,
        "percentage_delta_per_minute": 0.04964113025083107,
        "registered_count": 1103,
        "registered_count_delta": 5,
        "registered_count_delta_per_hour": 0.4166666666666667,
        "registered_count_delta_per_minute": 0.006944444444444444
      }
    }
  },
  "metadata": {
    "analysis": {
      "protocol_count": 1,
      "exceeded_papers_count": 0,
      "exceeded_papers_steal_winning": 0,
      "exceeded_papers_provide_extra_places": 0,
      "multiple_winners": 0,
      "checksum_valid": 1
    },
    "voters": {
      "initially_registered_count": 1093,
      "registered_count": 1103,
      "walk_by_count": 334,
      "on_home_count": 24,
      "ahead_of_time_count": 0,
      "exceptional_count": 0,
      "added_count": 10
    },
    "papers": {
      "received_count": 1000,
      "destroyed_count": 642,
      "stationary_box_count": 334,
      "portable_box_count": 24,
      "valid_count": 339,
      "invalid_count": 19,
      "lost_count": 0,
      "ignored_count": 0,
      "taken_home_count": 0
    }
  },
  "entries": [
    {
      "name": "Всероссийская политическая партия \"ЕДИНАЯ РОССИЯ\"",
      "position": 2,
      "party_id": 5,
      "official_result": {
        "votes_count": 108,
        "place": 1,
        "percentage": 30.16759776536313,
        "valid_percentage": 31.858407079646017,
        "registered_percentage": 9.791477787851315,
        "display_percentage": 30.17,
        "winner": true
      },
      "result_without_other_entry": {
        "1": {
          "percentage": 34.83870967741935,
          "valid_percentage": 37.11340206185567
        },
        "3": {
          "percentage": 35.064935064935064,
          "valid_percentage": 37.37024221453287
        },
        "4": {
          "percentage": 32.142857142857146,