{
  "commission_name": "УИК №155",
  "ballot_name": "Выборы депутатов Законодательного Собрания Санкт-Петербурга седьмого созыва",
  "name": "Результаты выборов по единому округу",
  "protocol_scope": {
    "type": "uik",
    "id": 155
  },
  "electoral_district": {
    "type": "city",
    "id": 0
  },
  "data_id": 27820001915220,
  "ballot_data_id": 478403283778,
  "has_koib": true,
  "generated_date": 1632113651000,
  "official_result": {
    "winner": {
      "id": 5,
      "position": 2,
      "percentage": 25.29832935560859,
      "valid_percentage": 25.790754257907544,
      "registered_percentage": 9.355692850838482
    },
    "turnout": {
      "count": 419,
      "percentage": 36.98146513680494,
      "walk_by_count": 414,
      "walk_by_percentage": 36.54015887025596,
      "on_home_count": 5,
      "on_home_percentage": 0.44130626654898497,
      "ahead_of_time_count": 0,
      "ahead_of_time_percentage": 0,
      "valid_count": 411,
      "valid_percentage": 36.27537511032657,
      "invalid_count": 8,
      "invalid_percentage": 0.706090026478376,
      "taken_home_count": 0,
      "taken_home_percentage": 0,
      "lost_count": 0,
      "lost_percentage": 0
    },
    "votes_stats": {
      "winning_count": 106,
      "winning_percentage": 25.29832935560859,
      "effective_count": 411,
      "losing_count": 305,
      "losing_percentage": 72.79236276849642,
      "other_count": 8,
      "other_percentage": 1.9093078758949882,
      "by_place": {
        "#1": {
          "count": 106,
          "percentage": 25.29832935560859
        },
        "#2": {
          "count": 89,
          "percentage": 21.241050119331742
        },
        "#3": {
          "count": 71,
          "percentage": 16.94510739856802
        },
        "#4": {
          "count": 58,
          "percentage": 13.842482100238662
        },
        "#5": {
          "count": 32,
          "percentage": 7.637231503579953
        },
        "#6": {
          "count": 26,
          "percentage": 6.205250596658711
        },
        "#7": {
          "count": 22,
          "percentage": 5.250596658711217
        },
        "#8": {
          "count": 7,
          "percentage": 1.6706443914081146
        }
      }
    }
  },
  "turnout_protocols": {
    "17.09.2021": {
      "15.00": {
        "count": 40,
        "count_delta": 40,
        "count_delta_per_hour": 5.714285714285714,
        "count_delta_per_minute": 0.09523809523809523,
        "percentage": 3.54,
        "percentage_delta": 3.54,
        "percentage_delta_per_hour": 0.5057142857142857,
        "percentage_delta_per_minute": 0.00842857142857143,
        "registered_count": 1130,
        "registered_count_delta": 1130,
        "registered_count_delta_per_hour": 161.42857142857142,
        "registered_count_delta_per_minute": 2.6904761904761907
      },
      "20.00": {
        "count": 94,
        "count_delta": 54,
        "count_delta_per_hour": 10.8,
        "count_delta_per_minute": 0.18,
        "percentage": 8.32,
        "percentage_delta": 4.78,
        "percentage_delta_per_hour": 0.9560000000000001,
        "percentage_delta_per_minute": 0.015933333333333334,
        "registered_count": 1130,
        "registered_count_delta": 0,
        "registered_count_delta_per_hour": 0,
        "registered_count_delta_per_minute": 0
      }
    },
    "18.09.2021": {
      "15.00": {
        "count": 129,
        "count_delta": 35,
        "count_delta_per_hour": 5,
        "count_delta_per_minute": 0.08333333333333333,
        "percentage": 11.39,
        "percentage_delta": 3.0700000000000003,
        "percentage_delta_per_hour": 0.4385714285714286,
        "percentage_delta_per_minute": 0.00730952380952381,
        "registered_count": 1133,
        "registered_count_delta": 3,
        "registered_count_delta_per_hour": 0.42857142857142855,
        "registered_count_delta_per_minute": 0.007142857142857143
      },
      "20.00": {
        "count": 177,
        "count_delta": 48,
        "count_delta_per_hour": 9.6,
        "count_delta_per_minute": 0.16,
        "percentage": 15.62,
        "percentage_delta": 4.229999999999999,
        "percentage_delta_per_hour": 0.8459999999999998,
        "percentage_delta_per_minute": 0.014099999999999996,
        "registered_count": 1133,
        "registered_count_delta": 0,
        "registered_count_delta_per_hour": 0,
        "registered_count_delta_per_minute": 0
      }
    },
    "19.09.2021": {
      "10.00": {
        "count": 178,
        "count_delta": 1,
        "count_delta_per_hour": 0.5,
        "count_delta_per_minute": 0.008333333333333333,
        "percentage": 15.71,
        "percentage_delta": 0.09000000000000163,
        "percentage_delta_per_hour": 0.04500000000000082,
        "percentage_delta_per_minute": 0.0007500000000000136
      },
      "12.00": {
        "count": 246,
        "count_delta": 68,
        "count_delta_per_hour": 34,
        "count_delta_per_minute": 0.5666666666666667,
        "percentage": 21.71,
        "percentage_delta": 6,
        "percentage_delta_per_hour": 3,
        "percentage_delta_per_minute": 0.05
      },
      "15.00": {
        "count": 281,
        "count_delta": 35,
        "count_delta_per_hour": 11.666666666666666,
        "count_delta_per_minute": 0.19444444444444445,
        "percentage": 24.8,
        "percentage_delta": 3.09,
        "percentage_delta_per_hour": 1.03,
        "percentage_delta_per_minute": 0.017166666666666667
      },
      "18.00": {
        "count": 328,
        "count_delta": 47,
        "count_delta_per_hour": 15.666666666666666,
        "count_delta_per_minute": 0.2611111111111111,
        "percentage": 28.95,
        "percentage_delta": 4.149999999999999,
        "percentage_delta_per_hour": 1.3833333333333329,
        "percentage_delta_per_minute": 0.023055555555555548
      },
      "20.00": {
        "count": 419,
        "count_delta": 91,
        "count_delta_per_hour": 45.5,
        "count_delta_per_minute": 0.7583333333333333,
        "percentage": 36.98146513680494,
        "percentage_delta": 8.031465136804943,
        "percentage_delta_per_hour": 4.015732568402472,
        "percentage_delta_per_minute": 0.0669288761400412,
        "registered_count": 1133,
        "registered_count_delta": 0,
        "registered_count_delta_per_hour": 0,
        "registered_count_delta_per_minute": 0
      }
    }
  },
  "metadata": {
    "analysis": {
      "protocol_count": 1,
      "exceeded_papers_count": 0,
      "exceeded_papers_steal_winning": 0,
      "exceeded_papers_provide_extra_places": 0,
      "multiple_winners": 0,
      "checksum_valid": 1
    },
    "voters": {
      "initially_registered_count": 1130,
      "registered_count": 1133,
      "walk_by_count": 414,
      "on_home_count": 5,
      "ahead_of_time_count": 0,
      "exceptional_count": 0,
      "added_count": 3
    },
    "papers": {
      "received_count": 1000,
      "destroyed_count": 581,
      "stationary_box_count": 414,
      "portable_box_count": 5,
      "valid_count": 411,
      "invalid_count": 8,
      "lost_count": 0,
      "ignored_count": 0,
      "taken_home_count": 0
    }
  },
  "entries": [
    {
      "name": "Всероссийская политическая партия \"ЕДИНАЯ РОССИЯ\"",
      "position": 2,
      "party_id": 5,
      "official_result": {
        "votes_count": 106,
        "place": 1,
        "percentage": 25.29832935560859,
        "valid_percentage": 25.790754257907544,
        "registered_percentage": 9.355692850838482,
        "display_percentage": 25.3,
        "winner": true
      },
      "result_without_other_entry": {
        "1": {
          "percentage": 30.45977011494253,
          "valid_percentage": 31.176470588235293
        },
        "3": {
          "percentage": 26.700251889168765,
          "valid_percentage": 27.249357326478147
        },
        "4": {
          "percentage": 26.97201017811705,
          "valid_percentage": 27.532467532467532
        },