{
  "commission_name": "УИК №1996",
  "ballot_name": "Выборы депутатов Законодательного Собрания Санкт-Петербурга седьмого созыва",
  "name": "Результаты выборов по единому округу",
  "protocol_scope": {
    "type": "uik",
    "id": 1996
  },
  "electoral_district": {
    "type": "city",
    "id": 0
  },
  "data_id": 27820001915220,
  "ballot_data_id": 478405986463,
  "has_koib": false,
  "generated_date": 1632142291000,
  "official_result": {
    "winner": {
      "id": [
        1,
        5
      ],
      "position": [
        2,
        6
      ],
      "percentage": [
        20.786516853932586,
        20.786516853932586
      ],
      "valid_percentage": [
        21.21559633027523,
        21.21559633027523
      ],
      "registered_percentage": [
        7.266300078554595,
        7.266300078554595
      ]
    },
    "turnout": {
      "count": 909,
      "percentage": 35.70306362922231,
      "walk_by_count": 893,
      "walk_by_percentage": 35.07462686567165,
      "on_home_count": 16,
      "on_home_percentage": 0.6284367635506678,
      "ahead_of_time_count": 0,
      "ahead_of_time_percentage": 0,
      "valid_count": 872,
      "valid_percentage": 34.24980361351139,
      "invalid_count": 18,
      "invalid_percentage": 0.7069913589945012,
      "taken_home_count": 19,
      "taken_home_percentage": 0.7462686567164178,
      "lost_count": 0,
      "lost_percentage": 0
    },
    "votes_stats": {
      "winning_count": 370,
      "winning_percentage": 41.57303370786517,
      "effective_count": 872,
      "losing_count": 502,
      "losing_percentage": 56.40449438202248,
      "other_count": 18,
      "other_percentage": 2.0224719101123596,
      "by_place": {
        "#1.5": {
          "count": 370,
          "percentage": 41.57303370786517
        },
        "#2": {
          "count": 147,
          "percentage": 16.51685393258427
        },
        "#3": {
          "count": 139,
          "percentage": 15.617977528089888
        },
        "#4": {
          "count": 96,
          "percentage": 10.786516853932584
        },
        "#5": {
          "count": 83,
          "percentage": 9.325842696629213
        },
        "#6": {
          "count": 21,
          "percentage": 2.359550561797753
        },
        "#7": {
          "count": 16,
          "percentage": 1.7977528089887642
        }
      }
    }
  },
  "turnout_protocols": {
    "17.09.2021": {
      "15.00": {
        "count": 259,
        "count_delta": 259,
        "count_delta_per_hour": 37,
        "count_delta_per_minute": 0.6166666666666667,
        "percentage": 10.17,
        "percentage_delta": 10.17,
        "percentage_delta_per_hour": 1.4528571428571428,
        "percentage_delta_per_minute": 0.024214285714285712,
        "registered_count": 2547,
        "registered_count_delta": 2547,
        "registered_count_delta_per_hour": 363.85714285714283,
        "registered_count_delta_per_minute": 6.064285714285714
      },
      "20.00": {
        "count": 262,
        "count_delta": 3,
        "count_delta_per_hour": 0.6,
        "count_delta_per_minute": 0.01,
        "percentage": 10.29,
        "percentage_delta": 0.11999999999999922,
        "percentage_delta_per_hour": 0.023999999999999844,
        "percentage_delta_per_minute": 0.0003999999999999974,
        "registered_count": 2546,
        "registered_count_delta": -1,
        "registered_count_delta_per_hour": -0.2,
        "registered_count_delta_per_minute": -0.0033333333333333335
      }
    },
    "18.09.2021": {
      "15.00": {
        "count": 340,
        "count_delta": 78,
        "count_delta_per_hour": 11.142857142857142,
        "count_delta_per_minute": 0.18571428571428572,
        "percentage": 13.35,
        "percentage_delta": 3.0600000000000005,
        "percentage_delta_per_hour": 0.4371428571428572,
        "percentage_delta_per_minute": 0.007285714285714287,
        "registered_count": 2547,
        "registered_count_delta": 1,
        "registered_count_delta_per_hour": 0.14285714285714285,
        "registered_count_delta_per_minute": 0.002380952380952381
      },
      "20.00": {
        "count": 393,
        "count_delta": 53,
        "count_delta_per_hour": 10.6,
        "count_delta_per_minute": 0.17666666666666667,
        "percentage": 15.44,
        "percentage_delta": 2.09,
        "percentage_delta_per_hour": 0.418,
        "percentage_delta_per_minute": 0.006966666666666666,
        "registered_count": 2545,
        "registered_count_delta": -2,
        "registered_count_delta_per_hour": -0.4,
        "registered_count_delta_per_minute": -0.006666666666666667
      }
    },
    "19.09.2021": {
      "10.00": {
        "count": 415,
        "count_delta": 22,
        "count_delta_per_hour": 11,
        "count_delta_per_minute": 0.18333333333333332,
        "percentage": 16.3,
        "percentage_delta": 0.8600000000000012,
        "percentage_delta_per_hour": 0.4300000000000006,
        "percentage_delta_per_minute": 0.007166666666666677
      },
      "12.00": {
        "count": 764,
        "count_delta": 349,
        "count_delta_per_hour": 174.5,
        "count_delta_per_minute": 2.908333333333333,
        "percentage": 30.01,
        "percentage_delta": 13.71,
        "percentage_delta_per_hour": 6.855,
        "percentage_delta_per_minute": 0.11425
      },
      "15.00": {
        "count": 764,
        "count_delta": 0,
        "count_delta_per_hour": 0,
        "count_delta_per_minute": 0,
        "percentage": 30.01,
        "percentage_delta": 0,
        "percentage_delta_per_hour": 0,
        "percentage_delta_per_minute": 0
      },
      "18.00": {
        "count": 764,
        "count_delta": 0,
        "count_delta_per_hour": 0,
        "count_delta_per_minute": 0,
        "percentage": 30.01,
        "percentage_delta": 0,
        "percentage_delta_per_hour": 0,
        "percentage_delta_per_minute": 0
      },
      "20.00": {
        "count": 909,
        "count_delta": 145,
        "count_delta_per_hour": 72.5,
        "count_delta_per_minute": 1.2083333333333333,
        "percentage": 35.70306362922231,
        "percentage_delta": 5.693063629222305,
        "percentage_delta_per_hour": 2.8465318146111525,
        "percentage_delta_per_minute": 0.04744219691018588,
        "registered_count": 2546,
        "registered_count_delta": 1,
        "registered_count_delta_per_hour": 0.08333333333333333,
        "registered_count_delta_per_minute": 0.001388888888888889
      }
    }
  },
  "metadata": {
    "analysis": {
      "negative_turnout_registered_count_protocols": 1,
      "negative_turnout_registered_count": 2,
      "protocol_count": 1,
      "exceeded_papers_count": 0,
      "exceeded_papers_steal_winning": 0,
      "exceeded_papers_provide_extra_places": 0,
      "multiple_winners": 1,
      "checksum_valid": 1
    },
    "voters": {
      "initially_registered_count": 2546,
      "registered_count": 2546,
      "walk_by_count": 893,
      "on_home_count": 16,
      "ahead_of_time_count": 0,
      "exceptional_count": 0
    },
    "papers": {
      "received_count": 2000,
      "destroyed_count": 1091,
      "stationary_box_count": 874,
      "portable_box_count": 16,
      "valid_count": 872,
      "invalid_count": 18,
      "lost_count": 0,
      "ignored_count": 0,
      "taken_home_count": 19
    }
  },
  "entries": [
    {
      "name": "Всероссийская политическая партия \"ЕДИНАЯ РОССИЯ\"",
      "position": 2,
      "party_id": 5,
      "official_result": {
        "votes_count": 185,
        "place": 1.5,
        "percentage": 20.786516853932586,
        "valid_percentage": 21.21559633027523,
        "registered_percentage": 7.266300078554595,
        "display_percentage": 20.79,
        "winner": true,
        "same_place_candidate_count": 2
      },
      "result_without_other_entry": {
        "1": {
          "percentage": 26.24113475177305,
          "valid_percentage": 26.92867540029112
        },