{
  "commission_name": "УИК №1280",
  "ballot_name": "Выборы депутатов Законодательного Собрания Санкт-Петербурга седьмого созыва",
  "name": "Результаты выборов по единому округу",
  "protocol_scope": {
    "type": "uik",
    "id": 1280
  },
  "electoral_district": {
    "type": "city",
    "id": 0
  },
  "data_id": 27820001915220,
  "ballot_data_id": 4784010407133,
  "has_koib": false,
  "generated_date": 1632126824000,
  "official_result": {
    "winner": {
      "id": 5,
      "position": 2,
      "percentage": 26.560424966799467,
      "valid_percentage": 27.06359945872801,
      "registered_percentage": 6.700167504187604
    },
    "turnout": {
      "count": 753,
      "percentage": 25.22613065326633,
      "walk_by_count": 745,
      "walk_by_percentage": 24.958123953098827,
      "on_home_count": 8,
      "on_home_percentage": 0.2680067001675042,
      "ahead_of_time_count": 0,
      "ahead_of_time_percentage": 0,
      "valid_count": 739,
      "valid_percentage": 24.7571189279732,
      "invalid_count": 14,
      "invalid_percentage": 0.46901172529313234,
      "taken_home_count": 0,
      "taken_home_percentage": 0,
      "lost_count": 0,
      "lost_percentage": 0
    },
    "votes_stats": {
      "winning_count": 200,
      "winning_percentage": 26.560424966799467,
      "effective_count": 739,
      "losing_count": 539,
      "losing_percentage": 71.58034528552457,
      "other_count": 14,
      "other_percentage": 1.859229747675963,
      "by_place": {
        "#1": {
          "count": 200,
          "percentage": 26.560424966799467
        },
        "#2": {
          "count": 164,
          "percentage": 21.779548472775563
        },
        "#3": {
          "count": 143,
          "percentage": 18.99070385126162
        },
        "#4": {
          "count": 78,
          "percentage": 10.358565737051793
        },
        "#5": {
          "count": 69,
          "percentage": 9.163346613545817
        },
        "#6": {
          "count": 48,
          "percentage": 6.374501992031872
        },
        "#7": {
          "count": 21,
          "percentage": 2.788844621513944
        },
        "#8": {
          "count": 16,
          "percentage": 2.1248339973439574
        }
      }
    }
  },
  "turnout_protocols": {
    "17.09.2021": {
      "15.00": {
        "count": 110,
        "count_delta": 110,
        "count_delta_per_hour": 15.714285714285714,
        "count_delta_per_minute": 0.2619047619047619,
        "percentage": 3.73,
        "percentage_delta": 3.73,
        "percentage_delta_per_hour": 0.5328571428571428,
        "percentage_delta_per_minute": 0.008880952380952382,
        "registered_count": 2949,
        "registered_count_delta": 2949,
        "registered_count_delta_per_hour": 421.2857142857143,
        "registered_count_delta_per_minute": 7.021428571428571
      },
      "20.00": {
        "count": 195,
        "count_delta": 85,
        "count_delta_per_hour": 17,
        "count_delta_per_minute": 0.2833333333333333,
        "percentage": 6.61,
        "percentage_delta": 2.8800000000000003,
        "percentage_delta_per_hour": 0.5760000000000001,
        "percentage_delta_per_minute": 0.009600000000000001,
        "registered_count": 2950,
        "registered_count_delta": 1,
        "registered_count_delta_per_hour": 0.2,
        "registered_count_delta_per_minute": 0.0033333333333333335
      }
    },
    "18.09.2021": {
      "15.00": {
        "count": 291,
        "count_delta": 96,
        "count_delta_per_hour": 13.714285714285714,
        "count_delta_per_minute": 0.22857142857142856,
        "percentage": 9.86,
        "percentage_delta": 3.249999999999999,
        "percentage_delta_per_hour": 0.46428571428571414,
        "percentage_delta_per_minute": 0.007738095238095236,
        "registered_count": 2951,
        "registered_count_delta": 1,
        "registered_count_delta_per_hour": 0.14285714285714285,
        "registered_count_delta_per_minute": 0.002380952380952381
      },
      "20.00": {
        "count": 349,
        "count_delta": 58,
        "count_delta_per_hour": 11.6,
        "count_delta_per_minute": 0.19333333333333333,
        "percentage": 11.82,
        "percentage_delta": 1.9600000000000009,
        "percentage_delta_per_hour": 0.3920000000000002,
        "percentage_delta_per_minute": 0.006533333333333336,
        "registered_count": 2953,
        "registered_count_delta": 2,
        "registered_count_delta_per_hour": 0.4,
        "registered_count_delta_per_minute": 0.006666666666666667
      }
    },
    "19.09.2021": {
      "10.00": {
        "count": 358,
        "count_delta": 9,
        "count_delta_per_hour": 4.5,
        "count_delta_per_minute": 0.075,
        "percentage": 11.99,
        "percentage_delta": 0.16999999999999993,
        "percentage_delta_per_hour": 0.08499999999999996,
        "percentage_delta_per_minute": 0.0014166666666666661
      },
      "12.00": {
        "count": 405,
        "count_delta": 47,
        "count_delta_per_hour": 23.5,
        "count_delta_per_minute": 0.39166666666666666,
        "percentage": 13.58,
        "percentage_delta": 1.5899999999999999,
        "percentage_delta_per_hour": 0.7949999999999999,
        "percentage_delta_per_minute": 0.01325
      },
      "15.00": {
        "count": 415,
        "count_delta": 10,
        "count_delta_per_hour": 3.3333333333333335,
        "count_delta_per_minute": 0.05555555555555555,
        "percentage": 13.89,
        "percentage_delta": 0.3100000000000005,
        "percentage_delta_per_hour": 0.1033333333333335,
        "percentage_delta_per_minute": 0.001722222222222225
      },
      "18.00": {
        "count": 629,
        "count_delta": 214,
        "count_delta_per_hour": 71.33333333333333,
        "count_delta_per_minute": 1.1888888888888889,
        "percentage": 21.07,
        "percentage_delta": 7.18,
        "percentage_delta_per_hour": 2.393333333333333,
        "percentage_delta_per_minute": 0.03988888888888889
      },
      "20.00": {
        "count": 753,
        "count_delta": 124,
        "count_delta_per_hour": 62,
        "count_delta_per_minute": 1.0333333333333334,
        "percentage": 25.22613065326633,
        "percentage_delta": 4.156130653266331,
        "percentage_delta_per_hour": 2.0780653266331655,
        "percentage_delta_per_minute": 0.03463442211055276,
        "registered_count": 2985,
        "registered_count_delta": 32,
        "registered_count_delta_per_hour": 2.6666666666666665,
        "registered_count_delta_per_minute": 0.044444444444444446
      }
    }
  },
  "metadata": {
    "analysis": {
      "protocol_count": 1,
      "exceeded_papers_count": 0,
      "exceeded_papers_steal_winning": 0,
      "exceeded_papers_provide_extra_places": 0,
      "multiple_winners": 0,
      "checksum_valid": 1
    },
    "voters": {
      "initially_registered_count": 2952,
      "registered_count": 2985,
      "walk_by_count": 745,
      "on_home_count": 8,
      "ahead_of_time_count": 0,
      "exceptional_count": 0,
      "added_count": 33
    },
    "papers": {
      "received_count": 2600,
      "destroyed_count": 1847,
      "stationary_box_count": 745,
      "portable_box_count": 8,
      "valid_count": 739,
      "invalid_count": 14,
      "lost_count": 0,
      "ignored_count": 0,
      "taken_home_count": 0
    }
  },
  "entries": [
    {
      "name": "Всероссийская политическая партия \"ЕДИНАЯ РОССИЯ\"",
      "position": 2,
      "party_id": 5,
      "official_result": {
        "votes_count": 200,
        "place": 1,
        "percentage": 26.560424966799467,
        "valid_percentage": 27.06359945872801,
        "registered_percentage": 6.700167504187604,
        "display_percentage": 26.56,
        "winner": true
      },
      "result_without_other_entry": {
        "1": {
          "percentage": 32.78688524590164,
          "valid_percentage": 33.557046979865774
        },
        "3": {
          "percentage": 28.368794326241137,