{
  "commission_name": "УИК №1180",
  "ballot_name": "Выборы депутатов Законодательного Собрания Санкт-Петербурга седьмого созыва",
  "name": "Результаты выборов по единому округу",
  "protocol_scope": {
    "type": "uik",
    "id": 1180
  },
  "electoral_district": {
    "type": "city",
    "id": 0
  },
  "data_id": 27820001915220,
  "ballot_data_id": 4784026409796,
  "has_koib": true,
  "generated_date": 1632121307000,
  "official_result": {
    "winner": {
      "id": 5,
      "position": 2,
      "percentage": 31.315240083507305,
      "valid_percentage": 32.25806451612903,
      "registered_percentage": 6.97350069735007
    },
    "turnout": {
      "count": 481,
      "percentage": 22.361692236169223,
      "walk_by_count": 456,
      "walk_by_percentage": 21.199442119944212,
      "on_home_count": 25,
      "on_home_percentage": 1.1622501162250116,
      "ahead_of_time_count": 0,
      "ahead_of_time_percentage": 0,
      "valid_count": 465,
      "valid_percentage": 21.617852161785216,
      "invalid_count": 14,
      "invalid_percentage": 0.6508600650860066,
      "taken_home_count": 2,
      "taken_home_percentage": 0.09298000929800093,
      "lost_count": 0,
      "lost_percentage": 0
    },
    "votes_stats": {
      "winning_count": 150,
      "winning_percentage": 31.315240083507305,
      "effective_count": 465,
      "losing_count": 315,
      "losing_percentage": 65.76200417536533,
      "other_count": 14,
      "other_percentage": 2.9227557411273484,
      "by_place": {
        "#1": {
          "count": 150,
          "percentage": 31.315240083507305
        },
        "#2": {
          "count": 113,
          "percentage": 23.59081419624217
        },
        "#3": {
          "count": 77,
          "percentage": 16.075156576200417
        },
        "#4": {
          "count": 41,
          "percentage": 8.559498956158663
        },
        "#5": {
          "count": 38,
          "percentage": 7.933194154488518
        },
        "#6": {
          "count": 23,
          "percentage": 4.801670146137787
        },
        "#7": {
          "count": 13,
          "percentage": 2.7139874739039667
        },
        "#8": {
          "count": 10,
          "percentage": 2.0876826722338206
        }
      }
    }
  },
  "turnout_protocols": {
    "17.09.2021": {
      "15.00": {
        "count": 67,
        "count_delta": 67,
        "count_delta_per_hour": 9.571428571428571,
        "count_delta_per_minute": 0.1595238095238095,
        "percentage": 3.18,
        "percentage_delta": 3.18,
        "percentage_delta_per_hour": 0.4542857142857143,
        "percentage_delta_per_minute": 0.007571428571428572,
        "registered_count": 2107,
        "registered_count_delta": 2107,
        "registered_count_delta_per_hour": 301,
        "registered_count_delta_per_minute": 5.016666666666667
      },
      "20.00": {
        "count": 110,
        "count_delta": 43,
        "count_delta_per_hour": 8.6,
        "count_delta_per_minute": 0.14333333333333334,
        "percentage": 5.2,
        "percentage_delta": 2.02,
        "percentage_delta_per_hour": 0.404,
        "percentage_delta_per_minute": 0.006733333333333333,
        "registered_count": 2115,
        "registered_count_delta": 8,
        "registered_count_delta_per_hour": 1.6,
        "registered_count_delta_per_minute": 0.02666666666666667
      }
    },
    "18.09.2021": {
      "15.00": {
        "count": 122,
        "count_delta": 12,
        "count_delta_per_hour": 1.7142857142857142,
        "count_delta_per_minute": 0.02857142857142857,
        "percentage": 5.76,
        "percentage_delta": 0.5599999999999996,
        "percentage_delta_per_hour": 0.07999999999999995,
        "percentage_delta_per_minute": 0.0013333333333333324,
        "registered_count": 2118,
        "registered_count_delta": 3,
        "registered_count_delta_per_hour": 0.42857142857142855,
        "registered_count_delta_per_minute": 0.007142857142857143
      },
      "20.00": {
        "count": 207,
        "count_delta": 85,
        "count_delta_per_hour": 17,
        "count_delta_per_minute": 0.2833333333333333,
        "percentage": 9.76,
        "percentage_delta": 4,
        "percentage_delta_per_hour": 0.8,
        "percentage_delta_per_minute": 0.013333333333333334,
        "registered_count": 2121,
        "registered_count_delta": 3,
        "registered_count_delta_per_hour": 0.6,
        "registered_count_delta_per_minute": 0.01
      }
    },
    "19.09.2021": {
      "10.00": {
        "count": 209,
        "count_delta": 2,
        "count_delta_per_hour": 1,
        "count_delta_per_minute": 0.016666666666666666,
        "percentage": 9.7,
        "percentage_delta": -0.0600000000000005,
        "percentage_delta_per_hour": -0.03000000000000025,
        "percentage_delta_per_minute": -0.0005000000000000041
      },
      "12.00": {
        "count": 243,
        "count_delta": 34,
        "count_delta_per_hour": 17,
        "count_delta_per_minute": 0.2833333333333333,
        "percentage": 11.3,
        "percentage_delta": 1.6000000000000014,
        "percentage_delta_per_hour": 0.8000000000000007,
        "percentage_delta_per_minute": 0.013333333333333345
      },
      "15.00": {
        "count": 337,
        "count_delta": 94,
        "count_delta_per_hour": 31.333333333333332,
        "count_delta_per_minute": 0.5222222222222223,
        "percentage": 15.66,
        "percentage_delta": 4.359999999999999,
        "percentage_delta_per_hour": 1.4533333333333331,
        "percentage_delta_per_minute": 0.024222222222222218
      },
      "18.00": {
        "count": 432,
        "count_delta": 95,
        "count_delta_per_hour": 31.666666666666668,
        "count_delta_per_minute": 0.5277777777777778,
        "percentage": 20.07,
        "percentage_delta": 4.41,
        "percentage_delta_per_hour": 1.47,
        "percentage_delta_per_minute": 0.0245
      },
      "20.00": {
        "count": 481,
        "count_delta": 49,
        "count_delta_per_hour": 24.5,
        "count_delta_per_minute": 0.4083333333333333,
        "percentage": 22.361692236169223,
        "percentage_delta": 2.2916922361692222,
        "percentage_delta_per_hour": 1.1458461180846111,
        "percentage_delta_per_minute": 0.019097435301410184,
        "registered_count": 2151,
        "registered_count_delta": 30,
        "registered_count_delta_per_hour": 2.5,
        "registered_count_delta_per_minute": 0.041666666666666664
      }
    }
  },
  "metadata": {
    "analysis": {
      "negative_turnout_percentage_protocols": 1,
      "negative_turnout_percentage": 0.0600000000000005,
      "protocol_count": 1,
      "exceeded_papers_count": 0,
      "exceeded_papers_steal_winning": 0,
      "exceeded_papers_provide_extra_places": 0,
      "multiple_winners": 0,
      "checksum_valid": 1
    },
    "voters": {
      "initially_registered_count": 2110,
      "registered_count": 2151,
      "walk_by_count": 456,
      "on_home_count": 25,
      "ahead_of_time_count": 0,
      "exceptional_count": 0,
      "added_count": 41
    },
    "papers": {
      "received_count": 1500,
      "destroyed_count": 1019,
      "stationary_box_count": 455,
      "portable_box_count": 24,
      "valid_count": 465,
      "invalid_count": 14,
      "lost_count": 0,
      "ignored_count": 0,
      "taken_home_count": 2
    }
  },
  "entries": [
    {
      "name": "Всероссийская политическая партия \"ЕДИНАЯ РОССИЯ\"",
      "position": 2,
      "party_id": 5,
      "official_result": {
        "votes_count": 150,
        "place": 1,
        "percentage": 31.315240083507305,
        "valid_percentage": 32.25806451612903,
        "registered_percentage": 6.97350069735007,
        "display_percentage": 31.32,
        "winner": true
      },
      "result_without_other_entry": {
        "1": {
          "percentage": 40.98360655737705,
          "valid_percentage": 42.61363636363637
        },