{
  "commission_name": "УИК №2075",
  "ballot_name": "Выборы депутатов Законодательного Собрания Санкт-Петербурга седьмого созыва",
  "name": "Результаты выборов по единому округу",
  "protocol_scope": {
    "type": "uik",
    "id": 2075
  },
  "electoral_district": {
    "type": "city",
    "id": 0
  },
  "data_id": 27820001915220,
  "ballot_data_id": 4784016461287,
  "has_koib": false,
  "generated_date": 1632125025000,
  "official_result": {
    "winner": {
      "id": 5,
      "position": 2,
      "percentage": 28.714859437751006,
      "valid_percentage": 29.606625258799173,
      "registered_percentage": 9.352517985611511
    },
    "turnout": {
      "count": 500,
      "percentage": 32.701111837802486,
      "walk_by_count": 499,
      "walk_by_percentage": 32.63570961412688,
      "on_home_count": 1,
      "on_home_percentage": 0.06540222367560497,
      "ahead_of_time_count": 0,
      "ahead_of_time_percentage": 0,
      "valid_count": 483,
      "valid_percentage": 31.5892740353172,
      "invalid_count": 15,
      "invalid_percentage": 0.9810333551340745,
      "taken_home_count": 2,
      "taken_home_percentage": 0.13080444735120994,
      "lost_count": 0,
      "lost_percentage": 0
    },
    "votes_stats": {
      "winning_count": 143,
      "winning_percentage": 28.714859437751006,
      "effective_count": 483,
      "losing_count": 340,
      "losing_percentage": 68.27309236947792,
      "other_count": 15,
      "other_percentage": 3.0120481927710845,
      "by_place": {
        "#1": {
          "count": 143,
          "percentage": 28.714859437751006
        },
        "#2": {
          "count": 83,
          "percentage": 16.666666666666664
        },
        "#3": {
          "count": 80,
          "percentage": 16.06425702811245
        },
        "#5.5": {
          "count": 72,
          "percentage": 14.457831325301203
        },
        "#4": {
          "count": 71,
          "percentage": 14.257028112449799
        },
        "#6": {
          "count": 27,
          "percentage": 5.421686746987952
        },
        "#7": {
          "count": 7,
          "percentage": 1.4056224899598393
        }
      }
    }
  },
  "turnout_protocols": {
    "17.09.2021": {
      "15.00": {
        "count": 110,
        "count_delta": 110,
        "count_delta_per_hour": 15.714285714285714,
        "count_delta_per_minute": 0.2619047619047619,
        "percentage": 7.19,
        "percentage_delta": 7.19,
        "percentage_delta_per_hour": 1.0271428571428571,
        "percentage_delta_per_minute": 0.01711904761904762,
        "registered_count": 1530,
        "registered_count_delta": 1530,
        "registered_count_delta_per_hour": 218.57142857142858,
        "registered_count_delta_per_minute": 3.642857142857143
      },
      "20.00": {
        "count": 165,
        "count_delta": 55,
        "count_delta_per_hour": 11,
        "count_delta_per_minute": 0.18333333333333332,
        "percentage": 10.79,
        "percentage_delta": 3.5999999999999988,
        "percentage_delta_per_hour": 0.7199999999999998,
        "percentage_delta_per_minute": 0.011999999999999995,
        "registered_count": 1529,
        "registered_count_delta": -1,
        "registered_count_delta_per_hour": -0.2,
        "registered_count_delta_per_minute": -0.0033333333333333335
      }
    },
    "18.09.2021": {
      "15.00": {
        "count": 225,
        "count_delta": 60,
        "count_delta_per_hour": 8.571428571428571,
        "count_delta_per_minute": 0.14285714285714285,
        "percentage": 14.69,
        "percentage_delta": 3.9000000000000004,
        "percentage_delta_per_hour": 0.5571428571428572,
        "percentage_delta_per_minute": 0.009285714285714286,
        "registered_count": 1532,
        "registered_count_delta": 3,
        "registered_count_delta_per_hour": 0.42857142857142855,
        "registered_count_delta_per_minute": 0.007142857142857143
      },
      "20.00": {
        "count": 280,
        "count_delta": 55,
        "count_delta_per_hour": 11,
        "count_delta_per_minute": 0.18333333333333332,
        "percentage": 18.29,
        "percentage_delta": 3.5999999999999996,
        "percentage_delta_per_hour": 0.72,
        "percentage_delta_per_minute": 0.011999999999999999,
        "registered_count": 1531,
        "registered_count_delta": -1,
        "registered_count_delta_per_hour": -0.2,
        "registered_count_delta_per_minute": -0.0033333333333333335
      }
    },
    "19.09.2021": {
      "10.00": {
        "count": 288,
        "count_delta": 8,
        "count_delta_per_hour": 4,
        "count_delta_per_minute": 0.06666666666666667,
        "percentage": 18.81,
        "percentage_delta": 0.5199999999999996,
        "percentage_delta_per_hour": 0.2599999999999998,
        "percentage_delta_per_minute": 0.00433333333333333
      },
      "12.00": {
        "count": 313,
        "count_delta": 25,
        "count_delta_per_hour": 12.5,
        "count_delta_per_minute": 0.20833333333333334,
        "percentage": 20.44,
        "percentage_delta": 1.6300000000000026,
        "percentage_delta_per_hour": 0.8150000000000013,
        "percentage_delta_per_minute": 0.013583333333333355
      },
      "15.00": {
        "count": 447,
        "count_delta": 134,
        "count_delta_per_hour": 44.666666666666664,
        "count_delta_per_minute": 0.7444444444444445,
        "percentage": 29.26,
        "percentage_delta": 8.82,
        "percentage_delta_per_hour": 2.94,
        "percentage_delta_per_minute": 0.049
      },
      "18.00": {
        "count": 481,
        "count_delta": 34,
        "count_delta_per_hour": 11.333333333333334,
        "count_delta_per_minute": 0.18888888888888888,
        "percentage": 31.48,
        "percentage_delta": 2.219999999999999,
        "percentage_delta_per_hour": 0.7399999999999997,
        "percentage_delta_per_minute": 0.012333333333333326
      },
      "20.00": {
        "count": 500,
        "count_delta": 19,
        "count_delta_per_hour": 9.5,
        "count_delta_per_minute": 0.15833333333333333,
        "percentage": 32.701111837802486,
        "percentage_delta": 1.2211118378024857,
        "percentage_delta_per_hour": 0.6105559189012428,
        "percentage_delta_per_minute": 0.01017593198168738,
        "registered_count": 1529,
        "registered_count_delta": -2,
        "registered_count_delta_per_hour": -0.16666666666666666,
        "registered_count_delta_per_minute": -0.002777777777777778
      }
    }
  },
  "metadata": {
    "analysis": {
      "negative_turnout_registered_count_protocols": 1,
      "negative_turnout_registered_count": 2,
      "protocol_count": 1,
      "exceeded_papers_count": 0,
      "exceeded_papers_steal_winning": 0,
      "exceeded_papers_provide_extra_places": 0,
      "multiple_winners": 0,
      "checksum_valid": 1,
      "stuffed_protocol_for_5": 1,
      "stuffed_votes_for_5": 49.073059360730596
    },
    "voters": {
      "initially_registered_count": 1529,
      "registered_count": 1529,
      "walk_by_count": 499,
      "on_home_count": 1,
      "ahead_of_time_count": 0,
      "exceptional_count": 0
    },
    "papers": {
      "received_count": 1500,
      "destroyed_count": 1000,
      "stationary_box_count": 498,
      "portable_box_count": 0,
      "valid_count": 483,
      "invalid_count": 15,
      "lost_count": 0,
      "ignored_count": 0,
      "taken_home_count": 2
    }
  },
  "entries": [
    {
      "name": "Всероссийская политическая партия \"ЕДИНАЯ РОССИЯ\"",
      "position": 2,
      "party_id": 5,
      "official_result": {
        "votes_count": 143,
        "place": 1,
        "percentage": 28.714859437751006,
        "valid_percentage": 29.606625258799173,
        "registered_percentage": 9.352517985611511,
        "display_percentage": 28.71,
        "winner": true
      },
      "result_without_other_entry": {
        "1": {
          "percentage": 34.4578313253012,