{
  "commission_name": "УИК №2174",
  "ballot_name": "Выборы депутатов Законодательного Собрания Санкт-Петербурга седьмого созыва",
  "name": "Результаты выборов по единому округу",
  "protocol_scope": {
    "type": "uik",
    "id": 2174
  },
  "electoral_district": {
    "type": "city",
    "id": 0
  },
  "data_id": 27820001915220,
  "ballot_data_id": 478406388598,
  "has_koib": false,
  "generated_date": 1632118141000,
  "official_result": {
    "winner": {
      "id": 5,
      "position": 2,
      "percentage": 29.2713567839196,
      "valid_percentage": 30.299089726918076,
      "registered_percentage": 9.246031746031747
    },
    "turnout": {
      "count": 800,
      "percentage": 31.746031746031743,
      "walk_by_count": 790,
      "walk_by_percentage": 31.349206349206348,
      "on_home_count": 10,
      "on_home_percentage": 0.3968253968253968,
      "ahead_of_time_count": 0,
      "ahead_of_time_percentage": 0,
      "valid_count": 769,
      "valid_percentage": 30.51587301587302,
      "invalid_count": 27,
      "invalid_percentage": 1.0714285714285714,
      "taken_home_count": 4,
      "taken_home_percentage": 0.15873015873015872,
      "lost_count": 0,
      "lost_percentage": 0
    },
    "votes_stats": {
      "winning_count": 233,
      "winning_percentage": 29.2713567839196,
      "effective_count": 769,
      "losing_count": 536,
      "losing_percentage": 67.33668341708542,
      "other_count": 27,
      "other_percentage": 3.391959798994975,
      "by_place": {
        "#1": {
          "count": 233,
          "percentage": 29.2713567839196
        },
        "#2": {
          "count": 137,
          "percentage": 17.21105527638191
        },
        "#3": {
          "count": 128,
          "percentage": 16.08040201005025
        },
        "#4": {
          "count": 101,
          "percentage": 12.688442211055277
        },
        "#5": {
          "count": 61,
          "percentage": 7.663316582914573
        },
        "#6": {
          "count": 52,
          "percentage": 6.532663316582915
        },
        "#7": {
          "count": 45,
          "percentage": 5.653266331658291
        },
        "#8": {
          "count": 12,
          "percentage": 1.507537688442211
        }
      }
    }
  },
  "turnout_protocols": {
    "17.09.2021": {
      "15.00": {
        "count": 170,
        "count_delta": 170,
        "count_delta_per_hour": 24.285714285714285,
        "count_delta_per_minute": 0.40476190476190477,
        "percentage": 6.75,
        "percentage_delta": 6.75,
        "percentage_delta_per_hour": 0.9642857142857143,
        "percentage_delta_per_minute": 0.01607142857142857,
        "registered_count": 2519,
        "registered_count_delta": 2519,
        "registered_count_delta_per_hour": 359.85714285714283,
        "registered_count_delta_per_minute": 5.997619047619048
      },
      "20.00": {
        "count": 231,
        "count_delta": 61,
        "count_delta_per_hour": 12.2,
        "count_delta_per_minute": 0.20333333333333334,
        "percentage": 9.17,
        "percentage_delta": 2.42,
        "percentage_delta_per_hour": 0.484,
        "percentage_delta_per_minute": 0.008066666666666666,
        "registered_count": 2519,
        "registered_count_delta": 0,
        "registered_count_delta_per_hour": 0,
        "registered_count_delta_per_minute": 0
      }
    },
    "18.09.2021": {
      "15.00": {
        "count": 324,
        "count_delta": 93,
        "count_delta_per_hour": 13.285714285714286,
        "count_delta_per_minute": 0.22142857142857142,
        "percentage": 12.86,
        "percentage_delta": 3.6899999999999995,
        "percentage_delta_per_hour": 0.527142857142857,
        "percentage_delta_per_minute": 0.008785714285714284,
        "registered_count": 2519,
        "registered_count_delta": 0,
        "registered_count_delta_per_hour": 0,
        "registered_count_delta_per_minute": 0
      },
      "20.00": {
        "count": 383,
        "count_delta": 59,
        "count_delta_per_hour": 11.8,
        "count_delta_per_minute": 0.19666666666666666,
        "percentage": 15.2,
        "percentage_delta": 2.34,
        "percentage_delta_per_hour": 0.46799999999999997,
        "percentage_delta_per_minute": 0.0078,
        "registered_count": 2520,
        "registered_count_delta": 1,
        "registered_count_delta_per_hour": 0.2,
        "registered_count_delta_per_minute": 0.0033333333333333335
      }
    },
    "19.09.2021": {
      "10.00": {
        "count": 397,
        "count_delta": 14,
        "count_delta_per_hour": 7,
        "count_delta_per_minute": 0.11666666666666667,
        "percentage": 15.75,
        "percentage_delta": 0.5500000000000007,
        "percentage_delta_per_hour": 0.27500000000000036,
        "percentage_delta_per_minute": 0.004583333333333339
      },
      "12.00": {
        "count": 454,
        "count_delta": 57,
        "count_delta_per_hour": 28.5,
        "count_delta_per_minute": 0.475,
        "percentage": 18.02,
        "percentage_delta": 2.2699999999999996,
        "percentage_delta_per_hour": 1.1349999999999998,
        "percentage_delta_per_minute": 0.01891666666666666
      },
      "15.00": {
        "count": 562,
        "count_delta": 108,
        "count_delta_per_hour": 36,
        "count_delta_per_minute": 0.6,
        "percentage": 22.3,
        "percentage_delta": 4.280000000000001,
        "percentage_delta_per_hour": 1.426666666666667,
        "percentage_delta_per_minute": 0.023777777777777783
      },
      "18.00": {
        "count": 771,
        "count_delta": 209,
        "count_delta_per_hour": 69.66666666666667,
        "count_delta_per_minute": 1.1611111111111112,
        "percentage": 30.6,
        "percentage_delta": 8.3,
        "percentage_delta_per_hour": 2.766666666666667,
        "percentage_delta_per_minute": 0.04611111111111112
      },
      "20.00": {
        "count": 800,
        "count_delta": 29,
        "count_delta_per_hour": 14.5,
        "count_delta_per_minute": 0.24166666666666667,
        "percentage": 31.746031746031743,
        "percentage_delta": 1.146031746031742,
        "percentage_delta_per_hour": 0.573015873015871,
        "percentage_delta_per_minute": 0.009550264550264516,
        "registered_count": 2520,
        "registered_count_delta": 0,
        "registered_count_delta_per_hour": 0,
        "registered_count_delta_per_minute": 0
      }
    }
  },
  "metadata": {
    "analysis": {
      "protocol_count": 1,
      "exceeded_papers_count": 0,
      "exceeded_papers_steal_winning": 0,
      "exceeded_papers_provide_extra_places": 0,
      "multiple_winners": 0,
      "checksum_valid": 1
    },
    "voters": {
      "initially_registered_count": 2520,
      "registered_count": 2520,
      "walk_by_count": 790,
      "on_home_count": 10,
      "ahead_of_time_count": 0,
      "exceptional_count": 0
    },
    "papers": {
      "received_count": 2000,
      "destroyed_count": 1200,
      "stationary_box_count": 786,
      "portable_box_count": 10,
      "valid_count": 769,
      "invalid_count": 27,
      "lost_count": 0,
      "ignored_count": 0,
      "taken_home_count": 4
    }
  },
  "entries": [
    {
      "name": "Всероссийская политическая партия \"ЕДИНАЯ РОССИЯ\"",
      "position": 2,
      "party_id": 5,
      "official_result": {
        "votes_count": 233,
        "place": 1,
        "percentage": 29.2713567839196,
        "valid_percentage": 30.299089726918076,
        "registered_percentage": 9.246031746031747,
        "display_percentage": 29.27,
        "winner": true
      },
      "result_without_other_entry": {
        "1": {
          "percentage": 35.35660091047041,
          "valid_percentage": 36.86708860759494
        },
        "3": {
          "percentage": 31.317204301075268,
          "valid_percentage": 32.49651324965133
        },
        "4": {
          "percentage": 31.700680272108844,
          "valid_percentage": 32.909604519774014
        },